Crash_ID,Crash_Fatal_Fl,Cmv_Involv_Fl,Schl_Bus_Fl,Rr_Relat_Fl,Medical_Advisory_Fl,Amend_Supp_Fl,Active_School_Zone_Fl,Crash_Date,Crash_Time,Case_ID,Local_Use,Rpt_CRIS_Cnty_ID,Rpt_City_ID,Rpt_Outside_City_Limit_Fl,Thousand_Damage_Fl,Rpt_Latitude,Rpt_Longitude,Rpt_Rdwy_Sys_ID,Rpt_Hwy_Num,Rpt_Hwy_Sfx,Rpt_Road_Part_ID,Rpt_Block_Num,Rpt_Street_Pfx,Rpt_Street_Name,Rpt_Street_Sfx,Private_Dr_Fl,Toll_Road_Fl,Crash_Speed_Limit,Road_Constr_Zone_Fl,Road_Constr_Zone_Wrkr_Fl,Rpt_Street_Desc,At_Intrsct_Fl,Rpt_Sec_Rdwy_Sys_ID,Rpt_Sec_Hwy_Num,Rpt_Sec_Hwy_Sfx,Rpt_Sec_Road_Part_ID,Rpt_Sec_Block_Num,Rpt_Sec_Street_Pfx,Rpt_Sec_Street_Name,Rpt_Sec_Street_Sfx,Rpt_Ref_Mark_Offset_Amt,Rpt_Ref_Mark_Dist_Uom,Rpt_Ref_Mark_Dir,Rpt_Ref_Mark_Nbr,Rpt_Sec_Street_Desc,Rpt_CrossingNumber,Wthr_Cond_ID,Light_Cond_ID,Entr_Road_ID,Road_Type_ID,Road_Algn_ID,Surf_Cond_ID,Traffic_Cntl_ID,Investigat_Notify_Time,Investigat_Notify_Meth,Investigat_Arrv_Time,Report_Date,Investigat_Comp_Fl,ORI_Number,Investigat_Agency_ID,Investigat_Area_ID,Investigat_District_ID,Investigat_Region_ID,Bridge_Detail_ID,Harm_Evnt_ID,Intrsct_Relat_ID,FHE_Collsn_ID,Obj_Struck_ID,Othr_Factr_ID,Road_Part_Adj_ID,Road_Cls_ID,Road_Relat_ID,Phys_Featr_1_ID,Phys_Featr_2_ID,Cnty_ID,City_ID,Latitude,Longitude,Hwy_Sys,Hwy_Nbr,Hwy_Sfx,Dfo,Street_Name,Street_Nbr,Control,Section,Milepoint,Ref_Mark_Nbr,Ref_Mark_Displ,Hwy_Sys_2,Hwy_Nbr_2,Hwy_Sfx_2,Street_Name_2,Street_Nbr_2,Control_2,Section_2,Milepoint_2,Txdot_Rptable_Fl,Onsys_Fl,Rural_Fl,Crash_Sev_ID,Pop_Group_ID,Located_Fl,Day_of_Week,Hwy_Dsgn_Lane_ID,Hwy_Dsgn_Hrt_ID,Hp_Shldr_Left,Hp_Shldr_Right,Hp_Median_Width,Base_Type_ID,Nbr_Of_Lane,Row_Width_Usual,Roadbed_Width,Surf_Width,Surf_Type_ID,Curb_Type_Left_ID,Curb_Type_Right_ID,Shldr_Type_Left_ID,Shldr_Width_Left,Shldr_Use_Left_ID,Shldr_Type_Right_ID,Shldr_Width_Right,Shldr_Use_Right_ID,Median_Type_ID,Median_Width,Rural_Urban_Type_ID,Func_Sys_ID,Adt_Curnt_Amt,Adt_Curnt_Year,Adt_Adj_Curnt_Amt,Pct_Single_Trk_Adt,Pct_Combo_Trk_Adt,Trk_Aadt_Pct,Curve_Type_ID,Curve_Lngth,Cd_Degr,Delta_Left_Right_ID,Dd_Degr,Feature_Crossed,Structure_Number,I_R_Min_Vert_Clear,Approach_Width,Bridge_Median_ID,Bridge_Loading_Type_ID,Bridge_Loading_In_1000_Lbs,Bridge_Srvc_Type_On_ID,Bridge_Srvc_Type_Under_ID,Culvert_Type_ID,Roadway_Width,Deck_Width,Bridge_Dir_Of_Traffic_ID,Bridge_Rte_Struct_Func_ID,Bridge_IR_Struct_Func_ID,CrossingNumber,RRCo,Poscrossing_ID,WDCode_ID,Standstop,Yield,Incap_Injry_Cnt,Nonincap_Injry_Cnt,Poss_Injry_Cnt,Non_Injry_Cnt,Unkn_Injry_Cnt,Tot_Injry_Cnt,Death_Cnt,MPO_ID,Investigat_Service_ID,Investigat_DA_ID,Investigator_Narrative
13056580,N,N,N,N,N,N,N,1/3/2013,8:40 AM,SAPD13001574,3360,15,379,N,Y,,,19,,,1,5900,,CASTLE CROSS,,N,N,35,N,N,,Y,19,,,1,4700,,CASTLE CROSS,,,,,,,,3,1,4,,1,2,8,9:20 AM,DRIVER APPROCHED ME,9:40 AM,1/3/2013,Y,TXSPD0000,2473,,29,131,8,2,2,22,64,38,1,5,1,21,21,15,379,29.48602333,-98.37184212,,,,,CASTLE CROSS DR,4733,,,,,,,,,UNKNOWN,,,,,Y,N,N,5,9,Y,THU,,,,,,,,,,,,,,,,,,,,,,,,,,,,,,,,,,,,,,,,,,,,,,,,,,,,,,,,0,0,0,1,1,0,0,28,,,
13056760,N,N,N,N,N,N,N,1/2/2013,5:00 PM,SAPD13001181,4240,15,379,N,Y,,,1,2700,,1,2700,N,INTERSTATE 37,,N,N,70,N,N,INTERSTATE 37,N,19,,,,500,,FAIR,AVE,,,,,500 FAIR AVE,,12,1,0,2,1,1,1,5:27 PM,DISP,5:33 PM,1/2/2013,Y,TXSPD0000,2473,,9,162,8,7,4,1,56,54,1,1,2,21,21,15,379,29.38316541,-98.46834767,IH,37,,138.641,IH0037,,73,8,8.199,139,-0.156,,,,,,,,,Y,Y,N,5,9,Y,WED,5,0,10,10,60,9,8,360,136,96,6,0,0,2,20,5,2,20,5,2,40,4,11,121569,2014,121569,2.3,1.4,3.7,,,,,,,,,,,,,,,,,,,,,,,,,,,0,0,0,2,0,0,0,28,,,
13056784,N,N,N,N,N,N,N,1/2/2013,1:50 PM,0000651613D,,101,208,N,Y,,,19,,,1,3500,N,TERMINAL,RD,N,N,30,N,N,CONCRETE,N,95,,,,3600,S,TERMINAL,RD,,,,,,,12,1,98,,1,1,17,2:20 PM,DISPATCHED,2:23 PM,1/2/2013,Y,TXHPD0000,2469,14,172,104,8,4,4,4,64,54,1,5,1,21,21,101,208,29.98742475,-95.33729309,,,,,N TERMINAL RD,3500,,,,,,,,,,,,,,Y,N,N,5,9,Y,WED,,,,,,,,,,,,,,,,,,,,,,,,,,,,,,,,,,,,,,,,,,,,,,,,,,,,,,,,0,0,0,2,0,0,0,15,,,
13057545,N,N,N,N,N,N,N,1/1/2013,10:20 AM,13-0000000121,,105,383,N,Y,,,19,,,7,500,,PATRICIA,ST,N,N,30,N,N,,N,19,,,,,,BROADWAY,,,,,,,,12,1,0,,1,2,1,10:23 AM,DISPATCH,10:33 AM,1/1/2013,Y,TX1050100,2084,,,51,8,7,4,1,31,54,1,5,2,21,21,105,383,29.86226657,-97.94553068,,,,,PATRICIA DR,513,,,,,,,,,,,,,,Y,N,N,5,7,Y,TUE,,,,,,,,,,,,,,,,,,,,,,,,,,,,,,,,,,,,,,,,,,,,,,,,,,,,,,,,0,0,0,1,0,0,0,90,,,
13060207,N,N,N,N,N,N,N,1/5/2013,2:44 PM,1300000487,,3,272,N,Y,,,9,59,,1,800,N,TIMBERLAND,DR,N,N,40,N,N,,Y,19,,,1,500,E,LAUREL,ST,,,,,,,12,1,2,3,2,2,11,2:44 PM,DISPATCHED,2:54 PM,1/5/2013,Y,TX0030400,1708,17,53,166,8,2,1,34,64,54,1,2,1,21,21,3,272,31.34705744,-94.71997246,BU,59,G,1.75,BU0059G,898,176,2,7.782,388,-0.221,,,,E LAUREL AVE,,,,,Y,Y,N,5,6,Y,SAT,2,0,2,2,0,9,4,120,65,60,6,2,2,2,2,5,2,2,5,0,0,2,14,12828,2014,12828,2.9,18.5,21.4,,,,,,,,,,,,,,,,,,,,,,,,,,,0,0,0,4,0,0,0,,,,
13060236,N,N,N,N,N,N,N,1/5/2013,3:12 PM,0001859213P,,101,208,N,Y,,,19,,,1,5200,,TREADWAY,,N,N,30,N,N,,Y,19,,,1,10,,BURRESS,ST,,,,,,,12,1,4,,1,2,8,3:12 PM,HPD DISPATCH,3:49 PM,1/5/2013,Y,TXHPD0000,2469,14,152,27,8,2,1,10,64,54,1,5,1,21,21,101,208,29.84188479,-95.38322308,,,,,TREADWAY ST,,,,,,,,,,BURRESS ST,,,,,Y,N,N,5,9,Y,SAT,,,,,,,,,,,,,,,,,,,,,,,,,,,,,,,,,,,,,,,,,,,,,,,,,,,,,,,,0,0,0,2,0,0,0,15,,,
13060428,N,N,N,N,N,Y,N,1/1/2013,3:10 PM,130000057,,57,177,N,Y,,,14,303,,1,100,E,PIONEER,PKWY,N,N,40,N,N,,Y,19,,,1,2400,,CORN VALLEY,,,,,,,,11,1,4,2,1,1,5,3:10 PM,DISPATCHED,3:16 PM,1/29/2013,Y,TX0571200,1372,,,33,8,2,1,34,64,54,1,2,1,21,21,57,177,32.70949388,-97.00243667,SS,303,,14.001,SS0303,,2208,2,2.257,576,0.045,FM,1382,,FM1382,,,,,Y,Y,N,5,8,Y,TUE,3,0,0,0,14,3,6,120,66,66,5,1,1,1,0,0,1,0,0,3,14,4,14,22756,2014,22756,2.5,0.4,2.9,,,,,,,,,,,,,,,,,,,,,,,,,,,0,0,0,2,0,0,0,282,,,
13060528,N,N,N,N,N,N,N,1/5/2013,3:00 PM,0001855213B,,101,208,N,Y,,,19,,,1,5900,,HILLCROFT,AVE,N,N,35,N,N,TWO WAY DEVIDED,N,3,59,,,6600,SW,US 59 S,FWY,,,,,,,2,1,0,,1,2,20,3:03 PM,DISPATCHED,3:13 PM,1/5/2013,Y,TXHPD0000,2469,14,106,54,8,2,4,20,64,42,1,5,1,21,21,101,208,29.7181635,-95.50058591,,,,,HILLCROFT AVE,5900,,,,,,,,,,,,,,Y,N,N,5,9,Y,SAT,,,,,,,,,,,,,,,,,,,,,,,,,,,,,,,,,,,,,,,,,,,,,,,,,,,,,,,,0,0,0,3,0,0,0,15,,,
13060607,N,N,N,N,N,N,N,1/2/2013,9:24 PM,0000805213F,,101,208,N,Y,,,2,59,,1,5900,S,SOUTHWEST,FWY,N,N,60,N,N,CONCRETE,N,19,,,,,,FOUNTAIN VIEW,DR,,,,,,,11,4,0,,1,1,1,9:24 PM,DISPATCH,9:24 PM,1/2/2013,Y,TXHPD0000,2469,18,106,54,8,2,4,21,39,9,1,2,1,21,21,101,208,,,US,59,,,US0059,,,,,,,,,,,,,,,Y,Y,N,2,9,N,WED,,,,,,,,,,,,,,,,,,,,,,,,,,,,,,,,,,,,,,,,,,,,,,,,,,,,,,,,0,1,0,2,0,1,0,,,,
13060631,N,N,N,N,N,N,N,1/6/2013,5:07 PM,13-437,,227,1792,Y,Y,30.40878,-98.10714,3,71,,1,25400,W,SH 71,,N,N,60,N,N,,Y,19,,,1,2500,S,PALEFACE RANCH,RD,,,,,,,11,5,2,3,1,1,5,5:07 PM,RADIO,5:15 PM,1/6/2013,Y,TX2270000,2292,,7,117,8,2,1,13,64,54,1,2,1,21,21,227,1792,30.40877088,-98.10725882,SH,71,,95.944,SH0071,,700,3,1.606,548,-0.4,,,,PALEFACE RANCH RD S,,,,,Y,Y,Y,5,0,Y,SUN,2,0,6,6,0,2,4,150,60,48,2,0,0,2,6,5,2,6,5,0,0,1,2,10929,2014,10929,3.2,5.6,8.8,,,,,,,,,,,,,,,,,,,,,,,,,,,0,0,0,2,0,0,0,90,,,
13060707,N,N,N,N,N,N,N,1/6/2013,1:54 AM,SAPD13003808,3170,15,379,N,Y,,,19,,,1,1800,,STONE OAK,PKWY,N,N,40,N,N,,Y,11,1604,,2,100,N,LOOP 1604,,,,,,,,11,4,2,2,1,1,5,1:54 AM,DISPATCH,1:57 AM,1/6/2013,Y,TXSPD0000,2473,,29,131,8,2,1,34,64,54,1,2,1,21,21,15,379,29.60884034,-98.49277147,SL,1604,,39.864,SL1604,,2452,2,11.79,528,-0.143,,,,STONE OAK PKWY,,,,,Y,Y,N,5,9,Y,SUN,5,0,4,10,48,2,4,300,76,48,4,0,0,2,8,5,2,20,5,3,40,4,12,45375,2014,45375,1.9,8.7,10.7,,,,,,,,,,,,,,,,,,,,,,,,,,,0,0,0,3,0,0,0,28,,,
13060959,N,N,N,N,N,N,N,1/7/2013,2:03 AM,13010708,,31,53,N,Y,,,19,,,1,4600,,JAIME ZAPATA,RD,N,N,35,N,N,,N,19,,,,2000,N,CENTRAL,AVE,,,,,,,11,4,0,,1,1,20,2:03 AM,DISPATCHED,2:12 AM,1/7/2013,Y,TX0310100,172,,125,17,8,7,4,1,62,54,1,5,2,21,21,31,53,,,,,,,JAIME ZAPATA RD,,,,,,,,,,,,,,,Y,N,N,2,8,N,MON,,,,,,,,,,,,,,,,,,,,,,,,,,,,,,,,,,,,,,,,,,,,,,,,,,,,,,,,0,1,0,1,0,1,0,,,,
13062843,N,N,N,N,N,N,N,1/7/2013,6:25 PM,SAPD13005028,3170,15,379,N,Y,,,2,281,,1,20800,N,281,HWY,N,N,65,N,N,,N,19,,,,2100,,EVANS,RD,,,,,,,12,4,0,2,1,1,5,6:32 PM,DISPATCH,6:57 PM,1/7/2013,Y,TXSPD0000,2473,,29,131,8,2,4,20,64,42,1,2,1,21,21,15,379,29.64015391,-98.45474759,US,281,,316.989,US0281,,253,4,6.631,522,-0.471,,,,,,,,,Y,Y,N,5,9,Y,MON,3,0,4,4,50,2,5,200,79,57,4,0,0,2,10,5,2,12,5,3,40,4,12,87314,2014,87314,2.5,1.5,4,,,,,,,,,,,,,,,,,,,,,,,,,,,0,0,0,2,0,0,0,28,,,
13064631,N,Y,N,N,N,N,N,1/8/2013,6:10 AM,1301-0073,1,246,72,N,Y,,,2,183,,1,1000,N,BELL,BLVD,N,N,45,N,N,,Y,6,1431,,1,100,W,WHITESTONE,BLVD,,,,,,,2,4,4,2,1,2,5,6:13 AM,RADIO DISPATCH,6:16 AM,1/8/2013,Y,TX2460900,224,,,23,8,2,1,34,64,54,1,2,1,21,21,246,72,30.52069855,-97.83008575,US,183,,303.413,US0183,,151,5,22.684,496,0.7,RM,1431,,RM1431,,1378,2,1.833,Y,Y,N,2,7,Y,TUE,3,0,2,2,14,2,4,100,60,48,4,2,2,2,4,5,2,4,5,1,10,4,14,29201,2014,29201,7.7,4,11.8,1,102,2,1,10,,,,,,,,,,,,,,,,,,,,,,0,1,0,1,0,1,0,90,,,
13064951,N,N,N,N,N,N,N,1/4/2013,7:36 AM,13-1007,,220,156,N,Y,32.9548,-97.3104,1,35W,,4,12500,,NORTH,FWY,N,N,65,N,N,,N,3,114,,,2400,,ALLIANCE GATEWAY,FWY,,,,,,,12,1,98,2,2,1,20,7:38 AM,DISPATCHED,8:14 AM,1/4/2013,Y,TX2201200,1318,885,29,120,8,2,4,20,64,54,4,1,1,21,21,220,156,32.95547242,-97.31051048,IH,35,W,65.382,IH0035W,,81,12,4.469,65,0.301,,,,,,,,,Y,Y,N,5,9,Y,FRI,5,0,4,10,48,3,4,254,76,48,5,0,0,2,8,5,2,20,5,3,40,4,11,45304,2014,45304,3.2,11.8,15.1,,,,,,,,,,,,,,,,,,,,,,,,,,,0,0,0,2,0,0,0,282,,,
13065058,N,N,N,N,N,N,N,1/1/2013,1:45 PM,13-201,,220,156,N,Y,32.69762,-97.235,19,,,1,5700,,WILBARGER,ST,N,N,35,N,N,,N,19,,,,4400,E,IH 820 SOUTH,LOOP,,,,,,,12,1,0,,1,1,1,1:56 PM,DISPATCHED,2:01 PM,1/1/2013,Y,TX2201200,1318,885,9,120,8,2,4,20,64,42,1,5,1,21,21,220,156,32.69759291,-97.23499982,,,,,WILBARGER ST,5742,,,,,,,,,,,,,,Y,N,N,5,9,Y,TUE,,,,,,,,,,,,,,,,,,,,,,,,,,,,,,,,,,,,,,,,,,,,,,,,,,,,,,,,0,0,0,3,0,0,0,282,,,
13065107,N,N,N,N,N,N,N,1/7/2013,11:26 AM,13-0001926,,220,156,N,N,,,19,,,1,900,,PEACH,TRL,N,N,30,N,N,,Y,3,199,,1,300,N,HENDERSON,ST,,,,,,,11,1,2,,1,1,5,11:29 AM,DISPATCHED,11:37 AM,1/7/2013,Y,TX2201200,1318,885,3,120,8,2,1,10,64,54,1,2,1,21,21,220,156,32.75584202,-97.34083114,,,,,W PEACH ST,900,,,,,,,,,UNKNOWN,,,,,N,N,N,5,9,Y,MON,,,,,,,,,,,,,,,,,,,,,,,,,,,,,,,,,,,,,,,,,,,,,,,,,,,,,,,,0,0,0,3,0,0,0,282,,,
13067500,N,N,N,N,N,N,N,1/1/2013,4:37 AM,130011018,,227,22,N,Y,,,1,35,,1,11200,N,SB,,N,N,70,N,N,,N,19,,,,,E,BRAKER,LN,,,,,,,2,4,98,2,3,2,20,4:37 AM,DISPATCHED,4:42 AM,1/1/2013,N,TX2270100,74,1,114,143,8,2,4,30,64,54,1,1,1,21,21,227,22,30.37813587,-97.6754252,IH,35,,242.664,IH0035,,15,13,26.275,243,0.227,,,,,,,,,Y,Y,N,2,9,Y,TUE,5,0,4,10,11,2,6,300,100,72,4,0,0,2,8,5,2,20,5,2,3,4,11,139928,2014,139928,3.3,9.4,12.7,1,328,1,1,17,,,,,,,,,,,,,,,,,,,,,,0,3,0,0,0,3,0,90,,,
13067505,N,N,N,N,N,N,N,1/3/2013,6:00 PM,S13-00051,,235,1800,Y,Y,,,19,,,1,60,,PENN,AVE,N,N,35,N,N,,N,19,,,1,200,,PENN,AVE,,,,,,,11,3,0,,1,1,1,6:02 PM,RADIO/DISPATCHED,6:18 PM,1/3/2013,Y,TX2350000,2364,,2,3,8,7,4,1,31,54,1,5,2,21,21,235,1800,28.91939949,-97.03262851,,,,,PENN AVE,60,,,,,,,,,,,,,,Y,N,Y,5,0,Y,THU,,,,,,,,,,,,,,,,,,,,,,,,,,,,,,,,,,,,,,,,,,,,,,,,,,,,,,,,0,0,0,1,0,0,0,363,,,
13068021,N,N,N,N,N,N,N,1/1/2013,3:45 AM,207A,,57,107,N,Y,,,11,12,,1,5600,W,NORTHWEST,HWY,N,N,35,N,N,,N,19,,,,,,DEVONSHIRE,DR,,,,,,,2,4,0,2,1,2,20,4:11 AM,DISPATCHED,4:18 AM,1/1/2013,Y,TX0000006,2471,,,87,8,7,4,1,32,54,1,2,2,21,21,57,107,32.86557215,-96.81591385,SL,12,,22.165,SL0012,,353,5,23.865,606,0.141,,,,,,,,,Y,Y,N,5,9,Y,TUE,3,0,0,0,15,3,6,150,66,66,6,1,2,1,0,0,1,0,0,1,15,4,14,38676,2014,38676,2.3,0.4,2.7,,,,,,,,,,,,,,,,,,,,,,,,,,,0,0,0,2,0,0,0,282,,,
13068043,N,N,N,N,N,N,N,1/9/2013,11:35 AM,SAPD113006261,7160,15,379,N,N,,,1,410,,2,4600,NW,LOOP 410,,N,N,40,N,N,ACCESS ROAD,Y,19,,,1,6100,,CALLAGHAN RD,RD,,,,,,,12,1,4,2,4,1,9,11:36 AM,PERSON,11:50 AM,1/9/2013,Y,TX0000003,2473,,109,138,8,2,2,22,64,42,2,1,1,21,21,15,379,29.48954345,-98.57467891,IH,410,,14.733,IH0410,,521,4,14.799,15,-0.371,,,,CALLAGHAN RD,,,,,N,Y,N,5,9,Y,WED,5,0,10,10,23,2,7,300,124,84,4,0,0,2,20,5,2,20,5,2,3,4,11,154098,2014,154098,2.9,1.9,4.7,1,648,0,2,25,,,,,,,,,,,,,,,,,,,,,,0,0,0,1,0,0,0,28,,,
13068146,N,N,N,N,N,N,N,1/8/2013,3:12 PM,0003013013J,,101,208,N,Y,,,19,,,1,3000,,JEANETTA,,N,N,35,N,N,WET,Y,19,,,1,9200,,CLARKCREST,,,,,,,,11,1,0,,1,2,8,3:12 PM,DISPATCH,3:18 PM,1/8/2013,Y,TXHPD0000,2469,14,106,54,8,2,1,14,64,54,1,5,1,21,21,101,208,29.73287481,-95.52512305,,,,,JEANETTA RD,2999,,,,,,,,,CLARKCREST ST,,,,,Y,N,N,3,9,Y,TUE,,,,,,,,,,,,,,,,,,,,,,,,,,,,,,,,,,,,,,,,,,,,,,,,,,,,,,,,0,0,1,1,0,1,0,15,,,
13068252,N,N,N,N,N,N,N,1/4/2013,6:40 PM,13A000215,,170,1735,Y,Y,,,19,,,1,500,,RAYFORD,RD,N,N,35,N,N,,N,19,,,,25100,,RICHARDS,RD,,,,,,,12,4,0,,1,2,1,6:52 PM,DISPATCH,7:12 PM,1/7/2013,Y,TX1700000,1798,,,35,8,2,3,10,64,14,1,5,1,32,21,170,1735,30.12734395,-95.43433035,,,,,RAYFORD RD,482,,,,,,,,,,,,,,Y,N,Y,3,0,Y,FRI,,,,,,,,,,,,,,,,,,,,,,,,,,,,,,,,,,,,,,,,,,,,,,,,,,,,,,,,0,0,1,3,0,1,0,15,,,
13068432,N,N,N,N,N,N,N,1/1/2013,3:08 PM,2013-00000257,,31,189,N,N,,,1,77,,2,400,S,FRONTAGE,RD,N,N,45,N,N,3 LANE ROAD,N,19,,,1,1800,W,FILMORE,AVE,,,,,2 LANE LOCAL ROAD,,12,1,0,2,1,1,1,3:09 PM,DISPATCHED,3:10 PM,1/1/2013,Y,TX0310300,1417,,,164,8,2,4,21,64,9,2,2,1,21,21,31,189,26.18653556,-97.6800087,BU,77,X,7.573,BU0077X,701,327,8,12.589,570,0.921,,,,,,,,,Y,Y,N,3,7,Y,TUE,3,0,0,0,43,2,4,200,72,56,4,0,0,1,0,0,1,0,0,3,43,3,14,19724,2014,19724,1.3,0.2,1.5,1,161,0,2,0,,,,,,,,,,,,,,,,,,,,,,0,0,1,6,0,1,0,201,,,
13068434,N,N,N,N,N,N,N,1/2/2013,9:12 AM,2013-00000556,,31,189,N,Y,,,19,,,1,1500,,SAM HOUSTON,ST,Y,N,0,N,N,,N,9,77,,1,1500,,SUNSHINE STRIP,,,,,,,,11,1,4,,1,2,5,9:12 AM,DISPATCHED,9:33 AM,1/2/2013,N,TX0310300,1417,,,124,8,4,4,5,64,54,7,9,5,33,21,31,189,,,,,,,SAM HOUSTON ST,,,,,,,,,,,,,,,N,N,N,0,7,N,WED,,,,,,,,,,,,,,,,,,,,,,,,,,,,,,,,,,,,,,,,,,,,,,,,,,,,,,,,0,0,0,0,1,0,0,,,,
13068496,N,N,N,N,N,N,N,1/3/2013,2:49 PM,C1300087,,178,97,N,Y,,,19,,,1,4400,,AYERS,ST,N,N,35,N,N,,N,19,,,1,2300,,GOLLIHAR,RD,,,,,,,12,1,0,,1,1,5,2:52 PM,DISPATCHED,2:59 PM,1/3/2013,Y,TX1780200,1115,,,19,8,2,2,22,64,38,1,5,1,21,21,178,97,27.74523969,-97.42128856,,,,,AYERS ST,4497,,,,,,,,,GOLLIHAR RD,,,,,Y,N,N,5,9,Y,THU,,,,,,,,,,,,,,,,,,,,,,,,,,,,,,,,,,,,,,,,,,,,,,,,,,,,,,,,0,0,0,3,0,0,0,96,,,
13069917,N,N,N,N,N,N,N,1/8/2013,6:35 AM,0002855013P,,101,208,N,Y,,,19,,,1,9800,,WESTPARK,DR,N,N,40,N,N,,N,19,,,,4000,,ADE,ST,,,,,,,2,3,0,,1,2,20,6:47 AM,DISPATCHED,6:48 AM,1/8/2013,Y,TXHPD0000,2469,14,106,54,8,2,4,21,64,9,1,5,1,21,21,101,208,29.72044847,-95.53240162,,,,,WESTPARK DR,9804,,,,,,,,,,,,,,Y,N,N,5,9,Y,TUE,,,,,,,,,,,,,,,,,,,,,,,,,,,,,,,,,,,,,,,,,,,,,,,,,,,,,,,,0,0,0,3,0,0,0,15,,,
13070439,N,N,N,N,N,N,Y,1/9/2013,8:56 AM,13010970,,31,53,N,N,,,19,,,1,2800,S,DAKOTA,AVE,N,N,20,N,N,,N,19,,,,6300,,DOCKBERRY,RD,,,,,,,2,1,0,,1,2,11,8:56 AM,DISPATCHED,9:00 AM,1/9/2013,Y,TX0310100,172,,125,65,8,2,4,20,64,54,1,5,1,21,21,31,53,25.88770607,-97.42377631,,,,,S DAKOTA AVE,2709,,,,,,,,,,,,,,N,N,N,5,8,Y,WED,,,,,,,,,,,,,,,,,,,,,,,,,,,,,,,,,,,,,,,,,,,,,,,,,,,,,,,,0,0,0,4,0,0,0,248,,,
13070611,N,N,N,N,N,N,N,1/9/2013,3:00 PM,0003395313K,,101,208,N,Y,,,19,,,1,500,N,WAYSIDE,,N,N,40,N,N,,N,19,,,,7100,,CLINTON,,,,,,,,2,1,0,3,1,2,1,3:25 PM,DISPATCHED,3:30 PM,1/9/2013,Y,TXHPD0000,2469,24,124,71,8,2,4,21,64,9,1,2,1,21,21,101,208,29.76145814,-95.29451289,UA,90,,176.011,UA0090,500,27,10,20.775,704,-0.136,,,,,,,,,Y,Y,N,5,9,Y,WED,0,0,0,0,0,9,6,120,72,72,6,1,1,1,0,0,1,0,0,4,0,4,14,18056,2014,18056,3.9,1.4,5.2,,,,,,,,,,,,,,,,,,,,,,,,,,,0,0,0,2,0,0,0,15,,,
13070701,N,N,N,N,N,N,N,1/10/2013,7:01 PM,SAPD13007307,3130,15,379,N,Y,,,2,281,,1,20270,N,281,HWY,N,N,60,N,N,,N,19,,,,,E,EVANS,RD,,,,,,,11,3,0,2,1,1,11,7:01 PM,DISPATHCED,7:02 PM,1/10/2013,Y,TXSPD0000,2473,,29,131,8,2,4,22,64,42,1,2,1,21,21,15,379,29.6238769,-98.46355047,US,281,,318.226,US0281,19506,253,4,7.887,522,0.766,,,,,,,,,Y,Y,N,5,9,Y,THU,3,0,6,4,51,2,6,200,88,69,4,0,0,2,11,5,2,8,5,3,40,4,12,87314,2014,87314,2.5,1.5,4,,,,,,,,,,,,,,,,,,,,,,,,,,,0,0,0,3,0,0,0,28,,,
13070846,Y,N,N,N,N,Y,N,1/7/2013,8:40 AM,0002482113E,,101,208,N,Y,,,19,,,1,14400,,MAIN,ST,N,N,55,N,N,CONCRETE,N,19,,,,,,ZAVALLA,ST,,,,,,,11,1,0,2,1,1,20,9:03 AM,HPD DISPATCHER,9:32 AM,11/7/2013,Y,TXHPD0000,2469,18,125,81,8,2,4,30,21,3,1,2,1,21,21,101,208,29.63260175,-95.5024124,UA,90,,159.122,UA0090,,27,9,2.293,688,-0.698,,,,,,,,,Y,Y,N,4,9,Y,MON,3,0,4,8,44,9,6,234,100,72,6,0,0,5,8,5,3,16,5,3,36,4,12,44618,2014,44618,1.9,0.5,2.3,,,,,,,,,,,,,,,,,,,,,,,,,,,0,1,1,0,0,2,1,15,,,
13070912,N,N,N,N,N,N,N,1/1/2013,4:20 AM,2013-34,DWI CASE #2013-31,101,325,N,Y,,,19,,,1,5500,,SPENCER,HWY,N,N,40,N,N,,N,12,8,,2,2900,,SAM HOUSTON,PKWY,,,,,,,11,4,4,,1,1,20,4:20 AM,DISPATCHED,4:20 AM,1/1/2013,Y,TX1011500,1912,,2,94,8,7,4,1,21,54,2,6,2,21,21,101,325,29.66563357,-95.15603172,,,,,SPENCER HWY,,,,,,,,,,,,,,,Y,N,N,5,8,Y,TUE,,,,,,,,,,,,,,,,,,,,,,,,,,,,,,,,,,,,,,,,,,,,,,,,,,,,,,,,0,0,0,1,0,0,0,15,,,
13070924,N,N,N,N,N,N,N,1/5/2013,7:00 AM,13-000052,,57,253,N,Y,,,1,20,,1,3000,,INTERSTATE HIGHWAY 20 E B,,N,N,65,N,N,,N,,,,,,,NOT REPORTED,,10,F,W,468,,,2,5,0,2,1,2,20,7:00 AM,DISPATCH,7:08 AM,1/5/2013,Y,TX0571700,1641,,,35,8,7,4,1,56,3,1,1,2,21,21,57,107,32.64219627,-96.81933444,IH,20,,466.944,IH0020,,2374,3,14.058,468,-10,,,,NOT REPORTED,,,,,Y,Y,N,2,9,Y,SAT,5,0,10,12,50,3,8,420,140,96,5,0,0,2,22,5,2,22,5,2,28,4,11,143382,2014,143382,5.2,8.7,14,,,,,,,,,,,,,,,,,,,,,,,,,,,0,1,0,0,0,1,0,282,,,