Crash_ID,Crash_Fatal_Fl,Cmv_Involv_Fl,Schl_Bus_Fl,Rr_Relat_Fl,Medical_Advisory_Fl,Amend_Supp_Fl,Active_School_Zone_Fl,Crash_Date,Crash_Time,Case_ID,Local_Use,Rpt_CRIS_Cnty_ID,Rpt_City_ID,Rpt_Outside_City_Limit_Fl,Thousand_Damage_Fl,Rpt_Latitude,Rpt_Longitude,Rpt_Rdwy_Sys_ID,Rpt_Hwy_Num,Rpt_Hwy_Sfx,Rpt_Road_Part_ID,Rpt_Block_Num,Rpt_Street_Pfx,Rpt_Street_Name,Rpt_Street_Sfx,Private_Dr_Fl,Toll_Road_Fl,Crash_Speed_Limit,Road_Constr_Zone_Fl,Road_Constr_Zone_Wrkr_Fl,Rpt_Street_Desc,At_Intrsct_Fl,Rpt_Sec_Rdwy_Sys_ID,Rpt_Sec_Hwy_Num,Rpt_Sec_Hwy_Sfx,Rpt_Sec_Road_Part_ID,Rpt_Sec_Block_Num,Rpt_Sec_Street_Pfx,Rpt_Sec_Street_Name,Rpt_Sec_Street_Sfx,Rpt_Ref_Mark_Offset_Amt,Rpt_Ref_Mark_Dist_Uom,Rpt_Ref_Mark_Dir,Rpt_Ref_Mark_Nbr,Rpt_Sec_Street_Desc,Rpt_CrossingNumber,Wthr_Cond_ID,Light_Cond_ID,Entr_Road_ID,Road_Type_ID,Road_Algn_ID,Surf_Cond_ID,Traffic_Cntl_ID,Investigat_Notify_Time,Investigat_Notify_Meth,Investigat_Arrv_Time,Report_Date,Investigat_Comp_Fl,ORI_Number,Investigat_Agency_ID,Investigat_Area_ID,Investigat_District_ID,Investigat_Region_ID,Bridge_Detail_ID,Harm_Evnt_ID,Intrsct_Relat_ID,FHE_Collsn_ID,Obj_Struck_ID,Othr_Factr_ID,Road_Part_Adj_ID,Road_Cls_ID,Road_Relat_ID,Phys_Featr_1_ID,Phys_Featr_2_ID,Cnty_ID,City_ID,Latitude,Longitude,Hwy_Sys,Hwy_Nbr,Hwy_Sfx,Dfo,Street_Name,Street_Nbr,Control,Section,Milepoint,Ref_Mark_Nbr,Ref_Mark_Displ,Hwy_Sys_2,Hwy_Nbr_2,Hwy_Sfx_2,Street_Name_2,Street_Nbr_2,Control_2,Section_2,Milepoint_2,Txdot_Rptable_Fl,Onsys_Fl,Rural_Fl,Crash_Sev_ID,Pop_Group_ID,Located_Fl,Day_of_Week,Hwy_Dsgn_Lane_ID,Hwy_Dsgn_Hrt_ID,Hp_Shldr_Left,Hp_Shldr_Right,Hp_Median_Width,Base_Type_ID,Nbr_Of_Lane,Row_Width_Usual,Roadbed_Width,Surf_Width,Surf_Type_ID,Curb_Type_Left_ID,Curb_Type_Right_ID,Shldr_Type_Left_ID,Shldr_Width_Left,Shldr_Use_Left_ID,Shldr_Type_Right_ID,Shldr_Width_Right,Shldr_Use_Right_ID,Median_Type_ID,Median_Width,Rural_Urban_Type_ID,Func_Sys_ID,Adt_Curnt_Amt,Adt_Curnt_Year,Adt_Adj_Curnt_Amt,Pct_Single_Trk_Adt,Pct_Combo_Trk_Adt,Trk_Aadt_Pct,Curve_Type_ID,Curve_Lngth,Cd_Degr,Delta_Left_Right_ID,Dd_Degr,Feature_Crossed,Structure_Number,I_R_Min_Vert_Clear,Approach_Width,Bridge_Median_ID,Bridge_Loading_Type_ID,Bridge_Loading_In_1000_Lbs,Bridge_Srvc_Type_On_ID,Bridge_Srvc_Type_Under_ID,Culvert_Type_ID,Roadway_Width,Deck_Width,Bridge_Dir_Of_Traffic_ID,Bridge_Rte_Struct_Func_ID,Bridge_IR_Struct_Func_ID,CrossingNumber,RRCo,Poscrossing_ID,WDCode_ID,Standstop,Yield,Incap_Injry_Cnt,Nonincap_Injry_Cnt,Poss_Injry_Cnt,Non_Injry_Cnt,Unkn_Injry_Cnt,Tot_Injry_Cnt,Death_Cnt,MPO_ID,Investigat_Service_ID,Investigat_DA_ID,Investigator_Narrative
13079594,N,N,N,N,Y,N,N,1/3/2013,2:32 PM,2121A,,57,107,N,Y,,,19,,,1,2900,,COLONIAL,AVE,N,N,30,N,N,PUBLIC STREET,Y,19,,,1,1700,,MLKINGJR,BLVD,,,,,PUBLIC STREET,,12,1,4,,1,1,5,2:34 PM,DISPATCHED,2:38 PM,1/3/2013,Y,TX0000006,2471,,,27,8,2,1,10,36,54,1,5,1,21,21,57,107,32.76284426,-96.77771258,,,,,COLONIAL AVE,2900,,,,,,,,,UNKNOWN,,,,,Y,N,N,3,9,Y,THU,,,,,,,,,,,,,,,,,,,,,,,,,,,,,,,,,,,,,,,,,,,,,,,,,,,,,,,,0,0,1,1,0,1,0,282,,,
13079726,N,N,N,N,N,N,N,1/1/2013,8:10 AM,0000229113Q,,101,208,N,Y,,,2,90A,,1,9800,,MAIN,ST,N,N,45,N,N,,Y,19,,,2,3200,,SOUTH LP W,,,,,,,,2,1,4,2,1,2,5,8:14 AM,DISPATCHED,8:23 AM,1/15/2013,Y,TXHPD0000,2469,18,125,40,8,7,2,1,26,54,1,2,2,21,21,101,208,29.67718193,-95.42798446,UA,90,,164.833,UA0090,,27,9,7.946,692,0.98,,,,SOUTH LOOP W,,,,,Y,Y,N,5,9,Y,TUE,3,0,0,0,19,8,10,538,129,120,5,1,1,1,0,0,1,0,0,1,19,4,12,66240,2014,66240,1.9,0.5,2.3,,,,,,,,,,,,,,,,,,,,,,,,,,,0,0,0,1,0,0,0,15,,,
13079781,N,N,N,N,N,N,N,1/6/2013,1:24 PM,130060778,,227,22,N,N,,,1,35,,7,8900,N,SVRD SB,,Y,N,0,N,N,,N,19,,,,,,MIDDLE,LN,,,,,,,11,1,0,,8,1,17,12:40 PM,DISP,12:45 PM,1/6/2013,Y,TX2270100,74,,,302,8,2,4,40,64,12,7,9,5,33,21,227,22,,,IH,35,,,IH0035,,,,,,,,,,,,,,,N,Y,N,5,9,N,SUN,,,,,,,,,,,,,,,,,,,,,,,,,,,,,,,,,,,,,,,,,,,,,,,,,,,,,,,,0,0,0,3,0,0,0,,,,
13080969,N,N,N,N,N,N,N,1/9/2013,6:33 AM,S13-00124,,235,1800,Y,Y,,,2,59,,1,20800,,NOT REPORTED,,N,N,75,N,N,,N,4,444,,1,100,,NOT REPORTED,,,,,,,,2,3,0,2,1,3,1,6:36 AM,RADIO/DISPATCHED,6:51 AM,1/9/2013,Y,TX2350000,2364,,,,8,7,4,1,62,1,1,2,2,21,21,235,1800,28.90532875,-96.79206848,US,59,,413.143,US0059,,89,1,2.131,624,-0.865,,,,,,,,,Y,Y,Y,5,0,Y,WED,4,0,4,10,83,9,4,387,80,48,6,0,0,2,8,5,2,20,5,3,75,1,2,21651,2014,21651,6.4,14.6,21,1,172,1,1,9,,,,,,,,,,,,,,,,,,,,,,0,0,0,1,0,0,0,363,,,
13080980,N,N,N,N,N,N,N,1/5/2013,1:05 PM,C13010002,,50,167,N,Y,,,2,84,,1,1100,E,MAIN,ST,N,N,35,N,N,,N,9,36,,1,100,N,LUTTERLOH,AVE,,,,,,,11,1,0,3,1,1,11,1:05 PM,RADIO/DISPATCHER,1:06 PM,1/5/2013,Y,TX0500200,1349,12,81,106,8,2,2,21,64,54,1,2,1,21,21,50,167,31.43491063,-97.74451591,US,84,,393.515,US0084,1175,55,5,24.419,646,0.368,BS,36,E,BS0036E,,,,,Y,Y,N,5,5,Y,SAT,2,0,0,0,0,2,4,80,64,64,4,1,1,1,0,0,1,0,0,0,0,2,14,14131,2014,14131,3.5,8,11.4,,,,,,,,,,,,,,,,,,,,,,,,,,,0,0,0,4,0,0,0,,,,
13081288,N,N,N,N,N,Y,N,1/9/2013,8:38 AM,13-002554,,220,156,N,Y,32.66055,-97.39846,19,,,1,6000,,GRANBURY,RD,N,N,-1,N,N,,N,19,,,,6000,S,HULEN,ST,,,,,,,2,1,0,,1,2,5,8:41 AM,RADIO DISPATCH,8:47 AM,1/9/2013,Y,TX2201200,1318,885,9,120,8,2,4,22,64,3,1,5,1,21,21,220,156,32.66047712,-97.39841559,,,,,GRANBURY RD,,,,,,,,,,,,,,,Y,N,N,3,9,Y,WED,,,,,,,,,,,,,,,,,,,,,,,,,,,,,,,,,,,,,,,,,,,,,,,,,,,,,,,,0,0,1,1,0,1,0,282,,,
13081304,N,N,N,N,N,N,N,1/14/2013,10:50 PM,0005627113U,,101,208,N,N,,,2,59,,1,5600,S,SOUTHWEST,FWY,N,N,50,N,N,,N,19,,,,3600,,CHIMNEY ROCK,,,,,,,,11,4,0,,1,1,20,11:11 PM,DISPATCH,11:19 PM,1/15/2013,Y,TXHPD0000,2469,18,106,54,8,7,4,1,56,54,1,2,2,21,21,101,208,,,US,59,,,US0059,,,,,,,,,,,,,,,Y,Y,N,2,9,N,MON,,,,,,,,,,,,,,,,,,,,,,,,,,,,,,,,,,,,,,,,,,,,,,,,,,,,,,,,0,1,0,0,0,1,0,,,,
13081565,N,N,N,N,N,N,N,1/6/2013,4:04 PM,13000036,,14,424,N,Y,,,3,36,,1,6800,NW,HK DODGEN,LOOP,N,N,55,N,N,NW HK DODGEN LP,Y,3,53,,1,4300,,AIRPORT,RD,,,,,AIRPORT RD,,11,1,4,3,1,1,21,4:09 PM,DISPATCH,4:15 PM,1/6/2013,Y,TX0140700,2221,,,,8,2,1,10,64,3,1,2,1,21,21,14,424,31.11906077,-97.38467893,SH,36,,178.047,SH0036,,184,3,3.11,476,-0.708,SH,53,,SH0053,,,,,Y,Y,N,5,7,Y,SUN,2,0,12,12,0,2,4,100,84,60,2,0,0,2,12,5,2,12,5,0,0,3,14,13535,2014,13535,2.2,9.3,11.6,,,,,,,,,,,,,,,,,,,,,,,,,,,0,0,0,2,0,0,0,277,,,
13081733,N,N,N,N,N,Y,N,1/3/2013,8:42 PM,13-003241,,71,136,N,Y,,,2,I-10,,1,,,I 10 HWY WB MILE POST 14,,N,N,60,N,N,INTERSTATE,N,19,,,1,700,,SUNLAND PARK,,,,,,,,4,4,0,2,5,6,1,8:42 PM,DISPATCH,8:55 PM,1/3/2013,Y,TX0710200,1259,,,77,8,2,4,20,23,54,1,1,1,21,21,71,136,31.81001221,-106.5438389,IH,10,,13.735,IH0010,,2121,2,14.434,14,-0.312,,,,,,,,,Y,Y,N,5,9,Y,THU,5,0,10,10,42,2,6,440,112,72,4,0,0,2,20,5,2,20,5,2,22,4,11,111222,2014,111222,2.8,12.8,15.5,3,41,3,,0,,,,,,,,,,,,,,,,,,,,,,0,0,0,1,1,0,0,66,,,
13081982,N,N,N,N,N,N,N,1/3/2013,5:18 PM,13-0031162,DWI,227,22,N,Y,,,19,,,2,8400,,RESEARCH SVRD NB,BLVD,N,N,50,N,N,,N,19,,,,,,CLEARFIELD,DR,,,,,,,11,4,0,2,1,1,1,5:18 PM,DISPATCH,5:33 PM,1/3/2013,Y,TX2270100,74,,46,64,8,2,3,13,64,14,2,2,1,32,21,227,22,30.35730686,-97.71574551,US,183,,317.469,US0183,,151,6,6.677,512,0.681,,,,,,,,,Y,Y,N,5,9,Y,THU,5,0,10,10,28,9,6,260,112,72,4,0,0,2,20,5,2,20,5,2,8,4,12,125081,2014,125081,2.3,2,4.3,,,,,,,,,,,,,,,,,,,,,,,,,,,0,0,0,2,0,0,0,90,,,
13081991,N,N,N,N,N,N,N,1/4/2013,11:42 AM,13-0040725,,227,22,N,Y,,,19,,,1,1300,W,24TH,ST,N,N,30,N,N,,N,19,,,,2400,N,LAMAR,BLVD,,,,,,,12,1,4,,5,2,5,11:42 AM,DISPATCH,11:46 AM,1/4/2013,Y,TX2270100,74,,,174,8,2,2,22,64,38,1,5,1,21,21,227,22,30.28852171,-97.75261445,,,,,W 24TH ST,1383,,,,,,,,,N LAMAR BLVD,,,,,Y,N,N,3,9,Y,FRI,,,,,,,,,,,,,,,,,,,,,,,,,,,,,,,,,,,,,,,,,,,,,,,,,,,,,,,,0,0,1,3,0,1,0,90,,,
13082060,N,Y,N,N,N,N,N,1/3/2013,10:20 AM,,,114,1679,Y,Y,32.17602,-101.66133,1,20,,1,,,NOT REPORTED,,N,N,75,N,N,,N,,,,,,,NOT REPORTED,,0.5,M,E,165,,,12,1,0,2,1,1,20,10:28 AM,MIDLAND DPS COMMUNIC,10:37 AM,1/5/2013,Y,TXDPS1800,10000,19,32,1,8,2,4,30,64,54,1,1,1,21,21,114,1679,32.17901006,-101.6527588,IH,20,,165.571,IH0020,,5,5,12.69,165,0.5,,,,NOT REPORTED,,,,,Y,Y,Y,2,0,Y,THU,5,0,4,10,40,2,4,272,76,48,4,0,0,2,8,5,2,20,5,3,32,1,1,19573,2014,19573,14.3,20.1,34.4,,,,,,,,,,,,,,,,,,,,,,,,,,,0,1,0,2,0,1,0,,,,
13082073,N,Y,N,N,N,N,N,1/7/2013,10:50 AM,2013-500472,,188,12,N,Y,,,19,,,7,100,N,GRAND,ST,N,N,30,Y,Y,BLOCKED OFF PART OF ROAD (CONSTRUCTION),N,19,,,1,3600,,INDUSTRIAL,ST,,,,,,,12,1,0,,2,1,1,10:56 AM,POLICE DISPATCH,11:07 AM,1/7/2013,Y,TX1880100,33,,,,8,4,4,1,64,50,7,5,1,20,21,188,12,35.21088405,-101.7954212,,,,,N GRAND ST,100,,,,,,,,,,,,,,Y,N,N,5,8,Y,MON,,,,,,,,,,,,,,,,,,,,,,,,,,,,,,,,,,,,,,,,,,,,,,,,,,,,,,,,0,0,0,1,0,0,0,120,,,
13082266,N,N,N,N,N,N,N,1/11/2013,1:25 PM,130111-0568,,101,33,N,Y,,,1,610,,1,5300,,WEST LOOP SOUTH,,N,N,60,N,N,NORTHBOUND,N,19,,,,4600,,LOOP CENTRAL,DR,,,,,,,11,1,0,2,1,1,20,1:32 PM,DISPATCHED,1:35 PM,1/14/2013,Y,TX1010200,109,,,35,8,2,4,22,64,42,1,1,1,21,21,101,33,29.72411743,-95.46033691,IH,610,,7.683,IH0610,,271,17,33.734,8,-0.329,,,,,,,,,Y,Y,N,3,5,Y,FRI,5,0,0,10,20,3,8,350,140,96,5,0,0,1,0,0,2,20,5,2,20,4,11,179716,2014,179716,4.2,2.3,6.5,,,,,,,,,,,,,,,,,,,,,,,,,,,0,0,3,2,0,3,0,15,,,
13083443,N,N,N,N,N,N,N,1/10/2013,6:10 AM,13-1006,,152,270,N,N,,,19,,,1,2400,,44TH,ST,N,N,30,N,N,,N,19,,,1,4400,,UNIVERSITY,AVE,,,,,,,0,4,0,,1,0,1,6:02 AM,POLICE RADIO,7:11 AM,1/10/2013,N,TX1520200,1706,,,,8,4,4,5,64,54,1,5,1,21,21,152,270,33.55425434,-101.8706406,,,,,44TH ST,2503,,,,,,,,,,,,,,N,N,N,0,8,Y,THU,,,,,,,,,,,,,,,,,,,,,,,,,,,,,,,,,,,,,,,,,,,,,,,,,,,,,,,,0,0,0,0,1,0,0,122,,,
13083530,N,N,N,N,N,N,N,1/7/2013,11:41 PM,P2013-3229,,191,12,N,Y,,,19,,,1,8310,,VAIL,DR,N,N,30,N,N,,N,19,,,1,3500,,SCOTSWOOD,DR,,,,,,,11,4,0,,1,1,1,11:42 PM,DISPATCHED,11:51 PM,1/7/2013,Y,TX1880100,33,,,,8,4,4,1,64,3,1,5,1,21,21,191,12,35.12357288,-101.8774912,,,,,VALE DR,8335,,,,,,,,,,,,,,Y,N,N,5,8,Y,MON,,,,,,,,,,,,,,,,,,,,,,,,,,,,,,,,,,,,,,,,,,,,,,,,,,,,,,,,0,0,0,2,0,0,0,120,,,
13083533,N,N,N,N,N,N,N,1/7/2013,10:50 AM,13-2902,,188,12,N,N,,,19,,,2,3700,W,AMARILLO,BLVD,N,N,45,N,N,,Y,19,,,1,800,N,FAIRMONT,ST,,,,,,,11,1,4,2,1,1,9,10:53 AM,DISPATCH,11:00 AM,1/7/2013,Y,,33,99,,,8,2,1,10,64,54,2,2,1,21,21,188,12,35.2221327,-101.8781114,BI,40,D,6.543,BI0040D,,90,6,18.651,298,0.403,,,,N FAIRMONT ST,,,,,N,Y,N,5,8,Y,MON,4,0,0,9,31,2,4,200,70,50,4,0,0,1,0,0,2,18,5,3,31,3,14,10534,2014,10534,2.4,34.4,36.8,,,,,,,,,,,,,,,,,,,,,,,,,,,0,0,0,3,0,0,0,120,,,
13083564,N,N,N,N,N,N,N,1/11/2013,1:38 PM,C1300258,,178,97,N,Y,,,2,181,,1,5300,,NOT REPORTED,,N,N,65,N,N,,N,19,,,1,700,,KINGS PT HARBOR,AVE,,,,,,,12,1,0,2,1,1,20,1:38 PM,DISPATCHED,1:55 PM,1/11/2013,N,TX1780200,1115,,,,8,2,4,21,64,9,1,2,1,21,21,178,97,27.84501323,-97.36895761,US,181,,132.499,US0181,,101,6,1.006,646,-0.97,,,,,,,,,Y,Y,N,5,9,Y,FRI,5,0,10,10,22,9,6,250,112,72,5,0,0,2,20,5,2,20,5,2,2,4,12,50872,2014,50872,3.2,3,6.2,,,,,,,,,,,,,,,,,,,,,,,,,,,0,0,0,3,0,0,0,96,,,
13083667,N,N,N,N,N,N,N,1/11/2013,2:53 PM,13011108,,220,277,N,Y,,,19,,,1,1200,E,DEBBIE,LN,N,N,45,N,N,,N,19,,,1,3000,,MATLOCK,RD,,,,,,,11,1,0,,1,1,20,1:45 PM,DISPATCH,2:01 PM,1/11/2013,Y,TX2202000,1726,,,,8,2,3,10,64,14,1,5,1,32,21,220,277,32.60520953,-97.11864067,,,,,E DEBBIE LN,,,,,,,,,,,,,,,Y,N,N,5,7,Y,FRI,,,,,,,,,,,,,,,,,,,,,,,,,,,,,,,,,,,,,,,,,,,,,,,,,,,,,,,,0,0,0,3,0,0,0,282,,,
13083780,N,N,N,N,N,N,N,1/9/2013,5:30 PM,13-1283,420904,108,331,N,Y,,,19,,,1,900,S,VETERANS,BLVD,N,N,30,N,N,,N,19,,,1,1300,E,SAM HOUSTON,ST,,,,,,,12,1,2,,1,2,20,5:30 PM,2 WAY RADIO,5:45 PM,1/9/2013,Y,TX1081100,1926,,,116,8,2,3,21,64,47,1,5,1,32,21,108,331,26.18618883,-98.1686428,,,,,S I RD,962,,,,,,,,,,,,,,Y,N,N,5,7,Y,WED,,,,,,,,,,,,,,,,,,,,,,,,,,,,,,,,,,,,,,,,,,,,,,,,,,,,,,,,0,0,0,3,0,0,0,230,,,
13083835,N,N,N,N,N,N,N,1/8/2013,5:00 PM,130003525,0,101,1666,Y,N,,,19,,,1,18500,,CHAMPION FOREST DR,,N,N,45,N,N,,N,19,,,1,8700,,SPRING CYPRESS RD,,,,,,,,2,4,2,,1,2,5,5:30 PM,DISPATCHED,5:30 PM,1/8/2013,Y,TX1010000,1419,74,4,5,8,2,4,22,64,42,1,4,1,21,21,101,1666,30.03294762,-95.55529133,,,,,CHAMPION FOREST DR,,,,,,,,,,,,,,,N,N,Y,5,0,Y,TUE,,,,,,,,,,,,,,,,,,,,,,,,,,,,,,,,,,,,,,,,,,,,,,,,,,,,,,,,0,0,0,2,0,0,0,15,,,
13083875,N,N,N,N,N,N,N,1/18/2013,8:33 AM,13699A,9611,57,107,N,Y,,,11,12,,1,11200,E,NORTHWEST,HWY,N,N,45,N,N,,N,19,,,,,,JUPITER,RD,,,,,,,11,1,98,2,1,1,21,8:35 AM,DISPATCH,8:53 AM,1/18/2013,Y,TX0000006,2471,,,33,8,2,2,22,64,47,1,2,1,21,21,57,107,32.86417815,-96.68490504,SS,244,,2.086,SS0244,,353,5,36.907,594,0.065,,,,JUPITER RD,,,,,Y,Y,N,3,9,Y,FRI,3,0,0,0,4,3,6,100,66,66,6,2,2,1,0,0,1,0,0,1,4,4,14,26185,2014,26185,2.5,0.4,2.9,,,,,,,,,,,,,,,,,,,,,,,,,,,0,0,2,0,0,2,0,282,,,
13083954,N,N,N,N,N,N,N,1/17/2013,5:00 PM,SAPD13012406,4150,15,379,N,N,,,19,,,1,2600,E,COMMERCE,ST,N,N,35,N,N,,N,19,,,,100,N,WALTERS,ST,,,,,,,11,1,4,,1,1,20,5:10 PM,DISPATCH,5:12 PM,1/17/2013,Y,TXSPD0000,2473,,9,162,8,2,2,21,64,8,1,5,1,21,21,15,379,29.41946497,-98.45226085,,,,,E COMMERCE ST,2601,,,,,,,,,S WALTERS ST,,,,,N,N,N,5,9,Y,THU,,,,,,,,,,,,,,,,,,,,,,,,,,,,,,,,,,,,,,,,,,,,,,,,,,,,,,,,0,0,0,2,0,0,0,28,,,
13084168,N,N,N,N,N,N,N,1/14/2013,5:24 PM,0005524313G,,101,208,N,Y,,,19,,,1,7727,,BISSONNET,ST,N,N,35,N,N,,N,19,,,,,,BRAEBURN VALLEY,,,,,,,,11,5,0,,1,1,1,5:24 PM,DISPATCH,5:30 PM,1/14/2013,Y,TXHPD0000,2469,24,125,55,8,2,4,21,34,13,1,5,1,32,21,101,208,29.69138575,-95.49986119,,,,,BISSONNET ST,,,,,,,,,,,,,,,Y,N,N,5,9,Y,MON,,,,,,,,,,,,,,,,,,,,,,,,,,,,,,,,,,,,,,,,,,,,,,,,,,,,,,,,0,0,0,2,0,0,0,15,,,
13084189,N,N,N,N,N,N,N,1/18/2013,8:09 PM,SAPD13013321,3360,15,379,N,N,,,19,,,1,4907,,ORCHID STAR,,N,N,30,N,N,,N,19,,,,6000,,MIDCROWN,DR,,,,,,,12,4,0,,1,1,1,8:09 PM,DISPATCH,8:40 PM,1/18/2013,N,TXSPD0000,2473,,29,131,8,4,4,5,64,3,1,5,1,21,21,15,379,29.49228138,-98.36448522,,,,,ORCHID STAR,4907,,,,,,,,,,,,,,N,N,N,0,9,Y,FRI,,,,,,,,,,,,,,,,,,,,,,,,,,,,,,,,,,,,,,,,,,,,,,,,,,,,,,,,0,0,0,0,1,0,0,28,,,
13084226,N,N,N,N,N,N,N,1/11/2013,5:00 PM,8755A,9601,57,107,N,N,,,19,,,1,12500,,ABRAMS,RD,N,N,40,N,N,,Y,19,,,1,12700,,BURNING LOG,LN,,,,,,,12,1,4,,1,1,8,5:07 PM,DISPATCHED,5:10 PM,1/12/2013,Y,TX0000006,2471,,,33,8,2,1,10,64,54,1,5,1,21,21,57,107,32.91848423,-96.73552258,,,,,ABRAMS RD,,,,,,,,,,BURNINGLOG LN,,,,,N,N,N,5,9,Y,FRI,,,,,,,,,,,,,,,,,,,,,,,,,,,,,,,,,,,,,,,,,,,,,,,,,,,,,,,,0,0,0,5,0,0,0,282,,,
13084425,N,N,N,N,N,N,N,1/19/2013,9:25 AM,13-1444,,212,434,N,Y,,,11,323,,1,100,,LOOP 323,,N,N,45,N,N,E SE,Y,2,69,,1,4300,S,BROADWAY,AVE,,,,,,,11,1,4,3,1,1,5,9:25 AM,DISPATCH,9:30 AM,1/19/2013,Y,TX2120400,2316,,,170,8,2,1,34,64,54,1,2,1,21,21,212,434,32.38094331,-95.33168025,US,69,,131.59,US0069,,190,5,11.517,328,0.92,SL,323,,SL0323,,,,,Y,Y,N,5,8,Y,SAT,2,0,0,0,0,2,4,100,72,72,3,2,2,1,0,0,1,0,0,0,0,3,14,22595,2014,22595,2.4,5,7.4,1,151,2,2,17,,,,,,,,,,,,,,,,,,,,,,0,0,0,2,0,0,0,213,,,
13084481,N,N,N,N,N,N,N,1/17/2013,5:10 PM,0006724213T,,101,208,N,Y,,,19,,,1,3700,,OLD SPANISH,TRL,N,N,35,N,N,,Y,19,,,1,6300,,LA SALETTE,ST,,,,,,,11,1,4,2,1,1,11,5:20 PM,DISPATCHED,5:20 PM,1/18/2013,Y,TXHPD0000,2469,16,104,49,8,2,1,10,64,54,1,2,1,21,21,101,208,29.70217808,-95.36128574,UA,90,,169.458,UA0090,3698,27,9,12.598,698,-0.383,,,,LA SALETTE ST,,,,,Y,Y,N,5,9,Y,THU,3,0,0,0,12,2,6,100,66,66,4,1,1,1,0,0,1,0,0,1,12,4,14,23262,2014,23262,3.9,1.4,5.2,,,,,,,,,,,,,,,,,,,,,,,,,,,0,0,0,3,0,0,0,15,,,
13084545,N,N,N,N,N,N,N,1/17/2013,3:45 PM,0006678213B,,101,208,N,Y,,,19,,,1,1500,,BERRY,RD,N,N,30,N,N,INTERSECTION,Y,19,,,2,8600,E,HARDY,,,,,,,,11,1,2,,1,1,5,3:49 PM,DISPATCH,3:49 PM,1/18/2013,Y,TXHPD0000,2469,18,124,113,8,2,1,13,64,54,1,5,1,21,21,101,208,29.83762479,-95.35623309,,,,,BERRY RD,,,,,,,,,,E HARDY ST,,,,,Y,N,N,5,9,Y,THU,,,,,,,,,,,,,,,,,,,,,,,,,,,,,,,,,,,,,,,,,,,,,,,,,,,,,,,,0,0,0,2,0,0,0,15,,,
13084622,N,Y,N,N,N,N,N,1/2/2013,4:45 PM,0000718313U,,101,208,N,Y,,,2,59,,1,10300,N,EASTEX,FWY,N,N,60,N,N,,N,19,,,,3400,,PARKER,RD,,,,,,,11,1,0,,1,1,1,4:53 PM,DISPATCHED,4:57 PM,1/19/2013,Y,TXHPD0000,2469,6,124,113,8,2,4,21,64,54,1,2,1,21,21,101,208,,,US,59,,,US0059,,,,,,,,,,,,,,,Y,Y,N,3,9,N,WED,,,,,,,,,,,,,,,,,,,,,,,,,,,,,,,,,,,,,,,,,,,,,,,,,,,,,,,,0,0,2,3,0,2,0,,,,
13084795,N,N,N,N,N,N,N,1/19/2013,12:30 PM,0007440513G,,101,208,N,Y,,,19,,,1,11700,,BEECHNUT,ST,N,N,35,N,N,,N,19,,,,8200,S,KIRKWOOD,ST,,,,,,,11,1,0,,1,1,20,12:44 PM,DISPATCHED,12:44 PM,1/19/2013,Y,TXHPD0000,2469,24,128,39,8,2,4,20,64,54,1,5,1,21,21,101,208,29.68895966,-95.58433061,,,,,BEECHNUT ST,,,,,,,,,,,,,,,Y,N,N,5,9,Y,SAT,,,,,,,,,,,,,,,,,,,,,,,,,,,,,,,,,,,,,,,,,,,,,,,,,,,,,,,,0,0,0,4,0,0,0,15,,,
13084834,N,N,N,N,N,N,N,1/19/2013,3:30 PM,0007505613H,,101,208,N,Y,,,19,,,1,1400,,MAROBY,AVE,N,N,30,N,N,CONCRETE,N,19,,,,,,ROSA ALLEN,DR,,,,,,,11,1,0,,1,1,20,3:39 PM,DISPATCH,3:49 PM,1/19/2013,Y,TXHPD0000,2469,6,113,65,8,4,4,1,64,54,1,5,1,21,21,101,208,29.69238481,-95.24892313,,,,,MAROBY AVE,1400,,,,,,,,,,,,,,Y,N,N,0,9,Y,SAT,,,,,,,,,,,,,,,,,,,,,,,,,,,,,,,,,,,,,,,,,,,,,,,,,,,,,,,,0,0,0,0,2,0,0,15,,,
13084894,N,N,N,N,N,N,N,1/17/2013,3:30 PM,0006677813X,FSGI,101,208,N,Y,,,2,59,,2,7100,S,SOUTHWEST SER N,FWY,N,N,50,N,N,CONCRETE,N,19,,,,7000,W,CLAREWOOD,DR,,,,,,,11,1,0,,1,1,1,4:01 PM,DISPATCH,4:01 PM,1/17/2013,Y,TXHPD0000,2469,14,106,54,8,2,4,21,64,54,2,2,1,21,21,101,208,,,US,59,,,US0059,,,,,,,,,,,,,,,Y,Y,N,5,9,N,THU,,,,,,,,,,,,,,,,,,,,,,,,,,,,,,,,,,,,,,,,,,,,,,,,,,,,,,,,0,0,0,2,1,0,0,,,,
13084973,N,N,N,N,N,N,N,1/20/2013,2:00 AM,760113,,61,114,N,Y,,,19,,,7,950,W,SYCAMORE,ST,Y,N,10,N,N,UNIVERSITY OF NORTH TEXAS LOT 55,N,19,,,,1000,W,MULBERRY,ST,,,,,,,11,4,0,,1,1,1,2:00 AM,WITNESS,2:04 AM,1/20/2013,Y,TX0611100,2330,,,35,8,7,4,1,32,54,7,9,5,33,21,61,114,,,,,,,W SYCAMORE ST,,,,,,,,,,,,,,,N,N,N,5,8,N,SUN,,,,,,,,,,,,,,,,,,,,,,,,,,,,,,,,,,,,,,,,,,,,,,,,,,,,,,,,0,0,0,1,1,0,0,,,,