Crash_ID,Crash_Fatal_Fl,Cmv_Involv_Fl,Schl_Bus_Fl,Rr_Relat_Fl,Medical_Advisory_Fl,Amend_Supp_Fl,Active_School_Zone_Fl,Crash_Date,Crash_Time,Case_ID,Local_Use,Rpt_CRIS_Cnty_ID,Rpt_City_ID,Rpt_Outside_City_Limit_Fl,Thousand_Damage_Fl,Rpt_Latitude,Rpt_Longitude,Rpt_Rdwy_Sys_ID,Rpt_Hwy_Num,Rpt_Hwy_Sfx,Rpt_Road_Part_ID,Rpt_Block_Num,Rpt_Street_Pfx,Rpt_Street_Name,Rpt_Street_Sfx,Private_Dr_Fl,Toll_Road_Fl,Crash_Speed_Limit,Road_Constr_Zone_Fl,Road_Constr_Zone_Wrkr_Fl,Rpt_Street_Desc,At_Intrsct_Fl,Rpt_Sec_Rdwy_Sys_ID,Rpt_Sec_Hwy_Num,Rpt_Sec_Hwy_Sfx,Rpt_Sec_Road_Part_ID,Rpt_Sec_Block_Num,Rpt_Sec_Street_Pfx,Rpt_Sec_Street_Name,Rpt_Sec_Street_Sfx,Rpt_Ref_Mark_Offset_Amt,Rpt_Ref_Mark_Dist_Uom,Rpt_Ref_Mark_Dir,Rpt_Ref_Mark_Nbr,Rpt_Sec_Street_Desc,Rpt_CrossingNumber,Wthr_Cond_ID,Light_Cond_ID,Entr_Road_ID,Road_Type_ID,Road_Algn_ID,Surf_Cond_ID,Traffic_Cntl_ID,Investigat_Notify_Time,Investigat_Notify_Meth,Investigat_Arrv_Time,Report_Date,Investigat_Comp_Fl,ORI_Number,Investigat_Agency_ID,Investigat_Area_ID,Investigat_District_ID,Investigat_Region_ID,Bridge_Detail_ID,Harm_Evnt_ID,Intrsct_Relat_ID,FHE_Collsn_ID,Obj_Struck_ID,Othr_Factr_ID,Road_Part_Adj_ID,Road_Cls_ID,Road_Relat_ID,Phys_Featr_1_ID,Phys_Featr_2_ID,Cnty_ID,City_ID,Latitude,Longitude,Hwy_Sys,Hwy_Nbr,Hwy_Sfx,Dfo,Street_Name,Street_Nbr,Control,Section,Milepoint,Ref_Mark_Nbr,Ref_Mark_Displ,Hwy_Sys_2,Hwy_Nbr_2,Hwy_Sfx_2,Street_Name_2,Street_Nbr_2,Control_2,Section_2,Milepoint_2,Txdot_Rptable_Fl,Onsys_Fl,Rural_Fl,Crash_Sev_ID,Pop_Group_ID,Located_Fl,Day_of_Week,Hwy_Dsgn_Lane_ID,Hwy_Dsgn_Hrt_ID,Hp_Shldr_Left,Hp_Shldr_Right,Hp_Median_Width,Base_Type_ID,Nbr_Of_Lane,Row_Width_Usual,Roadbed_Width,Surf_Width,Surf_Type_ID,Curb_Type_Left_ID,Curb_Type_Right_ID,Shldr_Type_Left_ID,Shldr_Width_Left,Shldr_Use_Left_ID,Shldr_Type_Right_ID,Shldr_Width_Right,Shldr_Use_Right_ID,Median_Type_ID,Median_Width,Rural_Urban_Type_ID,Func_Sys_ID,Adt_Curnt_Amt,Adt_Curnt_Year,Adt_Adj_Curnt_Amt,Pct_Single_Trk_Adt,Pct_Combo_Trk_Adt,Trk_Aadt_Pct,Curve_Type_ID,Curve_Lngth,Cd_Degr,Delta_Left_Right_ID,Dd_Degr,Feature_Crossed,Structure_Number,I_R_Min_Vert_Clear,Approach_Width,Bridge_Median_ID,Bridge_Loading_Type_ID,Bridge_Loading_In_1000_Lbs,Bridge_Srvc_Type_On_ID,Bridge_Srvc_Type_Under_ID,Culvert_Type_ID,Roadway_Width,Deck_Width,Bridge_Dir_Of_Traffic_ID,Bridge_Rte_Struct_Func_ID,Bridge_IR_Struct_Func_ID,CrossingNumber,RRCo,Poscrossing_ID,WDCode_ID,Standstop,Yield,Incap_Injry_Cnt,Nonincap_Injry_Cnt,Poss_Injry_Cnt,Non_Injry_Cnt,Unkn_Injry_Cnt,Tot_Injry_Cnt,Death_Cnt,MPO_ID,Investigat_Service_ID,Investigat_DA_ID,Investigator_Narrative
13085265,N,N,N,N,N,N,N,1/20/2013,4:00 PM,15763a,,57,107,N,Y,,,19,,,1,500,N,ST AUGUSTINE,DR,N,N,35,N,N,,N,19,,,,9500,,ELAM,RD,,,,,,,11,1,0,,1,1,20,4:15 PM,DISPATCHED,4:19 PM,1/20/2013,Y,TX0000006,2471,,,27,8,7,4,1,21,54,1,5,2,21,21,57,107,32.72004248,-96.65702579,,,,,N ST AUGUSTINE DR,522,,,,,,,,,,,,,,Y,N,N,1,9,Y,SUN,,,,,,,,,,,,,,,,,,,,,,,,,,,,,,,,,,,,,,,,,,,,,,,,,,,,,,,,1,0,0,0,0,1,0,282,,,
13085323,N,N,N,N,N,N,N,1/21/2013,3:55 PM,SAPD13015437,3130,15,379,N,Y,,,19,,,1,2700,,PEBBLE BREEZE,,N,N,30,N,N,,N,19,,,,5300,,PEBBLE DEW,,,,,,,,11,1,0,,1,1,1,4:00 PM,DISPATCHED,4:07 PM,1/21/2013,Y,TXSPD0000,2473,,29,131,8,7,4,1,31,54,1,5,2,21,21,15,379,29.58051159,-98.44196528,,,,,PEBBLE BREEZE,2728,,,,,,,,,,,,,,Y,N,N,0,9,Y,MON,,,,,,,,,,,,,,,,,,,,,,,,,,,,,,,,,,,,,,,,,,,,,,,,,,,,,,,,0,0,0,0,1,0,0,28,,,
13085415,N,N,N,N,N,N,N,1/10/2013,11:15 AM,SAPD13006925,4130,15,379,N,Y,,,1,35,,1,1700,N,IH 35,,N,N,60,N,N,,N,19,,,,1500,,AUSTIN,,,,,,,,11,1,0,2,5,1,11,11:30 AM,DISPATCHED,11:35 AM,1/10/2013,Y,TXSPD0000,2473,,9,162,8,2,4,20,64,42,1,1,1,21,21,15,379,29.43887138,-98.47827911,IH,35,,157.389,IH0035,,17,10,24.383,158,-0.094,,,,,,,,,Y,Y,N,5,9,Y,THU,5,0,2,6,7,9,6,300,87,72,5,0,0,2,4,5,2,11,5,2,3,4,11,153599,2014,153599,3.4,11.2,14.6,,,,,,,,,,,,,,,,,,,,,,,,,,,0,0,0,1,1,0,0,28,,,
13085424,N,N,N,N,N,N,N,1/21/2013,10:20 AM,SAPD13015193,2250,15,379,N,Y,,,19,,,1,3100,,HOWARD,ST,N,N,30,N,N,,Y,19,,,1,300,W,HILDEBRAND,AVE,,,,,,,11,1,4,,1,1,5,10:23 AM,DISPATCHED,10:29 AM,1/21/2013,Y,TXSPD0000,2473,,3,122,8,2,1,10,64,3,1,5,1,21,21,15,379,29.46648496,-98.49553231,,,,,HOWARD ST,3012,,,,,,,,,W HILDEBRAND AVE,,,,,Y,N,N,5,9,Y,MON,,,,,,,,,,,,,,,,,,,,,,,,,,,,,,,,,,,,,,,,,,,,,,,,,,,,,,,,0,0,0,3,0,0,0,28,,,
13085660,N,N,N,N,N,N,N,1/1/2013,4:32 PM,,,30,1595,Y,Y,32.40376,-99.40662,1,20,,1,,,NOT REPORTED,,N,N,75,N,N,,N,,,,,,,NOT REPORTED,,0.4,M,W,307,,,11,1,0,2,1,1,11,4:32 PM,DISPATCHED,4:37 PM,1/1/2013,Y,,10000,12,1,1,8,7,4,1,62,35,1,1,2,21,21,30,518,32.40358302,-99.39841593,IH,20,,306.539,IH0020,,7,1,13.875,307,-0.4,,,,NOT REPORTED,,,,,Y,Y,Y,5,1,Y,TUE,5,0,4,10,48,2,4,340,76,48,4,0,0,2,8,5,2,20,5,2,40,1,1,21213,2014,21213,5,25,30,,,,,,,,,,,,,,,,,,,,,,,,,,,0,0,0,1,0,0,0,,,,
13086779,N,N,N,N,N,N,N,1/10/2013,5:54 AM,130004154,0,101,1666,Y,Y,,,19,,,1,1800,,WEST,RD,N,N,30,N,N,,N,15,,,,,,VETERANS MEMORIAL,DR,,,,,,,12,1,0,,1,2,5,6:29 AM,DISPATCHED,6:39 AM,1/10/2013,Y,TX1010000,1419,205,33,5,8,2,1,31,64,54,1,4,1,21,21,101,1666,29.91466551,-95.44219145,,,,,WEST RD,,,,,,,,,,VETERANS MEMORIAL DR,,,,,Y,N,Y,5,0,Y,THU,,,,,,,,,,,,,,,,,,,,,,,,,,,,,,,,,,,,,,,,,,,,,,,,,,,,,,,,0,0,0,2,0,0,0,15,,,
13086844,N,N,N,N,N,N,N,1/12/2013,7:11 PM,1301120030,,101,405,N,Y,,,19,,,1,1,W,SPENCER,HWY,N,N,35,N,N,"SIX LANES, CONCRETE",N,3,3,,1,1400,S,HOUSTON,BLVD,,,,,"DIVIDED, CONCRETE",,2,4,0,,1,2,5,7:11 PM,DISPATCH CENTER,7:11 PM,1/12/2013,Y,TX1011900,2148,76,102,137,8,2,2,22,64,38,1,2,1,21,21,101,405,29.66305685,-95.2355605,,,,,SPENCER HWY,,,,,,,,,,UNKNOWN,,,,,Y,N,N,5,5,Y,SAT,,,,,,,,,,,,,,,,,,,,,,,,,,,,,,,,,,,,,,,,,,,,,,,,,,,,,,,,0,0,0,3,1,0,0,15,,,
13087045,N,N,N,N,N,N,N,1/7/2013,10:26 AM,13-007069,,71,136,N,Y,31.8595,-106.55781,19,,,1,900,W,RESLER,RD,N,N,45,N,N,BLACKTOP,Y,19,,,1,,,REDD,RD,,,,,BLACKTOP,,11,1,98,,1,1,5,10:36 AM,ON VIEW,10:36 AM,1/7/2013,Y,TX0710200,1259,,,105,8,2,1,10,64,54,1,5,1,21,21,71,136,31.85935484,-106.5579603,,,,,N RESLER DR,,,,,,,,,,E REDD RD,,,,,Y,N,N,5,9,Y,MON,,,,,,,,,,,,,,,,,,,,,,,,,,,,,,,,,,,,,,,,,,,,,,,,,,,,,,,,0,0,0,2,0,0,0,66,,,
13087084,N,N,N,N,N,N,N,1/6/2013,6:30 PM,130002562,0,101,1666,Y,N,,,19,,,1,500,,SHELDON RD,,N,N,35,Y,N,PUBLIC ROADWAY,N,15,,,,,,2ND ST,,,,,,PUBLIC ROADWAY,,11,4,0,,1,1,1,6:36 PM,DISPATCHED,6:48 PM,1/6/2013,Y,TX1010000,1419,109,4,5,8,2,4,34,64,49,1,4,1,14,21,101,1666,29.77962016,-95.12462425,,,,,SHELDON RD,,,,,,,,,,,,,,,N,N,Y,5,0,Y,SUN,,,,,,,,,,,,,,,,,,,,,,,,,,,,,,,,,,,,,,,,,,,,,,,,,,,,,,,,0,0,0,5,0,0,0,15,,,
13087335,N,N,N,N,N,N,N,1/18/2013,8:20 PM,,,28,1593,Y,Y,29.83268,-97.73732,3,130,,1,,,NOT REPORTED,,N,N,85,N,N,STATE HIGHWAY,N,15,109,,,,,NOT REPORTED,,,,,,,,11,3,0,2,1,1,11,8:21 PM,CALDWELL CO. S.O,9:02 PM,1/20/2013,Y,,10000,19,22,1,8,6,4,1,64,54,1,2,1,21,21,28,1593,29.83290214,-97.73746452,SH,130,,65.603,SH0130,,3583,1,15.98,477,0.108,,,,,,,,,Y,Y,Y,5,0,Y,FRI,5,3,6,10,172,3,4,700,80,48,4,0,0,2,12,5,3,20,5,3,160,1,2,5915,2014,5915,6.2,11.5,17.7,,,,,,,,,,,,,,,,,,,,,,,,,,,0,0,0,1,0,0,0,90,,,
13087574,N,N,N,N,N,N,N,1/15/2013,3:45 PM,13-004616,,220,156,N,N,,,1,20,,2,4500,SW,SOUTHWEST LOOP 820,HWY,N,N,40,N,N,,N,19,,,,4600,S,HULEN,ST,,,,,,,12,1,98,,1,1,20,4:04 PM,DISPATCHED,4:09 PM,1/15/2013,N,TX2201200,1318,885,19,120,8,2,4,21,64,9,2,1,1,21,21,220,156,,,IH,20,,,IH0020,,,,,,,,,,,,,,,N,Y,N,5,9,N,TUE,,,,,,,,,,,,,,,,,,,,,,,,,,,,,,,,,,,,,,,,,,,,,,,,,,,,,,,,0,0,0,1,1,0,0,,,,
13087575,N,N,N,N,N,N,N,1/21/2013,6:38 PM,0008444213H,,101,208,N,Y,,,19,,,1,5100,,BELLFORT,ST,N,N,35,N,N,CONCRETE,N,19,,,,,,JUTLAND,,,,,,,,11,4,0,,1,1,20,6:49 PM,DISPATCHER,6:49 PM,1/21/2013,Y,TXHPD0000,2469,18,104,49,8,2,4,24,64,54,1,5,1,14,21,101,208,29.66683067,-95.35009697,,,,,BELLFORT AVE,,,,,,,,,,,,,,,Y,N,N,5,9,Y,MON,,,,,,,,,,,,,,,,,,,,,,,,,,,,,,,,,,,,,,,,,,,,,,,,,,,,,,,,0,0,0,6,0,0,0,15,,,
13087794,N,N,N,N,N,N,N,1/19/2013,1:30 AM,SAPD13013504,7110,15,379,N,N,,,17,,,7,11881,,BANDERA,,Y,N,10,N,N,,N,11,1604,,,,,NOT REPORTED,,,,,,,,11,4,0,,1,1,17,1:40 AM,DISPATCH,1:50 AM,1/19/2013,Y,TXSPD0000,2473,,61,123,8,4,4,4,64,12,7,9,5,33,21,15,379,,,,,,,BANDERA,,,,,,,,,,,,,,,N,N,N,0,9,N,SAT,,,,,,,,,,,,,,,,,,,,,,,,,,,,,,,,,,,,,,,,,,,,,,,,,,,,,,,,0,0,0,0,1,0,0,,,,
13088089,N,N,N,N,N,N,N,1/16/2013,4:15 PM,13-000338,MINOR,101,211,N,Y,,,4,1960,,1,9400,,NOT REPORTED,,N,N,50,N,N,,N,19,,,1,,W,TOWNSEN,BLVD,,,,,,,11,1,0,3,1,1,20,4:15 PM,DISPATCHED,4:20 PM,1/16/2013,Y,TX1010900,1496,,,,8,2,4,22,64,42,1,3,1,21,21,101,211,30.0049789,-95.28167693,FM,1960,,22.531,FM1960,,1685,3,23.836,688,0.717,,,,,,,,,Y,Y,N,5,5,Y,WED,2,0,10,10,0,8,6,180,92,72,4,0,0,2,10,5,2,10,5,0,0,4,14,41783,2014,41783,3.5,1,4.6,,,,,,,,,,,,,,,,,,,,,,,,,,,0,0,0,2,1,0,0,15,,,
13088313,N,N,N,N,N,N,N,1/16/2013,4:34 PM,13-9227,,43,336,N,Y,,,19,,,1,,W,SPRING CREEK,PKWY,N,N,45,N,N,CONCRETE,Y,19,,,1,,,PINECREST,DR,,,,,,,11,1,3,,1,1,8,4:36 PM,ON VIEW,4:36 PM,1/16/2013,Y,TX0430600,1938,,,195,8,2,1,28,64,21,1,5,1,14,21,43,336,33.0612942,-96.81135255,,,,,W SPRING CREEK PKWY,,,,,,,,,,PINECREST DR,,,,,Y,N,N,5,9,Y,WED,,,,,,,,,,,,,,,,,,,,,,,,,,,,,,,,,,,,,,,,,,,,,,,,,,,,,,,,0,0,0,3,0,0,0,282,,,
13088344,N,N,N,N,N,N,N,1/15/2013,8:13 PM,13-000083,,84,118,N,Y,,,10,517,,1,104,W,FM 517,RD,N,N,40,N,N,,N,19,,,1,,,HUGHES,LN,,,,,,,2,4,2,3,1,2,11,8:13 PM,RADIO,8:18 PM,1/15/2013,Y,TX0840200,1204,,,,8,2,3,34,64,13,1,3,1,32,21,84,118,29.44791127,-95.07973659,FM,517,,9.193,FM0517,,978,1,9.122,690,0.183,,,,,,,,,Y,Y,N,3,5,Y,TUE,2,0,2,2,0,2,4,100,52,48,5,0,0,2,2,5,2,2,5,0,0,3,16,29578,2014,29578,2,0.6,2.6,,,,,,,,,,,,,,,,,,,,,,,,,,,0,0,1,1,0,1,0,15,,,
13088355,N,N,N,N,N,N,N,1/13/2013,9:27 PM,13-400020,,57,24,N,Y,,,19,,,1,4800,,PIONEER,RD,N,N,35,N,N,,Y,19,,,1,12900,,SEAGOVILLE,RD,,,,,,,11,3,0,,1,1,8,9:28 PM,DISPATCH,9:33 PM,1/13/2013,Y,TX0570200,79,4,70,124,8,2,1,34,64,54,1,5,1,21,21,57,24,32.70482426,-96.60555262,,,,,PIONEER RD,,,,,,,,,,SEAGOVILLE RD,,,,,Y,N,N,2,5,Y,SUN,,,,,,,,,,,,,,,,,,,,,,,,,,,,,,,,,,,,,,,,,,,,,,,,,,,,,,,,0,2,0,0,0,2,0,282,,,
13088370,N,N,N,N,N,N,N,1/2/2013,10:30 PM,2.01E+11,WW,57,357,N,Y,,,19,,,1,300,E,ARAPAHO,RD,N,N,40,N,N,,Y,19,,,1,900,N,GROVE,RD,,,,,,,12,4,4,,1,1,5,10:34 PM,OFFICER OBSERVED,10:34 PM,1/2/2013,Y,TX0572000,2011,,8,68,8,2,1,34,64,33,1,5,1,21,21,57,357,32.96064422,-96.71860258,,,,,E ARAPAHO RD,298,,,,,,,,,N GROVE RD,,,,,Y,N,N,1,8,Y,WED,,,,,,,,,,,,,,,,,,,,,,,,,,,,,,,,,,,,,,,,,,,,,,,,,,,,,,,,1,0,0,1,0,1,0,282,,,
13089222,N,N,N,N,N,N,N,1/10/2013,7:45 PM,13-0000237,,79,413,N,Y,,,3,6,,1,4530,,STATE HIGHWAY 6,,N,N,45,N,N,,N,19,,,1,4800,,AUSTIN,PKWY,,,,,,,11,1,0,,1,1,20,7:46 PM,POLICE DISPATCH,7:57 PM,1/10/2013,Y,TX0790500,2189,,,,8,7,4,1,20,3,1,2,4,21,21,79,413,,,SH,6,,,SH0006,,,,,,,,,,,,,,,Y,Y,N,5,7,N,THU,,,,,,,,,,,,,,,,,,,,,,,,,,,,,,,,,,,,,,,,,,,,,,,,,,,,,,,,0,0,0,1,0,0,0,,,,
13089236,N,N,N,N,N,N,N,1/9/2013,8:10 AM,2013-3739,,188,12,N,Y,,,2,87,,1,300,S,PIERCE,ST,N,N,30,N,N,,N,19,,,1,300,SE,4TH,AVE,,,,,,,11,2,0,3,1,1,20,8:14 AM,POLICE DISPATCH,8:20 AM,1/9/2013,Y,TX1880100,33,,,,8,2,4,21,64,9,1,2,1,21,21,188,12,35.20949231,-101.833461,US,60,,95.132,US0060,348,41,7,1.84,324,-0.243,,,,,,,,,Y,Y,N,5,8,Y,WED,0,0,0,0,0,9,12,424,318,218,6,2,2,1,16,0,1,16,0,4,0,3,14,31528,2014,31528,2.4,34.4,36.8,,,,,,,,,,,,,,,,,,,,,,,,,,,0,0,0,2,0,0,0,120,,,
13089433,N,N,N,N,N,N,N,1/9/2013,3:16 PM,2013-000668,,123,30,N,Y,,,19,,,1,4100,E,LUCAS,DR,N,N,40,N,N,,N,19,,,1,4900,,CONCORD,RD,,,,,,,2,1,2,,1,2,11,3:18 PM,DISPATCHED,3:21 PM,1/9/2013,Y,TX1230100,104,,,,8,2,3,34,64,13,1,5,1,32,21,123,30,30.12059947,-94.14211267,,,,,E LUCAS DR,4050,,,,,,,,,,,,,,Y,N,N,5,8,Y,WED,,,,,,,,,,,,,,,,,,,,,,,,,,,,,,,,,,,,,,,,,,,,,,,,,,,,,,,,0,0,0,2,0,0,0,135,,,
13089491,N,N,N,N,N,N,N,1/13/2013,3:03 AM,2013-000960,,123,30,N,Y,,,19,,,1,4200,,LAUREL,ST,N,N,30,N,N,,Y,19,,,1,200,,SPARROW,WAY,,,,,,,12,4,4,,1,2,8,3:03 AM,DISPATCHED,3:06 AM,1/13/2013,Y,TX1230100,104,,,,8,7,4,1,20,54,1,5,2,21,21,123,30,30.08264469,-94.14899339,,,,,LAUREL ST,5000,,,,,,,,,,,,,,Y,N,N,5,8,Y,SUN,,,,,,,,,,,,,,,,,,,,,,,,,,,,,,,,,,,,,,,,,,,,,,,,,,,,,,,,0,0,0,5,0,0,0,135,,,
13089498,N,N,N,N,N,N,N,1/10/2013,11:30 AM,0003596813X,FSGI,101,208,N,Y,,,19,,,1,158,,BUCKBOARD,DR,N,N,30,N,N,CONCRETE,N,19,,,,15700,,IMPERIAL VALLEY,DR,,,,,,,12,1,0,,1,1,20,3:15 PM,HPD DISPATCHER,3:18 PM,1/23/2013,Y,TXHPD0000,2469,14,152,59,8,7,4,1,31,54,1,5,2,21,21,101,208,29.92842837,-95.40302881,,,,,BUCKBOARD DR,190,,,,,,,,,,,,,,Y,N,N,0,9,Y,THU,,,,,,,,,,,,,,,,,,,,,,,,,,,,,,,,,,,,,,,,,,,,,,,,,,,,,,,,0,0,0,0,1,0,0,15,,,
13089576,N,N,N,N,N,N,N,1/2/2013,1:49 PM,13-000143,,240,254,N,Y,,,19,,,1,200,,CALLE DEL NORTE,,N,N,35,N,N,,N,19,,,1,5800,,SPRINGFIELD,AVE,,,,,,,2,1,0,,1,2,11,1:49 PM,DISPATCH,1:49 PM,1/2/2013,Y,TX2400100,1644,,,35,8,2,3,10,64,14,1,5,1,32,21,240,254,27.55596755,-99.49116278,,,,,CALLE DEL NORTE,295,,,,,,,,,,,,,,Y,N,N,5,8,Y,WED,,,,,,,,,,,,,,,,,,,,,,,,,,,,,,,,,,,,,,,,,,,,,,,,,,,,,,,,0,0,0,3,0,0,0,205,,,
13089632,N,N,N,N,N,N,N,1/7/2013,1:50 AM,13-000573,,240,254,N,Y,,,11,20,,1,9500,,BOB BULLOCK,LOOP,N,N,55,N,N,,N,19,,,1,3800,E,DEL MAR,,,,,,,,11,3,0,,1,1,1,1:53 AM,MCT DISPATCHED,2:02 AM,1/7/2013,Y,TX2400100,1644,,,35,8,10,4,1,1,29,1,2,1,21,21,240,254,27.58197392,-99.43920299,,,,,BOB BULLOCK LOOP,9525,,,,,,,,,,,,,,Y,N,N,2,8,Y,MON,,,,,,,,,,,,,,,,,,,,,,,,,,,,,,,,,,,,,,,,,,,,,,,,,,,,,,,,0,1,0,0,0,1,0,205,,,
13089922,N,Y,N,N,N,N,N,1/13/2013,4:00 AM,,,113,1678,Y,Y,31.2031,-95.51087,15,3395,,1,,,NOT REPORTED,,N,N,60,N,N,,Y,15,3397,,1,,,NOT REPORTED,,,,,,,,2,3,2,,5,10,1,4:52 AM,HOUSTON COUNTY,6:10 AM,1/14/2013,Y,,10000,22,58,1,8,10,4,1,1,3,1,4,2,21,21,113,1678,31.20309796,-95.51092071,,,,,COUNTY ROAD 3395,2281,,,,,,,,,,,,,,Y,N,Y,3,0,Y,SUN,,,,,,,,,,,,,,,,,,,,,,,,,,,,,,,,,,,,,,,,,,,,,,,,,,,,,,,,0,0,1,0,0,1,0,,,,
13089999,N,Y,N,N,N,N,N,1/7/2013,7:59 AM,,,201,1766,Y,Y,32.2907,-94.57413,3,43,,1,,,NOT REPORTED,,N,N,70,N,N,,Y,4,1716,,1,,,NOT REPORTED,,,,,,,,11,1,2,1,3,1,12,8:03 AM,RUSK CO. SO,8:28 AM,1/7/2013,Y,TXDPS2500,10000,16,28,1,8,10,2,3,1,54,1,2,2,21,21,201,1766,32.20296097,-94.7350769,SH,43,,81.209,SH0043,,207,2,7.94,322,-0.788,FM,1251,,FM1251,,,,,Y,Y,Y,1,0,Y,MON,2,0,1,9,0,2,3,100,68,34,4,2,2,2,1,5,2,9,5,0,0,1,6,4106,2014,4106,9.9,34.2,44.1,,,,,,,,,,,,,,,,,,,,,,,,,,,1,0,0,0,0,1,0,,,,
13090064,N,N,N,N,N,N,N,1/22/2013,12:10 PM,0008697013N,,101,208,N,Y,,,19,,,1,2500,,MURWORTH,DR,N,N,35,N,N,CONCRETE ROADWAY,Y,19,,,1,8400,,LANTERN POINT,DR,,,,,,,11,1,4,,1,1,8,12:22 PM,DISPATCHED,12:28 PM,1/22/2013,Y,TXHPD0000,2469,6,125,40,8,2,1,10,64,54,1,5,1,21,21,101,208,29.68510482,-95.41553308,,,,,MURWORTH DR,,,,,,,,,,LANTERN POINT DR,,,,,Y,N,N,5,9,Y,TUE,,,,,,,,,,,,,,,,,,,,,,,,,,,,,,,,,,,,,,,,,,,,,,,,,,,,,,,,0,0,0,2,0,0,0,15,,,
13090086,N,N,N,N,N,N,N,1/22/2013,12:10 PM,,,170,1735,Y,Y,30.18625,-95.68156,4,149,,1,,,NOT REPORTED,,N,N,45,N,N,,N,19,,,,,,ADAMS,LN,,,,,,,11,1,0,1,1,1,12,12:13 PM,DPS COMMUNICATIONS,12:45 PM,1/22/2013,Y,,10000,17,52,1,8,2,4,20,64,42,1,3,1,21,21,170,1735,30.18316249,-95.68285747,FM,149,,47.499,FM0149,36297,720,2,31.551,472,-0.385,,,,,,,,,Y,Y,Y,5,0,Y,TUE,2,0,3,3,0,2,2,60,28,22,4,0,0,2,3,5,2,3,5,0,0,4,17,10928,2014,10928,5.4,1.6,7,,,,,,,,,,,,,,,,,,,,,,,,,,,0,0,0,4,0,0,0,15,,,
13090127,N,N,N,N,N,N,N,1/22/2013,1:35 PM,0008722813L,,101,208,N,Y,,,19,,,1,8400,,CULLEN,BLVD,N,N,35,N,N,,N,19,,,,4800,,BELLFORT,,,,,,,,11,1,2,2,1,1,5,3:49 PM,DISPATCH,3:50 PM,1/22/2013,Y,TXHPD0000,2469,24,104,49,8,2,2,22,64,38,1,3,1,21,21,101,208,29.66897354,-95.35568121,FM,865,,2.502,FM0865,,976,1,2.516,474,0.936,,,,BELLFORT ST,,,,,Y,Y,N,5,9,Y,TUE,3,0,0,0,12,2,4,80,48,48,4,1,1,1,0,0,1,0,0,1,12,4,14,20523,2014,20523,3.9,1.4,5.2,,,,,,,,,,,,,,,,,,,,,,,,,,,0,0,0,2,0,0,0,15,,,
13090162,N,Y,N,N,N,N,N,1/22/2013,9:33 AM,13000741,,61,114,N,Y,,,1,35,E,1,3800,S,IH35E,HWY,N,N,60,N,N,,N,19,,,,,,POST OAK,RD,,,,,,,11,1,0,2,1,1,20,9:48 AM,DISPATCH,10:08 AM,1/22/2013,Y,TX0610200,1196,,,411,8,2,4,22,64,42,1,1,1,21,21,61,114,33.1641976,-97.0768771,IH,35,E,90.536,IH0035E,,196,1,15.1,461,0.455,,,,,,,,,Y,Y,N,5,8,Y,TUE,5,0,4,10,48,3,4,400,76,48,6,0,0,2,8,5,2,20,5,2,40,4,11,80623,2014,80623,3.2,6.1,9.3,,,,,,,,,,,,,,,,,,,,,,,,,,,0,0,0,4,0,0,0,282,,,
13090395,N,N,N,N,N,N,N,1/22/2013,4:44 PM,P130220518,,79,1644,Y,Y,,,19,,,1,5700,,RAINWOOD PARK,LN,N,N,35,N,N,,N,19,,,,21600,,SABINE PASS,CT,,,,,,,11,1,0,,4,1,1,4:46 PM,DISPATCHED,4:51 PM,1/22/2013,Y,TX0790000,1312,,,35,8,2,4,30,64,54,1,5,1,21,21,79,1644,29.71159827,-95.75849995,,,,,RAINWOOD PARK LN,,,,,,,,,,,,,,,Y,N,Y,3,0,Y,TUE,,,,,,,,,,,,,,,,,,,,,,,,,,,,,,,,,,,,,,,,,,,,,,,,,,,,,,,,0,0,1,1,0,1,0,15,,,
13090589,N,N,N,N,N,N,N,1/9/2013,3:05 PM,130109027,,165,291,N,Y,,,9,349,,1,100,S,BIG SPRING,ST,N,N,30,N,N,,N,14,268,,1,300,W,WALL,ST,,,,,,,2,1,0,3,1,2,20,3:08 PM,DISPATCHED,3:14 PM,1/9/2013,Y,TX165011N,1782,,,,8,2,4,21,64,9,1,2,1,21,21,165,291,31.99733706,-102.0780423,BS,349,C,7.051,BS0349C,,380,9,7.288,328,0.418,,,,,,,,,Y,Y,N,5,8,Y,WED,2,0,0,0,0,1,4,80,61,49,2,1,1,1,0,0,1,0,0,0,0,3,14,18775,2014,18775,4.1,15.3,19.3,,,,,,,,,,,,,,,,,,,,,,,,,,,0,0,0,2,0,0,0,174,,,
13091357,N,N,N,N,N,N,N,1/10/2013,6:45 AM,13-002861,,220,156,N,Y,,,3,183,,1,100,,INTERNATIONAL,PKWY,N,N,-1,N,N,,N,19,,,,4900,,AMON CARTER,BLVD,,,,,,,2,3,98,,1,1,1,6:53 AM,DROVE UP ON IT,6:53 AM,1/10/2013,N,TX2201200,1318,885,9,120,8,2,4,20,64,54,1,2,1,21,21,220,156,,,SH,183,,,SH0183,,,,,,,,,,,,,,,Y,Y,N,3,9,N,THU,,,,,,,,,,,,,,,,,,,,,,,,,,,,,,,,,,,,,,,,,,,,,,,,,,,,,,,,0,0,1,1,0,1,0,,,,