Crash_ID,Crash_Fatal_Fl,Cmv_Involv_Fl,Schl_Bus_Fl,Rr_Relat_Fl,Medical_Advisory_Fl,Amend_Supp_Fl,Active_School_Zone_Fl,Crash_Date,Crash_Time,Case_ID,Local_Use,Rpt_CRIS_Cnty_ID,Rpt_City_ID,Rpt_Outside_City_Limit_Fl,Thousand_Damage_Fl,Rpt_Latitude,Rpt_Longitude,Rpt_Rdwy_Sys_ID,Rpt_Hwy_Num,Rpt_Hwy_Sfx,Rpt_Road_Part_ID,Rpt_Block_Num,Rpt_Street_Pfx,Rpt_Street_Name,Rpt_Street_Sfx,Private_Dr_Fl,Toll_Road_Fl,Crash_Speed_Limit,Road_Constr_Zone_Fl,Road_Constr_Zone_Wrkr_Fl,Rpt_Street_Desc,At_Intrsct_Fl,Rpt_Sec_Rdwy_Sys_ID,Rpt_Sec_Hwy_Num,Rpt_Sec_Hwy_Sfx,Rpt_Sec_Road_Part_ID,Rpt_Sec_Block_Num,Rpt_Sec_Street_Pfx,Rpt_Sec_Street_Name,Rpt_Sec_Street_Sfx,Rpt_Ref_Mark_Offset_Amt,Rpt_Ref_Mark_Dist_Uom,Rpt_Ref_Mark_Dir,Rpt_Ref_Mark_Nbr,Rpt_Sec_Street_Desc,Rpt_CrossingNumber,Wthr_Cond_ID,Light_Cond_ID,Entr_Road_ID,Road_Type_ID,Road_Algn_ID,Surf_Cond_ID,Traffic_Cntl_ID,Investigat_Notify_Time,Investigat_Notify_Meth,Investigat_Arrv_Time,Report_Date,Investigat_Comp_Fl,ORI_Number,Investigat_Agency_ID,Investigat_Area_ID,Investigat_District_ID,Investigat_Region_ID,Bridge_Detail_ID,Harm_Evnt_ID,Intrsct_Relat_ID,FHE_Collsn_ID,Obj_Struck_ID,Othr_Factr_ID,Road_Part_Adj_ID,Road_Cls_ID,Road_Relat_ID,Phys_Featr_1_ID,Phys_Featr_2_ID,Cnty_ID,City_ID,Latitude,Longitude,Hwy_Sys,Hwy_Nbr,Hwy_Sfx,Dfo,Street_Name,Street_Nbr,Control,Section,Milepoint,Ref_Mark_Nbr,Ref_Mark_Displ,Hwy_Sys_2,Hwy_Nbr_2,Hwy_Sfx_2,Street_Name_2,Street_Nbr_2,Control_2,Section_2,Milepoint_2,Txdot_Rptable_Fl,Onsys_Fl,Rural_Fl,Crash_Sev_ID,Pop_Group_ID,Located_Fl,Day_of_Week,Hwy_Dsgn_Lane_ID,Hwy_Dsgn_Hrt_ID,Hp_Shldr_Left,Hp_Shldr_Right,Hp_Median_Width,Base_Type_ID,Nbr_Of_Lane,Row_Width_Usual,Roadbed_Width,Surf_Width,Surf_Type_ID,Curb_Type_Left_ID,Curb_Type_Right_ID,Shldr_Type_Left_ID,Shldr_Width_Left,Shldr_Use_Left_ID,Shldr_Type_Right_ID,Shldr_Width_Right,Shldr_Use_Right_ID,Median_Type_ID,Median_Width,Rural_Urban_Type_ID,Func_Sys_ID,Adt_Curnt_Amt,Adt_Curnt_Year,Adt_Adj_Curnt_Amt,Pct_Single_Trk_Adt,Pct_Combo_Trk_Adt,Trk_Aadt_Pct,Curve_Type_ID,Curve_Lngth,Cd_Degr,Delta_Left_Right_ID,Dd_Degr,Feature_Crossed,Structure_Number,I_R_Min_Vert_Clear,Approach_Width,Bridge_Median_ID,Bridge_Loading_Type_ID,Bridge_Loading_In_1000_Lbs,Bridge_Srvc_Type_On_ID,Bridge_Srvc_Type_Under_ID,Culvert_Type_ID,Roadway_Width,Deck_Width,Bridge_Dir_Of_Traffic_ID,Bridge_Rte_Struct_Func_ID,Bridge_IR_Struct_Func_ID,CrossingNumber,RRCo,Poscrossing_ID,WDCode_ID,Standstop,Yield,Incap_Injry_Cnt,Nonincap_Injry_Cnt,Poss_Injry_Cnt,Non_Injry_Cnt,Unkn_Injry_Cnt,Tot_Injry_Cnt,Death_Cnt,MPO_ID,Investigat_Service_ID,Investigat_DA_ID,Investigator_Narrative
13092152,N,N,N,N,N,N,N,1/14/2013,8:28 AM,130006023,0,101,1666,Y,Y,,,1,45,,1,21800,,NORTH,FWY,N,N,65,N,N,,N,15,,,,,,CROSSGATE,BLVD,,,,,,,2,1,0,2,1,2,20,8:28 AM,DISPATCHED,8:50 AM,1/14/2013,Y,TX1010000,1419,74,4,5,8,2,4,21,64,9,1,1,1,21,21,101,1666,30.09671151,-95.43547453,IH,45,,71.829,IH0045,,110,5,47.857,72,-0.382,,,,,,,,,Y,Y,Y,5,0,Y,MON,5,0,12,10,54,3,8,350,140,96,6,0,0,2,24,5,2,20,5,2,30,4,11,191915,2014,191915,5.5,4.6,10.1,,,,,,,,,,,,,,,,,,,,,,,,,,,0,0,0,2,0,0,0,15,,,
13092390,N,N,N,N,N,N,N,1/24/2013,7:17 AM,,,146,7207,N,Y,30.44353,-94.76697,3,146,,1,,,NOT REPORTED,,N,N,65,N,N,,N,4,787,,,,,NOT REPORTED,,,,,,,,5,1,0,1,1,2,12,7:17 AM,LIBERTY SO DISPATCH,7:44 AM,1/24/2013,Y,,10000,7,52,1,8,10,4,1,1,7,1,2,2,21,21,146,1711,30.44203852,-94.76654404,SH,146,,23.036,SH0146,,388,2,3.785,426,-0.293,,,,,,,,,Y,Y,Y,3,0,Y,THU,2,0,10,10,0,2,2,120,46,26,4,0,0,2,10,5,2,10,5,0,0,1,6,2750,2014,2750,4.2,10,14.2,1,223,1,2,11,,,,,,,,,,,,,,,,,,,,,,0,0,1,1,0,1,0,15,,,
13092511,Y,N,N,N,N,Y,N,1/19/2013,6:11 PM,13-5969,,220,156,N,Y,32.85337,-97.31092,19,,,1,5900,,SANDSHELL,DR,N,N,35,N,N,,N,19,,,,3401,,CLUB GATE,DR,,,,,,,11,5,2,,2,1,20,6:12 PM,DISPATCHED,6:16 PM,1/19/2013,N,TX2201200,1318,885,29,120,8,2,3,14,64,14,1,5,1,32,21,220,156,32.85338047,-97.31091799,,,,,SANDSHELL DR,6018,,,,,,,,,,,,,,Y,N,N,4,9,Y,SAT,,,,,,,,,,,,,,,,,,,,,,,,,,,,,,,,,,,,,,,,,,,,,,,,,,,,,,,,1,1,0,0,0,2,1,282,,,
13092906,N,N,N,N,N,N,N,1/25/2013,1:19 AM,SAPD13018212,3110,15,379,N,Y,,,19,,,1,300,E,NAKOMA,,N,N,35,N,N,,N,19,,,,13100,,NORTHLOOP,RD,,,,,,,12,4,2,,1,1,20,1:19 AM,ON SIGHT,1:19 AM,1/25/2013,Y,TXSPD0000,2473,,29,131,8,7,2,1,20,54,1,5,4,21,21,15,379,29.55009861,-98.48966963,,,,,E NAKOMA ST,331,,,,,,,,,N NORTH LOOP RD,,,,,Y,N,N,5,9,Y,FRI,,,,,,,,,,,,,,,,,,,,,,,,,,,,,,,,,,,,,,,,,,,,,,,,,,,,,,,,0,0,0,2,0,0,0,28,,,
13093345,N,N,N,N,N,N,N,1/14/2013,5:52 PM,13001102,,57,94,N,Y,,,1,635,,1,1000,W,LYNDON B JOHNSON,HWY,N,N,60,N,N,LBJ,N,19,,,1,800,S,ROYAL,LN,,,,,,,11,3,0,,1,1,20,5:58 PM,DISPATCH,6:09 PM,1/14/2013,Y,TX0570700,1110,,,35,8,7,4,1,23,31,1,1,2,21,21,57,94,,,IH,635,,,IH0635,,,,,,,,,,,,,,,Y,Y,N,3,6,N,MON,,,,,,,,,,,,,,,,,,,,,,,,,,,,,,,,,,,,,,,,,,,,,,,,,,,,,,,,0,0,1,0,0,1,0,,,,
13093393,N,N,N,N,N,N,N,1/16/2013,10:03 AM,2.01E+11,,159,126,N,Y,,,3,57,,1,400,,GARRISON,ST,N,N,30,N,N,ASPHALT,Y,19,,,1,100,,JEFFERSON,ST,,,,,,,11,1,0,3,2,1,1,10:03 AM,VIA RADIO,10:04 AM,1/16/2013,Y,TX162010,1227,,,51,8,2,1,34,64,54,1,2,1,21,21,159,126,28.70593509,-100.5027806,US,57,,0.245,US0057,400,300,1,0.747,370,0.182,,,,JEFFERSON ST,,,,,Y,Y,N,5,6,Y,WED,2,0,0,0,0,2,4,80,62,60,4,1,1,1,0,0,1,0,0,0,0,2,14,9537,2014,9537,1.1,1.7,2.8,,,,,,,,,,,,,,,,,,,,,,,,,,,0,0,0,2,0,0,0,,,,
13094171,N,N,N,N,N,N,N,1/16/2013,10:45 AM,130051,,101,1666,Y,N,,,19,,,1,16800,,STUEBNER AIRLINE,RD,N,N,45,N,N,,N,19,,,,7300,,LOUETTA,RD,,,,,,,11,1,0,,1,1,1,10:48 AM,FLAGGED DOWN,10:49 AM,1/16/2013,Y,TX1016000,1596,,,33,8,1,4,1,64,54,7,9,5,33,21,101,1666,,,,,,,STUEBNER AIRLINE RD,,,,,,,,,,,,,,,N,N,Y,1,0,N,WED,,,,,,,,,,,,,,,,,,,,,,,,,,,,,,,,,,,,,,,,,,,,,,,,,,,,,,,,1,0,0,1,0,1,0,,,,
13094208,N,N,N,N,N,N,N,1/18/2013,10:15 AM,,,167,797,N,Y,,,3,16,,1,,,NOT REPORTED,,N,N,70,N,N,,N,,,,,,,NOT REPORTED,,0.4,M,S,398,,,11,1,0,1,1,1,11,10:18 AM,MILLS DISPATCH,10:30 AM,1/21/2013,Y,TX1670000,1788,,,,8,7,4,1,30,54,1,2,2,21,21,167,1732,31.39686885,-98.64734312,SH,16,,171.189,SH0016,,289,3,6.392,398,0.4,,,,NOT REPORTED,,,,,Y,Y,Y,5,0,Y,FRI,2,0,8,8,0,2,2,100,40,24,2,0,0,2,8,5,2,8,5,0,0,1,7,1531,2014,1531,9.6,3.8,13.4,,,,,,,,,,,,,,,,,,,,,,,,,,,0,0,0,1,0,0,0,,,,
13094298,N,N,N,N,N,N,N,1/10/2013,4:00 AM,0003600513I,FSGI,101,208,N,Y,,,19,,,1,1400,,WINROCK,BLVD,N,N,30,N,N,,N,19,,,,1400,,WOOD HOLLOW,,,,,,,,2,4,0,,1,2,1,5:15 AM,DISPATCH,5:20 AM,1/25/2013,Y,TXHPD0000,2469,6,106,54,8,4,4,1,64,54,1,5,1,21,21,101,208,29.75133185,-95.49652306,,,,,WINROCK BLVD,1400,,,,,,,,,,,,,,Y,N,N,0,9,Y,THU,,,,,,,,,,,,,,,,,,,,,,,,,,,,,,,,,,,,,,,,,,,,,,,,,,,,,,,,0,0,0,0,1,0,0,15,,,
13094396,N,N,N,N,N,N,N,1/14/2013,7:56 PM,13-001458,,240,254,N,N,,,19,,,1,2600,,SAN LUIS,ST,N,N,30,N,N,,N,19,,,1,2200,S,TEXAS,AVE,,,,,,,11,3,0,,1,1,1,7:56 PM,MCT DISPATCHED,8:01 PM,1/14/2013,Y,TX2400100,1644,,,40,8,4,4,1,64,3,1,5,1,21,21,240,254,27.47768599,-99.46943036,,,,,SAN LUIS ST,2607,,,,,,,,,,,,,,N,N,N,5,8,Y,MON,,,,,,,,,,,,,,,,,,,,,,,,,,,,,,,,,,,,,,,,,,,,,,,,,,,,,,,,0,0,0,6,0,0,0,205,,,
13094530,N,N,N,N,N,N,N,1/10/2013,4:47 PM,130101244,,227,22,N,Y,,,1,35,,1,5100,N,NB,,N,N,0,N,N,,N,19,,,,,E,51ST,ST,,,,,,,11,1,0,2,8,1,1,4:47 PM,DISPATCHED,4:47 PM,1/10/2013,Y,TX2270100,74,12,81,106,8,2,4,20,64,54,1,1,1,21,21,227,22,30.30937271,-97.71043188,IH,35,,237.435,IH0035,,15,13,21.034,238,-0.001,,,,,,,,,Y,Y,N,3,9,Y,THU,5,0,4,10,32,2,8,300,124,96,4,0,0,2,8,5,2,20,5,2,24,4,11,174473,2014,174473,3.3,9.4,12.7,,,,,,,,,,,,,,,,,,,,,,,,,,,0,0,1,1,0,1,0,90,,,
13094654,N,N,N,N,N,N,N,1/9/2013,12:04 PM,13-0090658,,227,22,N,Y,,,2,290,,1,7900,W,EB,,N,N,50,N,N,,N,19,,,,,,FLETCHER,,,,,,,,2,1,0,2,1,2,1,12:21 PM,DISPATCHED,12:27 PM,1/9/2013,Y,TX2270100,74,,,195,8,2,4,21,64,32,1,2,1,21,21,227,22,30.23198035,-97.87726525,US,290,,109.421,US0290,,113,8,6.071,570,0.073,,,,,,,,,Y,Y,N,5,9,Y,WED,3,0,0,0,35,2,6,160,82,68,4,0,0,1,10,0,1,10,0,3,25,4,14,35009,2014,35009,3.1,2.8,5.9,,,,,,,,,,,,,,,,,,,,,,,,,,,0,0,0,2,0,0,0,90,,,
13094981,N,N,N,N,N,N,N,1/25/2013,2:13 PM,13-650,,220,214,N,Y,,,3,10,,1,1500,,NOT REPORTED,,N,N,45,N,N,1500 W HURST BLVD.,Y,1,820,,2,100,,NOT REPORTED,,,,,,100 NORTHEAST MALL DR.,,12,1,2,2,4,1,9,2:15 PM,DISPATCHED,2:20 PM,1/25/2013,Y,TX2201600,1503,,,35,8,2,2,22,64,42,2,1,1,21,21,220,214,32.80900955,-97.21000671,IH,820,,25.015,IH0820,,8,13,26.071,24,0.214,SH,10,,SH0010,,94,2,2.237,Y,Y,N,2,6,Y,FRI,5,0,10,10,50,3,8,350,136,96,4,0,0,2,20,5,2,20,5,3,30,4,11,160725,2014,160725,3.6,5,8.5,,,,,,,,,,,,,,,,,,,,,,,,,,,0,1,0,1,0,1,0,282,,,
13095064,N,N,N,N,N,N,N,1/25/2013,1:40 PM,0010032713G,,101,208,N,Y,,,19,,,1,12700,S,DAIRY ASHFORD,,N,N,35,N,N,DRY CONCRETE,N,19,,,,12300,W,BELLFORT,ST,,,,,,,11,1,2,,1,1,5,1:41 PM,DISPATCH,1:56 PM,1/25/2013,Y,TXHPD0000,2469,6,128,39,8,2,2,22,64,38,1,5,1,21,21,101,208,29.66356481,-95.59813303,,,,,S DAIRY ASHFORD RD,12700,,,,,,,,,UNKNOWN,,,,,Y,N,N,5,9,Y,FRI,,,,,,,,,,,,,,,,,,,,,,,,,,,,,,,,,,,,,,,,,,,,,,,,,,,,,,,,0,0,0,4,0,0,0,15,,,
13095249,N,N,N,N,N,N,N,1/26/2013,3:00 AM,SAPD13019242,3250,15,379,N,Y,,,17,,,7,4303,,FIRST VIEW,DR,Y,N,5,N,N,FRONT YARD OF RESIDENCE,N,19,,,,9600,,SPRING DAWN,,,,,,,,2,3,0,,1,2,1,8:55 AM,DISPATCHED,9:05 AM,1/26/2013,Y,TXSPD0000,2473,,29,131,8,7,4,4,36,54,7,9,5,1,21,15,379,,,,,,,FIRST VIEW DR,,,,,,,,,,,,,,,N,N,N,5,9,N,SAT,,,,,,,,,,,,,,,,,,,,,,,,,,,,,,,,,,,,,,,,,,,,,,,,,,,,,,,,0,0,0,1,0,0,0,,,,
13095327,N,N,N,N,N,N,N,1/26/2013,2:43 PM,SAPD13019427,3170,15,379,N,Y,,,19,,,1,2000,,EVANS,RD,N,N,30,N,N,LOCAL ROAD,N,19,,,,21000,,WIND SPGS,,,,,,LOCAL ROAD,,11,1,0,,5,1,20,2:43 PM,DISPATCHED,2:51 PM,1/26/2013,Y,TXSPD0000,2473,,29,131,8,7,4,1,32,25,1,5,4,21,21,15,379,29.63754878,-98.4577872,,,,,EVANS RD,,,,,,,,,,,,,,,Y,N,N,2,9,Y,SAT,,,,,,,,,,,,,,,,,,,,,,,,,,,,,,,,,,,,,,,,,,,,,,,,,,,,,,,,0,1,0,1,0,1,0,28,,,
13095435,N,N,N,N,N,N,N,1/18/2013,12:04 AM,,,108,283,N,Y,26.206,-98.2451,8,83,,1,,,NOT REPORTED,,N,N,45,N,N,,N,4,1926,,,,,NOT REPORTED,,,,,,,,11,4,0,3,1,1,5,12:04 AM,OBSERVED CRASH,12:04 AM,1/18/2013,Y,,10000,22,127,1,8,2,2,22,64,38,1,2,1,21,21,108,283,26.20607764,-98.24507531,BU,83,S,12.269,BU0083S,,39,3,6.635,510,0.316,FM,1926,,FM1926,,,,,Y,Y,N,5,8,Y,FRI,2,0,0,8,0,2,4,100,84,68,4,1,2,1,0,0,2,8,5,0,0,4,14,13054,2014,13054,1.3,0.2,1.5,,,,,,,,,,,,,,,,,,,,,,,,,,,0,0,0,3,0,0,0,230,,,
13095608,N,N,N,N,N,N,N,1/24/2013,5:45 PM,0009699013X,,101,208,N,Y,,,19,,,1,6400,,WESTHEIMER,RD,N,N,35,N,N,,N,19,,,,,,WINROCK,,,,,,,,11,1,98,2,1,1,11,5:57 PM,DISPATCHER,5:59 PM,1/24/2013,Y,TXHPD0000,2469,6,106,54,8,2,4,21,64,9,1,3,1,21,21,101,208,29.73766005,-95.4974177,FM,1093,,52.026,FM1093,6416,1258,4,11.97,680,-0.059,,,,,,,,,Y,Y,N,2,9,Y,THU,3,0,0,0,12,9,8,120,90,90,6,2,2,1,0,0,1,0,0,1,12,4,14,55345,2014,55345,3.9,1.4,5.2,,,,,,,,,,,,,,,,,,,,,,,,,,,0,1,0,1,0,1,0,15,,,
13095704,N,N,N,N,N,N,N,1/21/2013,5:30 PM,0008419113Q,,101,208,N,Y,,,1,10,,1,10600,W,KATY,FWY,N,N,65,N,N,,N,19,,,,900,N,KIRKWOOD,RD,,,,,,,11,1,0,2,3,1,11,5:33 PM,HPD DISPATCHER,5:48 PM,1/21/2013,Y,TXHPD0000,2469,14,128,21,8,2,4,20,64,54,1,1,1,21,21,101,208,29.78466603,-95.58208963,IH,10,,754.112,IH0010,,271,7,14.146,756,-0.479,,,,,,,,,Y,Y,N,5,9,Y,MON,5,1,10,10,40,9,6,275,112,72,5,0,0,2,20,5,2,20,5,2,20,4,11,269518,2014,269518,2.8,3.6,6.4,,,,,,,,,,,,,,,,,,,,,,,,,,,0,0,0,2,0,0,0,15,,,
13095832,N,N,N,N,N,N,N,1/23/2013,2:10 AM,sapd13016651,5250c,15,379,N,Y,,,19,,,1,700,,OVERHILL,,N,N,30,N,N,,Y,19,,,1,,,MAIDEN,LN,,,,,,,11,4,2,,1,1,8,2:13 AM,DISPATCH,2:20 AM,1/23/2013,N,TXSPD0000,2473,,19,148,8,7,4,1,34,54,7,9,5,33,21,15,379,,,,,,,OVERHILL,,,,,,,,,,,,,,,N,N,N,0,9,N,WED,,,,,,,,,,,,,,,,,,,,,,,,,,,,,,,,,,,,,,,,,,,,,,,,,,,,,,,,0,0,0,0,1,0,0,,,,
13096448,N,N,N,N,N,N,N,1/20/2013,2:20 PM,,13-009337,57,107,N,Y,,,1,20,,1,38500,,LYNDON B JOHNSON,FWY,N,N,65,N,N,,N,19,,,1,,,HOUSTON SCHOOL,RD,,,,,,,11,1,0,,1,1,20,1:28 PM,RADIO DISPATCHED,1:42 PM,1/20/2013,Y,TX0570000,1169,,64,22,8,7,4,1,23,54,1,1,2,21,21,57,107,,,IH,20,,,IH0020,,,,,,,,,,,,,,,Y,Y,N,3,9,N,SUN,,,,,,,,,,,,,,,,,,,,,,,,,,,,,,,,,,,,,,,,,,,,,,,,,,,,,,,,0,0,1,0,0,1,0,,,,
13096612,N,N,N,N,N,N,N,1/18/2013,8:11 AM,13-1929,,152,270,N,Y,,,19,,,1,2600,,SLIDE,RD,N,N,45,N,N,,N,19,,,1,5200,,26TH,ST,,,,,,,11,1,0,,1,1,20,8:15 AM,POLICE RADIO,8:21 AM,1/18/2013,Y,TX1520200,1706,,,,8,2,4,20,64,42,1,5,1,21,21,152,270,33.57029023,-101.9224274,,,,,SLIDE RD,2631,,,,,,,,,,,,,,Y,N,N,5,8,Y,FRI,,,,,,,,,,,,,,,,,,,,,,,,,,,,,,,,,,,,,,,,,,,,,,,,,,,,,,,,0,0,0,3,0,0,0,122,,,
13096640,N,N,N,N,N,N,N,1/19/2013,1:47 AM,13-2085,,152,270,N,Y,,,19,,,1,900,,UNIVERSITY,AVE,Y,N,0,N,N,RAISING LANES PARKING LOT,N,19,,,1,2900,,9,ST,,,,,,,11,4,98,,1,1,1,1:49 AM,POLICE DISPATCH,1:53 AM,1/19/2013,Y,TX1520200,1706,,,,8,2,4,11,36,54,7,9,5,33,21,152,270,,,,,,,UNIVERSITY AVE,,,,,,,,,,,,,,,N,N,N,5,8,N,SAT,,,,,,,,,,,,,,,,,,,,,,,,,,,,,,,,,,,,,,,,,,,,,,,,,,,,,,,,0,0,0,2,0,0,0,,,,
13096804,N,N,N,N,N,N,N,1/15/2013,1:20 PM,13-998,,161,442,N,Y,,,19,,,1,1900,,ETHEL,AVE,N,N,30,N,N,,Y,19,,,1,1200,N,20TH,ST,,,,,,,12,1,4,,2,2,9,1:23 PM,DISPATCH,1:25 PM,1/15/2013,Y,TX1551200,2372,,,100,8,2,1,10,64,54,1,5,1,21,21,161,442,31.55483451,-97.15592255,,,,,ETHEL AVE,2000,,,,,,,,,N 20TH ST,,,,,Y,N,N,5,8,Y,TUE,,,,,,,,,,,,,,,,,,,,,,,,,,,,,,,,,,,,,,,,,,,,,,,,,,,,,,,,0,0,0,2,0,0,0,140,,,
13096879,N,N,N,N,N,N,N,1/13/2013,3:23 PM,201301040,SEWELL,249,110,N,Y,,,19,,,1,600,N,SEWELL,ST,N,N,30,N,N,600 NORTH SEWELL STREET,N,19,,,1,400,E,MULBERRY,ST,,,,,400 EAST MULBERRY,,11,1,0,,1,1,1,3:24 PM,DISPATCHER,3:29 PM,1/13/2013,Y,TX2490200,1189,,,82,8,2,3,11,64,14,1,5,1,32,21,249,110,33.23900516,-97.58205217,,,,,N SEWELL DR,695,,,,,,,,,,,,,,Y,N,N,5,4,Y,SUN,,,,,,,,,,,,,,,,,,,,,,,,,,,,,,,,,,,,,,,,,,,,,,,,,,,,,,,,0,0,0,3,0,0,0,282,,,
13097113,N,N,N,N,N,N,N,1/11/2013,12:03 PM,13-00390,13-00390,186,155,N,Y,,,19,,,1,1100,N,VALINTIME,ST,N,N,30,N,N,,Y,19,,,1,500,W,11TH,ST,,,,,,,11,1,4,,1,1,8,12:05 PM,DISPATCH,12:06 PM,1/11/2013,Y,TX1860100,1317,,,33,8,2,1,10,64,54,1,5,1,21,21,186,155,30.89493485,-102.8835112,,,,,N VALENTINE ST,1100,,,,,,,,,W 11TH ST,,,,,Y,N,N,5,4,Y,FRI,,,,,,,,,,,,,,,,,,,,,,,,,,,,,,,,,,,,,,,,,,,,,,,,,,,,,,,,0,0,0,2,0,0,0,,,,
13097661,N,N,N,N,N,N,N,1/26/2013,6:36 PM,13-008431,,220,156,N,Y,32.67933999,-97.27157,19,,,1,3600,,MANSFIELD,HWY,N,N,45,N,N,,N,19,,,,5300,,SHACKLEFORD,,,,,,,,11,4,4,2,1,1,5,6:44 PM,VEHS DROVE PAST ME,6:44 PM,1/26/2013,N,TX2201200,1318,885,11,120,8,2,2,22,64,38,1,2,1,21,21,220,156,32.67930076,-97.27150591,BU,287,P,24.642,BU0287P,3610,172,1,7.829,278,0.105,,,,SHACKLEFORD ST,,,,,Y,Y,N,5,9,Y,SAT,3,0,0,0,12,9,4,100,61,61,6,2,2,1,0,0,1,0,0,1,12,4,14,13959,2014,13959,5.3,6.8,12.1,,,,,,,,,,,,,,,,,,,,,,,,,,,0,0,0,2,0,0,0,282,,,
13097776,N,N,N,N,N,N,N,1/28/2013,7:14 AM,P130280149,,79,1644,Y,Y,,,4,2759,,1,600,,CRABB RIVER,RD,N,N,45,N,N,,N,19,,,,,,GREATWOOD KNOLL,,,,,,,,12,1,2,,1,1,11,7:14 AM,DISPATCH,7:24 AM,1/28/2013,Y,TX0790000,1312,,,33,8,2,4,20,64,42,1,3,1,21,21,79,1644,,,FM,2759,,,FM2759,,,,,,,,,,,,,,,Y,Y,Y,5,0,N,MON,,,,,,,,,,,,,,,,,,,,,,,,,,,,,,,,,,,,,,,,,,,,,,,,,,,,,,,,0,0,0,2,0,0,0,,,,
13097864,N,N,N,N,N,N,N,1/26/2013,7:46 PM,SAPD13019649,5110,15,379,N,Y,,,19,,,1,4900,W,COMMERCE,ST,N,N,35,N,N,,N,19,,,,100,S,SAN EDUARDO,,,,,,,,11,4,0,,1,1,20,7:46 PM,DISPATCHED,8:03 PM,1/26/2013,Y,TXSPD0000,2473,,19,148,8,2,3,11,64,14,1,5,1,32,21,15,379,29.43118195,-98.55862846,,,,,W COMMERCE ST,4950,,,,,,,,,,,,,,Y,N,N,5,9,Y,SAT,,,,,,,,,,,,,,,,,,,,,,,,,,,,,,,,,,,,,,,,,,,,,,,,,,,,,,,,0,0,0,2,0,0,0,28,,,
13097918,N,N,N,N,N,N,N,1/18/2013,12:28 PM,13863A,,57,107,N,Y,,,19,,,1,3100,,GREAT TRINTY FOREST,BLVD,N,N,40,N,N,,N,19,,,,5000,,BONNIE VIEW,RD,,,,,,,11,1,0,,1,1,11,12:30 PM,FLAGGED DOWN,12:30 PM,1/18/2013,Y,TX0000006,2471,,,113,8,2,3,34,64,13,1,5,1,32,21,57,107,,,,,,,GREAT TRINTY FOREST BLVD,,,,,,,,,,,,,,,Y,N,N,5,9,N,FRI,,,,,,,,,,,,,,,,,,,,,,,,,,,,,,,,,,,,,,,,,,,,,,,,,,,,,,,,0,0,0,2,0,0,0,,,,
13097995,N,N,N,N,N,N,N,1/13/2013,4:41 PM,2013-911,,199,369,N,Y,,,3,276,,1,2000,,NOT REPORTED,,N,N,45,N,N,,N,4,549,,1,,,NOT REPORTED,,,,,,,,12,1,0,1,1,1,1,4:45 PM,POLICE DISPATCH,4:50 PM,1/13/2013,Y,TX1990100,2035,,,,8,2,4,20,64,54,1,2,1,21,21,199,369,32.90660448,-96.41875158,SH,276,,1.75,SH0276,,1290,2,1.75,608,-0.374,,,,,,,,,Y,Y,N,2,6,Y,SUN,2,0,10,10,0,2,2,120,44,24,4,0,0,2,10,5,2,10,5,0,0,4,12,14268,2014,14268,1.6,0.9,2.5,,,,,,,,,,,,,,,,,,,,,,,,,,,0,1,1,2,0,2,0,282,,,
13098299,N,N,N,N,N,N,N,1/17/2013,3:56 PM,2.01E+11,,57,357,N,Y,,,2,75,,4,700,N,CENTRAL,EXPY,N,N,60,N,N,SOUTHBOUND EXIT RAMP,N,19,,,1,400,,BELLE GROVE,DR,,,,,,,11,1,0,2,1,1,20,3:58 PM,DISPATCHED,4:06 PM,1/17/2013,Y,TX0572000,2011,,7,75,8,7,4,1,20,54,4,2,2,21,21,57,357,32.95860438,-96.72955127,US,75,,62.949,US0075,,47,7,2.182,258,0.268,,,,,,,,,Y,Y,N,2,8,Y,THU,5,0,12,10,28,3,8,300,140,96,5,0,0,2,24,5,2,20,5,2,4,4,12,237301,2014,237301,2.8,5.4,8.3,,,,,,,,,,,,,,,,,,,,,,,,,,,0,1,0,0,0,1,0,282,,,
13099073,N,N,N,N,N,N,N,1/11/2013,7:09 PM,,A13-002,237,194,N,Y,30.0975,-96.08216,19,,,1,1300,,AUSTIN,ST,N,N,35,N,N,PAVED ASPHALT,Y,19,,,1,,,13TH,ST,,,,,PAVED ASPHALT,,11,4,4,3,1,1,6,7:11 PM,DISPATCH,7:15 PM,1/11/2013,Y,TX2370700,1439,,,,8,2,1,10,64,54,1,2,1,21,21,237,194,30.09752521,-96.08213592,SH,159,,58.509,SH0159,1297,409,2,4.287,656,0.27,,,,13TH ST,,,,,Y,Y,N,5,4,Y,FRI,2,0,8,8,0,2,4,100,63,47,4,1,1,2,8,2,2,8,2,0,0,2,17,6586,2014,6586,3.4,3,6.4,,,,,,,,,,,,,,,,,,,,,,,,,,,0,0,0,2,0,0,0,15,,,
13099229,N,N,N,N,N,N,N,1/23/2013,2:12 PM,13-000293,,14,36,N,N,,,19,,,1,100,E,13TH,AVE,N,N,30,N,N,,Y,3,317,,1,1300,N,MAIN,ST,,,,,,,11,1,4,1,1,1,8,2:13 PM,DISPATCHED,2:16 PM,1/23/2013,Y,TX0140200,113,,,,8,1,2,1,64,54,1,2,1,21,21,14,36,31.06875579,-97.45909553,SH,317,,43.091,SH0317,,398,4,15.102,390,-0.831,,,,W 13TH AVE,,,,,Y,Y,N,2,5,Y,WED,2,0,0,0,0,2,2,100,48,48,3,1,1,1,0,0,1,0,0,0,0,3,14,17048,2014,17048,3.5,8,11.4,,,,,,,,,,,,,,,,,,,,,,,,,,,0,1,0,1,0,1,0,277,,,