Crash_ID,Crash_Fatal_Fl,Cmv_Involv_Fl,Schl_Bus_Fl,Rr_Relat_Fl,Medical_Advisory_Fl,Amend_Supp_Fl,Active_School_Zone_Fl,Crash_Date,Crash_Time,Case_ID,Local_Use,Rpt_CRIS_Cnty_ID,Rpt_City_ID,Rpt_Outside_City_Limit_Fl,Thousand_Damage_Fl,Rpt_Latitude,Rpt_Longitude,Rpt_Rdwy_Sys_ID,Rpt_Hwy_Num,Rpt_Hwy_Sfx,Rpt_Road_Part_ID,Rpt_Block_Num,Rpt_Street_Pfx,Rpt_Street_Name,Rpt_Street_Sfx,Private_Dr_Fl,Toll_Road_Fl,Crash_Speed_Limit,Road_Constr_Zone_Fl,Road_Constr_Zone_Wrkr_Fl,Rpt_Street_Desc,At_Intrsct_Fl,Rpt_Sec_Rdwy_Sys_ID,Rpt_Sec_Hwy_Num,Rpt_Sec_Hwy_Sfx,Rpt_Sec_Road_Part_ID,Rpt_Sec_Block_Num,Rpt_Sec_Street_Pfx,Rpt_Sec_Street_Name,Rpt_Sec_Street_Sfx,Rpt_Ref_Mark_Offset_Amt,Rpt_Ref_Mark_Dist_Uom,Rpt_Ref_Mark_Dir,Rpt_Ref_Mark_Nbr,Rpt_Sec_Street_Desc,Rpt_CrossingNumber,Wthr_Cond_ID,Light_Cond_ID,Entr_Road_ID,Road_Type_ID,Road_Algn_ID,Surf_Cond_ID,Traffic_Cntl_ID,Investigat_Notify_Time,Investigat_Notify_Meth,Investigat_Arrv_Time,Report_Date,Investigat_Comp_Fl,ORI_Number,Investigat_Agency_ID,Investigat_Area_ID,Investigat_District_ID,Investigat_Region_ID,Bridge_Detail_ID,Harm_Evnt_ID,Intrsct_Relat_ID,FHE_Collsn_ID,Obj_Struck_ID,Othr_Factr_ID,Road_Part_Adj_ID,Road_Cls_ID,Road_Relat_ID,Phys_Featr_1_ID,Phys_Featr_2_ID,Cnty_ID,City_ID,Latitude,Longitude,Hwy_Sys,Hwy_Nbr,Hwy_Sfx,Dfo,Street_Name,Street_Nbr,Control,Section,Milepoint,Ref_Mark_Nbr,Ref_Mark_Displ,Hwy_Sys_2,Hwy_Nbr_2,Hwy_Sfx_2,Street_Name_2,Street_Nbr_2,Control_2,Section_2,Milepoint_2,Txdot_Rptable_Fl,Onsys_Fl,Rural_Fl,Crash_Sev_ID,Pop_Group_ID,Located_Fl,Day_of_Week,Hwy_Dsgn_Lane_ID,Hwy_Dsgn_Hrt_ID,Hp_Shldr_Left,Hp_Shldr_Right,Hp_Median_Width,Base_Type_ID,Nbr_Of_Lane,Row_Width_Usual,Roadbed_Width,Surf_Width,Surf_Type_ID,Curb_Type_Left_ID,Curb_Type_Right_ID,Shldr_Type_Left_ID,Shldr_Width_Left,Shldr_Use_Left_ID,Shldr_Type_Right_ID,Shldr_Width_Right,Shldr_Use_Right_ID,Median_Type_ID,Median_Width,Rural_Urban_Type_ID,Func_Sys_ID,Adt_Curnt_Amt,Adt_Curnt_Year,Adt_Adj_Curnt_Amt,Pct_Single_Trk_Adt,Pct_Combo_Trk_Adt,Trk_Aadt_Pct,Curve_Type_ID,Curve_Lngth,Cd_Degr,Delta_Left_Right_ID,Dd_Degr,Feature_Crossed,Structure_Number,I_R_Min_Vert_Clear,Approach_Width,Bridge_Median_ID,Bridge_Loading_Type_ID,Bridge_Loading_In_1000_Lbs,Bridge_Srvc_Type_On_ID,Bridge_Srvc_Type_Under_ID,Culvert_Type_ID,Roadway_Width,Deck_Width,Bridge_Dir_Of_Traffic_ID,Bridge_Rte_Struct_Func_ID,Bridge_IR_Struct_Func_ID,CrossingNumber,RRCo,Poscrossing_ID,WDCode_ID,Standstop,Yield,Incap_Injry_Cnt,Nonincap_Injry_Cnt,Poss_Injry_Cnt,Non_Injry_Cnt,Unkn_Injry_Cnt,Tot_Injry_Cnt,Death_Cnt,MPO_ID,Investigat_Service_ID,Investigat_DA_ID,Investigator_Narrative
13099358,N,N,N,N,N,N,N,1/16/2013,7:53 AM,C1300356,,178,97,N,Y,,,2,181,,1,2501,,NOT REPORTED,HWY,N,N,50,N,N,,N,19,,,1,1100,N,TANCAHUA,ST,,,,,,,11,1,2,2,2,1,11,7:54 AM,DISPATCHED,8:02 AM,1/16/2013,Y,TX1780200,1115,,,25,8,7,4,1,58,35,1,2,2,21,21,178,97,27.80641347,-97.39757338,US,181,,135.831,US0181,,74,6,20.052,648,0.326,,,,,,,,,Y,Y,N,5,9,Y,WED,5,0,1,1,3,2,6,200,76,72,4,0,0,2,1,5,2,1,5,2,2,4,12,54231,2014,54231,3.2,3,6.2,,,,,,,,,,,,,,,,,,,,,,,,,,,0,0,0,1,0,0,0,96,,,
13099374,N,N,N,N,N,N,N,1/15/2013,11:55 AM,C1300339,,178,97,N,N,,,19,,,1,5100,,KOSTORYZ,RD,N,N,35,N,N,,Y,19,,,1,3200,S,PADRE ISLAND,DR,,,,,,,2,1,98,2,1,2,5,11:55 AM,ON VIEW,11:55 AM,1/15/2013,Y,TX1780200,1115,,,19,8,2,1,24,64,54,1,2,1,21,21,178,97,27.7286069,-97.41300236,SH,358,,6.99,SH0358,,617,1,6.823,562,0.9,,,,KOSTORYZ RD,,,,,N,Y,N,5,9,Y,TUE,5,0,10,10,12,8,7,250,104,84,4,0,0,2,10,5,2,10,5,2,2,4,12,125741,2014,125741,3.2,3,6.2,,,,,,,,,,,,,,,,,,,,,,,,,,,0,0,0,3,0,0,0,96,,,
13099573,N,N,N,N,N,N,N,1/20/2013,1:22 PM,13012005,,220,277,N,Y,,,19,,,1,1900,,CALLENDAR,RD,N,N,30,N,N,,N,19,,,1,400,,SUMMER WOOD,TRL,,,,,,,11,1,0,,3,1,11,1:22 PM,RADIO DISPATCHED,1:31 PM,1/20/2013,Y,TX2202000,1726,,,,8,7,4,1,31,54,1,5,2,21,21,220,277,32.59644431,-97.15302249,,,,,CALENDER RD,1900,,,,,,,,,,,,,,Y,N,N,5,7,Y,SUN,,,,,,,,,,,,,,,,,,,,,,,,,,,,,,,,,,,,,,,,,,,,,,,,,,,,,,,,0,0,0,1,0,0,0,282,,,
13099631,N,N,N,N,N,N,N,1/4/2013,8:50 AM,,,95,1660,Y,Y,33.84155,-101.84392,1,27,,1,,,NOT REPORTED,,N,N,75,N,N,,N,,,,,,,NOT REPORTED,,0.2,M,N,22,,,4,1,0,2,2,6,11,8:51 AM,DISPATCHED,9:15 AM,1/4/2013,Y,TXDPS1600,10000,12,17,1,1,7,4,1,41,1,1,1,2,21,21,95,1,33.84178208,-101.8443891,IH,27,,22.346,IH0027,,67,6,1.069,22,0.2,,,,NOT REPORTED,,,,,Y,Y,Y,3,3,Y,FRI,5,0,7,10,62,8,4,340,82,48,5,0,0,2,14,5,2,20,5,3,48,1,1,11552,2014,11552,7.4,15.8,23.2,1,159,4,1,0,,,,,,,,,,,,,,,,,,,,,,0,0,1,0,0,1,0,,,,
13099732,N,N,N,N,N,N,N,1/16/2013,7:15 PM,13-016249,,71,136,N,Y,,,19,,,1,,,AIRWAY BLVD NB,,N,N,40,N,N,TWO WAY TWO LANE,Y,19,,,1,,,CONVAIR,RD,,,,,TWO WAY ONE LANE,,11,4,0,,1,1,5,7:16 PM,DISPATCHED,7:24 PM,1/16/2013,Y,TX0710200,1259,,,101,8,2,1,34,64,54,1,5,1,21,21,71,136,,,,,,,AIRWAY BLVD NB,,,,,,,,,,CONVAIR RD,,,,,Y,N,N,5,9,N,WED,,,,,,,,,,,,,,,,,,,,,,,,,,,,,,,,,,,,,,,,,,,,,,,,,,,,,,,,0,0,0,2,0,0,0,,,,
13099924,N,N,N,N,N,N,N,1/11/2013,3:22 PM,13-0000197,,91,397,N,Y,,,4,131,,1,4700,N,TRAVIS ST FM 131,,N,N,45,N,N,,Y,19,,,1,100,E,NORTHCREEK,DR,,,,,,,11,1,0,1,1,1,8,3:26 PM,DISPATCHED,3:31 PM,1/11/2013,Y,TX0910400,2124,,,113,8,2,1,10,64,54,1,3,1,21,21,91,397,33.68037235,-96.62019981,FM,131,,6.088,FM0131,4696,202,8,21.518,204,0.11,US,82,,US0082,,,,,Y,Y,N,2,6,Y,FRI,2,0,2,2,0,2,2,100,28,24,2,0,0,5,2,5,5,2,5,0,0,3,16,4570,2014,4570,4.8,11.8,16.5,1,101,2,2,10,,,,,,,,,,,,,,,,,,,,,,0,1,0,1,0,1,0,232,,,
13100162,N,N,N,N,N,N,N,1/20/2013,4:20 PM,,,1,1566,Y,Y,31.64527,-95.66058,3,294,,1,,,NOT REPORTED,,N,N,60,N,N,,N,4,322,,,,,NOT REPORTED,,,,,,,,11,1,0,1,5,1,12,4:24 PM,ACSO DISPATCH,4:45 PM,1/29/2013,Y,TXDPS6401,10000,46,28,1,8,2,3,24,64,13,1,2,1,32,21,1,1566,31.64659707,-95.66662991,SH,294,,6.482,SH0294,,58,1,7.467,658,0.371,,,,,,,,,Y,Y,Y,2,0,Y,SUN,2,0,5,5,0,2,2,100,34,24,2,0,0,5,5,5,5,5,5,0,0,1,7,1723,2014,1723,3.8,8,11.7,,,,,,,,,,,,,,,,,,,,,,,,,,,0,4,0,2,0,4,0,,,,
13100265,N,N,N,N,N,N,N,1/7/2013,5:43 PM,13000042,,14,1579,Y,Y,,,17,,,7,3400,S,31ST,ST,Y,N,10,N,N,ASPHALT,N,19,,,1,1500,,FOREST TRL,,,,,,ASPHALT,,11,4,98,,1,1,1,5:43 PM,DISPATCHED,5:50 PM,1/7/2013,N,TX0140700,2221,,,,8,2,4,40,64,12,7,9,5,33,21,14,1579,,,,,,,S 31ST ST,,,,,,,,,,,,,,,N,N,Y,5,0,N,MON,,,,,,,,,,,,,,,,,,,,,,,,,,,,,,,,,,,,,,,,,,,,,,,,,,,,,,,,0,0,0,2,0,0,0,,,,
13100320,N,N,N,N,N,N,N,1/13/2013,3:49 PM,13-013133,,71,136,N,Y,,,19,,,1,100,S,AMERICAS,,N,N,40,N,N,BLACKTOP,N,19,,,1,9400,,ALAMEDA,,,,,,BLACKTOP,,11,1,0,2,2,1,1,3:51 PM,DISPATCHED,3:57 PM,1/18/2013,Y,TX0710200,1259,,,111,8,2,4,20,64,42,1,2,1,21,21,71,136,31.68208589,-106.3090807,SL,375,,34.894,SL0375,,2552,3,14.391,46,0.351,,,,,,,,,Y,Y,N,5,9,Y,SUN,5,0,4,10,53,2,4,370,88,48,5,0,0,2,8,5,2,20,5,2,45,4,12,70824,2014,70824,2.1,3.9,6,,,,,,,,,,,,,,,,,,,,,,,,,,,0,0,0,3,0,0,0,66,,,
13100813,N,N,N,N,N,N,N,1/22/2013,7:31 PM,P130220651,,79,1644,Y,Y,,,19,,,1,780,,CRABB RIVER,RD,N,N,45,N,N,,N,19,,,,6600,,TARA,DR,,,,,,,11,3,0,,1,1,1,7:31 PM,PCT 1 CONSTABLE 1121,7:52 PM,1/22/2013,Y,TX0790000,1312,,,33,8,2,4,22,64,42,1,5,1,21,21,79,1644,29.54425452,-95.69920291,,,,,CRABB RIVER RD,626,,,,,,,,,,,,,,Y,N,Y,5,0,Y,TUE,,,,,,,,,,,,,,,,,,,,,,,,,,,,,,,,,,,,,,,,,,,,,,,,,,,,,,,,0,0,0,4,0,0,0,15,,,
13100873,N,N,N,N,N,N,N,1/29/2013,6:34 PM,SAPD13022045,3130,15,379,N,Y,,,2,281,,1,17700,N,NOT REPORTED,HWY,N,N,65,Y,N,,N,19,,,,,,HENDERSON PASS,,,,,,,,12,3,0,2,1,1,11,6:35 PM,DISPATCHED,6:44 PM,1/29/2013,Y,TXSPD0000,2473,,7,147,8,2,4,22,64,49,1,2,1,21,21,15,379,29.6030542,-98.47015956,US,281,,319.716,US0281,,253,4,9.374,524,0.331,,,,,,,,,Y,Y,N,2,9,Y,TUE,5,0,8,20,15,2,5,300,104,60,4,0,0,2,12,5,2,30,5,2,3,4,12,66577,2014,66577,1.8,0.6,2.3,,,,,,,,,,,,,,,,,,,,,,,,,,,0,1,2,0,0,3,0,28,,,
13100918,N,N,N,N,N,N,N,1/27/2013,9:15 PM,0011114513I,,101,208,N,Y,,,19,,,1,9300,W,AIRPORT,BLVD,N,N,45,N,N,,Y,15,,,2,10700,W,SAM HOUSTON PARKWAY,,,,,,,,11,4,0,1,1,1,5,10:28 PM,DISPATCH,10:40 PM,1/28/2013,Y,TXHPD0000,2469,18,125,55,8,2,1,24,64,54,2,2,1,21,21,101,208,29.64424401,-95.53923844,SL,8,,10.21,SL0008,,3256,1,1.199,690,0.455,,,,W AIRPORT BLVD,,,,,Y,Y,N,5,9,Y,SUN,1,0,0,0,0,3,3,300,36,36,5,1,1,1,0,0,1,0,0,0,0,4,14,32359,2014,32359,1.8,1.4,3.2,,,,,,,,,,,,,,,,,,,,,,,,,,,0,0,0,4,0,0,0,15,,,
13100937,N,N,N,N,N,N,N,1/26/2013,11:10 PM,0010732713M,,101,208,N,Y,,,2,59,,1,17300,N,EASTEX,FWY,N,N,65,N,N,CONCRETE,N,19,,,,7000,,RANKIN,RD,,,,,,,11,4,0,2,1,1,20,11:18 PM,HPD DISPATCH,11:34 PM,1/27/2013,Y,TXHPD0000,2469,14,124,113,8,7,4,1,23,54,1,1,2,21,21,101,208,29.96826622,-95.28323863,IH,69,,40.368,IH0069,,177,7,7.52,135,11.673,,,,,,,,,Y,Y,N,3,9,Y,SAT,5,1,10,6,36,8,10,405,144,110,5,2,1,2,16,5,2,16,5,1,20,4,11,145069,2014,145069,2.3,5.9,8.2,,,,,,,,,,,,,,,,,,,,,,,,,,,0,0,2,0,0,2,0,15,,,
13100998,N,N,N,N,N,N,N,1/15/2013,9:05 AM,130001302,,57,177,N,Y,,,19,,,1,100,NE,9TH,ST,N,N,30,N,N,LOCAL ROAD,Y,3,180,,1,800,E,MAIN,,,,,,LOCAL ROAD,,4,1,4,3,2,2,5,9:08 AM,ONVIEW,9:08 AM,1/15/2013,Y,TX0571200,1372,,,59,8,2,1,10,64,54,1,2,1,21,21,57,177,32.74606323,-96.99449158,SH,180,,19.396,SH0180,113,8,8,2.406,640,0.374,FM,1382,,FM1382,,1047,3,0.525,Y,Y,N,2,8,Y,TUE,2,0,0,0,0,3,4,100,75,62,6,1,1,1,0,0,1,0,0,0,0,4,14,13673,2014,13673,2.5,0.4,2.9,1,303,0,1,0,,,,,,,,,,,,,,,,,,,,,,0,1,0,1,0,1,0,282,,,
13101418,N,N,N,N,N,N,N,1/1/2013,1:39 AM,2013-0009,FLEET,101,325,N,N,,,19,,,1,200,,RANDALL,RD,N,N,30,N,N,,N,19,,,1,500,,BROADWAY,RD,,,,,,,2,3,0,,1,2,1,1:39 AM,DISPATCHED,1:48 AM,1/1/2013,Y,11500,1912,,177,541,8,7,4,1,30,1,1,5,2,21,21,101,325,29.70930372,-95.20741858,,,,,S RANDALL ST,281,,,,,,,,,,,,,,N,N,N,5,8,Y,TUE,,,,,,,,,,,,,,,,,,,,,,,,,,,,,,,,,,,,,,,,,,,,,,,,,,,,,,,,0,0,0,1,0,0,0,15,,,
13101471,N,N,N,N,N,N,N,1/15/2013,9:06 PM,20100380,201300902,101,208,N,Y,,,19,,,1,900,,BUNKERHILL,RD,N,N,30,N,N,,Y,19,,,1,9600,,GAYLORD,DR,,,,,,,11,4,0,,1,1,5,9:06 PM,DISPATCHER,9:07 PM,1/16/2013,Y,TX1014100,1434,,,33,8,2,1,34,64,54,1,5,1,21,21,101,208,29.7815548,-95.53173305,,,,,BUNKER HILL RD,942,,,,,,,,,GAYLORD DR,,,,,Y,N,N,5,9,Y,TUE,,,,,,,,,,,,,,,,,,,,,,,,,,,,,,,,,,,,,,,,,,,,,,,,,,,,,,,,0,0,0,5,0,0,0,15,,,
13101635,N,N,N,N,N,N,N,1/6/2013,12:28 PM,13-S-000084,,11,1576,Y,Y,,,2,21,,1,,,NOT REPORTED,,N,N,65,N,N,,Y,19,,,7,,,MARTINS CROSSING,,,,,,,,11,1,2,1,1,1,11,12:28 PM,BRACKENRIDGE,12:32 PM,1/6/2013,Y,TX0110000,90,42,93,112,8,10,2,1,1,3,1,2,1,21,21,11,1576,30.099559,-97.45791846,SH,21,,33.06,SH0021,,471,5,11.106,562,-0.925,FM,1209,,FM1209,,,,,Y,Y,Y,3,0,Y,SUN,2,0,5,5,0,2,2,100,34,24,4,0,0,2,5,5,2,5,5,0,0,1,2,10877,2014,10877,3.6,4.8,8.4,,,,,,,,,,,,,,,,,,,,,,,,,,,0,0,1,1,0,1,0,90,,,
13101647,N,N,N,N,N,N,N,1/8/2013,12:33 PM,13-S-000122,,11,1576,Y,Y,,,3,71,,1,700,,NOT REPORTED,,N,N,75,N,N,,N,15,,,,100,,NORMA JEAN BLVD,,,,,,,,2,1,0,2,2,2,1,12:37 PM,DISPATCHED,12:48 PM,1/8/2013,Y,1100000,90,11,10,14,8,7,4,1,39,54,1,2,4,21,21,11,1576,30.04950111,-97.19044019,SH,71,,161.012,SH0071,800,265,5,23.044,614,-0.807,,,,,,,,,Y,Y,Y,5,0,Y,TUE,3,0,4,10,73,2,4,300,76,48,4,0,0,2,8,5,2,20,5,3,65,1,2,17638,2014,17638,2.6,7.6,10.2,,,,,,,,,,,,,,,,,,,,,,,,,,,0,0,0,2,0,0,0,90,,,
13101653,N,N,N,N,N,N,N,1/17/2013,5:09 PM,2013-00125,,20,11,N,Y,,,19,,,1,900,E,SOUTH,ST,N,N,30,N,N,900 E SOUTH ST,N,3,35,,,,,NOT REPORTED,,,,,,,,11,1,0,2,1,1,5,5:13 PM,,5:14 PM,1/17/2013,Y,TX0200100,30,,,,8,2,4,22,64,42,1,2,1,21,21,20,11,29.4093236,-95.2327249,SH,35,,21.099,SH0035,,178,3,3.876,496,0.088,,,,,,,,,Y,Y,N,5,5,Y,THU,3,0,4,8,206,9,4,300,72,48,5,0,0,2,8,5,2,16,5,3,198,4,14,19959,2014,19959,2.4,8.7,11.1,,,,,,,,,,,,,,,,,,,,,,,,,,,0,0,0,2,0,0,0,15,,,
13101659,N,N,N,N,N,N,N,1/19/2013,7:43 PM,2013-00148,,20,11,N,Y,,,3,35,,1,,,SB N SH 35,,N,N,55,N,N,,Y,4,528,,1,,,FM 528,,,,,,,,11,4,6,2,1,1,5,7:46 PM,DISPATCHER,7:46 PM,1/19/2013,Y,TX0200100,30,,,,8,2,1,10,1,54,1,2,1,21,21,20,11,29.4478035,-95.23858643,SH,35,,18.199,SH0035,2877,178,2,31.013,494,-0.697,FM,528,,FM0528,,1414,2,0.712,Y,Y,N,2,5,Y,SAT,3,0,3,8,106,3,4,300,72,48,5,0,0,2,6,5,2,16,5,3,100,4,14,14468,2014,14468,6.5,3.7,10.2,,,,,,,,,,,,,,,,,,,,,,,,,,,0,3,0,0,0,3,0,15,,,
13101824,N,N,N,N,N,N,N,1/11/2013,3:20 PM,P1300110526,,79,1644,Y,Y,,,19,,,1,16760,W,AIRPORT,BLVD,N,N,35,N,N,,Y,19,,,1,16400,,MAPLE DOWNS,,,,,,,,12,1,4,,1,1,8,3:20 PM,DISPATCHED,3:36 PM,1/11/2013,Y,TX0790000,1312,,,35,8,2,1,34,64,54,1,5,1,21,21,79,1644,,,,,,,W AIRPORT BLVD,,,,,,,,,,MAPLE DOWNS,,,,,Y,N,Y,5,0,N,FRI,,,,,,,,,,,,,,,,,,,,,,,,,,,,,,,,,,,,,,,,,,,,,,,,,,,,,,,,0,0,0,2,0,0,0,,,,
13101841,N,N,N,N,N,N,N,1/6/2013,10:14 AM,13-000156,,20,326,N,Y,,,4,518,,1,3700,E,BROADWAY,ST,N,N,40,N,N,,Y,19,,,1,2300,N,GRAND,BLVD,,,,,,,11,1,4,3,1,1,8,10:14 AM,DISPATCH,10:17 AM,1/6/2013,Y,TX0201000,1917,,,,8,2,1,10,64,54,1,3,1,21,21,20,326,29.56372555,-95.28389313,FM,518,,6.439,FM0518,3800,976,2,5.967,686,0.456,,,,GRAND BLVD,,,,,Y,Y,N,2,7,Y,SUN,2,0,0,0,0,3,4,100,52,52,6,1,1,1,0,0,1,0,0,0,0,4,14,15622,2014,15622,3.9,1.4,5.2,,,,,,,,,,,,,,,,,,,,,,,,,,,0,2,0,1,0,2,0,15,,,
13101878,N,N,N,N,N,N,N,1/20/2013,2:00 PM,130009547,0,101,1666,Y,Y,,,15,,,7,26200,,NORTHWEST FREEWAY,,Y,N,0,N,N,,N,15,,,,,,CYPRESS ROSEHILL,RD,,,,,,,11,1,0,,8,1,1,5:08 PM,DISPATCHED,5:08 PM,1/21/2013,N,TX1010000,1419,100,4,5,8,4,4,5,64,54,7,9,5,33,21,101,1666,,,,,,,NORTHWEST FREEWAY,,,,,,,,,,,,,,,N,N,Y,0,0,N,SUN,,,,,,,,,,,,,,,,,,,,,,,,,,,,,,,,,,,,,,,,,,,,,,,,,,,,,,,,0,0,0,0,1,0,0,,,,
13101885,N,N,N,N,N,N,N,1/21/2013,1:17 AM,1212010,,161,584,N,N,,,19,,,1,206,S,ASPEN,,N,N,30,N,N,,N,19,,,1,200,N,CHURCH,,,,,,,,11,3,0,,1,1,1,1:17 AM,MCSO DISPATCH,1:37 AM,1/21/2013,Y,TX1552600,173,,,,8,7,4,1,62,54,1,5,2,21,21,161,584,31.32347147,-97.23951421,,,,,ASPEN ST,278,,,,,,,,,,,,,,N,N,Y,5,1,Y,MON,,,,,,,,,,,,,,,,,,,,,,,,,,,,,,,,,,,,,,,,,,,,,,,,,,,,,,,,0,0,0,1,0,0,0,140,,,
13102199,N,Y,N,N,N,N,N,1/18/2013,3:40 PM,13-1084,,221,2,N,Y,,,19,,,1,100,,PINE,ST,N,N,35,N,N,,N,19,,,1,1000,N,1ST,ST,,,,,,,11,1,4,3,1,1,5,5:19 PM,DISPATCH,5:24 PM,1/18/2013,Y,TX2210100,10,,,,8,4,4,1,64,54,1,2,1,12,21,221,2,32.45021292,-99.72665716,BU,83,D,5.238,BU0083D,130,33,8,5.639,292,-0.671,,,,,,,,,Y,Y,N,5,8,Y,FRI,2,0,0,0,0,2,4,100,72,72,4,1,1,1,0,0,1,0,0,0,0,3,14,15675,2014,15675,3.2,12.1,15.3,1,47,27,2,69,,,,,,,,,,,,,,,,,,,,,,0,0,0,3,0,0,0,166,,,
13102205,N,Y,N,N,N,N,N,1/16/2013,8:45 AM,130002806,,220,19,N,Y,,,1,20,,1,1000,W,NOT REPORTED,FWY,N,N,60,N,N,EASTBOUD I-20 FWY,N,19,,,,4400,,MATLOCK,RD,,,,,,,11,1,0,2,1,1,11,8:50 AM,DISPATCH,8:57 AM,1/16/2013,N,TX2200100,59,,8,190,8,2,4,21,64,35,1,1,1,21,21,220,19,32.67821023,-97.11847826,IH,20,,449.116,IH0020,,2374,5,8.178,450,-0.009,,,,,,,,,Y,Y,N,2,9,Y,WED,5,0,12,12,54,3,9,400,154,110,6,0,0,2,22,5,2,22,5,2,32,4,11,149511,2014,149511,2.3,6.3,8.5,1,300,1,2,15,,,,,,,,,,,,,,,,,,,,,,0,1,0,1,1,1,0,282,,,
13102232,N,N,N,N,N,N,N,1/29/2013,4:33 PM,13-752,,220,214,N,Y,,,1,820,,1,500,,NOT REPORTED,,N,N,60,N,N,LOOP 820 SOUTHBOUND,N,19,,,,1400,W,PIPELINE,RD,,,,,,,2,1,0,2,1,2,20,4:38 PM,DISPATCHED,4:46 PM,1/29/2013,Y,TX2201600,1503,,,35,8,2,4,22,64,42,1,1,1,21,21,220,214,32.82069542,-97.20568978,IH,820,,24.171,IH0820,,8,13,25.227,23,0.379,,,,,,,,,Y,Y,N,5,6,Y,TUE,5,0,10,10,22,3,8,350,136,96,5,0,0,2,20,5,2,20,5,2,2,4,11,160725,2014,160725,3.6,5,8.5,,,,,,,,,,,,,,,,,,,,,,,,,,,0,0,0,3,0,0,0,282,,,
13102307,N,N,N,N,N,N,N,1/17/2013,1:40 PM,13-5209,,220,156,N,Y,,,1,35,,2,9620,S,FREEWAY,,N,N,40,N,N,,Y,19,,,1,100,W,RISINGER,,,,,,,,11,1,98,2,1,1,8,1:43 PM,DISPATCHED,1:49 PM,1/17/2013,Y,TX2201200,1318,885,11,120,8,2,1,10,64,54,2,1,1,21,21,220,156,32.61399416,-97.32165532,IH,35,W,41.623,IH0035W,,14,2,5.111,42,-0.265,FM,1187,,FM1187,,,,,Y,Y,N,2,9,Y,THU,5,0,6,10,32,3,6,355,104,72,5,0,0,2,12,5,2,20,5,2,20,4,11,115225,2014,115225,4.9,6.2,11.2,,,,,,,,,,,,,,,,,,,,,,,,,,,0,1,0,1,0,1,0,282,,,
13102472,N,N,N,N,N,Y,N,1/29/2013,8:02 PM,,,201,1766,Y,Y,32.11153,-94.80925,4,225,,1,,,NOT REPORTED,,N,N,60,N,N,,N,2,79,,,,,NOT REPORTED,,,,,,,,2,3,0,1,2,2,12,8:05 PM,RUSK COUNTY DISPATCH,8:55 PM,2/2/2013,Y,TXDPS2500,10000,16,28,1,8,7,4,1,33,1,1,3,2,21,21,201,1766,32.11215333,-94.80927611,FM,225,,1.2,FM0225,3750,594,3,11.135,308,-0.827,,,,,,,,,Y,Y,Y,5,0,Y,TUE,2,0,3,3,0,2,2,60,30,24,2,0,0,2,3,5,2,3,5,0,0,1,7,2425,2014,2425,4.3,3.3,7.6,,,,,,,,,,,,,,,,,,,,,,,,,,,0,0,0,1,0,0,0,,,,
13102651,N,Y,N,N,N,N,N,1/30/2013,4:49 PM,SAPD13022720,7310,15,379,N,Y,,,1,10,,1,21500,,NOT REPORTED,,N,N,70,N,N,,N,19,,,,,,BOERNE STAGE,RD,,,,,,,11,1,98,2,2,1,1,4:49 PM,DISPATCH,4:53 PM,1/30/2013,Y,TXSPD0000,2473,,7,147,8,2,2,10,64,54,1,1,1,21,21,15,1580,29.67990282,-98.63858955,IH,10,,548.385,IH0010,,72,7,5.161,550,0.137,,,,BOERNE STAGE RD,,,,,Y,Y,Y,5,0,Y,WED,5,0,4,8,96,2,4,330,72,48,4,0,0,2,8,5,2,16,5,,88,4,11,54359,2014,54359,2.3,8,10.4,,,,,,,,,,,,,,,,,,,,,,,,,,,0,0,0,4,0,0,0,28,,,
13102712,N,Y,N,N,N,N,N,1/30/2013,9:15 AM,SAPD13022401,7170,15,379,N,Y,,,11,410,,1,3800,,NW LOOP 410,,N,N,65,N,N,,N,19,,,,1500,,BABCOCK,,,,,,,,11,1,0,2,2,1,20,9:19 AM,SIGHT,9:19 AM,1/30/2013,N,TXSPD0000,2473,,61,123,8,2,4,21,64,9,1,1,1,21,21,15,379,29.48935337,-98.56703727,IH,410,,15.193,IH0410,,521,4,15.28,15,0.089,,,,,,,,,Y,Y,N,5,9,Y,WED,5,0,8,8,19,2,10,300,150,120,4,0,0,2,16,5,2,14,5,2,3,4,11,154098,2014,154098,2.9,1.9,4.7,1,648,0,2,25,,,,,,,,,,,,,,,,,,,,,,0,0,0,1,1,0,0,28,,,
13103259,N,Y,N,N,N,N,N,1/20/2013,8:02 PM,,,134,1699,Y,Y,30.43299,-99.70426,1,10,,1,,,NOT REPORTED,,N,N,80,N,N,,N,,,,,,,NOT REPORTED,,0.1,M,E,463,,,11,3,0,2,2,1,11,8:07 PM,KIMBLE CO DISPATCH,8:13 PM,1/20/2013,Y,TX1340000,1588,,,,8,2,4,20,64,54,1,1,1,21,21,134,1699,30.43262582,-99.7038372,IH,10,,461.704,IH0010,,142,1,9.383,463,0.1,,,,NOT REPORTED,,,,,Y,Y,Y,2,0,Y,SUN,5,0,6,10,62,2,4,350,80,48,4,0,0,2,12,5,2,20,5,3,50,1,1,11778,2014,11778,8.9,25.6,34.5,,,,,,,,,,,,,,,,,,,,,,,,,,,0,1,0,2,0,1,0,,,,