Crash_ID,Crash_Fatal_Fl,Cmv_Involv_Fl,Schl_Bus_Fl,Rr_Relat_Fl,Medical_Advisory_Fl,Amend_Supp_Fl,Active_School_Zone_Fl,Crash_Date,Crash_Time,Case_ID,Local_Use,Rpt_CRIS_Cnty_ID,Rpt_City_ID,Rpt_Outside_City_Limit_Fl,Thousand_Damage_Fl,Rpt_Latitude,Rpt_Longitude,Rpt_Rdwy_Sys_ID,Rpt_Hwy_Num,Rpt_Hwy_Sfx,Rpt_Road_Part_ID,Rpt_Block_Num,Rpt_Street_Pfx,Rpt_Street_Name,Rpt_Street_Sfx,Private_Dr_Fl,Toll_Road_Fl,Crash_Speed_Limit,Road_Constr_Zone_Fl,Road_Constr_Zone_Wrkr_Fl,Rpt_Street_Desc,At_Intrsct_Fl,Rpt_Sec_Rdwy_Sys_ID,Rpt_Sec_Hwy_Num,Rpt_Sec_Hwy_Sfx,Rpt_Sec_Road_Part_ID,Rpt_Sec_Block_Num,Rpt_Sec_Street_Pfx,Rpt_Sec_Street_Name,Rpt_Sec_Street_Sfx,Rpt_Ref_Mark_Offset_Amt,Rpt_Ref_Mark_Dist_Uom,Rpt_Ref_Mark_Dir,Rpt_Ref_Mark_Nbr,Rpt_Sec_Street_Desc,Rpt_CrossingNumber,Wthr_Cond_ID,Light_Cond_ID,Entr_Road_ID,Road_Type_ID,Road_Algn_ID,Surf_Cond_ID,Traffic_Cntl_ID,Investigat_Notify_Time,Investigat_Notify_Meth,Investigat_Arrv_Time,Report_Date,Investigat_Comp_Fl,ORI_Number,Investigat_Agency_ID,Investigat_Area_ID,Investigat_District_ID,Investigat_Region_ID,Bridge_Detail_ID,Harm_Evnt_ID,Intrsct_Relat_ID,FHE_Collsn_ID,Obj_Struck_ID,Othr_Factr_ID,Road_Part_Adj_ID,Road_Cls_ID,Road_Relat_ID,Phys_Featr_1_ID,Phys_Featr_2_ID,Cnty_ID,City_ID,Latitude,Longitude,Hwy_Sys,Hwy_Nbr,Hwy_Sfx,Dfo,Street_Name,Street_Nbr,Control,Section,Milepoint,Ref_Mark_Nbr,Ref_Mark_Displ,Hwy_Sys_2,Hwy_Nbr_2,Hwy_Sfx_2,Street_Name_2,Street_Nbr_2,Control_2,Section_2,Milepoint_2,Txdot_Rptable_Fl,Onsys_Fl,Rural_Fl,Crash_Sev_ID,Pop_Group_ID,Located_Fl,Day_of_Week,Hwy_Dsgn_Lane_ID,Hwy_Dsgn_Hrt_ID,Hp_Shldr_Left,Hp_Shldr_Right,Hp_Median_Width,Base_Type_ID,Nbr_Of_Lane,Row_Width_Usual,Roadbed_Width,Surf_Width,Surf_Type_ID,Curb_Type_Left_ID,Curb_Type_Right_ID,Shldr_Type_Left_ID,Shldr_Width_Left,Shldr_Use_Left_ID,Shldr_Type_Right_ID,Shldr_Width_Right,Shldr_Use_Right_ID,Median_Type_ID,Median_Width,Rural_Urban_Type_ID,Func_Sys_ID,Adt_Curnt_Amt,Adt_Curnt_Year,Adt_Adj_Curnt_Amt,Pct_Single_Trk_Adt,Pct_Combo_Trk_Adt,Trk_Aadt_Pct,Curve_Type_ID,Curve_Lngth,Cd_Degr,Delta_Left_Right_ID,Dd_Degr,Feature_Crossed,Structure_Number,I_R_Min_Vert_Clear,Approach_Width,Bridge_Median_ID,Bridge_Loading_Type_ID,Bridge_Loading_In_1000_Lbs,Bridge_Srvc_Type_On_ID,Bridge_Srvc_Type_Under_ID,Culvert_Type_ID,Roadway_Width,Deck_Width,Bridge_Dir_Of_Traffic_ID,Bridge_Rte_Struct_Func_ID,Bridge_IR_Struct_Func_ID,CrossingNumber,RRCo,Poscrossing_ID,WDCode_ID,Standstop,Yield,Incap_Injry_Cnt,Nonincap_Injry_Cnt,Poss_Injry_Cnt,Non_Injry_Cnt,Unkn_Injry_Cnt,Tot_Injry_Cnt,Death_Cnt,MPO_ID,Investigat_Service_ID,Investigat_DA_ID,Investigator_Narrative
13103347,N,N,N,N,N,N,N,1/22/2013,6:16 AM,TX3OI60HIFUU,,147,1392,N,Y,31.41062,-96.58245,3,14,,1,,,NOT REPORTED,,N,N,60,N,N,SH-0014,N,19,,,,,,14TH ST,,,,,,,,11,3,0,1,1,1,12,6:17 AM,LIMESTONE SO,6:31 AM,1/22/2013,Y,,10000,15,119,1,8,7,4,1,22,29,1,2,2,21,21,147,1392,31.41065038,-96.58251039,SH,14,,38.066,SH0014,4797,93,5,25.385,366,-0.593,,,,,,,,,Y,Y,Y,2,1,Y,TUE,2,0,9,9,0,3,2,150,42,24,4,0,0,2,9,5,2,9,5,0,0,1,6,1965,2014,1965,12.1,11,23.1,,,,,,,,,,,,,,,,,,,,,,,,,,,0,2,0,0,0,2,0,,,,
13103447,N,N,N,N,N,N,N,1/15/2013,5:42 AM,TX3OB60AABGU,,249,1814,Y,Y,33.13736,-97.49633,2,81,,1,,,NOT REPORTED,,N,N,70,N,N,US-0081,N,15,4421,,,,,NOT REPORTED,,,,,,,,4,3,0,2,2,9,20,5:52 AM,DPS WICHITA FALLS,5:57 AM,1/15/2013,Y,,10000,542,25,225,8,10,4,1,1,54,1,2,4,21,21,249,6022,33.14653808,-97.50226656,US,81,,59.144,US0081,,13,8,8.489,252,-0.087,,,,,,,,,Y,Y,Y,5,1,Y,TUE,4,0,4,10,41,2,4,219,78,48,5,0,0,2,8,5,2,20,5,3,33,1,2,29422,2014,29422,3.2,32.1,35.3,1,617,1,2,32,,,,,,,,,,,,,,,,,,,,,,0,0,0,2,0,0,0,282,,,
13103449,N,N,N,N,N,N,N,1/12/2013,12:12 AM,,,249,1814,Y,Y,33.12697,-97.44992,19,,,1,,,HILLTOP,TRL,N,N,30,N,N,,N,19,,,,,,HILLTOP,CT,,,,,,,11,4,0,,5,2,1,12:15 AM,DISPATCHED,12:32 AM,1/13/2013,Y,KKE241,10000,7,118,1,8,10,4,1,1,1,1,4,2,21,21,249,6022,33.12693107,-97.44992677,,,,,HILLTOP TRL,497,,,,,,,,,,,,,,Y,N,Y,5,1,Y,SAT,,,,,,,,,,,,,,,,,,,,,,,,,,,,,,,,,,,,,,,,,,,,,,,,,,,,,,,,0,0,0,1,0,0,0,282,,,
13103559,N,N,N,N,N,N,N,1/6/2013,11:59 PM,A13-641,,108,295,N,Y,,,2,83,,2,1500,E,NOT REPORTED,,N,N,55,N,N,,N,19,,,,700,S,STEWART,RD,,,,,,,11,4,0,3,1,1,20,11:59 PM,ON SCENE,11:59 PM,1/6/2013,Y,TX1081000,1791,,,,8,7,4,1,62,54,2,2,2,21,21,108,295,26.21234221,-98.3059196,BU,83,S,8.458,BU0083S,1283,39,3,2.818,506,0.472,,,,,,,,,Y,Y,N,2,7,Y,SUN,2,0,0,8,0,2,4,100,84,68,4,1,2,1,0,0,2,8,5,0,0,4,14,10668,2014,10668,1.3,0.2,1.5,1,42,6,2,0,,,,,,,,,,,,,,,,,,,,,,0,1,0,0,0,1,0,230,,,
13103737,N,N,N,N,N,N,N,1/15/2013,8:49 AM,C13-01415,,105,1670,Y,Y,,,2,290,,1,,,U S HIGHWAY 290,,N,N,65,N,N,,Y,19,,,1,,,HAYS COUNTRY ACRES,,,,,,,,12,1,2,3,1,1,8,8:55 AM,HAYS COUNTY COMMUNIC,9:09 AM,1/15/2013,Y,TX1050000,1428,,,51,8,2,1,10,64,54,1,2,1,21,21,105,1670,30.19393849,-98.04353918,US,290,,98.595,US0290,,113,7,12.234,558,0.233,RM,12,,RM0012,,,,,Y,Y,Y,5,0,Y,TUE,2,0,6,6,0,2,4,160,74,62,4,0,0,2,6,5,2,6,5,0,0,1,2,20860,2014,20860,2.4,1.5,3.9,1,215,1,1,11,,,,,,,,,,,,,,,,,,,,,,0,0,0,2,0,0,0,90,,,
13103768,N,N,N,Y,N,N,N,1/11/2013,4:00 PM,1300000945,,61,364,N,Y,,,19,,,1,500,,HENRIETTA CREEK,RD,N,N,30,N,N,,N,2,377,,1,600,S,FRONT,ST,,,,,,,11,1,0,,1,1,20,4:00 PM,DISPATCHED,4:03 PM,1/12/2013,Y,TX0612900,2025,,73,189,8,7,2,2,36,3,1,5,2,17,21,61,364,32.99308041,-97.23404804,,,,,HENRIETTA CREEK RD,,,,,,,US,377,,US0377,,,,,Y,N,N,5,4,Y,FRI,,,,,,,,,,,,,,,,,,,,,,,,,,,,,,,,,,,,,,,,,,,,,,,,,,,,,,,,0,0,0,1,0,0,0,282,,,
13103785,N,N,N,N,N,N,N,1/1/2013,9:08 AM,2013-00000039,,105,239,N,Y,,,19,,,1,1700,N,BURLESON,ST,N,N,0,N,N,,N,1,35,,2,21000,S,NOT REPORTED,,,,,,,,12,1,3,,1,2,1,9:10 AM,DISPATCHED,9:15 AM,1/1/2013,Y,TX1050700,1604,,,,8,7,4,1,33,54,2,1,2,21,21,105,239,30.00449826,-97.86610371,,,,,N BURLESON ST,1887,,,,,,,,,,,,,,Y,N,N,5,6,Y,TUE,,,,,,,,,,,,,,,,,,,,,,,,,,,,,,,,,,,,,,,,,,,,,,,,,,,,,,,,0,0,0,1,0,0,0,90,,,
13103906,N,N,N,N,N,N,N,1/26/2013,4:15 PM,201300562,,212,261,N,Y,32.46927,-95.38671,1,20,,4,,,NOT REPORTED,,N,N,75,N,N,INTERSTATE 20 WB 556 EXIT RAMP,N,2,69,,3,,S,MAIN,,,,,,,,12,1,98,2,2,2,20,4:15 PM,DISPATCH,4:15 PM,1/26/2013,N,TX2120200,1669,,,,8,10,4,1,1,3,4,1,2,21,21,212,1777,32.4684408,-95.38582404,IH,20,,555.023,IH0020,,495,4,12.412,556,0.245,,,,,,,,,Y,Y,Y,5,0,Y,SAT,5,0,6,10,44,2,4,300,80,48,4,0,0,2,12,5,2,20,5,2,32,1,1,31007,2014,31007,3.4,35.2,38.5,,,,,,,,,,,,,,,,,,,,,,,,,,,0,0,0,2,0,0,0,213,,,
13103934,N,N,N,N,N,N,N,1/21/2013,4:53 PM,2013-000822,,235,440,N,Y,,,8,77,,1,4400,N,NAVARRO,ST,N,N,40,N,N,,N,19,,,1,500,E,MOCKINGBIRD,LN,,,,,,,11,1,4,,1,1,5,4:54 PM,POLICE RADIO,4:59 PM,1/21/2013,Y,TX2350100,2366,,8,78,8,10,2,1,1,32,1,2,1,21,21,235,440,,,,,,,BU0077,,,,,,,,,,E MOCKINGBIRD LN,,,,,Y,Y,N,2,7,N,MON,,,,,,,,,,,,,,,,,,,,,,,,,,,,,,,,,,,,,,,,,,,,,,,,,,,,,,,,0,2,0,1,0,2,0,,,,
13104088,N,N,N,N,N,N,N,1/27/2013,3:25 PM,,,170,1735,Y,Y,30.24773,-95.56402,19,,,1,,,SENDERA RANCH,DR,N,N,35,N,N,,N,19,,,,,S,TRACE,DR,,,,,,,2,1,0,,4,2,12,3:31 PM,DPS COMMUNICATIONS,3:46 PM,1/27/2013,Y,,10000,17,52,1,8,10,4,1,1,54,1,5,2,21,21,170,1735,30.24773823,-95.56403674,,,,,SENDERA RANCH DR,2010,,,,,,,,,,,,,,Y,N,Y,2,0,Y,SUN,,,,,,,,,,,,,,,,,,,,,,,,,,,,,,,,,,,,,,,,,,,,,,,,,,,,,,,,0,1,0,0,0,1,0,15,,,
13104099,N,N,N,N,N,N,N,1/29/2013,5:29 PM,,,170,1735,Y,Y,30.11952,-95.44425,15,,,1,,,PRUITT,RD,N,N,35,N,N,,N,1,45,,,,,NOT REPORTED,,,,,,,,11,1,0,,1,1,20,5:34 PM,DPS HOUSTON,5:41 PM,1/29/2013,Y,,10000,3,52,1,8,2,3,34,64,13,1,4,1,32,21,170,1735,30.11947823,-95.44617146,,,,,PRUITT RD,375,,,,,,,,,,,,,,Y,N,Y,5,0,Y,TUE,,,,,,,,,,,,,,,,,,,,,,,,,,,,,,,,,,,,,,,,,,,,,,,,,,,,,,,,0,0,0,2,0,0,0,15,,,
13104272,N,N,N,N,N,N,N,1/25/2013,3:40 PM,,,108,1673,Y,Y,26.282,-98.10502,19,,,1,,,TEXAS,RD,N,N,30,N,N,,N,4,907,,,,,ALAMO,RD,,,,,,,11,1,0,,1,1,11,6:34 PM,WESLACO COMM.,6:43 PM,1/27/2013,Y,,10000,17,127,1,8,2,3,24,64,13,1,5,1,32,21,108,1673,26.28215518,-98.10625136,,,,,TEXAS RD,5319,,,,,,,,,,,,,,Y,N,Y,5,0,Y,FRI,,,,,,,,,,,,,,,,,,,,,,,,,,,,,,,,,,,,,,,,,,,,,,,,,,,,,,,,0,0,0,2,0,0,0,230,,,
13104884,N,N,N,N,N,N,N,1/25/2013,4:16 PM,13-2860,,152,270,N,Y,,,19,,,1,7400,,INDIANA,AVE,N,N,45,N,N,,N,19,,,1,3400,,74TH,ST,,,,,,,12,1,2,,1,1,20,4:16 PM,ON VIEW,4:16 PM,1/25/2013,Y,TX1520200,1706,,,,8,2,4,20,64,54,1,5,1,21,21,152,270,33.52656692,-101.8876915,,,,,INDIANA AVE,7404,,,,,,,,,,,,,,Y,N,N,3,8,Y,FRI,,,,,,,,,,,,,,,,,,,,,,,,,,,,,,,,,,,,,,,,,,,,,,,,,,,,,,,,0,0,2,4,0,2,0,122,,,
13104965,N,N,N,Y,N,Y,N,1/19/2013,1:54 PM,13MP002046,,70,292,N,Y,,,2,287,,1,4100,E,287,HWY,N,N,55,N,N,,N,19,,,1,2200,,PLAINVIEW,RD,,,,,,,11,1,4,2,1,1,5,1:55 PM,DISPATCHED,2:00 PM,1/20/2013,Y,TX0700500,1783,,8,34,8,2,2,22,64,38,1,2,1,21,21,70,292,32.46066863,-96.94249234,US,287,,466.405,US0287,4101,172,5,34.717,494,-0.327,,,,PLAINVIEW RD,,,,,Y,Y,N,1,5,Y,SAT,3,0,4,10,75,2,4,400,76,48,4,0,0,2,8,5,2,20,5,3,67,4,12,27977,2014,27977,4.7,12.7,17.4,,,,,,,,,,,,,,,,,,,,,,,,,,,1,2,0,2,0,3,0,282,,,
13104972,N,N,N,N,N,Y,N,1/4/2013,3:57 PM,20130005,201300142,37,221,N,Y,,,3,69,,1,1000,N,JACKSON,ST,N,N,55,N,N,STATE HIGHWAY,Y,19,,,1,1700,,QUEVADO,ST,,,,,LOCAL ROAD,,12,1,4,3,1,1,8,3:59 PM,DISPATCHED,4:00 PM,1/5/2013,Y,TX0370100,1527,,,33,8,2,1,10,64,54,1,2,1,21,21,37,221,31.99023432,-95.27367386,US,69,,160.214,US0069,41944,191,2,11.341,358,0.431,,,,N QUEVADO ST,,,,,Y,Y,N,3,5,Y,FRI,2,0,10,10,0,2,4,140,84,48,4,0,0,2,10,5,2,10,5,0,0,2,14,11469,2014,11469,1.5,2.7,4.2,,,,,,,,,,,,,,,,,,,,,,,,,,,0,0,3,2,0,3,0,,,,
13105052,N,N,N,N,N,N,N,1/24/2013,4:52 PM,2013-0000175,,226,378,N,Y,,,8,67,,1,4200,,SHERWOOD WAY,,N,N,45,N,N,,N,19,,,1,2700,,SOUTHWEST,BLVD,,,,,,,11,1,0,2,1,1,5,4:54 PM,DISPATCHED,5:10 PM,1/24/2013,Y,TX2260100,2067,,,,8,2,4,22,64,38,1,2,1,21,21,226,378,31.44149585,-100.4990618,US,67,,442.079,US0067,,77,6,4.785,674,0.415,,,,,,,,,Y,Y,N,5,7,Y,THU,5,0,6,10,60,2,4,420,80,48,4,0,0,2,12,5,2,20,5,2,48,3,12,31845,2014,31845,4.4,4.4,8.8,,,,,,,,,,,,,,,,,,,,,,,,,,,0,0,0,2,0,0,0,208,,,
13105259,N,N,N,N,N,N,N,1/15/2013,1:47 PM,13000097,,14,424,N,Y,,,19,,,1,600,S,11TH,ST,N,N,30,N,N,,Y,19,,,1,600,W,G,AVE,,,,,,,11,1,2,,1,1,8,1:47 PM,RADIO,1:55 PM,1/15/2013,Y,TX0140700,2221,,,226,8,2,1,10,64,54,1,5,1,21,21,14,424,31.0923046,-97.34926252,,,,,S 11TH ST,600,,,,,,,,,UNKNOWN,,,,,Y,N,N,3,7,Y,TUE,,,,,,,,,,,,,,,,,,,,,,,,,,,,,,,,,,,,,,,,,,,,,,,,,,,,,,,,0,0,1,3,0,1,0,277,,,
13105301,N,N,N,N,N,N,N,1/16/2013,5:40 PM,130132PD,188,79,409,N,Y,,,2,59,,1,12800,,SOUTHWEST,FWY,N,N,65,N,N,SMOOTH FLAT DRY,N,19,,,1,4900,,TECHNIPLEX,DR,,,,,SMOOTH FLAT DRY,,12,1,0,,1,1,20,5:46 PM,RADIO DISPATCHED,5:52 PM,1/16/2013,Y,TX0790400,2173,,,35,8,7,4,1,58,30,1,2,4,21,21,79,409,29.63381063,-95.58653343,,,,,SOUTHWEST FWY,12808,,,,,,,,,,,,,,Y,N,N,5,5,Y,WED,,,,,,,,,,,,,,,,,,,,,,,,,,,,,,,,,,,,,,,,,,,,,,,,,,,,,,,,0,0,0,2,0,0,0,15,,,
13105415,N,N,N,N,N,N,N,1/23/2013,6:45 AM,130010238,0,101,208,N,Y,,,12,,,1,7100,E,SAM HOUSTON,PKWY,N,Y,65,N,N,,N,3,3,,,,,OLD GALVESTON,RD,,,,,,,5,3,3,1,3,2,11,6:46 AM,DISPATCHED,6:46 AM,1/23/2013,Y,TX1015300,2747,61,88,229,8,2,4,20,64,42,3,2,1,21,21,101,208,29.61623952,-95.19202471,SL,8,,75.778,SL0008,,3256,3,24.271,756,0.835,,,,,,,,,Y,Y,N,3,9,Y,WED,1,0,0,0,0,9,3,300,36,36,5,1,1,1,0,0,1,0,0,0,0,4,14,32199,2014,32199,1.8,1.4,3.2,1,190,1,1,9,,,,,,,,,,,,,,,,,,,,,,0,0,3,0,0,3,0,15,,,
13105651,N,N,N,N,N,N,N,1/30/2013,9:50 AM,P130300231,,79,1644,Y,Y,,,4,359,,1,2000,,NOT REPORTED,,N,N,55,N,N,,N,19,,,,3000,,PLANTATION,DR,,,,,,,11,1,0,2,1,1,20,9:52 AM,DISPATCH,10:03 AM,2/1/2013,Y,TX0790000,1312,,,35,8,2,2,22,64,38,1,3,1,21,21,79,1644,29.62335326,-95.74360236,FM,359,,44.685,FM0359,,543,2,23.236,492,-0.385,,,,PLANTATION DR,,,,,Y,Y,Y,5,0,Y,WED,3,0,0,0,10,2,4,100,48,48,5,1,2,1,0,0,1,0,0,3,10,4,17,15360,2014,15360,10.6,12.8,23.4,,,,,,,,,,,,,,,,,,,,,,,,,,,0,0,0,2,0,0,0,15,,,
13105824,N,N,N,N,N,N,N,2/1/2013,4:51 PM,26134A,,57,107,N,Y,,,19,,,1,2800,,MCKINNON,ST,N,N,35,N,N,,Y,19,,,1,2100,,RANDALL,ST,,,,,,,11,1,4,,1,1,8,4:54 PM,DISPATCH,4:59 PM,2/1/2013,Y,tx0000006,2471,,,71,8,2,1,10,64,54,1,5,1,21,21,57,107,32.79541425,-96.80858257,,,,,MCKINNON ST,2900,,,,,,,,,RANDALL ST,,,,,Y,N,N,5,9,Y,FRI,,,,,,,,,,,,,,,,,,,,,,,,,,,,,,,,,,,,,,,,,,,,,,,,,,,,,,,,0,0,0,2,0,0,0,282,,,
13105954,N,N,N,N,N,N,N,2/1/2013,11:48 PM,SAPD13024528,2120,15,379,N,Y,,,19,,,1,100,E,PECAN,ST,N,N,35,N,N,,Y,19,,,1,400,,SOLEDAD,,,,,,,,11,4,98,,1,1,5,11:48 PM,FLAGGED DOWN,11:49 PM,2/2/2013,Y,TXSPD0000,2473,,3,122,8,2,1,24,64,3,1,5,1,21,21,15,379,29.42861496,-98.49330231,,,,,W PECAN ST,100,,,,,,,,,SOLEDAD ST,,,,,Y,N,N,3,9,Y,FRI,,,,,,,,,,,,,,,,,,,,,,,,,,,,,,,,,,,,,,,,,,,,,,,,,,,,,,,,0,0,1,1,0,1,0,28,,,
13106105,N,N,N,N,N,N,N,1/31/2013,6:30 PM,SAPD13023562,7230,15,379,N,Y,,,19,,,1,13000,,NW MILITARY HWY,,N,N,35,N,N,FLAT/STRAIGHT,Y,19,,,1,13000,,WURZBACH,,,,,,FLAT/STRAIGHT,,11,4,0,1,1,1,9,6:30 PM,DISPATCHED,6:30 PM,1/31/2013,Y,TXSPD0000,2473,,61,123,8,2,2,20,64,42,1,3,1,21,21,15,379,29.55747795,-98.53504944,FM,1535,,5.219,FM1535,,658,1,6.224,492,-0.787,PA,1502,,PA1502,,1502,3,23.315,Y,Y,N,3,9,Y,THU,2,0,0,0,0,2,3,180,61,61,4,1,2,1,0,0,1,0,0,0,0,4,14,19755,2014,19755,5.9,2.7,8.6,,,,,,,,,,,,,,,,,,,,,,,,,,,0,0,1,1,0,1,0,28,,,
13106130,N,N,N,N,N,N,N,2/1/2013,6:30 PM,0013290613H,,101,208,N,Y,,,19,,,1,8900,,CLEARWOOD,,N,N,40,N,N,TWO WAY DIVIDED,Y,19,,,1,9500,,EDGEBROOK,DR,,,,,,,11,4,2,,1,1,8,6:49 PM,DISPATCH,6:55 PM,2/1/2013,Y,TXHPD0000,2469,16,104,17,8,2,1,10,64,54,1,5,1,21,21,101,208,29.63956482,-95.24512313,,,,,CLEARWOOD DR,,,,,,,,,,EDGEBROOK ST,,,,,Y,N,N,5,9,Y,FRI,,,,,,,,,,,,,,,,,,,,,,,,,,,,,,,,,,,,,,,,,,,,,,,,,,,,,,,,0,0,0,3,0,0,0,15,,,
13106190,N,N,N,N,N,N,N,2/1/2013,9:25 PM,SAPD13024467,7160,15,379,N,Y,,,3,410,,4,3900,,410,LOOP,N,N,65,N,N,NW LOOP 410,N,19,,,,1500,,BABCOCK,RD,,,,,,,11,4,0,2,2,1,1,10:13 PM,DISPATCH,10:23 PM,2/1/2013,Y,TXSPD0000,2473,,61,123,8,2,2,22,64,42,4,1,1,21,21,15,379,29.48808201,-98.58415038,IH,410,,14.148,IH0410,,521,4,14.192,14,-0.006,,,,BABCOCK RD,,,,,Y,Y,N,3,9,Y,FRI,5,0,10,10,23,2,6,300,112,72,4,0,0,2,20,5,2,20,5,2,3,4,11,154098,2014,154098,2.9,1.9,4.7,1,648,0,2,25,,,,,,,,,,,,,,,,,,,,,,0,0,1,0,1,1,0,28,,,
13106271,N,N,N,N,N,N,N,1/6/2013,10:51 PM,SAPD13004399,5250,15,379,N,Y,,,19,,,1,5700,,HEMPHILL,ST,N,N,40,N,N,,Y,19,,,1,200,,DARWIN,ST,,,,,,,11,4,2,,1,1,8,10:51 PM,DISPATCH,10:55 PM,1/6/2013,N,TXSPD0000,2473,,19,148,8,7,4,1,30,3,1,5,2,21,21,15,379,29.45621496,-98.59854229,,,,,HEMPHILL ST,5698,,,,,,,,,,,,,,Y,N,N,0,9,Y,SUN,,,,,,,,,,,,,,,,,,,,,,,,,,,,,,,,,,,,,,,,,,,,,,,,,,,,,,,,0,0,0,0,1,0,0,28,,,
13106272,N,N,N,N,N,N,N,1/25/2013,9:50 PM,0010258913G,,101,208,N,Y,,,19,,,1,14800,,WESTHEIMER,RD,N,N,40,N,N,,Y,19,,,1,2400,,BARKER OAKS,DR,,,,,,,11,4,0,2,1,1,1,10:10 PM,DISPATCHED,10:12 PM,2/2/2013,Y,TXHPD0000,2469,51,128,21,8,2,1,34,64,54,1,3,1,21,21,101,208,29.7354651,-95.64832747,FM,1093,,42.949,FM1093,14800,1258,4,2.806,670,0.865,SH,6,,SH0006,,,,,Y,Y,N,2,9,Y,FRI,3,0,0,0,15,9,6,120,76,76,5,1,1,1,0,0,1,0,0,1,15,4,14,28827,2014,28827,11.5,33.5,44.9,1,371,2,2,0,,,,,,,,,,,,,,,,,,,,,,0,2,0,1,0,2,0,15,,,
13106360,N,N,N,N,N,N,N,1/30/2013,1:48 PM,SAPD13022563,,15,379,N,Y,,,19,,,1,1200,,NOGALITOS,,N,N,-1,N,N,,Y,19,,,1,500,,CASS,,,,,,,,11,1,0,3,1,1,8,1:50 PM,DISPATCHER,2:00 PM,1/30/2013,Y,TXSPD0000,2473,,109,138,8,2,1,14,64,21,1,2,1,21,21,15,379,29.40079294,-98.51145929,SL,353,,0,SL0353,,17,1,18.876,502,-0.001,,,,CASS AVE,,,,,Y,Y,N,5,9,Y,WED,2,0,0,0,0,2,4,80,50,50,4,1,1,1,0,0,1,0,0,0,0,4,14,13783,2014,13783,9,22.8,31.8,,,,,,,,,,,,,,,,,,,,,,,,,,,0,0,0,3,0,0,0,28,,,
13106410,N,N,N,N,N,N,N,2/3/2013,2:45 AM,27503A,,57,107,N,Y,,,19,,,1,2400,,RENTZEL,ST,N,N,30,N,N,,N,19,,,,10700,,FINNELL,ST,,,,,,,11,4,0,,1,1,20,2:45 AM,DISPATCHED,3:11 AM,2/3/2013,Y,TX0000006,2471,,,71,8,1,4,4,33,54,1,5,1,21,21,57,107,32.87108424,-96.89439863,,,,,RENTZEL ST,2432,,,,,,,,,,,,,,Y,N,N,3,9,Y,SUN,,,,,,,,,,,,,,,,,,,,,,,,,,,,,,,,,,,,,,,,,,,,,,,,,,,,,,,,0,0,1,1,0,1,0,282,,,
13106458,N,N,N,N,N,N,N,1/26/2013,6:42 PM,,,10,1575,Y,Y,29.68399999,-98.97565,15,,,1,,,ENGLISH CROSSING,RD,N,N,30,N,N,,N,15,,,,,,COMANCHE PATH,,,,,,,,11,3,0,,5,1,1,6:43 PM,BANDERA COUNTY S.O.,6:57 PM,1/26/2013,Y,,10000,15,92,1,8,7,4,1,33,29,1,4,2,21,21,10,1575,29.6897888,-98.98700754,,,,,ENGLISH CROSSING RD,2856,,,,,,,,,,,,,,Y,N,Y,5,0,Y,SAT,,,,,,,,,,,,,,,,,,,,,,,,,,,,,,,,,,,,,,,,,,,,,,,,,,,,,,,,0,0,0,1,0,0,0,,,,
13106533,N,N,N,N,N,N,N,2/1/2013,6:45 PM,0013381313E,,101,208,N,Y,,,1,610,,2,5000,S,SOUTH LP E SER S,,N,N,35,N,N,CONCRETE,N,19,,,,7500,,CALHOUN,RD,,,,,,,11,3,0,,1,1,20,9:50 PM,DISPATCHED,10:07 PM,2/2/2013,Y,TXHPD0000,2469,18,104,49,8,2,1,13,64,54,2,1,1,21,21,101,208,,,IH,610,,,IH0610,,,,,,,,,,CALHOUN RD,,,,,Y,Y,N,5,9,N,FRI,,,,,,,,,,,,,,,,,,,,,,,,,,,,,,,,,,,,,,,,,,,,,,,,,,,,,,,,0,0,0,2,0,0,0,,,,
13106591,N,N,N,N,N,N,N,1/23/2013,9:47 AM,13-7195,,220,156,N,Y,32.65329,-97.30861,19,,,1,800,,ALTAMESA,BLVD,N,N,50,N,N,,N,19,,,,6600,,HEMPHILL,ST,,,,,,,11,1,98,,1,1,20,9:48 AM,DISPATCHED,10:01 AM,1/23/2013,N,TX2201200,1318,885,11,120,8,7,4,1,29,35,1,5,4,21,21,220,156,32.65008217,-97.33205418,,,,,ALTAMESA BLVD,,,,,,,,,,,,,,,Y,N,N,5,9,Y,WED,,,,,,,,,,,,,,,,,,,,,,,,,,,,,,,,,,,,,,,,,,,,,,,,,,,,,,,,0,0,0,2,1,0,0,282,,,
13106812,N,N,N,N,N,N,N,2/1/2013,5:23 PM,2013014216,,57,67,N,Y,,,19,,,1,2300,E,BELTLINE,RD,N,N,40,N,N,,N,19,,,,1000,,KELLL,BLVD,,,,,,,11,1,2,,1,1,1,5:23 PM,DROVE UP ON CRASH,5:23 PM,2/2/2013,Y,TX0570400,214,,,170,8,2,4,20,64,47,1,5,1,21,21,57,67,32.9536076,-96.87419589,,,,,E BELT LINE RD,2430,,,,,,,,,,,,,,Y,N,N,5,8,Y,FRI,,,,,,,,,,,,,,,,,,,,,,,,,,,,,,,,,,,,,,,,,,,,,,,,,,,,,,,,0,0,0,2,0,0,0,282,,,