Crash_ID,Crash_Fatal_Fl,Cmv_Involv_Fl,Schl_Bus_Fl,Rr_Relat_Fl,Medical_Advisory_Fl,Amend_Supp_Fl,Active_School_Zone_Fl,Crash_Date,Crash_Time,Case_ID,Local_Use,Rpt_CRIS_Cnty_ID,Rpt_City_ID,Rpt_Outside_City_Limit_Fl,Thousand_Damage_Fl,Rpt_Latitude,Rpt_Longitude,Rpt_Rdwy_Sys_ID,Rpt_Hwy_Num,Rpt_Hwy_Sfx,Rpt_Road_Part_ID,Rpt_Block_Num,Rpt_Street_Pfx,Rpt_Street_Name,Rpt_Street_Sfx,Private_Dr_Fl,Toll_Road_Fl,Crash_Speed_Limit,Road_Constr_Zone_Fl,Road_Constr_Zone_Wrkr_Fl,Rpt_Street_Desc,At_Intrsct_Fl,Rpt_Sec_Rdwy_Sys_ID,Rpt_Sec_Hwy_Num,Rpt_Sec_Hwy_Sfx,Rpt_Sec_Road_Part_ID,Rpt_Sec_Block_Num,Rpt_Sec_Street_Pfx,Rpt_Sec_Street_Name,Rpt_Sec_Street_Sfx,Rpt_Ref_Mark_Offset_Amt,Rpt_Ref_Mark_Dist_Uom,Rpt_Ref_Mark_Dir,Rpt_Ref_Mark_Nbr,Rpt_Sec_Street_Desc,Rpt_CrossingNumber,Wthr_Cond_ID,Light_Cond_ID,Entr_Road_ID,Road_Type_ID,Road_Algn_ID,Surf_Cond_ID,Traffic_Cntl_ID,Investigat_Notify_Time,Investigat_Notify_Meth,Investigat_Arrv_Time,Report_Date,Investigat_Comp_Fl,ORI_Number,Investigat_Agency_ID,Investigat_Area_ID,Investigat_District_ID,Investigat_Region_ID,Bridge_Detail_ID,Harm_Evnt_ID,Intrsct_Relat_ID,FHE_Collsn_ID,Obj_Struck_ID,Othr_Factr_ID,Road_Part_Adj_ID,Road_Cls_ID,Road_Relat_ID,Phys_Featr_1_ID,Phys_Featr_2_ID,Cnty_ID,City_ID,Latitude,Longitude,Hwy_Sys,Hwy_Nbr,Hwy_Sfx,Dfo,Street_Name,Street_Nbr,Control,Section,Milepoint,Ref_Mark_Nbr,Ref_Mark_Displ,Hwy_Sys_2,Hwy_Nbr_2,Hwy_Sfx_2,Street_Name_2,Street_Nbr_2,Control_2,Section_2,Milepoint_2,Txdot_Rptable_Fl,Onsys_Fl,Rural_Fl,Crash_Sev_ID,Pop_Group_ID,Located_Fl,Day_of_Week,Hwy_Dsgn_Lane_ID,Hwy_Dsgn_Hrt_ID,Hp_Shldr_Left,Hp_Shldr_Right,Hp_Median_Width,Base_Type_ID,Nbr_Of_Lane,Row_Width_Usual,Roadbed_Width,Surf_Width,Surf_Type_ID,Curb_Type_Left_ID,Curb_Type_Right_ID,Shldr_Type_Left_ID,Shldr_Width_Left,Shldr_Use_Left_ID,Shldr_Type_Right_ID,Shldr_Width_Right,Shldr_Use_Right_ID,Median_Type_ID,Median_Width,Rural_Urban_Type_ID,Func_Sys_ID,Adt_Curnt_Amt,Adt_Curnt_Year,Adt_Adj_Curnt_Amt,Pct_Single_Trk_Adt,Pct_Combo_Trk_Adt,Trk_Aadt_Pct,Curve_Type_ID,Curve_Lngth,Cd_Degr,Delta_Left_Right_ID,Dd_Degr,Feature_Crossed,Structure_Number,I_R_Min_Vert_Clear,Approach_Width,Bridge_Median_ID,Bridge_Loading_Type_ID,Bridge_Loading_In_1000_Lbs,Bridge_Srvc_Type_On_ID,Bridge_Srvc_Type_Under_ID,Culvert_Type_ID,Roadway_Width,Deck_Width,Bridge_Dir_Of_Traffic_ID,Bridge_Rte_Struct_Func_ID,Bridge_IR_Struct_Func_ID,CrossingNumber,RRCo,Poscrossing_ID,WDCode_ID,Standstop,Yield,Incap_Injry_Cnt,Nonincap_Injry_Cnt,Poss_Injry_Cnt,Non_Injry_Cnt,Unkn_Injry_Cnt,Tot_Injry_Cnt,Death_Cnt,MPO_ID,Investigat_Service_ID,Investigat_DA_ID,Investigator_Narrative
13106831,N,N,N,N,N,N,N,1/6/2013,12:30 PM,,,170,1735,Y,Y,30.22308,-95.68042,4,1488,,1,,,NOT REPORTED,,N,N,50,N,N,,N,14,149,,,,,NOT REPORTED,,,,,,,,12,1,4,1,1,1,5,12:40 PM,MCSO COMM CONROE,12:44 PM,1/7/2013,N,,10000,17,52,1,8,2,2,22,64,38,1,3,1,21,21,170,1735,30.22792754,-95.69197199,FM,1488,,26.813,FM1488,14510,523,9,7.502,666,-0.152,FM,149,,FM0149,,,,,Y,Y,Y,5,0,Y,SUN,2,0,8,8,0,2,2,100,40,24,4,0,0,2,8,5,2,8,5,0,0,1,6,12395,2014,12395,6.8,2.3,9.1,1,347,2,2,36,,,,,,,,,,,,,,,,,,,,,,0,0,0,6,0,0,0,15,,,
13106908,N,N,N,N,N,N,N,1/18/2013,4:00 PM,,,79,1644,Y,Y,29.54922,-95.74895,4,762,,1,,,NOT REPORTED,,N,N,45,N,N,,N,15,,,,,,BRAZOS TOWN CENTER,,,,,,,,11,1,4,,1,1,11,4:18 PM,DPS-PIERCE,4:21 PM,1/18/2013,Y,,10000,16,52,1,8,2,3,34,64,13,1,3,1,32,21,79,1644,29.54603782,-95.74603468,,,,,THOMPSON RD,3829,,,,,,,,,,,,,,Y,N,Y,3,0,Y,FRI,,,,,,,,,,,,,,,,,,,,,,,,,,,,,,,,,,,,,,,,,,,,,,,,,,,,,,,,0,0,4,3,0,4,0,15,,,
13106975,N,N,N,N,N,N,N,1/25/2013,2:43 PM,13-00553,,15,257,N,N,,,4,471,,7,6400,,GRISSOM,RD,N,N,45,Y,Y,,N,19,,,1,100,,SHADOW MIST,RD,,,,,,,11,1,4,3,1,1,17,2:43 PM,DISPATCH,2:53 PM,1/25/2013,Y,TX0151000,1654,,,139,8,2,4,30,64,50,1,3,1,20,21,15,379,29.48378927,-98.62922518,FM,471,,1.046,FM0471,5414,849,1,0.993,494,0.115,,,,,,,,,Y,Y,N,3,9,Y,FRI,2,0,0,0,0,2,4,120,69,58,4,1,2,1,0,0,1,0,0,0,0,4,14,25683,2014,25683,5.9,2.7,8.6,,,,,,,,,,,,,,,,,,,,,,,,,,,0,0,1,1,0,1,0,28,,,
13107044,N,N,N,N,N,N,N,1/21/2013,11:26 AM,13-000247,13-0048,126,59,N,Y,,,1,35W,,2,905,S,BURLESON,BLVD,N,N,50,N,N,,Y,19,,,1,300,E,HIDDEN CREEK,,,,,,,,11,1,2,2,1,1,20,11:26 AM,DISPATCHED,11:36 AM,1/21/2013,Y,TX1260200,185,,,,8,2,1,23,64,54,2,1,1,21,21,126,59,32.52556104,-97.30891059,IH,35,W,35.412,IH0035W,,14,3,20.936,35,0.425,FM,3391,,FM3391,,,,,Y,Y,N,5,6,Y,MON,5,0,4,10,40,3,4,350,80,48,6,0,0,2,10,5,2,20,5,2,30,4,11,40216,2014,40216,3.4,26.6,30,1,250,1,2,13,,,,,,,,,,,,,,,,,,,,,,0,0,0,6,0,0,0,282,,,
13107177,N,N,N,N,N,N,N,1/24/2013,7:45 AM,130004366,,220,19,N,Y,,,1,20,,2,900,E,NOT REPORTED,FWY,N,N,40,N,N,EB-SERVICE RD,N,19,,,,4200,S,COLLINS,ST,,,,,,,11,1,0,2,1,1,1,7:49 AM,DISPATCHED,7:53 AM,1/24/2013,Y,TX2200100,59,,8,190,8,2,3,10,64,54,2,1,1,32,21,220,19,32.6754869,-97.13462142,IH,20,,448.158,IH0020,,2374,5,7.222,449,0.041,,,,,,,,,Y,Y,N,5,9,Y,THU,5,0,12,12,0,3,13,400,222,158,6,0,0,2,32,5,2,32,5,2,32,4,11,92547,2014,92547,2.3,6.3,8.5,,,,,,,,,,,,,,,,,,,,,,,,,,,0,0,0,2,0,0,0,282,,,
13107199,N,N,N,N,N,N,N,1/17/2013,8:45 AM,,,7,1572,Y,Y,29.17441,-98.58694,19,,,1,,,CHARM,DR,N,N,70,N,N,,Y,19,,,1,,,WILD BEE,DR,,,,,,,11,1,2,,1,10,1,9:06 AM,ATASCOSA CO. DISPATC,9:40 AM,1/17/2013,Y,,10000,1,92,1,8,2,2,46,64,3,1,4,1,21,21,7,1572,29.17438502,-98.5869323,,,,,CHARM DR,122,,,,,,,,,WILD BEE DR,,,,,Y,N,Y,5,0,Y,THU,,,,,,,,,,,,,,,,,,,,,,,,,,,,,,,,,,,,,,,,,,,,,,,,,,,,,,,,0,0,0,2,0,0,0,28,,,
13107243,N,N,N,N,N,N,N,1/22/2013,4:59 PM,,,46,1611,Y,Y,29.94422,-98.35052999,4,306,,1,,,NOT REPORTED,,N,N,60,N,N,,N,15,,,,,,MYSTIC CANYON,,,,,,,,11,1,0,1,3,1,12,5:02 PM,DPS SAN ANTONIO,5:35 PM,1/22/2013,Y,TX0000460,10000,3,92,1,8,6,4,1,64,54,1,3,1,21,21,46,1611,29.94415559,-98.34795256,FM,306,,3.878,FM0306,26867,3106,1,6.448,498,-0.231,,,,,,,,,Y,Y,Y,5,0,Y,TUE,2,0,1,1,0,2,2,120,26,24,4,0,0,3,1,5,3,1,5,0,0,1,2,5496,2014,5496,3.6,0.9,4.5,,,,,,,,,,,,,,,,,,,,,,,,,,,0,0,0,1,0,0,0,28,,,
13107272,N,N,N,N,N,N,N,1/8/2013,12:33 PM,2013-010011,,71,16,N,N,,,4,1905,,1,700,S,FRANKLIN,ST,N,N,30,N,N,,N,19,,,1,400,,8TH,ST,,,,,,,11,1,0,,1,1,20,12:33 PM,DISPATCHED,12:35 PM,1/8/2013,Y,TX0710100,47,,,,8,2,3,20,64,47,1,3,1,32,21,71,16,,,FM,1905,,,FM1905,,,,,,,,,,,,,,,Y,Y,N,3,4,N,TUE,,,,,,,,,,,,,,,,,,,,,,,,,,,,,,,,,,,,,,,,,,,,,,,,,,,,,,,,0,0,1,1,0,1,0,,,,
13108073,N,N,N,N,N,N,N,1/27/2013,10:39 AM,2013-4662,,108,132,N,Y,,,19,,,1,1122,N,5TH,AVE,N,N,30,N,N,,N,19,,,,700,W,GARDNER,ST,,,,,,,11,1,0,,1,1,1,10:39 AM,DISPATCHED,10:50 AM,1/28/2013,N,TX1080400,1248,,,35,8,7,4,1,30,54,1,5,2,21,21,108,132,26.31236004,-98.16726149,,,,,N 5TH AVE,1122,,,,,,,,,,,,,,Y,N,N,0,7,Y,SUN,,,,,,,,,,,,,,,,,,,,,,,,,,,,,,,,,,,,,,,,,,,,,,,,,,,,,,,,0,0,0,0,1,0,0,230,,,
13108172,N,N,N,N,N,N,N,2/3/2013,3:03 AM,SAPD13025426,3240,15,379,N,Y,,,19,,,1,14000,,NACOGDOCHES,RD,N,N,45,N,N,,N,19,,,,5300,,CATTLE MAN,,,,,,,,11,4,0,3,1,1,20,3:05 AM,DISPATCHED,3:05 AM,2/3/2013,Y,TXSPD0000,2473,,29,131,8,7,4,1,20,3,1,3,2,21,21,15,379,29.56969716,-98.3831828,FM,2252,,9.827,FM2252,14114,1433,1,14.247,494,0.333,,,,,,,,,Y,Y,N,5,9,Y,SUN,2,0,0,0,0,3,4,100,60,60,4,1,1,1,0,0,1,0,0,0,0,4,14,17188,2014,17188,2.9,1.5,4.4,,,,,,,,,,,,,,,,,,,,,,,,,,,0,0,0,1,0,0,0,28,,,
13108230,N,N,N,N,N,N,N,2/2/2013,4:00 PM,SAPD13025012,7110,15,379,N,Y,,,19,,,1,8700,,NEW GUILBEAU,,N,N,35,N,N,,Y,19,,,1,8200,,OLDE VILLAGE,DR,,,,,,,11,1,2,,3,1,20,4:15 PM,DISPATCHED,4:30 PM,2/2/2013,Y,TXSPD0000,2473,,61,123,8,2,2,22,64,47,1,5,1,21,21,15,379,,,,,,,NEW GUILBEAU,,,,,,,,,,OLDE VILLAGE DR,,,,,Y,N,N,3,9,N,SAT,,,,,,,,,,,,,,,,,,,,,,,,,,,,,,,,,,,,,,,,,,,,,,,,,,,,,,,,0,0,1,1,0,1,0,,,,
13108265,N,N,N,N,N,N,N,1/28/2013,6:48 PM,2013-BCSO-004045,D30,15,379,N,Y,29.46555,-98.72989,19,,,1,2500,,COTTONWOOD WAY,,N,N,30,N,N,,N,19,,,,12000,,WISEMAN,,,,,,,,12,4,0,,1,1,5,6:48 PM,DISPATCHED,6:55 PM,1/28/2013,Y,TX0150000,120,,,148,8,2,1,36,64,3,1,5,1,21,21,15,1580,29.46195826,-98.72994706,,,,,COTTONWOOD WAY,,,,,,,,,,WISEMAN BLVD,,,,,Y,N,Y,5,0,Y,MON,,,,,,,,,,,,,,,,,,,,,,,,,,,,,,,,,,,,,,,,,,,,,,,,,,,,,,,,0,0,0,3,0,0,0,28,,,
13108379,N,Y,N,N,N,N,N,1/12/2013,5:48 PM,12 HUSBANDS,,102,1667,Y,Y,32.47548,-94.57985,4,450,,1,,,NOT REPORTED,,N,N,55,N,N,,N,15,3400,,,,,JOY,LN,,,,,,,12,5,0,1,1,2,12,5:48 PM,IN PERSON,5:48 PM,1/12/2013,Y,TXDPS3100,10000,8,28,1,8,7,3,2,20,13,1,3,2,32,21,102,1667,32.47547904,-94.57971708,FM,450,,28.913,FM0450,,843,6,25.883,288,-0.349,,,,,,,,,Y,Y,Y,5,0,Y,SAT,2,0,4,4,0,2,2,100,32,24,2,0,0,5,4,5,5,4,5,0,0,1,7,5495,2014,5495,3.3,10.2,13.5,,,,,,,,,,,,,,,,,,,,,,,,,,,0,0,0,1,0,0,0,,,,
13108426,N,N,N,N,N,N,N,1/15/2013,6:00 AM,,,70,1636,Y,Y,32.37715,-96.89118,4,1446,,1,,,NOT REPORTED,,N,N,55,N,N,,N,15,,,,,,LONE ELM,RD,,,,,,,3,3,0,1,4,6,12,6:15 AM,ELLIS COUNTY S.O,7:20 AM,1/24/2013,Y,TXDPS6408,10000,1,107,1,8,7,4,1,33,1,1,3,2,21,21,70,1636,32.37882891,-96.87566181,FM,1446,,6.689,FM1446,1455,1160,2,6.682,578,0.112,,,,,,,,,Y,Y,Y,5,0,Y,TUE,2,0,0,0,0,2,2,80,20,20,4,0,0,1,0,0,1,0,0,0,0,1,7,2322,2014,2322,2.8,3.6,6.4,,,,,,,,,,,,,,,,,,,,,,,,,,,0,0,0,1,0,0,0,282,,,
13108675,N,N,N,N,N,Y,N,2/5/2013,1:55 AM,29031A,,57,107,N,Y,,,19,,,1,6000,,VICKERY,BLVD,N,N,30,N,N,,N,19,,,,,,CONCHO,ST,,,,,,,5,4,0,,1,1,1,2:00 AM,DISPATCHED,2:13 AM,2/21/2013,Y,TX0000006,2471,,,71,8,4,4,1,64,54,1,5,1,21,21,57,107,32.82291971,-96.7631833,,,,,VICKERY BLVD,6023,,,,,,,,,,,,,,Y,N,N,0,9,Y,TUE,,,,,,,,,,,,,,,,,,,,,,,,,,,,,,,,,,,,,,,,,,,,,,,,,,,,,,,,0,0,0,0,1,0,0,282,,,
13108743,N,N,N,N,N,N,N,2/4/2013,6:15 AM,0014345213X,,101,208,N,Y,,,19,,,1,10700,W,BELLFORT,ST,N,N,35,N,N,DRY CONCRETE,N,19,,,,11500,,WILCREST,DR,,,,,,,12,4,0,,1,1,20,6:41 AM,DISPATCH,6:53 AM,2/4/2013,Y,TXHPD0000,2469,14,128,39,8,2,3,34,20,13,1,5,1,32,21,101,208,29.65527492,-95.57044504,,,,,W BELLFORT ST,,,,,,,,,,,,,,,Y,N,N,3,9,Y,MON,,,,,,,,,,,,,,,,,,,,,,,,,,,,,,,,,,,,,,,,,,,,,,,,,,,,,,,,0,0,2,0,0,2,0,15,,,
13108866,N,N,N,N,N,N,N,1/23/2013,5:14 PM,130010507,0,101,1666,Y,Y,,,19,,,1,130,,DELLDALE,,N,N,30,Y,Y,,N,15,,,,,,MARKET,,,,,,,,12,1,0,,1,1,4,5:16 PM,DISPATCHED,5:19 PM,1/23/2013,Y,TX1010000,1419,55,33,5,8,1,4,1,64,50,1,4,1,20,21,101,1666,29.77453132,-95.13844315,,,,,DELL DALE AVE,,,,,,,,,,,,,,,Y,N,Y,1,0,Y,WED,,,,,,,,,,,,,,,,,,,,,,,,,,,,,,,,,,,,,,,,,,,,,,,,,,,,,,,,1,0,0,1,0,1,0,15,,,
13108985,N,N,N,N,N,N,N,1/15/2013,4:10 PM,13004738,,57,289,N,Y,,,19,,,1,2400,,FAITHON P LUCAS,BLVD,N,N,35,N,N,,Y,19,,,1,3100,,RIVERVIEW,DR,,,,,,,12,1,4,,1,1,8,4:11 PM,DISPATCH,4:17 PM,1/15/2013,Y,TX0571800,1774,,,,8,2,1,10,64,54,1,5,1,21,21,57,289,32.73677424,-96.55701263,,,,,FAITHON P LUCAS BLVD,,,,,,,,,,RIVERVIEW DR,,,,,Y,N,N,2,8,Y,TUE,,,,,,,,,,,,,,,,,,,,,,,,,,,,,,,,,,,,,,,,,,,,,,,,,,,,,,,,0,1,1,4,0,2,0,282,,,
13109005,N,N,N,N,N,N,N,1/10/2013,7:00 AM,,,30,1595,Y,Y,32.403,-99.41,1,20,,1,,,NOT REPORTED,,N,N,75,N,N,,N,,,,,,,NOT REPORTED,,0.3,M,W,306,,,12,1,0,2,2,2,11,7:09 AM,CALLAHAN COUNTY SO,7:23 AM,1/18/2013,Y,,10000,4,1,1,8,7,1,2,23,1,1,1,2,21,21,30,1595,32.40324144,-99.41352053,IH,20,,305.657,IH0020,,7,1,12.988,306,-0.3,,,,NOT REPORTED,,,,,Y,Y,Y,5,0,Y,THU,5,0,4,10,48,2,4,340,76,48,4,0,3,2,8,5,2,20,5,2,40,1,1,21213,2014,21213,5,25,30,,,,,,,,,,,,,,,,,,,,,,,,,,,0,0,0,2,0,0,0,,,,
13109076,N,N,N,N,N,N,N,1/30/2013,11:52 PM,13-018589,,43,336,N,N,,,2,75,,1,2300,,US 75,,N,N,60,N,N,N/B US 75,N,19,,,,2400,,PARK,BLVD,,,,,,,11,4,0,,1,1,1,11:55 PM,RADIO DISPATCHED,11:58 PM,1/30/2013,Y,TX0430600,1938,,,214,8,2,4,21,64,3,1,2,1,21,21,43,336,,,US,75,,,US0075,,,,,,,,,,,,,,,N,Y,N,5,9,N,WED,,,,,,,,,,,,,,,,,,,,,,,,,,,,,,,,,,,,,,,,,,,,,,,,,,,,,,,,0,0,0,3,0,0,0,,,,
13109234,N,N,N,N,N,N,N,1/20/2013,12:45 PM,13-024030,,71,136,N,Y,31.89676,-106.42058,19,,,1,9900,,RUSHING,RD,N,N,35,Y,Y,PUBLIC ROADWAY,N,19,,,1,5100,,ORLEANS,ST,,,,,PUBLIC ROADWAY,,11,1,98,,1,1,11,7:07 AM,WALK IN TO STATION,7:07 AM,1/24/2013,Y,TX0710200,1259,,,217,8,2,1,13,64,49,1,5,1,21,21,71,136,31.8970539,-106.420553,,,,,RUSHING RD,,,,,,,,,,ORLEANS AVE,,,,,Y,N,N,5,9,Y,SUN,,,,,,,,,,,,,,,,,,,,,,,,,,,,,,,,,,,,,,,,,,,,,,,,,,,,,,,,0,0,0,2,0,0,0,66,,,
13109346,N,N,N,N,N,N,N,1/20/2013,2:38 AM,13-020032,,71,136,N,Y,,,1,10,,1,,,EXIT 26 HAWKINS RAMP WB,,N,N,35,N,N,,Y,1,10,,1,,,I 10 HWY WB,,,,,,,,11,4,0,2,2,1,1,2:42 AM,DISPATCHED,2:52 AM,1/20/2013,N,TX0710200,1259,,,,8,2,4,31,64,54,1,1,1,21,21,71,136,31.77169522,-106.3777178,IH,10,,26.576,IH0010,,2121,3,27.349,27,-0.387,,,,,,,,,Y,Y,N,5,9,Y,SUN,5,0,10,10,42,8,8,300,136,96,5,0,1,2,20,5,2,20,5,2,22,4,11,112304,2014,112304,2.3,5.2,7.5,,,,,,,,,,,,,,,,,,,,,,,,,,,0,0,0,1,1,0,0,66,,,
13109446,N,N,N,N,N,N,N,1/25/2013,10:19 PM,13-00163,,227,250,N,Y,,,5,2500,,1,2500,,RR 620 SOUTH,,N,N,50,N,N,PAVED,N,14,2300,,1,2300,,LOHMANS SPUR,,,,,,PAVED,,11,3,0,3,2,1,20,10:21 PM,RADIO,10:26 PM,1/25/2013,Y,TX2271100,1633,,,25,8,2,4,21,64,54,1,3,1,21,21,227,250,30.33322731,-97.96829591,RM,620,,2.312,RM0620,,683,2,2.329,526,0.183,,,,,,,,,Y,Y,N,5,5,Y,FRI,2,0,8,8,0,2,4,140,76,60,4,0,0,2,8,5,2,8,5,0,0,4,14,36875,2014,36875,1.3,1.7,3,,,,,,,,,,,,,,,,,,,,,,,,,,,0,0,0,4,0,0,0,90,,,
13109481,N,N,N,N,N,N,N,1/30/2013,10:48 AM,13-000159,,14,236,N,Y,,,4,439,,1,1100,E,RANCIER,AVE,N,N,40,N,N,,N,19,,,1,1000,,18TH,ST,,,,,,,11,1,0,,1,1,20,10:50 AM,DISPATCHED,10:52 AM,1/30/2013,Y,TX0140400,1587,,,,8,2,4,20,64,42,1,3,1,21,21,14,236,31.12373031,-97.71853271,,,,,E RANCIER AVE,1207,,,,,,,,,,,,,,Y,N,N,5,8,Y,WED,,,,,,,,,,,,,,,,,,,,,,,,,,,,,,,,,,,,,,,,,,,,,,,,,,,,,,,,0,0,0,1,1,0,0,277,,,
13109725,N,N,N,N,N,N,N,1/16/2013,4:20 PM,,,14,1579,Y,Y,31.11692,-97.76583,14,172,,1,,,NOT REPORTED,,N,N,45,N,N,,N,2,190,,,,,NOT REPORTED,,,,,,,,11,1,0,2,4,1,11,4:37 PM,BELL COM CENTER,4:50 PM,1/16/2013,Y,TX014013N,10000,8,119,1,8,2,4,21,64,54,1,2,1,21,21,14,1579,31.11535382,-97.76337495,SS,172,,0.798,SS0172,,231,7,10.796,380,0.79,,,,,,,,,Y,Y,Y,5,0,Y,WED,3,0,0,0,1,2,4,160,48,48,4,0,0,1,0,0,1,0,0,3,1,4,14,35843,2014,35843,1.8,0.2,2,,,,,,,,,,,,,,,,,,,,,,,,,,,0,0,0,2,0,0,0,277,,,
13109767,N,N,N,N,N,N,N,1/27/2013,10:52 AM,C1300628,,178,97,N,N,,,19,,,1,1400,,ROOSEVELT,DR,N,N,30,N,N,,N,19,,,1,3800,,AYERS,ST,,,,,,,11,4,0,,1,1,1,10:59 AM,DISPATCHED,11:05 AM,1/27/2013,N,TX1780200,1115,,,25,8,4,4,1,64,54,1,5,1,21,21,178,97,27.75501022,-97.41568837,,,,,ROOSEVELT LN,3922,,,,,,,,,,,,,,N,N,N,0,9,Y,SUN,,,,,,,,,,,,,,,,,,,,,,,,,,,,,,,,,,,,,,,,,,,,,,,,,,,,,,,,0,0,0,0,1,0,0,96,,,
13109984,N,N,N,N,N,N,N,1/20/2013,11:47 AM,13-002083,,240,254,N,Y,,,19,,,1,200,,OAK,CIR,N,N,30,N,N,,N,19,,,1,5500,,GALLAGHER,,,,,,,,11,1,2,,1,1,1,11:47 AM,MCT DISPATCH,12:06 PM,1/20/2013,Y,TX2400100,1644,,,29,8,4,3,4,64,14,1,5,1,32,21,240,254,27.54998741,-99.49552772,,,,,OAK CIR,218,,,,,,,,,,,,,,Y,N,N,5,8,Y,SUN,,,,,,,,,,,,,,,,,,,,,,,,,,,,,,,,,,,,,,,,,,,,,,,,,,,,,,,,0,0,0,1,0,0,0,205,,,
13110058,N,N,N,N,N,N,N,1/28/2013,7:30 PM,130281596,,227,22,N,Y,,,19,,,1,700,W,STASSNEY,LN,N,N,40,N,N,,Y,19,,,,,S,1ST,ST,,,,,,,11,4,4,,1,1,5,7:30 PM,APD DISPATCH,7:33 PM,1/28/2013,Y,TX2270100,74,37,99,130,8,2,1,34,64,54,1,5,1,21,21,227,22,30.20843479,-97.78153246,,,,,W STASSNEY LN,,,,,,,,,,S 1ST ST,,,,,Y,N,N,5,9,Y,MON,,,,,,,,,,,,,,,,,,,,,,,,,,,,,,,,,,,,,,,,,,,,,,,,,,,,,,,,0,0,0,3,0,0,0,90,,,
13110287,N,N,N,N,N,N,N,1/21/2013,6:59 PM,130211397,,227,22,N,Y,,,2,183,,1,800,,SB,HWY,N,N,0,N,N,,N,19,,,,80,,PATTON,AVE,,,,,,,11,4,4,2,1,1,1,6:59 PM,DISPATCHED,7:08 PM,1/21/2013,Y,TX2270100,74,,98,129,8,2,4,20,64,9,1,2,1,21,21,227,22,30.2298852,-97.68298556,US,183,,328.57,US0183,884,265,1,11.331,524,-0.412,,,,,,,,,Y,Y,N,5,9,Y,MON,3,0,6,10,42,2,4,230,64,48,4,0,0,2,6,5,2,10,5,2,36,4,14,69650,2014,69650,2.9,0.8,3.7,1,262,2,2,27,,,,,,,,,,,,,,,,,,,,,,0,0,0,2,0,0,0,90,,,
13110729,N,N,N,N,N,N,N,2/4/2013,4:55 PM,28693A,28715A,57,107,N,Y,,,19,,,1,9700,,WEBB CHAPEL,RD,N,N,35,N,N,,Y,19,,,1,9700,,WEBB CHAPEL,RD,,,,,,,11,1,4,,1,1,21,4:55 PM,DISPATCH,5:01 PM,2/5/2013,N,TX0000006,2471,,,87,8,2,1,10,64,54,1,5,1,21,21,57,107,32.86605424,-96.86370254,,,,,WEBB CHAPEL RD,9700,,,,,,,,,UNKNOWN,,,,,Y,N,N,5,9,Y,MON,,,,,,,,,,,,,,,,,,,,,,,,,,,,,,,,,,,,,,,,,,,,,,,,,,,,,,,,0,0,0,2,2,0,0,282,,,
13111030,N,N,N,N,N,N,N,2/1/2013,5:30 PM,SAPD13024282,3350,15,379,N,Y,,,19,,,1,5800,,WALZEM,RD,N,N,45,N,N,,N,19,,,,6000,,MONTGOMERY,DR,,,,,,,11,1,0,3,1,1,1,5:50 PM,DISPATCH,6:00 PM,2/1/2013,Y,TXSPD0000,2473,,29,131,8,2,3,10,64,14,1,3,1,32,21,15,379,29.50977783,-98.37136029,FM,1976,,1.622,FM1976,,1890,1,2.182,500,-0.359,,,,,,,,,Y,Y,N,5,9,Y,FRI,2,0,0,0,0,2,6,80,80,80,4,2,2,1,0,0,1,0,0,0,0,4,14,15073,2014,15073,1.3,1.7,3,1,100,10,2,53,,,,,,,,,,,,,,,,,,,,,,0,0,0,4,0,0,0,28,,,
13111038,N,N,N,N,N,N,N,2/4/2013,4:22 PM,SAPD13026549,7250,15,379,N,Y,,,1,410,,1,,,NOT REPORTED,,N,N,65,N,N,,N,,,,,,,NOT REPORTED,,200,F,E,16,,,11,1,6,2,1,1,20,4:27 PM,DISPATCHED,4:36 PM,2/4/2013,Y,TXSPD0000,2473,,7,147,8,2,4,20,64,42,1,1,1,21,21,15,379,29.49471909,-98.55372649,IH,410,,16.102,IH0410,,521,4,16.204,16,200,,,,NOT REPORTED,,,,,Y,Y,N,5,9,Y,MON,5,0,8,10,19,2,10,300,166,132,4,0,0,2,16,5,2,18,5,2,3,4,11,154098,2014,154098,2.9,1.9,4.7,1,648,0,2,25,,,,,,,,,,,,,,,,,,,,,,0,0,0,2,0,0,0,28,,,
13111114,N,N,N,N,N,N,N,2/1/2013,10:30 PM,SAPD13024505,2370,15,379,N,Y,,,19,,,1,300,,FRIO CITY,RD,N,N,35,N,N,,Y,19,,,1,300,,PENDLETON,AVE,,,,,,,11,0,2,,1,1,8,11:30 PM,DISPATCHED,11:40 PM,2/2/2013,Y,TXSPD0000,2473,,9,162,8,2,1,14,64,54,1,5,1,21,21,15,379,29.40574497,-98.51789231,,,,,FRIO CITY RD,300,,,,,,,,,UNKNOWN,,,,,Y,N,N,5,9,Y,FRI,,,,,,,,,,,,,,,,,,,,,,,,,,,,,,,,,,,,,,,,,,,,,,,,,,,,,,,,0,0,0,2,1,0,0,28,,,