Crash_ID,Crash_Fatal_Fl,Cmv_Involv_Fl,Schl_Bus_Fl,Rr_Relat_Fl,Medical_Advisory_Fl,Amend_Supp_Fl,Active_School_Zone_Fl,Crash_Date,Crash_Time,Case_ID,Local_Use,Rpt_CRIS_Cnty_ID,Rpt_City_ID,Rpt_Outside_City_Limit_Fl,Thousand_Damage_Fl,Rpt_Latitude,Rpt_Longitude,Rpt_Rdwy_Sys_ID,Rpt_Hwy_Num,Rpt_Hwy_Sfx,Rpt_Road_Part_ID,Rpt_Block_Num,Rpt_Street_Pfx,Rpt_Street_Name,Rpt_Street_Sfx,Private_Dr_Fl,Toll_Road_Fl,Crash_Speed_Limit,Road_Constr_Zone_Fl,Road_Constr_Zone_Wrkr_Fl,Rpt_Street_Desc,At_Intrsct_Fl,Rpt_Sec_Rdwy_Sys_ID,Rpt_Sec_Hwy_Num,Rpt_Sec_Hwy_Sfx,Rpt_Sec_Road_Part_ID,Rpt_Sec_Block_Num,Rpt_Sec_Street_Pfx,Rpt_Sec_Street_Name,Rpt_Sec_Street_Sfx,Rpt_Ref_Mark_Offset_Amt,Rpt_Ref_Mark_Dist_Uom,Rpt_Ref_Mark_Dir,Rpt_Ref_Mark_Nbr,Rpt_Sec_Street_Desc,Rpt_CrossingNumber,Wthr_Cond_ID,Light_Cond_ID,Entr_Road_ID,Road_Type_ID,Road_Algn_ID,Surf_Cond_ID,Traffic_Cntl_ID,Investigat_Notify_Time,Investigat_Notify_Meth,Investigat_Arrv_Time,Report_Date,Investigat_Comp_Fl,ORI_Number,Investigat_Agency_ID,Investigat_Area_ID,Investigat_District_ID,Investigat_Region_ID,Bridge_Detail_ID,Harm_Evnt_ID,Intrsct_Relat_ID,FHE_Collsn_ID,Obj_Struck_ID,Othr_Factr_ID,Road_Part_Adj_ID,Road_Cls_ID,Road_Relat_ID,Phys_Featr_1_ID,Phys_Featr_2_ID,Cnty_ID,City_ID,Latitude,Longitude,Hwy_Sys,Hwy_Nbr,Hwy_Sfx,Dfo,Street_Name,Street_Nbr,Control,Section,Milepoint,Ref_Mark_Nbr,Ref_Mark_Displ,Hwy_Sys_2,Hwy_Nbr_2,Hwy_Sfx_2,Street_Name_2,Street_Nbr_2,Control_2,Section_2,Milepoint_2,Txdot_Rptable_Fl,Onsys_Fl,Rural_Fl,Crash_Sev_ID,Pop_Group_ID,Located_Fl,Day_of_Week,Hwy_Dsgn_Lane_ID,Hwy_Dsgn_Hrt_ID,Hp_Shldr_Left,Hp_Shldr_Right,Hp_Median_Width,Base_Type_ID,Nbr_Of_Lane,Row_Width_Usual,Roadbed_Width,Surf_Width,Surf_Type_ID,Curb_Type_Left_ID,Curb_Type_Right_ID,Shldr_Type_Left_ID,Shldr_Width_Left,Shldr_Use_Left_ID,Shldr_Type_Right_ID,Shldr_Width_Right,Shldr_Use_Right_ID,Median_Type_ID,Median_Width,Rural_Urban_Type_ID,Func_Sys_ID,Adt_Curnt_Amt,Adt_Curnt_Year,Adt_Adj_Curnt_Amt,Pct_Single_Trk_Adt,Pct_Combo_Trk_Adt,Trk_Aadt_Pct,Curve_Type_ID,Curve_Lngth,Cd_Degr,Delta_Left_Right_ID,Dd_Degr,Feature_Crossed,Structure_Number,I_R_Min_Vert_Clear,Approach_Width,Bridge_Median_ID,Bridge_Loading_Type_ID,Bridge_Loading_In_1000_Lbs,Bridge_Srvc_Type_On_ID,Bridge_Srvc_Type_Under_ID,Culvert_Type_ID,Roadway_Width,Deck_Width,Bridge_Dir_Of_Traffic_ID,Bridge_Rte_Struct_Func_ID,Bridge_IR_Struct_Func_ID,CrossingNumber,RRCo,Poscrossing_ID,WDCode_ID,Standstop,Yield,Incap_Injry_Cnt,Nonincap_Injry_Cnt,Poss_Injry_Cnt,Non_Injry_Cnt,Unkn_Injry_Cnt,Tot_Injry_Cnt,Death_Cnt,MPO_ID,Investigat_Service_ID,Investigat_DA_ID,Investigator_Narrative
13111168,N,N,N,N,N,N,N,2/3/2013,11:49 AM,SAPD13025596,7170,15,379,N,Y,,,19,,,1,7200,,LOUIS PASTEUR,RD,N,N,45,N,N,,N,19,,,,2000,,BABCOCK,RD,,,,,,,11,1,4,,3,1,5,11:50 AM,DISPATCHED,11:57 AM,2/5/2013,Y,TXSPD0000,2473,,61,123,8,7,4,1,29,54,1,5,2,21,21,15,379,29.50002495,-98.57814229,,,,,LOUIS PASTEUR DR,7200,,,,,,,,,,,,,,Y,N,N,5,9,Y,SUN,,,,,,,,,,,,,,,,,,,,,,,,,,,,,,,,,,,,,,,,,,,,,,,,,,,,,,,,0,0,0,1,0,0,0,28,,,
13111193,N,Y,N,N,N,Y,N,2/5/2013,11:45 AM,SAPD12027123,7280A,15,379,N,Y,,,19,,,7,4019,,VANCE JACKSON,,N,N,15,N,N,PARKDALE APTS PKG LOT,N,19,,,,,,BIRCHWOOD,,,,,,,,11,1,0,,1,1,1,12:05 PM,DISPATCHED,12:13 PM,3/4/2013,Y,TXSPD0000,2473,,19,148,8,7,4,3,33,3,7,7,1,11,21,15,379,29.50962569,-98.53512773,,,,,VANCE JACKSON RD,3976,,,,,,,,,,,,,,Y,N,N,5,9,Y,TUE,,,,,,,,,,,,,,,,,,,,,,,,,,,,,,,,,,,,,,,,,,,,,,,,,,,,,,,,0,0,0,2,0,0,0,28,,,
13111344,N,N,N,N,N,N,N,1/26/2013,6:48 PM,13-002821,,240,254,N,Y,,,19,,,1,800,,CONVENT,AVE,N,N,30,N,N,STREET,N,19,,,1,1200,,HOUSTON,ST,,,,,STREET,,11,3,4,3,1,1,5,6:50 PM,RADIO DISPATCHED,6:53 PM,1/26/2013,Y,TX2400100,1644,,6,23,8,2,4,21,64,9,1,2,1,21,21,240,254,27.50675921,-99.50745842,BI,35,A,2.994,BI0035A,853,18,6,20.267,634,0.163,,,,,,,,,Y,Y,N,5,8,Y,SAT,0,0,0,0,0,9,4,80,60,60,6,1,1,1,0,0,1,0,0,4,0,4,14,11624,2014,11624,1.3,0.2,1.5,,,,,,,,,,,,,,,,,,,,,,,,,,,0,0,0,6,0,0,0,205,,,
13111403,N,N,N,N,N,N,N,1/8/2013,3:20 PM,,,67,1632,Y,Y,32.46267,-98.63862,1,20,,1,,,NOT REPORTED,,N,N,75,N,N,,N,4,571,,,,,NOT REPORTED,,,,,,,,2,1,0,2,1,2,11,3:23 PM,DISPATCHED,3:33 PM,1/10/2013,Y,,10000,22,1,1,8,7,4,1,39,1,1,1,4,21,21,67,1632,32.45794936,-98.64557585,IH,20,,352.502,IH0020,,7,6,3.729,353,0.263,,,,,,,,,Y,Y,Y,5,0,Y,TUE,5,0,6,10,60,2,4,300,80,48,4,0,0,2,12,5,2,20,5,3,48,1,1,18790,2014,18790,4.6,36,40.7,1,270,2,1,28,,,,,,,,,,,,,,,,,,,,,,0,0,0,2,0,0,0,,,,
13111761,N,N,N,N,N,N,N,1/25/2013,9:46 AM,C1300575,,178,97,N,Y,,,3,358,,1,4200,,NOT REPORTED,,N,N,60,N,N,EASTBOUND,N,19,,,1,5100,,EVERHART,RD,,,,,,,12,1,0,2,1,1,11,9:46 AM,DISPATCHED,9:49 AM,1/25/2013,Y,TX1780200,1115,,,19,8,7,4,1,39,3,1,2,4,21,21,178,97,27.71814389,-97.39142754,SH,358,,8.495,SH0358,,617,1,8.357,564,0.461,,,,,,,,,Y,Y,N,3,9,Y,FRI,5,0,10,11,22,8,6,250,114,72,4,0,0,2,20,5,3,21,5,2,2,4,12,88672,2014,88672,3.2,3,6.2,,,,,,,,,,,,,,,,,,,,,,,,,,,0,0,1,1,0,1,0,96,,,
13112157,N,N,N,N,N,N,N,1/15/2013,5:23 PM,130002721,,220,19,N,Y,,,3,360,,2,200,S,WATSON,RD,N,N,40,N,N,FRONTAGE RD-SB,Y,19,,,1,2600,E,ABRAM,ST,,,,,,,11,1,2,2,1,1,5,5:24 PM,DISPATCHED,5:30 PM,1/15/2013,Y,TX2200100,59,,8,86,8,2,1,10,64,54,2,2,1,21,21,220,19,32.73536874,-97.06246196,SH,360,,13.069,SH0360,,2266,2,13.173,270,-0.947,,,,E ABRAM ST,,,,,Y,Y,N,2,9,Y,TUE,5,0,4,10,59,3,6,338,108,72,5,0,0,2,8,5,2,22,5,3,51,4,12,176957,2014,176957,3.4,2.4,5.9,1,61,0,1,1,,,,,,,,,,,,,,,,,,,,,,0,2,0,1,0,2,0,282,,,
13112190,N,N,N,N,N,N,N,1/24/2013,2:46 PM,13-10656,,188,12,N,Y,,,19,,,1,4100,,WOLFLIN,AVE,N,N,35,N,N,,Y,19,,,1,1900,S,WESTERN,,,,,,,,11,1,0,,1,1,5,3:34 PM,DISPATCHED,3:40 PM,1/24/2013,Y,TX1880100,33,,,,8,2,1,13,64,54,1,5,1,21,21,188,12,35.19280406,-101.8840312,,,,,WOLFLIN AVE,4199,,,,,,,,,S WESTERN ST,,,,,Y,N,N,5,8,Y,THU,,,,,,,,,,,,,,,,,,,,,,,,,,,,,,,,,,,,,,,,,,,,,,,,,,,,,,,,0,0,0,2,0,0,0,120,,,
13112698,N,Y,N,N,N,N,N,1/9/2013,11:47 PM,,,67,1632,Y,Y,32.3769,-98.82978,1,20,,1,,,NOT REPORTED,,N,N,75,N,N,,N,,,,,,,NOT REPORTED,,0.2,M,E,340,,,2,3,0,2,2,2,11,11:49 PM,DISPATCHED,12:03 AM,1/15/2013,Y,,10000,22,1,1,8,7,4,1,39,54,1,1,4,21,21,67,1632,32.37550642,-98.84373186,IH,20,,339.282,IH0020,,7,3,16.158,340,0.2,,,,NOT REPORTED,,,,,Y,Y,Y,5,0,Y,WED,5,0,4,10,56,2,4,375,76,48,4,0,0,2,8,5,2,20,5,3,48,1,1,2261,2014,2261,4.6,36,40.7,,,,,,,,,,,,,,,,,,,,,,,,,,,0,0,0,2,0,0,0,,,,
13113131,N,N,N,N,N,N,N,2/3/2013,11:39 AM,13001206,,61,114,N,Y,,,11,288,,7,1255,S,LOOP 288,,Y,N,45,N,N,,N,19,,,,2600,,SPENCER,RD,,,,,,,11,1,2,,2,1,1,11:40 AM,DISPATCHED,11:46 AM,2/6/2013,Y,TX0610200,1196,,,411,8,2,4,10,64,54,7,9,5,1,21,61,114,,,SL,288,,,SL0288,,,,,,,,,,,,,,,N,Y,N,5,8,N,SUN,,,,,,,,,,,,,,,,,,,,,,,,,,,,,,,,,,,,,,,,,,,,,,,,,,,,,,,,0,0,0,2,0,0,0,,,,
13113250,N,N,N,N,N,N,N,2/6/2013,1:40 PM,0015339713K,,101,208,N,Y,,,1,45,,1,3400,N,NORTH,FWY,N,N,60,N,N,5 LANES,N,1,610,,,,N,NORTH LOOP,LOOP,,,,,,,2,1,0,2,4,3,20,1:45 PM,DISPATCHER,1:50 PM,2/6/2013,Y,TXHPD0000,2469,14,152,27,8,2,4,20,64,1,1,1,1,21,21,101,208,29.81339938,-95.37526743,IH,45,,51.629,IH0045,,500,3,27.823,52,-0.306,,,,,,,,,Y,Y,N,5,9,Y,WED,5,1,0,10,22,9,6,300,92,72,6,0,0,1,0,0,2,20,5,2,22,4,11,228446,2014,228446,5.5,4.6,10.1,,,,,,,,,,,,,,,,,,,,,,,,,,,0,0,0,2,0,0,0,15,,,
13113356,N,N,N,N,N,N,N,2/6/2013,5:40 AM,0015198713E,,101,208,N,Y,,,19,,,1,1100,,FEDERAL,RD,N,N,35,N,N,STREET RUNS NORTH AND SOUTH,N,19,,,,1000,,FALCON,RD,,,,,,,2,4,0,2,1,2,1,6:06 AM,HPD DISPATCH,6:07 AM,2/6/2013,Y,TXHPD0000,2469,6,124,71,8,2,1,10,64,54,1,3,1,14,21,101,208,29.7706127,-95.21368142,FM,526,,4.793,FM0526,1100,980,2,3.358,468,0.616,IH,10,,IH0010,,,,,Y,Y,N,5,9,Y,WED,3,0,9,9,28,9,4,150,84,48,6,1,1,2,18,2,2,18,2,1,10,4,14,22425,2014,22425,3.9,1.4,5.2,,,,,,,,,,,,,,,,,,,,,,,,,,,0,0,0,2,0,0,0,15,,,
13113380,N,N,N,N,N,N,N,2/5/2013,10:35 AM,0014844113U,,101,208,N,Y,,,12,,,1,8000,W,WEST SAM HOUSTON S,PKWY,N,Y,45,N,N,SERVICE ROAD,N,19,,,,10000,,BEECHNUT,ST,,,,,,,11,1,0,,1,1,20,11:29 AM,HPD DISPATCHER,11:34 AM,2/5/2013,Y,TXHPD0000,2469,16,128,39,8,2,3,23,64,13,1,6,1,32,21,101,453,29.72470667,-95.43009013,,,,,WESTCHESTER ST,5343,,,,,,,,,,,,,,Y,N,N,5,5,Y,TUE,,,,,,,,,,,,,,,,,,,,,,,,,,,,,,,,,,,,,,,,,,,,,,,,,,,,,,,,0,0,0,2,0,0,0,15,,,
13113589,N,N,N,N,N,N,N,2/2/2013,7:20 PM,13-000054,,25,54,N,N,,,19,,,1,1900,,SWISS ST,,N,N,30,N,N,SWISS ST,N,19,,,1,500,,7TH ST,,,,,,7TH ST,,11,5,0,,1,1,8,7:23 PM,RADIO,7:29 PM,2/4/2013,Y,TX0250200,2550,135,95,89,8,4,2,4,64,3,1,5,1,21,21,25,54,31.70885243,-98.99105445,,,,,SWISS AVE,1889,,,,,,,,,7TH ST,,,,,N,N,N,5,5,Y,SAT,,,,,,,,,,,,,,,,,,,,,,,,,,,,,,,,,,,,,,,,,,,,,,,,,,,,,,,,0,0,0,1,0,0,0,,,,
13114092,N,N,N,N,N,N,N,2/6/2013,2:46 PM,2013016381,,61,67,N,Y,,,19,,,1,1800,W,FRANKFORD,RD,N,N,-1,N,N,,N,1,35,,,,,NOT REPORTED,,,,,,,,11,1,2,,1,1,20,2:46 PM,DISPATCHED,2:52 PM,2/6/2013,Y,TX0570400,214,,,170,8,7,4,1,23,3,1,5,4,21,21,61,67,32.99112384,-96.94264365,,,,,W FRANKFORD RD,,,,,,,,,,,,,,,Y,N,N,3,8,Y,WED,,,,,,,,,,,,,,,,,,,,,,,,,,,,,,,,,,,,,,,,,,,,,,,,,,,,,,,,0,0,1,0,0,1,0,282,,,
13114261,N,N,N,N,N,N,N,1/25/2013,2:55 PM,1301678,,181,317,N,Y,,,19,,,1,2900,W,PARK,AVE,N,N,35,N,N,,Y,19,,,1,,N,28TH,ST,,,,,,,11,1,3,1,1,1,8,2:55 PM,RADIO DISPATCHER,3:01 PM,1/25/2013,Y,TX1810200,1884,,,,8,7,2,1,33,54,1,2,2,21,21,181,317,30.09493178,-93.76224362,SH,87,,161.287,SH0087,3001,28,15,10.992,,,,,,28TH ST,,,,,Y,Y,N,5,5,Y,FRI,2,0,10,10,0,2,2,200,60,40,4,0,0,2,10,5,2,10,5,0,0,3,14,18733,2014,18733,12,6.4,18.4,1,297,3,1,47,,,,,,,,,,,,,,,,,,,,,,0,0,0,2,0,0,0,135,,,
13114318,N,N,N,N,N,N,N,1/8/2013,4:15 PM,13-533,,161,442,N,Y,,,1,35,,1,800,N,NOT REPORTED,,N,N,65,N,N,,N,,,,,,,NOT REPORTED,,0.5,M,S,336C,,,2,1,0,2,3,2,1,4:20 PM,DISPATCH,4:25 PM,1/8/2013,Y,TX1551200,2372,,,100,8,7,4,1,56,1,1,1,2,21,21,161,442,31.55579079,-97.12004275,IH,35,,334.87,IH0035,,15,1,15.648,335,0.374,,,,NOT REPORTED,,,,,Y,Y,N,5,8,Y,TUE,5,0,6,10,42,9,6,300,104,72,4,0,0,2,12,5,2,20,5,2,30,3,11,104307,2014,104307,2.9,29.5,32.4,,,,,,,,,,,,,,,,,,,,,,,,,,,0,0,0,1,0,0,0,140,,,
13114340,N,N,N,N,N,N,N,1/19/2013,12:10 AM,,,191,1756,Y,Y,35.06308,-101.84777,4,1541,,1,,,NOT REPORTED,,N,N,60,N,N,,N,,,,,,,NOT REPORTED,,0.2,M,N,112,,,11,3,0,1,1,1,11,12:18 AM,DPS COMMUNICATIONS,12:30 AM,1/19/2013,Y,TXDPS0200,10000,15,130,1,8,7,4,1,33,54,1,3,2,21,21,191,1756,35.06305422,-101.8478348,FM,1541,,7.85,FM1541,,1480,2,8.825,112,-0.2,,,,NOT REPORTED,,,,,Y,Y,Y,3,0,Y,SAT,2,0,8,8,0,2,2,100,40,24,3,0,0,2,8,5,2,8,5,0,0,1,7,3383,2014,3383,15.5,4.9,20.5,,,,,,,,,,,,,,,,,,,,,,,,,,,0,0,1,0,0,1,0,120,,,
13114361,N,N,N,N,N,N,N,1/27/2013,6:46 AM,2013-01146,,220,1785,Y,Y,32.5763,-97.22053,4,1187,,1,6474,,RENDON BLOODWORTH,RD,N,N,55,N,N,,N,15,,,1,6600,,TEAGUE,RD,,,,,TEAGUE ROAD,,12,3,0,1,3,2,12,6:47 AM,RADIO DISPATCH,7:00 AM,1/27/2013,Y,TX2200000,2213,,,,8,10,4,1,1,54,1,3,2,21,21,220,1785,32.57636093,-97.22052965,FM,1187,,31.208,FM1187,6507,1330,2,25.953,572,0.338,,,,,,,,,Y,Y,Y,0,0,Y,SUN,2,0,6,6,0,2,2,100,36,24,4,0,0,2,6,5,2,6,5,0,0,4,14,10923,2014,10923,5.3,6.8,12.1,,,,,,,,,,,,,,,,,,,,,,,,,,,0,0,0,0,1,0,0,282,,,
13114398,N,N,N,N,N,N,N,1/27/2013,5:29 PM,13-0638,,79,413,N,Y,,,13,90,,1,8100,,NOT REPORTED,,N,N,45,N,N,,Y,11,58,,1,100,,BROOKS,ST,,,,,,,11,1,4,2,1,1,5,5:30 PM,DISPATCHED,5:31 PM,1/28/2013,Y,TX0790500,2189,,,,8,2,1,10,64,54,1,2,1,21,21,79,413,29.61996221,-95.63520826,UA,90,,150.571,UA0090,,27,8,26.89,676,0.976,SH,6,,SH0006,,,,,Y,Y,N,3,7,Y,SUN,3,0,0,0,56,9,4,140,58,58,6,1,1,1,0,0,1,0,0,3,56,4,12,35906,2014,35906,1.9,0.5,2.3,,,,,,,,,,,,,,,,,,,,,,,,,,,0,0,1,1,0,1,0,15,,,
13114463,N,N,N,N,N,N,N,1/20/2013,3:42 AM,13-0010/13000632,13.01.0010,108,121,N,Y,,,19,,,1,700,N,VAL VERDE,RD,N,N,0,N,N,,N,19,,,1,1000,W,WESTBOUND FRONTAGE,,,,,,,,11,4,0,1,1,1,20,3:42 AM,OFFICER INITIATED,3:42 AM,1/20/2013,Y,TX1080200,1213,17,81,106,8,7,4,1,30,54,1,3,2,21,21,108,1673,26.18384572,-98.08359659,FM,1423,,7.957,FM1423,700,1427,1,7.955,724,-0.019,,,,,,,,,Y,Y,Y,3,0,Y,SUN,2,0,10,10,0,2,2,80,52,28,4,2,2,2,10,5,2,10,5,0,0,4,17,12131,2014,12131,2.4,2.9,5.3,1,171,10,,0,,,,,,,,,,,,,,,,,,,,,,0,0,1,0,0,1,0,230,,,
13114636,N,N,N,N,N,N,N,1/30/2013,8:56 AM,C13-03279,,105,1670,Y,Y,,,4,2325,,1,,,FM 2325,,N,N,55,N,N,2 LANE,Y,17,,,1,,,WOODCREEK DR,DR,,,,,2 LANE,,11,1,0,1,4,1,8,9:11 AM,HAYS COUNTY DISPATCH,9:14 AM,1/30/2013,Y,TX1050000,1428,11,10,14,8,2,1,14,64,54,1,3,1,21,21,105,1670,30.0143998,-98.12205721,RM,2325,,14.003,RM2325,1796,285,2,11.86,520,-0.146,RM,12,,RM0012,,,,,Y,Y,Y,5,0,Y,WED,2,0,4,4,0,2,2,80,32,24,2,0,0,2,4,5,2,4,5,0,0,2,17,3517,2014,3517,6.4,1.5,7.9,,,,,,,,,,,,,,,,,,,,,,,,,,,0,0,0,2,0,0,0,90,,,
13114678,N,N,N,N,N,N,N,1/17/2013,10:10 AM,2013-02116,,102,281,N,Y,,,2,59,,7,2650,S,EAST END,BLVD,Y,N,-1,N,N,TSTC PARKING LOT - SOUTH CAMPUS,N,19,,,,,E,CAROLANNE,,,,,,,,11,1,0,,1,1,1,10:16 AM,DISPATCHED,10:32 AM,1/17/2013,Y,TX1020200,1740,,,147,8,4,4,4,64,12,7,9,5,33,21,102,281,,,US,59,,,US0059,,,,,,,,,,,,,,,N,Y,N,5,5,N,THU,,,,,,,,,,,,,,,,,,,,,,,,,,,,,,,,,,,,,,,,,,,,,,,,,,,,,,,,0,0,0,1,0,0,0,,,,
13114948,N,N,N,N,N,N,N,2/6/2013,8:40 AM,P130370147,,79,1644,Y,Y,,,4,2759,,1,660,,NOT REPORTED,,N,N,45,N,N,,N,4,762,,,1700,,NOT REPORTED,,,,,,,,2,1,2,1,1,2,11,8:48 AM,RADIO/DISPATCH,8:48 AM,2/6/2013,Y,TX0790000,1312,,,33,8,2,3,10,64,14,1,3,1,32,21,79,1644,29.53751752,-95.70233721,FM,2759,,1.84,FM2759,,1415,3,6.833,658,-0.358,,,,,,,,,Y,Y,Y,5,0,Y,WED,2,0,8,8,0,3,2,120,40,24,4,0,0,3,8,5,3,8,5,0,0,4,17,16085,2014,16085,10.6,12.8,23.4,,,,,,,,,,,,,,,,,,,,,,,,,,,0,0,0,2,0,0,0,15,,,
13114993,N,N,N,N,N,N,N,2/7/2013,12:40 PM,SAPD13028697,3130,15,379,N,Y,,,2,281,,2,17100,N,US 281,HWY,N,N,45,N,N,,N,19,,,,1700,,THOUSAND OAKS,DR,,,,,,,11,1,0,2,1,1,17,1:03 PM,DISPATCHED,1:15 PM,2/7/2013,Y,TXSPD0000,2473,,29,131,8,2,4,21,64,52,2,2,1,20,21,15,379,29.60665711,-98.469115,US,281,,319.46,US0281,,253,4,9.119,524,0.075,,,,,,,,,Y,Y,N,5,9,Y,THU,5,0,8,20,15,2,5,300,102,60,4,0,0,2,12,5,2,30,5,2,3,4,12,66577,2014,66577,1.8,0.6,2.3,,,,,,,,,,,,,,,,,,,,,,,,,,,0,0,0,2,0,0,0,28,,,
13115261,N,N,N,N,N,N,N,2/6/2013,11:35 PM,130003243,,227,1792,Y,Y,30.32043,-97.57744,12,130,,1,10500,N,NOT REPORTED,,N,Y,80,N,N,10500-BLK N SH 130 NB,N,19,,,,10500,,BLUE BLUFF,RD,,,,,,,11,4,0,2,1,1,1,11:35 PM,DISPATCHED,11:44 PM,2/8/2013,Y,TX2270000,2292,,9,118,8,6,4,1,64,54,1,2,1,21,21,227,1792,30.31749662,-97.57532054,SH,130,,27.774,SH0130,,440,6,35.883,440,-0.648,,,,,,,,,Y,Y,Y,5,0,Y,WED,5,3,6,10,147,3,4,650,80,48,5,0,0,2,12,5,2,20,5,3,135,4,12,22216,2014,22216,11.4,5.9,17.3,,,,,,,,,,,,,,,,,,,,,,,,,,,0,0,0,1,0,0,0,90,,,
13115302,N,N,N,N,N,N,N,1/27/2013,10:34 AM,13-00641,,84,165,N,N,,,19,,,7,2900,,61ST PARKING LOT,,Y,N,0,N,N,PAVED PARKING LOT,N,19,,,1,,,61ST,ST,,,,,6 LANE ROADWAY,,11,1,0,,1,1,1,10:34 AM,DISPATCH,10:40 AM,1/27/2013,Y,TX0840400,1341,,,,8,2,4,20,64,54,7,9,5,33,21,84,165,,,,,,,61ST PARKING LOT,,,,,,,,,,,,,,,N,N,N,5,6,N,SUN,,,,,,,,,,,,,,,,,,,,,,,,,,,,,,,,,,,,,,,,,,,,,,,,,,,,,,,,0,0,0,3,0,0,0,,,,
13115366,N,N,N,N,N,N,N,1/20/2013,2:10 PM,13-S-000329,,11,1576,Y,Y,,,2,290,,1,2500,,NOT REPORTED,,N,N,70,N,N,,N,15,,,,,,SCENIC FARMS,RD,,,,,,,2,3,0,3,1,2,11,3:08 PM,DISPATCHED,3:23 PM,1/20/2013,N,TX0110000,90,,,187,8,2,2,23,64,46,1,2,1,21,21,11,1576,30.24277622,-97.21525111,US,290,,158.064,US0290,2501,114,5,14.609,620,0.608,FM,2336,,FM2336,,,,,Y,Y,Y,0,0,Y,SUN,2,0,0,0,0,2,4,132,44,44,4,0,0,1,0,0,1,0,0,0,0,1,2,10767,2014,10767,2.6,8.9,11.5,,,,,,,,,,,,,,,,,,,,,,,,,,,0,0,0,0,2,0,0,90,,,
13115437,N,N,N,N,N,N,N,1/10/2013,12:20 AM,,,182,1747,Y,Y,32.53902,-98.12222,2,281,,1,,,NOT REPORTED,,N,N,70,N,N,,N,4,4,,,,,NOT REPORTED,,,,,,,,2,3,0,1,1,2,11,12:34 AM,DPS COMMUNICATIONS,1:09 AM,1/10/2013,Y,,10000,17,118,1,8,10,4,1,1,3,1,2,1,21,21,182,1747,32.53786488,-98.12251061,US,281,,106.143,US0281,19173,250,2,33.303,302,-0.506,,,,,,,,,Y,Y,Y,5,0,Y,THU,2,0,7,7,0,2,2,100,36,22,4,0,0,2,7,5,2,7,5,0,0,1,2,5850,2014,5850,3.7,9.7,13.5,,,,,,,,,,,,,,,,,,,,,,,,,,,0,0,0,1,0,0,0,,,,
13115493,N,N,N,N,N,N,N,1/18/2013,6:06 AM,,,20,1585,Y,Y,29.07578,-95.76765,3,35,,1,,,NOT REPORTED,,N,N,65,N,N,,Y,11,419,,1,,,NOT REPORTED,,,,,,,,11,3,2,2,1,1,8,6:08 AM,BCSO DISPATCH,6:36 AM,1/18/2013,Y,,10000,15,35,1,8,2,1,10,64,54,1,2,1,21,21,20,1585,29.07548781,-95.76785336,SH,35,,65.766,SH0035,,179,3,57.216,542,-1.101,FM,524,,FM0524,,,,,Y,Y,Y,3,0,Y,FRI,5,0,4,10,20,3,4,110,74,48,4,0,0,2,10,5,2,16,5,3,10,1,6,7093,2014,7093,2.5,10.9,13.4,1,308,0,2,32,,,,,,,,,,,,,,,,,,,,,,0,0,1,1,0,1,0,15,,,
13115566,N,N,N,N,N,N,N,2/2/2013,5:13 AM,213025,,146,108,N,Y,,,2,90,,1,,,NOT REPORTED,,N,N,65,N,N,,N,4,1413,,1,,,NOT REPORTED,,,,,,,,11,1,0,2,1,1,20,5:13 AM,DISPATCH,5:15 AM,2/2/2013,Y,TX1460300,1184,,,,8,10,4,1,1,35,1,2,2,21,21,146,108,29.98305998,-94.97190241,US,90,,681.783,US0090,,28,3,2.194,866,-0.881,,,,,,,,,Y,Y,N,2,4,Y,SAT,3,0,6,10,60,9,4,220,81,48,6,0,0,2,12,5,2,20,5,3,48,1,2,13530,2014,13530,1.6,7.1,8.7,,,,,,,,,,,,,,,,,,,,,,,,,,,0,1,0,0,0,1,0,15,,,
13115591,N,N,N,N,N,N,N,1/29/2013,4:39 PM,2.01E+11,H&R,57,357,N,Y,,,19,,,1,1200,S,JUPITER,RD,N,N,40,N,N,,N,19,,,1,2100,E,BUCKINGHAM,RD,,,,,,,2,1,0,,1,2,20,4:42 PM,RPD DISPATCH,5:14 PM,1/29/2013,Y,TX0572000,2011,,7,317,8,2,3,10,64,13,1,5,1,32,21,57,357,32.9316345,-96.68269778,,,,,N JUPITER RD,2018,,,,,,,,,,,,,,Y,N,N,5,8,Y,TUE,,,,,,,,,,,,,,,,,,,,,,,,,,,,,,,,,,,,,,,,,,,,,,,,,,,,,,,,0,0,0,5,1,0,0,282,,,
13115595,N,N,N,N,N,N,N,1/30/2013,4:15 PM,,177199,62,469,N,Y,,,19,,,1,200,W,HUGO,ST,N,N,30,N,N,PAVED,Y,19,,,1,500,,LOTT,ST,,,,,PAVED,,11,1,0,,1,1,8,4:13 PM,DISPATCH,4:15 PM,1/30/2013,Y,,2462,,,,8,2,1,11,64,54,1,5,1,21,21,62,469,29.28850495,-97.15103265,,,,,W HUGO ST,200,,,,,,,,,LOTT ST,,,,,Y,N,N,5,4,Y,WED,,,,,,,,,,,,,,,,,,,,,,,,,,,,,,,,,,,,,,,,,,,,,,,,,,,,,,,,0,0,0,3,0,0,0,,,,