Crash_ID,Crash_Fatal_Fl,Cmv_Involv_Fl,Schl_Bus_Fl,Rr_Relat_Fl,Medical_Advisory_Fl,Amend_Supp_Fl,Active_School_Zone_Fl,Crash_Date,Crash_Time,Case_ID,Local_Use,Rpt_CRIS_Cnty_ID,Rpt_City_ID,Rpt_Outside_City_Limit_Fl,Thousand_Damage_Fl,Rpt_Latitude,Rpt_Longitude,Rpt_Rdwy_Sys_ID,Rpt_Hwy_Num,Rpt_Hwy_Sfx,Rpt_Road_Part_ID,Rpt_Block_Num,Rpt_Street_Pfx,Rpt_Street_Name,Rpt_Street_Sfx,Private_Dr_Fl,Toll_Road_Fl,Crash_Speed_Limit,Road_Constr_Zone_Fl,Road_Constr_Zone_Wrkr_Fl,Rpt_Street_Desc,At_Intrsct_Fl,Rpt_Sec_Rdwy_Sys_ID,Rpt_Sec_Hwy_Num,Rpt_Sec_Hwy_Sfx,Rpt_Sec_Road_Part_ID,Rpt_Sec_Block_Num,Rpt_Sec_Street_Pfx,Rpt_Sec_Street_Name,Rpt_Sec_Street_Sfx,Rpt_Ref_Mark_Offset_Amt,Rpt_Ref_Mark_Dist_Uom,Rpt_Ref_Mark_Dir,Rpt_Ref_Mark_Nbr,Rpt_Sec_Street_Desc,Rpt_CrossingNumber,Wthr_Cond_ID,Light_Cond_ID,Entr_Road_ID,Road_Type_ID,Road_Algn_ID,Surf_Cond_ID,Traffic_Cntl_ID,Investigat_Notify_Time,Investigat_Notify_Meth,Investigat_Arrv_Time,Report_Date,Investigat_Comp_Fl,ORI_Number,Investigat_Agency_ID,Investigat_Area_ID,Investigat_District_ID,Investigat_Region_ID,Bridge_Detail_ID,Harm_Evnt_ID,Intrsct_Relat_ID,FHE_Collsn_ID,Obj_Struck_ID,Othr_Factr_ID,Road_Part_Adj_ID,Road_Cls_ID,Road_Relat_ID,Phys_Featr_1_ID,Phys_Featr_2_ID,Cnty_ID,City_ID,Latitude,Longitude,Hwy_Sys,Hwy_Nbr,Hwy_Sfx,Dfo,Street_Name,Street_Nbr,Control,Section,Milepoint,Ref_Mark_Nbr,Ref_Mark_Displ,Hwy_Sys_2,Hwy_Nbr_2,Hwy_Sfx_2,Street_Name_2,Street_Nbr_2,Control_2,Section_2,Milepoint_2,Txdot_Rptable_Fl,Onsys_Fl,Rural_Fl,Crash_Sev_ID,Pop_Group_ID,Located_Fl,Day_of_Week,Hwy_Dsgn_Lane_ID,Hwy_Dsgn_Hrt_ID,Hp_Shldr_Left,Hp_Shldr_Right,Hp_Median_Width,Base_Type_ID,Nbr_Of_Lane,Row_Width_Usual,Roadbed_Width,Surf_Width,Surf_Type_ID,Curb_Type_Left_ID,Curb_Type_Right_ID,Shldr_Type_Left_ID,Shldr_Width_Left,Shldr_Use_Left_ID,Shldr_Type_Right_ID,Shldr_Width_Right,Shldr_Use_Right_ID,Median_Type_ID,Median_Width,Rural_Urban_Type_ID,Func_Sys_ID,Adt_Curnt_Amt,Adt_Curnt_Year,Adt_Adj_Curnt_Amt,Pct_Single_Trk_Adt,Pct_Combo_Trk_Adt,Trk_Aadt_Pct,Curve_Type_ID,Curve_Lngth,Cd_Degr,Delta_Left_Right_ID,Dd_Degr,Feature_Crossed,Structure_Number,I_R_Min_Vert_Clear,Approach_Width,Bridge_Median_ID,Bridge_Loading_Type_ID,Bridge_Loading_In_1000_Lbs,Bridge_Srvc_Type_On_ID,Bridge_Srvc_Type_Under_ID,Culvert_Type_ID,Roadway_Width,Deck_Width,Bridge_Dir_Of_Traffic_ID,Bridge_Rte_Struct_Func_ID,Bridge_IR_Struct_Func_ID,CrossingNumber,RRCo,Poscrossing_ID,WDCode_ID,Standstop,Yield,Incap_Injry_Cnt,Nonincap_Injry_Cnt,Poss_Injry_Cnt,Non_Injry_Cnt,Unkn_Injry_Cnt,Tot_Injry_Cnt,Death_Cnt,MPO_ID,Investigat_Service_ID,Investigat_DA_ID,Investigator_Narrative
13115709,N,N,N,N,N,N,N,2/2/2013,8:05 PM,13000205,,14,424,N,Y,,,19,,,1,4100,W,ADAMS,AVE,Y,N,45,N,N,,N,19,,,1,100,,ERMINE,TRL,,,,,,,11,4,0,,2,1,8,8:06 PM,DISPATCHED,8:10 PM,2/2/2013,Y,TX0140700,2221,,,,8,2,3,17,64,13,7,9,5,32,1,14,424,,,,,,,W ADAMS AVE,,,,,,,,,,,,,,,N,N,N,5,7,N,SAT,,,,,,,,,,,,,,,,,,,,,,,,,,,,,,,,,,,,,,,,,,,,,,,,,,,,,,,,0,0,0,4,0,0,0,,,,
13115896,N,N,N,N,N,N,N,1/25/2013,6:27 PM,13-1957,,68,315,N,Y,,,2,385,,1,3300,N,ANDREWS,HWY,N,N,40,N,N,,N,19,,,1,100,W,CATCLAW,ST,50,F,S,SCL,,,12,5,2,3,1,1,1,6:27 PM,DISPATCHED,6:35 PM,1/25/2013,Y,680200,1873,,,,8,7,4,1,29,3,1,2,2,21,21,68,315,31.87522705,-102.3826194,US,385,,344.387,US0385,,228,6,20.153,353,0.162,,,,,,,,,Y,Y,N,5,8,Y,FRI,2,0,0,0,0,2,4,100,60,48,4,0,0,1,0,0,1,0,0,0,0,3,14,16797,2014,16797,2,4.1,6.2,,,,,,,,,,,,,,,,,,,,,,,,,,,0,0,0,1,0,0,0,174,,,
13115945,N,N,N,N,N,N,N,1/31/2013,3:34 PM,13-2454,,68,315,N,N,,,19,,,1,100,,WAIMEA,DR,N,N,30,N,N,,N,19,,,1,22,,KAHALA,ST,25,F,E,CURB,LEAHAHA,,11,1,0,,1,1,1,8:06 PM,DISPATCH,8:14 PM,1/31/2013,Y,680200,1873,,,,8,1,2,1,64,54,1,5,1,21,21,68,315,31.90539465,-102.3443413,,,,,WAIMEA DR,118,,,,,,,,,KAHALA DR,,,,,Y,N,N,3,8,Y,THU,,,,,,,,,,,,,,,,,,,,,,,,,,,,,,,,,,,,,,,,,,,,,,,,,,,,,,,,0,0,2,0,0,2,0,174,,,
13115962,N,N,N,N,N,N,N,1/18/2013,3:10 PM,007105013-F,FSGI,101,208,N,N,,,19,,,1,7400,W,WESTOVER,ST,Y,N,30,N,N,CONCRETE,N,19,,,1,6100,S,LANCASTER,ST,,,,,CONCRETE,,11,1,0,,1,1,1,3:41 PM,HISD PD DISPATCHER,3:47 PM,1/19/2013,Y,TXHPD0000,2469,4,27,28,8,4,4,4,64,12,7,9,5,33,21,101,208,,,,,,,W WESTOVER ST,,,,,,,,,,,,,,,N,N,N,5,9,N,FRI,,,,,,,,,,,,,,,,,,,,,,,,,,,,,,,,,,,,,,,,,,,,,,,,,,,,,,,,0,0,0,1,1,0,0,,,,
13116781,N,N,N,N,N,N,N,1/31/2013,6:55 PM,,,43,357,N,Y,33.00377,-96.71578,12,,,4,,,PRESIDENT GEORGE BUSH TURNPIKE,,N,Y,70,N,N,,N,,,,,,,NOT REPORTED,,20,F,E,740,,,11,4,0,,1,1,11,6:56 PM,DISPATCHED,7:09 PM,2/2/2013,Y,TXDPS8600,10000,22,107,1,8,2,4,22,64,42,4,6,1,21,21,43,357,33.00377675,-96.71578011,,,,,PRESIDENT GEORGE BUSH TPKE,,,,,,,,,,NOT REPORTED,,,,,Y,N,N,2,8,Y,THU,,,,,,,,,,,,,,,,,,,,,,,,,,,,,,,,,,,,,,,,,,,,,,,,,,,,,,,,0,1,0,1,0,1,0,282,,,
13117032,N,N,N,N,N,N,N,2/7/2013,5:24 PM,0015855513U,,101,208,N,Y,,,19,,,1,2100,,PRESTON,,N,N,30,N,N,STRAIGHT/LEVEL,Y,19,,,1,400,,ST EMANUEL,,,,,,,,11,1,4,,1,1,8,5:35 PM,DISPATHCED,5:39 PM,2/7/2013,Y,TXHPD0000,2469,18,113,29,8,2,1,10,64,54,1,5,1,21,21,101,208,29.7557948,-95.35185309,,,,,PRESTON ST,2099,,,,,,,,,ST EMANUEL ST,,,,,Y,N,N,5,9,Y,THU,,,,,,,,,,,,,,,,,,,,,,,,,,,,,,,,,,,,,,,,,,,,,,,,,,,,,,,,0,0,0,3,0,0,0,15,,,
13117113,N,N,N,N,N,N,N,2/8/2013,5:20 PM,32314A,1031,57,107,N,Y,,,1,635,,2,9200,,LYNDON B JOHNSON,FWY,N,N,35,N,N,,N,19,,,,12500,,GREENVILLE,AVE,,,,,,,11,1,0,2,3,1,5,7:26 PM,DISPATCHED,7:33 PM,2/8/2013,Y,TX0000006,2471,,,33,8,2,2,22,64,38,2,1,1,21,21,57,107,32.9165215,-96.74295267,IH,635,,18.425,IH0635,,2374,1,4.881,18,-0.237,,,,GREENVILLE AVE,,,,,Y,Y,N,5,9,Y,FRI,5,1,2,10,18,2,8,320,140,88,5,0,0,2,4,5,2,20,5,2,14,4,11,176167,2014,176167,5.2,8.7,14,,,,,,,,,,,,,,,,,,,,,,,,,,,0,0,0,4,0,0,0,282,,,
13117520,N,N,N,N,N,N,N,2/3/2013,12:00 AM,SAPD13025347,5310,15,379,N,Y,,,19,,,1,5900,,CULEBRA,RD,N,N,40,N,N,,Y,19,,,1,1300,,CALLAGHAN,RD,,,,,,,11,4,4,3,1,1,5,12:20 AM,OFFICER,12:22 AM,2/3/2013,Y,TXSPD0000,2473,,109,138,8,7,2,2,39,54,1,2,4,21,21,15,379,29.47809051,-98.58800778,SS,421,,0.772,SS0421,2398,291,10,10.816,486,0.654,,,,CALLAGHAN RD,,,,,Y,Y,N,5,9,Y,SUN,2,0,0,0,0,2,6,120,81,72,4,1,1,1,0,0,1,0,0,0,0,4,14,25950,2014,25950,2.8,3.9,6.7,,,,,,,,,,,,,,,,,,,,,,,,,,,0,0,0,1,0,0,0,28,,,
13117548,N,N,N,N,N,N,N,2/10/2013,2:51 AM,SAPD13030832,3340,15,379,N,Y,,,11,410,,1,4800,NE,LOOP 410,,N,N,60,N,N,STATE LOOP 410,N,1,35,,,5600,,IH 35 N,,,,,,INTERSTATE 35,,2,4,0,2,6,2,20,2:51 AM,DISPATCH,3:01 AM,2/10/2013,Y,TXSPD0000,2473,,29,131,8,7,4,1,39,54,1,1,4,21,21,15,379,29.52636257,-98.39313318,IH,410,,26.912,IH0410,,521,4,27.266,26,1.232,,,,,,,,,Y,Y,N,0,9,Y,SUN,5,0,10,12,19,9,5,300,96,60,4,0,0,2,16,5,2,20,5,2,3,4,11,122278,2014,122278,2.9,1.9,4.7,1,56,0,,0,,,,,,,,,,,,,,,,,,,,,,0,0,0,0,1,0,0,28,,,
13117582,N,N,N,N,N,N,N,2/7/2013,12:50 PM,0015731413B,,101,208,N,Y,,,19,,,1,2300,,KINGWOOD,DR,N,N,40,N,N,SMOOTH DRY CONCRETE,N,19,,,,,,WOODLAND HILLS,DR,,,,,,,12,1,0,,1,1,20,12:53 PM,DISP,12:59 PM,2/7/2013,Y,TXHPD0000,2469,24,124,58,8,2,4,22,64,42,1,5,1,21,21,101,208,30.04877037,-95.2157029,,,,,KINGWOOD DR,,,,,,,,,,,,,,,Y,N,N,3,9,Y,THU,,,,,,,,,,,,,,,,,,,,,,,,,,,,,,,,,,,,,,,,,,,,,,,,,,,,,,,,0,0,1,1,0,1,0,15,,,
13117802,N,N,N,N,N,N,N,2/10/2013,12:16 PM,1302-0131,3,246,72,N,Y,,,19,,,1,15600,,ANDERSON MILL,RD,N,N,40,N,N,,N,19,,,,200,,GASPAR BEND,,,,,,,,12,1,0,,4,1,11,12:24 PM,DISPATCHED,12:31 PM,2/10/2013,Y,TX2460900,224,,,23,8,2,4,30,64,3,1,5,1,21,21,227,1792,30.50121172,-97.85862242,,,,,ANDERSON MILL RD,15715,,,,,,,,,,,,,,Y,N,Y,5,0,Y,SUN,,,,,,,,,,,,,,,,,,,,,,,,,,,,,,,,,,,,,,,,,,,,,,,,,,,,,,,,0,0,0,3,0,0,0,90,,,
13117956,N,N,N,N,N,N,N,2/10/2013,9:25 PM,34166A,,57,107,N,Y,,,19,,,1,14600,,NOEL,RD,N,N,40,N,N,,Y,19,,,1,5400,,PRESTON OAKS,RD,,,,,,,11,3,2,,1,1,8,9:45 PM,DISPATCHED,9:55 PM,2/11/2013,Y,TX0000006,2471,,,59,8,2,1,10,64,54,1,5,1,21,21,57,107,32.94332422,-96.81814256,,,,,NOEL RD,,,,,,,,,,PRESTON OAKS RD,,,,,Y,N,N,5,9,Y,SUN,,,,,,,,,,,,,,,,,,,,,,,,,,,,,,,,,,,,,,,,,,,,,,,,,,,,,,,,0,0,0,2,0,0,0,282,,,
13118016,N,N,N,N,N,N,N,1/5/2013,12:28 PM,2013-302,,116,180,N,Y,,,19,,,1,3000,,WELLINGTON,ST,N,N,30,N,N,,N,19,,,,,,KATY,ST,,,,,,,11,1,0,,1,1,1,12:38 PM,DISPATCH,12:41 PM,1/5/2013,N,TX1160300,1383,,,,8,2,4,22,64,42,1,5,1,21,21,116,180,33.13609123,-96.12267255,,,,,WELLINGTON ST,2943,,,,,,,,,,,,,,Y,N,N,5,6,Y,SAT,,,,,,,,,,,,,,,,,,,,,,,,,,,,,,,,,,,,,,,,,,,,,,,,,,,,,,,,0,0,0,1,1,0,0,282,,,
13118558,N,N,N,N,N,N,N,1/28/2013,5:50 AM,130012710,0,101,1666,Y,N,,,19,,,1,1800,E,SAM HOUSTON PW N,,N,N,50,N,N,,N,15,,,,,,JACINTO PORT,BLVD,,,,,,,11,4,0,,3,1,20,5:50 AM,ON VIEW,5:50 AM,1/28/2013,Y,TX1010000,1419,347,33,5,8,2,4,21,64,54,1,4,3,21,21,101,1666,29.75678047,-95.14664804,,,,,E SAM HOUSTON PKWY N,,,,,,,,,,,,,,,N,N,Y,5,0,Y,MON,,,,,,,,,,,,,,,,,,,,,,,,,,,,,,,,,,,,,,,,,,,,,,,,,,,,,,,,0,0,0,3,1,0,0,15,,,
13118605,N,N,N,N,N,N,N,2/5/2013,4:11 PM,13-00059,,227,451,N,Y,,,4,2244,,1,3500,,BEE CAVE,RD,N,N,40,N,N,,Y,19,,,7,200,,WESTBROOK,DR,,,,,,,11,1,2,3,1,1,8,4:11 PM,RADIO,4:42 PM,2/5/2013,Y,TX2270400,2398,,,,8,2,1,14,64,3,1,3,1,21,21,227,451,30.27740374,-97.80468829,RM,2244,,9.501,RM2244,3526,2102,1,9.727,544,-0.271,,,,WESTBROOK DR,,,,,Y,Y,Y,2,3,Y,TUE,2,0,0,0,0,2,4,100,48,48,4,0,0,1,0,0,1,0,0,0,0,4,14,24176,2014,24176,1.3,1.7,3,,,,,,,,,,,,,,,,,,,,,,,,,,,0,1,0,1,0,1,0,90,,,
13118631,N,N,N,N,N,N,N,1/26/2013,6:50 PM,130012127,0,101,1666,Y,N,,,19,,,2,5700,,E SAM HOUSTON PW N,,N,N,35,N,N,PUBLIC ROADWAY,N,15,,,,,,WALLISVILLE RD,,,,,,PUBLIC ROADWAY,,11,1,98,,1,1,1,6:56 PM,DISPATCHED,6:56 PM,1/26/2013,Y,TX1010000,1419,109,4,5,8,2,4,21,64,54,2,4,1,21,21,101,1666,29.80882038,-95.16393314,,,,,E SAM HOUSTON PKWY N,,,,,,,,,,,,,,,N,N,Y,5,0,Y,SAT,,,,,,,,,,,,,,,,,,,,,,,,,,,,,,,,,,,,,,,,,,,,,,,,,,,,,,,,0,0,0,2,0,0,0,15,,,
13118804,N,N,N,N,N,N,N,1/24/2013,3:49 PM,13-1344,,92,268,N,Y,,,19,,,1,400,N,6TH,ST,N,N,30,N,N,,Y,19,,,1,900,,MAGRILL,ST,,,,,,,11,1,4,,1,1,8,3:51 PM,DISPATCHED,3:54 PM,1/24/2013,Y,920500,1691,,,,8,2,1,10,64,3,1,5,1,21,21,92,268,32.49723423,-94.72918312,,,,,N 6TH ST,498,,,,,,,,,E MAGRILL ST,,,,,Y,N,N,3,7,Y,THU,,,,,,,,,,,,,,,,,,,,,,,,,,,,,,,,,,,,,,,,,,,,,,,,,,,,,,,,0,0,2,1,0,2,0,361,,,
13118872,N,Y,N,N,N,N,N,1/9/2013,11:55 AM,,,154,1719,Y,Y,30.90093,-96.10702,4,39,,1,,,NOT REPORTED,,N,N,70,N,N,,N,,,,,,,NOT REPORTED,,0.5,M,N,408,,,12,3,0,1,1,2,11,12:00 AM,LCSO,12:35 AM,1/10/2013,Y,,10000,1,15,1,8,10,4,1,1,3,1,3,2,21,21,154,1719,30.89146567,-96.10331559,FM,39,,64.191,FM0039,,639,2,9.393,408,-0.5,,,,NOT REPORTED,,,,,Y,Y,Y,2,0,Y,WED,2,0,2,2,0,2,2,100,28,22,2,0,0,2,2,5,2,2,5,0,0,1,7,3239,2014,3239,6.8,2.3,9.1,,,,,,,,,,,,,,,,,,,,,,,,,,,0,1,0,0,0,1,0,,,,
13118894,N,Y,N,N,N,N,N,1/30/2013,3:00 PM,2013-2470,,123,30,N,N,,,19,,,1,700,N,ELEVENTH,ST,N,N,35,N,N,,N,19,,,1,3700,,STEGG,ST,,,,,ELEVENTH,,11,1,0,,1,1,20,3:00 PM,DISPATCHED,3:11 PM,1/30/2013,Y,TX1230100,104,,,508,8,2,4,21,64,9,1,5,1,21,21,123,30,30.07011951,-94.12946453,,,,,S 11TH ST,793,,,,,,,,,,,,,,N,N,N,5,8,Y,WED,,,,,,,,,,,,,,,,,,,,,,,,,,,,,,,,,,,,,,,,,,,,,,,,,,,,,,,,0,0,0,2,0,0,0,135,,,
13118962,N,N,N,N,N,N,N,1/18/2013,2:42 PM,13-997,,92,268,N,Y,,,19,,,1,3300,,4TH,ST,N,N,30,N,N,,N,11,281,,,,E,LOOP 281,,,,,,,,11,1,0,,1,1,5,2:43 PM,DISPATCHED,2:46 PM,1/18/2013,Y,920500,1691,,,,8,2,2,22,64,38,1,2,1,21,21,92,268,32.54067964,-94.73126096,,,,,N 4TH ST,,,,,,,SL,281,,SL0281,,,,,Y,N,N,5,7,Y,FRI,,,,,,,,,,,,,,,,,,,,,,,,,,,,,,,,,,,,,,,,,,,,,,,,,,,,,,,,0,0,0,2,0,0,0,361,,,
13118969,N,Y,N,N,N,N,N,1/3/2013,3:05 PM,,,235,1800,Y,Y,28.881,-97.171,4,447,,1,,,NOT REPORTED,,N,N,60,N,N,,Y,4,236,,1,,,NOT REPORTED,,,,,,,,11,1,2,1,1,1,8,3:08 PM,DPS COMM,3:27 PM,1/6/2013,Y,,10000,91,92,1,8,2,2,19,64,38,1,3,1,21,21,235,1800,28.8807373,-97.17219543,FM,236,,17.876,FM0236,,842,3,5.501,538,0.539,FM,447,,FM0447,,842,2,0,Y,Y,Y,5,0,Y,THU,2,0,8,8,0,2,2,80,40,24,4,0,0,2,8,5,2,8,5,0,0,1,7,5044,2014,5044,9.7,7.4,17.1,,,,,,,,,,,,,,,,,,,,,,,,,,,0,0,0,3,0,0,0,363,,,
13119060,N,N,N,N,N,N,N,1/31/2013,6:08 AM,2013-002515,,123,30,N,Y,,,19,,,1,3900,,LUCAS,RD,N,N,40,N,N,,Y,2,69,,2,3900,,EASTEX,FWY,,,,,,,11,4,4,,1,1,5,6:38 AM,DISPATCH,6:44 AM,1/31/2013,Y,TX1230100,104,,,,8,7,2,3,39,35,2,2,4,21,21,123,30,30.12228152,-94.1403183,,,,,E LUCAS DR,3900,,,,,,,,,UNKNOWN,,,,,Y,N,N,5,8,Y,THU,,,,,,,,,,,,,,,,,,,,,,,,,,,,,,,,,,,,,,,,,,,,,,,,,,,,,,,,0,0,0,2,0,0,0,135,,,
13119095,N,N,N,N,N,N,N,1/17/2013,4:53 PM,TX3ODH0NAK08,,4,1569,Y,Y,27.96093,-97.11228,3,188,,1,,,NOT REPORTED,,N,N,55,N,N,SH-0188,Y,15,,,,,N,WALKER,RD,,,,,,,11,1,4,1,1,1,8,4:55 PM,DISPATCHED,4:56 PM,1/17/2013,Y,,10000,22,112,1,8,2,1,34,62,54,1,2,1,21,21,4,1569,27.96087284,-97.11235814,SH,188,,42.893,SH0188,500,2607,1,2.143,582,-0.443,,,,N WALKER RD,,,,,Y,Y,Y,3,0,Y,THU,2,0,10,10,0,2,2,100,44,24,2,0,0,2,10,5,2,10,5,0,0,1,7,3037,2014,3037,3.4,3.6,7,,,,,,,,,,,,,,,,,,,,,,,,,,,0,0,2,2,0,2,0,,,,
13119329,N,N,N,N,N,N,N,1/30/2013,4:16 PM,13-008485,,43,162,N,Y,33.1308,-96.8253,19,,,1,6400,,DALLAS,PKWY,N,N,50,N,N,,Y,19,,,1,7000,,STONEBROOK,PKWY,,,,,,,11,1,4,,1,1,9,4:18 PM,DISPATCHED,4:22 PM,1/31/2013,Y,TX0430400,1331,,,,8,2,1,10,64,54,1,5,1,21,21,43,162,33.13140419,-96.82533254,,,,,DALLAS PKWY,,,,,,,,,,STONEBROOK PKWY,,,,,Y,N,N,5,8,Y,WED,,,,,,,,,,,,,,,,,,,,,,,,,,,,,,,,,,,,,,,,,,,,,,,,,,,,,,,,0,0,0,8,0,0,0,282,,,
13119415,N,N,N,N,N,N,N,1/29/2013,6:42 PM,1301057,,70,140,N,N,,,19,,,7,1102,E,ENNIS,AVE,Y,N,35,N,N,PARKING LOT,N,19,,,,1102,E,ENNIS,AVE,,,,,,,2,4,0,,1,2,1,6:42 PM,DISPATCHED,6:45 PM,1/29/2013,Y,TX0700100,1274,,,,8,4,4,4,64,54,7,9,5,33,21,70,140,,,,,,,E ENNIS AVE,,,,,,,,,,,,,,,N,N,N,5,5,N,TUE,,,,,,,,,,,,,,,,,,,,,,,,,,,,,,,,,,,,,,,,,,,,,,,,,,,,,,,,0,0,0,4,0,0,0,,,,
13119463,N,N,N,N,N,N,N,1/23/2013,8:23 AM,1300005546,,220,179,N,Y,,,3,26,,1,3200,S,NOT REPORTED,,N,N,35,Y,Y,IRA E. WOODS AVE.,Y,19,,,1,3200,,MUSTANG,DR,,,,,,,11,1,4,2,1,1,5,8:25 AM,DISPATCH,8:30 AM,1/23/2013,Y,TX2201300,1379,,,27,8,2,1,34,39,49,1,2,1,20,21,220,179,32.91911529,-97.11905489,SH,26,,10.973,SH0026,,363,1,13.42,570,0.878,,,,MUSTANG DR,,,,,Y,Y,N,3,6,Y,WED,3,0,0,0,16,2,6,150,72,72,5,1,1,1,0,0,1,0,0,1,16,4,14,30753,2014,30753,2.5,0.4,2.9,,,,,,,,,,,,,,,,,,,,,,,,,,,0,0,1,2,0,1,0,282,,,
13119481,N,N,N,N,N,N,N,1/29/2013,5:00 PM,,,161,1726,Y,Y,31.59895,-97.10902,1,35,,3,,,NOT REPORTED,,N,N,65,Y,N,IH-35 SB ENTRANCE RAMP,N,,,,,,,NOT REPORTED,,0.1,M,S,339,,,2,1,0,2,1,2,11,5:01 PM,DISPATCHED,5:10 PM,1/29/2013,Y,TXDPS6400,10000,22,119,1,8,10,2,1,1,49,3,1,4,21,21,161,34,31.60506153,-97.10606279,IH,35,,338.424,IH0035,,15,1,19.172,339,-0.1,,,,NOT REPORTED,,,,,Y,Y,N,5,4,Y,TUE,5,0,6,10,48,2,6,300,104,72,4,0,0,2,12,5,2,20,5,3,36,3,11,92770,2014,92770,2.9,29.5,32.4,,,,,,,,,,,,,,,,,,,,,,,,,,,0,0,0,1,0,0,0,140,,,
13119811,N,N,N,N,N,N,N,2/3/2013,3:09 PM,13SP010608,,220,406,N,Y,32.9411,-97.14303,4,1709,,7,600,E,1709,HWY,Y,N,0,N,N,PRIVATE PARKING LOT,N,19,,,1,100,,BYRON NELSON,PKWY,,,,,FOUR-LANE TWO-WAY DIVIDED ROADWAY,,11,1,0,,1,1,1,3:09 PM,DISPATCHED,3:21 PM,2/3/2013,Y,TX2203200,2154,,8,36,8,2,4,22,64,54,7,9,5,32,33,220,406,,,FM,1709,,,FM1709,,,,,,,,,,,,,,,N,Y,N,5,6,N,SUN,,,,,,,,,,,,,,,,,,,,,,,,,,,,,,,,,,,,,,,,,,,,,,,,,,,,,,,,0,0,0,3,0,0,0,,,,
13119895,N,N,N,N,N,N,N,1/29/2013,3:43 PM,13-2066,,161,442,N,Y,,,19,,,1,200,,ROSE,ST,N,N,30,N,N,,N,19,,,1,900,,RUSK,ST,,,,,,,11,1,0,,1,1,1,3:48 PM,DISPATCH,3:50 PM,1/29/2013,Y,TX1551200,2372,,,100,8,7,4,1,33,54,1,5,2,21,21,161,442,31.5700723,-97.12258383,,,,,ROSE ST,284,,,,,,,,,,,,,,Y,N,N,1,8,Y,TUE,,,,,,,,,,,,,,,,,,,,,,,,,,,,,,,,,,,,,,,,,,,,,,,,,,,,,,,,1,0,0,0,0,1,0,140,,,
13120144,N,N,N,N,N,N,N,2/3/2013,9:30 PM,,,129,1694,Y,Y,32.77338,-96.4977,2,80,,1,,,NOT REPORTED,,N,N,65,N,N,,N,4,460,,,,,NOT REPORTED,,,,,,,,11,3,0,2,1,1,20,9:40 PM,DPS DALLAS,9:50 PM,2/4/2013,Y,,10000,15,107,1,8,7,4,1,23,54,1,2,2,21,21,129,1694,32.77296592,-96.49599659,US,80,,11.07,US0080,,95,3,1.42,674,-0.583,,,,,,,,,Y,Y,Y,5,0,Y,SUN,5,0,2,10,44,2,4,300,76,48,4,0,0,2,4,5,2,22,5,2,40,2,12,76759,2014,76759,6,11.8,17.8,,,,,,,,,,,,,,,,,,,,,,,,,,,0,0,0,2,0,0,0,282,,,
13120252,N,N,N,N,N,N,N,1/30/2013,1:40 PM,,,246,1811,Y,Y,30.60978,-97.45197,15,,,1,,,CHANDLER,RD,N,N,55,N,N,,Y,15,366,,1,,,NOT REPORTED,,,,,,,,7,1,2,,1,1,12,1:40 PM,DROVE ON SCENE,1:40 PM,1/31/2013,Y,,10000,12,22,1,8,2,1,23,64,8,1,4,1,21,21,246,1811,30.60750528,-97.46218035,,,,,CHANDLER RD,,,,,,,,,,UNKNOWN,,,,,Y,N,Y,5,0,Y,WED,,,,,,,,,,,,,,,,,,,,,,,,,,,,,,,,,,,,,,,,,,,,,,,,,,,,,,,,0,0,0,2,0,0,0,90,,,
13120351,N,N,N,N,N,Y,N,2/8/2013,3:09 PM,13-03378,,227,1792,Y,Y,30.18881,-97.58475,3,71,,1,4800,E,SH71,HWY,N,N,65,N,N,,N,19,,,,4400,,NAVARRO CREEK,RD,,,,,,,11,1,0,2,1,1,20,3:09 PM,DISPATCH,3:10 PM,2/14/2013,Y,TX2270000,2292,,7,122,8,2,1,23,64,8,1,2,1,21,21,227,1792,30.18907641,-97.58449585,SH,71,,134.516,SH0071,,265,2,2.085,586,0.468,,,,NAVARRO CREEK RD,,,,,Y,Y,Y,5,0,Y,FRI,3,0,3,10,53,2,4,240,80,48,4,0,0,2,13,5,2,13,5,2,40,1,2,42368,2014,42368,3.2,5.6,8.8,,,,,,,,,,,,,,,,,,,,,,,,,,,0,0,0,2,0,0,0,90,,,
13120680,N,N,N,N,N,N,N,2/3/2013,7:03 AM,SAPD13025497,4150,15,379,N,Y,,,19,,,1,600,N,W W WHITE,RD,N,N,40,N,N,,N,19,,,,200,,SEALE,,,,,,,,11,4,0,,1,1,1,7:10 AM,DISPATCHED,7:16 AM,2/4/2013,Y,TXSPD0000,2473,,9,162,8,7,4,1,20,29,1,5,4,21,21,15,379,29.44515723,-98.40493915,,,,,N WW WHITE RD,,,,,,,,,,,,,,,Y,N,N,5,9,Y,SUN,,,,,,,,,,,,,,,,,,,,,,,,,,,,,,,,,,,,,,,,,,,,,,,,,,,,,,,,0,0,0,1,0,0,0,28,,,