Crash_ID,Crash_Fatal_Fl,Cmv_Involv_Fl,Schl_Bus_Fl,Rr_Relat_Fl,Medical_Advisory_Fl,Amend_Supp_Fl,Active_School_Zone_Fl,Crash_Date,Crash_Time,Case_ID,Local_Use,Rpt_CRIS_Cnty_ID,Rpt_City_ID,Rpt_Outside_City_Limit_Fl,Thousand_Damage_Fl,Rpt_Latitude,Rpt_Longitude,Rpt_Rdwy_Sys_ID,Rpt_Hwy_Num,Rpt_Hwy_Sfx,Rpt_Road_Part_ID,Rpt_Block_Num,Rpt_Street_Pfx,Rpt_Street_Name,Rpt_Street_Sfx,Private_Dr_Fl,Toll_Road_Fl,Crash_Speed_Limit,Road_Constr_Zone_Fl,Road_Constr_Zone_Wrkr_Fl,Rpt_Street_Desc,At_Intrsct_Fl,Rpt_Sec_Rdwy_Sys_ID,Rpt_Sec_Hwy_Num,Rpt_Sec_Hwy_Sfx,Rpt_Sec_Road_Part_ID,Rpt_Sec_Block_Num,Rpt_Sec_Street_Pfx,Rpt_Sec_Street_Name,Rpt_Sec_Street_Sfx,Rpt_Ref_Mark_Offset_Amt,Rpt_Ref_Mark_Dist_Uom,Rpt_Ref_Mark_Dir,Rpt_Ref_Mark_Nbr,Rpt_Sec_Street_Desc,Rpt_CrossingNumber,Wthr_Cond_ID,Light_Cond_ID,Entr_Road_ID,Road_Type_ID,Road_Algn_ID,Surf_Cond_ID,Traffic_Cntl_ID,Investigat_Notify_Time,Investigat_Notify_Meth,Investigat_Arrv_Time,Report_Date,Investigat_Comp_Fl,ORI_Number,Investigat_Agency_ID,Investigat_Area_ID,Investigat_District_ID,Investigat_Region_ID,Bridge_Detail_ID,Harm_Evnt_ID,Intrsct_Relat_ID,FHE_Collsn_ID,Obj_Struck_ID,Othr_Factr_ID,Road_Part_Adj_ID,Road_Cls_ID,Road_Relat_ID,Phys_Featr_1_ID,Phys_Featr_2_ID,Cnty_ID,City_ID,Latitude,Longitude,Hwy_Sys,Hwy_Nbr,Hwy_Sfx,Dfo,Street_Name,Street_Nbr,Control,Section,Milepoint,Ref_Mark_Nbr,Ref_Mark_Displ,Hwy_Sys_2,Hwy_Nbr_2,Hwy_Sfx_2,Street_Name_2,Street_Nbr_2,Control_2,Section_2,Milepoint_2,Txdot_Rptable_Fl,Onsys_Fl,Rural_Fl,Crash_Sev_ID,Pop_Group_ID,Located_Fl,Day_of_Week,Hwy_Dsgn_Lane_ID,Hwy_Dsgn_Hrt_ID,Hp_Shldr_Left,Hp_Shldr_Right,Hp_Median_Width,Base_Type_ID,Nbr_Of_Lane,Row_Width_Usual,Roadbed_Width,Surf_Width,Surf_Type_ID,Curb_Type_Left_ID,Curb_Type_Right_ID,Shldr_Type_Left_ID,Shldr_Width_Left,Shldr_Use_Left_ID,Shldr_Type_Right_ID,Shldr_Width_Right,Shldr_Use_Right_ID,Median_Type_ID,Median_Width,Rural_Urban_Type_ID,Func_Sys_ID,Adt_Curnt_Amt,Adt_Curnt_Year,Adt_Adj_Curnt_Amt,Pct_Single_Trk_Adt,Pct_Combo_Trk_Adt,Trk_Aadt_Pct,Curve_Type_ID,Curve_Lngth,Cd_Degr,Delta_Left_Right_ID,Dd_Degr,Feature_Crossed,Structure_Number,I_R_Min_Vert_Clear,Approach_Width,Bridge_Median_ID,Bridge_Loading_Type_ID,Bridge_Loading_In_1000_Lbs,Bridge_Srvc_Type_On_ID,Bridge_Srvc_Type_Under_ID,Culvert_Type_ID,Roadway_Width,Deck_Width,Bridge_Dir_Of_Traffic_ID,Bridge_Rte_Struct_Func_ID,Bridge_IR_Struct_Func_ID,CrossingNumber,RRCo,Poscrossing_ID,WDCode_ID,Standstop,Yield,Incap_Injry_Cnt,Nonincap_Injry_Cnt,Poss_Injry_Cnt,Non_Injry_Cnt,Unkn_Injry_Cnt,Tot_Injry_Cnt,Death_Cnt,MPO_ID,Investigat_Service_ID,Investigat_DA_ID,Investigator_Narrative
13120826,N,N,N,N,N,N,N,1/17/2013,12:10 PM,13-000614,,21,85,N,Y,,,19,,,2,800,,EARL RUDDER S,FWY,N,N,50,N,N,,Y,4,60,,,1700,,UNIVERSITY E,DR,,,,,,,11,1,2,2,1,1,20,12:13 PM,DISPATCH,12:20 PM,1/17/2013,Y,,301,,,,8,2,2,22,64,3,2,3,1,21,21,21,85,30.63971708,-96.31144947,FM,60,,42.238,FM0060,,506,1,8.859,636,0.75,,,,S EARL RUDDER FWY,,,,,Y,Y,N,2,7,Y,THU,3,0,0,0,4,3,6,140,72,72,2,1,1,1,0,0,1,0,0,1,4,3,14,32081,2014,32081,2.4,2.2,4.5,,,,,,,,,,,,,,,,,,,,,,,,,,,0,1,0,2,0,1,0,249,,,
13121080,N,N,N,N,N,N,N,1/28/2013,4:10 PM,1300003693,,220,249,N,N,,,11,820,,2,3500,SW,JIM WRIGHT,FWY,N,N,40,N,N,"PAVED, BLACKTOP",N,4,1220,,1,6000,W,AZLE,AVE,75,F,NE,INT,"PAVED, BLACKTOP",,12,1,0,2,1,1,20,4:10 PM,DISPATCHED,4:10 PM,1/28/2013,Y,TX2201900,1628,76,102,137,8,2,2,22,64,9,2,1,1,21,21,220,249,32.81375122,-97.41300201,IH,820,,10.837,IH0820,,8,14,11.758,10,0.205,FM,1220,,FM1220,,2079,1,10.423,N,Y,Y,5,3,Y,MON,5,0,10,10,0,3,11,400,174,110,5,0,0,2,32,5,2,32,5,3,30,4,11,91167,2014,91167,3.6,5,8.5,,,,,,,,,,,,,,,,,,,,,,,,,,,0,0,0,2,0,0,0,282,,,
13121272,N,N,N,N,N,N,N,1/31/2013,12:13 PM,13-3558,,152,270,N,Y,,,19,,,1,1800,,MILWAUKEE,AVE,N,N,50,N,N,,N,3,114,,1,6400,,19TH,ST,,,,,,,11,1,0,,1,1,5,12:13 PM,DROVE UPON,12:13 PM,1/31/2013,Y,TX1520200,1706,,,,8,2,2,22,64,38,1,2,1,21,21,152,270,33.57783175,-101.957161,,,,,MILWAUKEE AVE,1897,,,,,,SH,114,,SH0114,,,,,Y,N,N,3,8,Y,THU,,,,,,,,,,,,,,,,,,,,,,,,,,,,,,,,,,,,,,,,,,,,,,,,,,,,,,,,0,0,2,1,0,2,0,122,,,
13121340,N,N,N,N,N,N,N,1/28/2013,5:38 PM,2.01E+11,,233,112,N,N,,,19,,,1,500,,COCHRAN,ST,N,N,25,N,N,,N,19,,,1,500,,LAS VACAS,RD,,,,,,,11,1,2,,1,1,8,5:40 PM,DISPATCH,5:42 PM,1/28/2013,Y,TX2330100,1191,,,,8,2,2,22,64,38,1,5,1,21,21,233,112,29.35601023,-100.9050507,,,,,COCHRAN ST,587,,,,,,,,,LAS VACAS ST,,,,,N,N,N,5,6,Y,MON,,,,,,,,,,,,,,,,,,,,,,,,,,,,,,,,,,,,,,,,,,,,,,,,,,,,,,,,0,0,0,3,1,0,0,,,,
13121432,N,N,N,N,N,N,N,2/3/2013,12:03 PM,13-0549,,84,255,N,Y,,,4,2094,,1,2200,W,MARINA BAY,DR,N,N,45,N,N,,N,4,518,,1,,E,FM 518,,,,,,,,12,1,0,2,1,1,20,12:04 PM,DISPATCH,12:11 PM,2/3/2013,Y,TX0840800,1648,,,,8,2,2,22,64,38,1,3,1,21,21,84,255,29.52302737,-95.07632218,FM,2094,,0.004,FM2094,2205,976,4,0.004,694,-0.024,FM,518,,FM0518,,,,,Y,Y,N,5,7,Y,SUN,3,0,0,0,36,3,4,108,48,48,5,2,2,1,0,0,1,0,0,1,36,4,16,24380,2014,24380,2,0.6,2.6,,,,,,,,,,,,,,,,,,,,,,,,,,,0,0,0,2,0,0,0,15,,,
13121590,N,N,N,N,N,N,N,1/26/2013,12:30 PM,2013-00932,ADMIN2692012613,71,136,N,N,31.80859,-106.25285,19,,,1,12501,,MONTANA,AVE,Y,N,55,N,N,,N,19,,,1,4000,,TURF,,,,,,,,11,1,0,,1,1,1,12:30 PM,STI CALLOUT,1:20 PM,1/26/2013,Y,TX0710000,1260,,,,8,7,4,4,36,24,7,9,5,33,21,71,136,,,,,,,MONTANA AVE,,,,,,,,,,,,,,,N,N,N,5,9,N,SAT,,,,,,,,,,,,,,,,,,,,,,,,,,,,,,,,,,,,,,,,,,,,,,,,,,,,,,,,0,0,0,2,0,0,0,,,,
13121597,N,N,N,N,N,N,N,1/30/2013,7:57 AM,2013-00987,,71,136,N,Y,31.76922,-106.45545,3,85,,3,3400,E,PAISANO,DR,N,N,55,N,N,,N,19,,,,2800,,EXECUTIVE CENTER,,,,,,,,11,1,0,,2,1,9,7:57 AM,ROLL-UP,7:57 AM,1/30/2013,Y,TX0710000,1260,,,,8,2,2,22,64,38,3,2,1,21,21,71,136,31.76922255,-106.455451,,,,,US 62,,,,,,,,,,UNKNOWN,,,,,Y,N,N,5,9,Y,WED,,,,,,,,,,,,,,,,,,,,,,,,,,,,,,,,,,,,,,,,,,,,,,,,,,,,,,,,0,0,0,2,0,0,0,66,,,
13121655,N,N,N,N,N,N,N,2/2/2013,8:59 PM,13-5163,,108,331,N,Y,,,19,,,1,2300,S,CAGE,RD,N,N,45,N,N,,N,19,,,1,100,E,MOORE,RD,,,,,,,11,4,0,3,1,1,11,8:59 PM,DISPATCHED,9:01 PM,2/2/2013,Y,1081100,1926,63,123,143,8,2,4,20,64,54,1,2,1,21,21,108,331,26.17335068,-98.18759858,US,281,,573.066,US0281,1917,255,9,42.888,784,0.696,,,,,,,,,Y,Y,N,3,7,Y,SAT,2,0,8,8,0,2,4,100,84,64,4,2,2,2,8,5,2,8,5,0,0,4,14,22519,2014,22519,9.5,6.5,16,,,,,,,,,,,,,,,,,,,,,,,,,,,0,0,5,0,0,5,0,230,,,
13121713,N,N,N,N,N,N,N,1/20/2013,12:27 PM,C1300470,,178,97,N,Y,,,19,,,1,4400,,VIOLET,RD,N,N,40,N,N,,N,19,,,1,,,LEOPARD,ST,,,,,,,11,1,0,3,1,1,11,12:27 PM,RADIO,12:34 PM,1/20/2013,Y,TX1780200,1115,,,51,8,2,3,34,64,13,1,3,1,32,21,178,97,27.84638448,-97.58593487,FM,24,,0.397,FM0024,4419,1556,1,5.413,618,0.377,,,,,,,,,Y,Y,N,3,9,Y,SUN,2,0,0,0,0,2,4,60,43,43,4,0,0,1,0,0,1,0,0,0,0,4,16,13868,2014,13868,1.3,0.6,1.8,,,,,,,,,,,,,,,,,,,,,,,,,,,0,0,1,1,0,1,0,96,,,
13121722,N,N,N,N,N,N,N,2/1/2013,7:43 AM,C1300736,,178,97,N,Y,,,19,,,1,6500,,WEBER,RD,N,N,35,N,N,,N,19,,,1,4000,,SARATOGA,BLVD,,,,,,,11,1,0,3,1,1,11,7:43 AM,DISPATCHED,7:50 AM,2/1/2013,Y,YX1780200,1115,,,19,8,2,3,34,64,13,1,3,1,32,21,178,97,27.69931567,-97.41258471,FM,43,,9.03,FM0043,,1557,1,9.144,562,-0.883,,,,,,,,,Y,Y,N,5,9,Y,FRI,2,0,0,0,0,2,4,100,66,62,4,2,2,1,0,0,1,0,0,0,0,4,14,19455,2014,19455,4.9,3.9,8.8,,,,,,,,,,,,,,,,,,,,,,,,,,,0,0,0,3,0,0,0,96,,,
13121727,N,N,N,N,N,N,N,2/1/2013,12:51 PM,C1300744,,178,97,N,Y,,,19,,,1,5300,,WEBER,RD,N,N,35,N,N,,N,19,,,1,,,TIGER,LN,,,,,,,11,1,0,3,1,1,20,12:55 PM,DISPATCH,12:57 PM,2/1/2013,Y,TX1780200,1115,,,19,8,2,4,22,64,42,1,3,1,21,21,178,97,27.71812472,-97.40079645,FM,43,,10.516,FM0043,,1557,1,10.534,562,0.603,,,,,,,,,Y,Y,N,5,9,Y,FRI,2,0,0,0,0,2,4,100,66,62,4,2,2,1,0,0,1,0,0,0,0,4,14,25863,2014,25863,4.9,3.9,8.8,,,,,,,,,,,,,,,,,,,,,,,,,,,0,0,0,3,0,0,0,96,,,
13121748,N,N,N,N,N,N,N,2/5/2013,7:37 AM,C1300830,,178,97,N,Y,,,19,,,1,4100,,WEBER,ST,N,N,35,N,N,,Y,19,,,1,3700,,WASSERMAN,RD,,,,,,,11,1,0,,1,1,11,7:54 AM,DISPATCHED,8:08 AM,2/5/2013,N,TX1780200,1115,,,19,8,2,1,34,64,54,1,5,1,21,21,178,97,27.73732528,-97.38895265,,,,,WEBER RD,4110,,,,,,,,,WASSERMAN ST,,,,,Y,N,N,5,9,Y,TUE,,,,,,,,,,,,,,,,,,,,,,,,,,,,,,,,,,,,,,,,,,,,,,,,,,,,,,,,0,0,0,2,2,0,0,96,,,
13121815,N,N,N,N,N,N,N,2/5/2013,8:21 AM,13-000580,,57,71,N,Y,,,2,67,,3,400,,US HWY 67,,N,N,60,N,N,EFR,N,4,1382,,1,300,E,FM 1382,,,,,,,,5,1,0,2,1,2,1,8:22 AM,DISPATCHED,8:24 AM,2/5/2013,Y,TX0570500,223,,,,8,7,4,1,39,54,3,2,4,21,21,57,71,32.59616919,-96.93959274,US,67,,194.355,US0067,,261,2,14.822,418,-0.336,,,,,,,,,Y,Y,N,5,6,Y,TUE,5,0,6,12,42,2,4,300,84,48,5,0,0,2,12,5,2,24,5,3,30,4,12,40248,2014,40248,3,3.2,6.2,,,,,,,,,,,,,,,,,,,,,,,,,,,0,0,0,1,0,0,0,282,,,
13122181,N,N,N,N,N,N,N,2/7/2013,1:13 PM,13-9169,,105,383,N,N,,,5,12,,1,400,,WONDERWORLD,DR,N,N,45,N,N,,N,19,,,1,300,,STAGECOACH,TRL,,,,,,,11,1,0,3,1,1,5,1:13 PM,DISPATCHED,1:14 PM,2/7/2013,Y,TX1050100,2084,,,116,8,2,2,22,64,38,1,3,1,21,21,105,383,29.8620707,-97.95909596,RM,12,,36.766,RM0012,,3379,1,10.319,476,0.311,,,,S STAGECOACH TRL,,,,,N,Y,N,5,7,Y,THU,2,0,1,1,0,2,4,100,46,44,2,0,0,3,1,5,3,1,5,0,0,3,14,23671,2014,23671,2.2,3.8,6,1,64,0,1,2,,,,,,,,,,,,,,,,,,,,,,0,0,0,2,0,0,0,90,,,
13122213,N,N,N,N,N,N,N,2/1/2013,4:30 PM,130014943,0,101,1666,Y,Y,,,1,10,,1,16100,,EAST FW,,N,N,60,N,N,PUBLIC ROADWAY,N,15,,,,,,CROCKET,,,,,,PUBLIC RAODWAY,,11,1,0,2,1,1,1,5:06 PM,DISPATCHED,5:24 PM,2/1/2013,Y,TX1010000,1419,109,4,5,8,2,4,22,64,42,1,1,1,21,21,101,1666,29.78148836,-95.11536728,IH,10,,783.039,IH0010,,508,1,43.087,784,0.404,,,,,,,,,Y,Y,Y,5,0,Y,FRI,5,0,10,12,24,3,6,300,116,72,5,0,0,2,22,5,2,22,5,2,2,4,11,103734,2014,103734,2.9,18.5,21.4,,,,,,,,,,,,,,,,,,,,,,,,,,,0,0,0,3,0,0,0,15,,,
13122253,N,N,N,N,N,Y,N,1/25/2013,6:38 PM,13-025239,,71,136,N,Y,,,19,,,1,10200,,GATEWAY WEST,,N,N,0,N,N,,N,19,,,1,1100,,CAPER,,,,,,,,11,4,0,2,1,1,11,7:15 PM,DISPATCHED,7:21 PM,1/31/2013,N,TX0710200,1259,,,136,8,2,4,22,64,54,1,1,1,21,21,71,136,31.7566431,-106.3518187,IH,10,,28.417,IH0010,10191,2121,3,29.193,28,0.449,,,,,,,,,Y,Y,N,5,9,Y,FRI,5,0,10,10,43,2,6,300,112,72,4,0,1,2,20,5,2,20,5,,23,4,11,131071,2014,131071,2.3,5.2,7.5,,,,,,,,,,,,,,,,,,,,,,,,,,,0,0,0,2,0,0,0,66,,,
13122259,N,N,N,N,N,N,N,1/25/2013,8:51 PM,13-025254,,71,136,N,N,31.86036,-106.55329,19,,,1,800,E,REDD,RD,N,N,0,N,N,,Y,19,,,1,900,,RESLER,,,,,,,,11,4,98,,1,1,5,8:54 PM,DISPATCHED,8:59 PM,1/25/2013,Y,TX0710200,1259,,,,8,1,2,1,64,54,1,5,1,21,21,71,136,31.85935484,-106.5579603,,,,,E REDD RD,,,,,,,,,,N RESLER DR,,,,,N,N,N,5,9,Y,FRI,,,,,,,,,,,,,,,,,,,,,,,,,,,,,,,,,,,,,,,,,,,,,,,,,,,,,,,,0,0,0,3,0,0,0,66,,,
13122497,N,N,N,N,N,N,N,2/11/2013,10:50 AM,34461A,,57,107,N,Y,,,19,,,1,600,E,JEFFERSON,BLVD,N,N,35,N,N,,Y,19,,,1,200,S,MARSALIS,AVE,,,,,,,12,1,4,,1,1,5,10:54 AM,DISPATCHED,10:59 AM,2/11/2013,Y,TX0000006,2471,,,44,8,2,1,10,64,54,1,5,1,21,21,57,107,32.74721426,-96.81565257,,,,,E JEFFERSON BLVD,600,,,,,,,,,S MARSALIS AVE,,,,,Y,N,N,2,9,Y,MON,,,,,,,,,,,,,,,,,,,,,,,,,,,,,,,,,,,,,,,,,,,,,,,,,,,,,,,,0,2,0,0,0,2,0,282,,,
13122725,N,N,N,N,N,N,N,2/6/2013,2:00 PM,0015401913I,,101,208,N,Y,,,19,,,1,2400,,WILCREST,DR,N,N,35,N,N,,N,19,,,,10900,,ELLA LEE,LN,,,,,,,2,1,0,,1,2,11,4:00 PM,WALKIN,4:00 PM,2/12/2013,Y,TXHPD0000,2469,24,128,21,8,2,3,14,64,14,1,5,1,32,14,101,208,29.74167517,-95.57206304,,,,,WILCREST DR,,,,,,,,,,,,,,,Y,N,N,5,9,Y,WED,,,,,,,,,,,,,,,,,,,,,,,,,,,,,,,,,,,,,,,,,,,,,,,,,,,,,,,,0,0,0,2,0,0,0,15,,,
13122850,N,Y,N,N,N,N,N,2/6/2013,9:00 AM,13-12145,,220,156,N,Y,32.76337,-97.21754,19,,,1,1100,,BRIDGEWOOD,DR,N,N,40,N,N,,Y,19,,,1,6600,,BRIDGE,ST,,,,,,,2,1,0,,6,2,5,9:02 AM,DROVE UP ON ACCIDENT,9:02 AM,2/6/2013,Y,TX2201200,1318,885,9,120,8,2,2,22,64,38,1,5,1,21,21,220,156,32.76499427,-97.21774246,,,,,BRIDGEWOOD DR,1100,,,,,,,,,UNKNOWN,,,,,Y,N,N,5,9,Y,WED,,,,,,,,,,,,,,,,,,,,,,,,,,,,,,,,,,,,,,,,,,,,,,,,,,,,,,,,0,0,0,2,0,0,0,282,,,
13123030,N,N,N,N,N,N,N,2/12/2013,6:21 PM,35582A,,57,107,N,Y,,,11,12,,1,2700,W,NORTHWEST,HWY,N,N,35,N,N,,N,19,,,,,,STARLIGHT,RD,,,,,,,11,4,0,2,1,1,20,6:22 PM,DISPATCH,6:24 PM,2/12/2013,Y,TX0000006,2471,,,87,8,1,2,1,64,54,1,2,1,21,21,57,107,32.85833377,-96.87641018,SL,12,,18.312,SL0012,2674,353,5,20.03,604,-1.716,,,,STARLIGHT RD,,,,,Y,Y,N,2,9,Y,TUE,3,0,0,0,15,3,6,300,66,66,5,1,2,1,0,0,1,0,0,1,15,4,14,46853,2014,46853,2.3,0.4,2.7,,,,,,,,,,,,,,,,,,,,,,,,,,,0,1,0,1,0,1,0,282,,,
13123035,N,N,N,N,N,N,N,2/3/2013,2:47 AM,SAPD13025405,2280,15,379,N,Y,,,19,,,1,700,,SAN PEDRO,,N,N,35,N,N,,Y,19,,,1,500,W,CYPRESS,,,,,,,,11,4,4,,1,1,20,3:23 AM,DISPATCHED,3:30 AM,2/3/2013,N,TXSPD0000,2473,,3,122,8,2,4,22,64,36,1,5,1,21,21,15,379,29.44063496,-98.49898231,,,,,SAN PEDRO AVE,798,,,,,,,,,,,,,,Y,N,N,5,9,Y,SUN,,,,,,,,,,,,,,,,,,,,,,,,,,,,,,,,,,,,,,,,,,,,,,,,,,,,,,,,0,0,0,1,1,0,0,28,,,
13123081,N,N,N,N,N,Y,N,2/11/2013,3:00 AM,SAPD13031487,5240,15,379,N,Y,,,19,,,1,2100,,CULEBRA,RD,N,N,45,N,N,LOCAL ROAD,Y,19,,,1,100,,BANDERA,RD,,,,,LOCAL ROAD,,2,4,3,2,1,2,5,3:00 AM,DISPATCHED,3:03 AM,6/29/2013,Y,TXSPD0000,2473,,109,138,8,2,2,34,64,54,1,2,1,21,21,15,379,29.44694054,-98.541367,SS,421,,4.362,SS0421,122,291,11,1.49,490,0.338,IH,10,,IH0010,,,,,Y,Y,N,2,9,Y,MON,3,0,0,0,14,2,5,100,60,60,4,1,1,1,0,0,1,0,0,1,14,4,14,29159,2014,29159,2.8,3.9,6.7,1,46,0,,0,,,,,,,,,,,,,,,,,,,,,,0,2,0,2,0,2,0,28,,,
13123324,N,N,N,N,N,N,N,1/24/2013,1:30 AM,,,213,1778,Y,Y,32.2696,-97.7327,3,144,,1,,,NOT REPORTED,,N,N,70,N,N,,N,4,200,,,,,NOT REPORTED,,,,,,,,11,3,0,1,1,1,12,1:49 AM,SOMERVELL COUNTY DIS,2:02 AM,1/24/2013,Y,,10000,1,118,1,1,7,4,1,41,54,1,2,2,21,21,213,1778,32.27015705,-97.7325891,SH,144,,12.778,SH0144,,385,5,4.462,306,-0.544,,,,,,,,,Y,Y,Y,2,0,Y,THU,2,0,6,6,0,2,2,100,38,24,4,0,0,2,6,5,2,6,5,0,0,1,7,5814,2014,5814,2.1,14.7,16.8,,,,,,,,,,,,,,,,,,,,,,,,,,,0,1,0,0,0,1,0,,,,
13123392,N,N,N,N,N,N,N,2/4/2013,6:20 PM,2.01E+12,,159,126,N,N,,,2,277,,1,2100,E,MAIN,ST,N,N,40,N,N,ASPHALT,N,2,57,,,2100,,GARRISON,ST,,,,,ASPHALT,,11,1,0,3,1,1,1,6:25 PM,VIA RADIO DISPATCH,6:29 PM,2/4/2013,Y,TX1620100,1227,,,79,8,2,3,34,64,13,1,2,1,32,21,159,126,28.70905324,-100.4763757,US,277,,449.09,US0277,1900,299,4,29.777,610,-1.325,,,,,,,,,N,Y,N,5,6,Y,MON,2,0,0,0,0,2,4,150,70,64,4,1,1,1,0,0,1,0,0,0,0,2,14,22869,2014,22869,3.6,2.2,5.7,,,,,,,,,,,,,,,,,,,,,,,,,,,0,0,0,3,0,0,0,,,,
13123601,N,N,N,N,N,N,N,2/1/2013,10:44 AM,13-0263,,84,160,N,Y,,,4,528,,1,200,,E PARKWOOD,AVE,N,N,45,N,N,,Y,19,,,1,1600,,WINDING,WAY,,,,,,,11,1,0,,1,1,5,10:44 AM,OFFICER VIEWED,10:44 AM,2/1/2013,N,TX0840300,1328,,,,8,2,1,34,64,54,1,3,1,21,21,84,160,,,FM,528,,,FM0528,,,,,,,,,,WINDING WAY,,,,,Y,Y,N,5,6,N,FRI,,,,,,,,,,,,,,,,,,,,,,,,,,,,,,,,,,,,,,,,,,,,,,,,,,,,,,,,0,0,0,3,0,0,0,,,,
13123635,N,N,N,N,N,N,N,1/7/2013,6:37 PM,13-000658,,240,254,N,N,,,19,,,1,500,,SORIA,DR,N,N,30,N,N,,N,19,,,1,,,OTANES,AVE,,,,,,,12,4,2,,1,1,1,6:37 PM,RADIO DISPATCH,6:40 PM,1/7/2013,Y,TX2400100,1644,,,,8,2,4,20,64,54,1,5,1,21,21,240,254,27.4415854,-99.48188215,,,,,SORIA DR,,,,,,,,,,,,,,,Y,N,N,3,8,Y,MON,,,,,,,,,,,,,,,,,,,,,,,,,,,,,,,,,,,,,,,,,,,,,,,,,,,,,,,,0,0,1,1,0,1,0,205,,,
13123692,N,N,N,N,N,N,N,2/4/2013,5:58 PM,13-003897,,240,254,N,N,,,19,,,1,900,,SAN DARIO,AVE,N,N,0,N,N,,Y,19,,,1,500,,HOUSTON,ST,,,,,,,12,1,2,2,1,1,5,5:48 PM,RADIO DISPATCH,6:13 PM,2/4/2013,N,TX2400100,1644,,,33,8,2,2,22,64,38,1,1,1,21,21,240,254,27.50671085,-99.50311891,IH,35,,0.125,IH0035,,18,6,1.004,1,-0.541,US,83,,US0083,,,,,N,Y,N,5,8,Y,MON,3,0,0,10,162,8,10,360,144,120,5,1,2,1,0,0,2,20,2,1,162,4,11,45662,2014,45662,6.7,27.9,34.7,,,,,,,,,,,,,,,,,,,,,,,,,,,0,0,0,5,0,0,0,205,,,
13123706,N,N,N,N,N,Y,N,2/3/2013,7:27 PM,13-003773,,240,254,N,Y,,,19,,,1,1608,,AVENIDA MEXICO,,N,N,30,N,N,,N,19,,,1,,,CALLE ACAPULCO,,,,,,,,12,4,2,,1,1,8,7:37 PM,MCT DISPATCH,7:45 PM,2/5/2013,Y,TX2400100,1644,,,17,8,7,4,1,31,54,1,5,2,21,21,240,254,27.48318312,-99.45256452,,,,,AVENIDA MEXICO,,,,,,,,,,,,,,,Y,N,N,5,8,Y,SUN,,,,,,,,,,,,,,,,,,,,,,,,,,,,,,,,,,,,,,,,,,,,,,,,,,,,,,,,0,0,0,3,0,0,0,205,,,
13123719,N,N,N,N,N,N,N,2/6/2013,12:22 PM,13-004081,,240,254,N,Y,,,19,,,1,200,W,DEL MAR,BLVD,N,N,30,N,N,,N,19,,,1,7300,,SAN DARIO,AVE,,,,,,,12,1,0,,1,1,5,12:24 PM,MCT DISPATCH,12:31 PM,2/6/2013,Y,TX2400100,1644,,,,8,2,4,22,64,42,1,5,1,21,21,240,254,27.56703385,-99.50279406,,,,,DEL MAR BLVD,,,,,,,,,,,,,,,Y,N,N,3,8,Y,WED,,,,,,,,,,,,,,,,,,,,,,,,,,,,,,,,,,,,,,,,,,,,,,,,,,,,,,,,0,0,1,1,0,1,0,205,,,
13124037,N,N,N,N,N,N,N,2/7/2013,4:00 PM,13-12677,,220,156,N,Y,32.66447,-97.3334,1,20,,1,750,,IH20,,N,N,60,N,N,,N,19,,,,5500,,HEMPHILL,ST,,,,,,,11,1,0,2,1,1,1,4:11 PM,DISPATCH,4:18 PM,2/7/2013,Y,TX2201200,1318,885,11,120,8,2,4,20,64,3,1,1,1,21,21,220,156,32.6642877,-97.33337093,IH,20,,436.132,IH0020,,8,12,8.715,437,0.02,,,,,,,,,Y,Y,N,3,9,Y,THU,5,0,12,10,24,3,8,280,140,96,5,0,0,2,22,5,2,20,5,2,2,4,11,163450,2014,163450,3.7,2.2,5.9,,,,,,,,,,,,,,,,,,,,,,,,,,,0,0,1,3,0,1,0,282,,,
13124229,N,N,N,N,N,N,N,2/11/2013,11:13 PM,,,227,22,N,Y,30.23626,-97.68596,2,183,,1,,,NOT REPORTED,,N,N,55,N,N,,Y,19,,,1,,,THOMPSON,RD,,,,,,,11,4,2,2,1,1,5,11:45 PM,DPS COMMUNICATIONS,11:45 PM,2/13/2013,Y,,10000,17,22,1,8,2,4,20,64,54,1,2,1,21,21,227,22,30.23652951,-97.68624265,US,183,,328.07,US0183,602,265,1,10.83,524,-0.912,,,,,,,,,Y,Y,N,5,9,Y,MON,3,0,2,2,38,2,6,400,76,72,4,0,0,2,2,5,2,2,5,2,36,4,14,90921,2014,90921,2.9,0.8,3.7,,,,,,,,,,,,,,,,,,,,,,,,,,,0,0,0,2,0,0,0,90,,,
13124374,N,N,N,N,N,N,N,2/12/2013,1:30 AM,34994A,,57,107,N,Y,,,19,,,1,3500,W,CAMP WISDOM,RD,N,N,40,N,N,,N,19,,,,7000,,PASTOR BAILEY,DR,,,,,,,11,4,0,,1,1,20,1:31 AM,DISPATCHED,1:35 AM,2/12/2013,Y,TX0000006,2471,,,44,8,7,4,1,30,3,1,5,2,21,21,57,107,32.66258242,-96.87457803,,,,,W CAMP WISDOM RD,3302,,,,,,,,,,,,,,Y,N,N,5,9,Y,TUE,,,,,,,,,,,,,,,,,,,,,,,,,,,,,,,,,,,,,,,,,,,,,,,,,,,,,,,,0,0,0,1,0,0,0,282,,,