Crash_ID,Crash_Fatal_Fl,Cmv_Involv_Fl,Schl_Bus_Fl,Rr_Relat_Fl,Medical_Advisory_Fl,Amend_Supp_Fl,Active_School_Zone_Fl,Crash_Date,Crash_Time,Case_ID,Local_Use,Rpt_CRIS_Cnty_ID,Rpt_City_ID,Rpt_Outside_City_Limit_Fl,Thousand_Damage_Fl,Rpt_Latitude,Rpt_Longitude,Rpt_Rdwy_Sys_ID,Rpt_Hwy_Num,Rpt_Hwy_Sfx,Rpt_Road_Part_ID,Rpt_Block_Num,Rpt_Street_Pfx,Rpt_Street_Name,Rpt_Street_Sfx,Private_Dr_Fl,Toll_Road_Fl,Crash_Speed_Limit,Road_Constr_Zone_Fl,Road_Constr_Zone_Wrkr_Fl,Rpt_Street_Desc,At_Intrsct_Fl,Rpt_Sec_Rdwy_Sys_ID,Rpt_Sec_Hwy_Num,Rpt_Sec_Hwy_Sfx,Rpt_Sec_Road_Part_ID,Rpt_Sec_Block_Num,Rpt_Sec_Street_Pfx,Rpt_Sec_Street_Name,Rpt_Sec_Street_Sfx,Rpt_Ref_Mark_Offset_Amt,Rpt_Ref_Mark_Dist_Uom,Rpt_Ref_Mark_Dir,Rpt_Ref_Mark_Nbr,Rpt_Sec_Street_Desc,Rpt_CrossingNumber,Wthr_Cond_ID,Light_Cond_ID,Entr_Road_ID,Road_Type_ID,Road_Algn_ID,Surf_Cond_ID,Traffic_Cntl_ID,Investigat_Notify_Time,Investigat_Notify_Meth,Investigat_Arrv_Time,Report_Date,Investigat_Comp_Fl,ORI_Number,Investigat_Agency_ID,Investigat_Area_ID,Investigat_District_ID,Investigat_Region_ID,Bridge_Detail_ID,Harm_Evnt_ID,Intrsct_Relat_ID,FHE_Collsn_ID,Obj_Struck_ID,Othr_Factr_ID,Road_Part_Adj_ID,Road_Cls_ID,Road_Relat_ID,Phys_Featr_1_ID,Phys_Featr_2_ID,Cnty_ID,City_ID,Latitude,Longitude,Hwy_Sys,Hwy_Nbr,Hwy_Sfx,Dfo,Street_Name,Street_Nbr,Control,Section,Milepoint,Ref_Mark_Nbr,Ref_Mark_Displ,Hwy_Sys_2,Hwy_Nbr_2,Hwy_Sfx_2,Street_Name_2,Street_Nbr_2,Control_2,Section_2,Milepoint_2,Txdot_Rptable_Fl,Onsys_Fl,Rural_Fl,Crash_Sev_ID,Pop_Group_ID,Located_Fl,Day_of_Week,Hwy_Dsgn_Lane_ID,Hwy_Dsgn_Hrt_ID,Hp_Shldr_Left,Hp_Shldr_Right,Hp_Median_Width,Base_Type_ID,Nbr_Of_Lane,Row_Width_Usual,Roadbed_Width,Surf_Width,Surf_Type_ID,Curb_Type_Left_ID,Curb_Type_Right_ID,Shldr_Type_Left_ID,Shldr_Width_Left,Shldr_Use_Left_ID,Shldr_Type_Right_ID,Shldr_Width_Right,Shldr_Use_Right_ID,Median_Type_ID,Median_Width,Rural_Urban_Type_ID,Func_Sys_ID,Adt_Curnt_Amt,Adt_Curnt_Year,Adt_Adj_Curnt_Amt,Pct_Single_Trk_Adt,Pct_Combo_Trk_Adt,Trk_Aadt_Pct,Curve_Type_ID,Curve_Lngth,Cd_Degr,Delta_Left_Right_ID,Dd_Degr,Feature_Crossed,Structure_Number,I_R_Min_Vert_Clear,Approach_Width,Bridge_Median_ID,Bridge_Loading_Type_ID,Bridge_Loading_In_1000_Lbs,Bridge_Srvc_Type_On_ID,Bridge_Srvc_Type_Under_ID,Culvert_Type_ID,Roadway_Width,Deck_Width,Bridge_Dir_Of_Traffic_ID,Bridge_Rte_Struct_Func_ID,Bridge_IR_Struct_Func_ID,CrossingNumber,RRCo,Poscrossing_ID,WDCode_ID,Standstop,Yield,Incap_Injry_Cnt,Nonincap_Injry_Cnt,Poss_Injry_Cnt,Non_Injry_Cnt,Unkn_Injry_Cnt,Tot_Injry_Cnt,Death_Cnt,MPO_ID,Investigat_Service_ID,Investigat_DA_ID,Investigator_Narrative
13124388,N,N,N,N,N,N,N,2/12/2013,6:25 AM,35073A,,57,107,N,Y,,,14,408,,1,2700,,PATRIOT,PKWY,N,N,60,N,N,,N,3,303,,,6200,W,KIEST,BLVD,,,,,,,2,2,0,2,1,2,20,6:45 AM,DISPATCHED,7:00 AM,2/13/2013,Y,TX0000006,2471,,,44,8,7,4,1,63,54,1,2,4,21,21,57,107,32.6916512,-96.9383646,SS,408,,2.697,SS0408,,3000,1,3.718,272,0.574,,,,,,,,,Y,Y,N,3,9,Y,TUE,5,0,10,10,268,3,6,500,112,72,5,0,0,2,20,5,2,20,5,3,248,4,12,83660,2014,83660,3.2,3.5,6.7,1,341,1,2,17,,,,,,,,,,,,,,,,,,,,,,0,0,1,4,0,1,0,282,,,
13124409,N,Y,N,N,N,N,N,2/12/2013,1:15 AM,0017751313Y,,101,208,N,Y,,,1,45,,1,8200,N,NORTH,FWY,N,N,60,N,N,,N,19,,,,,W,LITTLE YORK,RD,,,,,,,2,4,0,,1,2,20,1:20 AM,HOUSTON POLICE DISP,1:35 AM,2/12/2013,Y,TXHPD0000,2469,6,152,59,8,2,4,21,64,54,1,1,1,21,21,101,208,,,IH,45,,,IH0045,,,,,,,,,,,,,,,Y,Y,N,5,9,N,TUE,,,,,,,,,,,,,,,,,,,,,,,,,,,,,,,,,,,,,,,,,,,,,,,,,,,,,,,,0,0,0,3,0,0,0,,,,
13124620,N,Y,N,N,N,N,N,1/30/2013,8:20 AM,"2013-13,443",,188,12,N,Y,,,1,40,,2,6900,E,I 40,,N,N,50,N,N,,N,19,,,1,1900,S,WHITAKER,RD,,,,,,,11,1,4,,1,1,20,8:25 AM,POLICE DISPATCH,8:30 AM,1/30/2013,Y,TX1880100,33,,,,8,2,1,24,64,54,2,1,1,21,21,188,12,,,IH,40,,,IH0040,,,,,,,,,,S WHITAKER RD,,,,,Y,Y,N,5,8,N,WED,,,,,,,,,,,,,,,,,,,,,,,,,,,,,,,,,,,,,,,,,,,,,,,,,,,,,,,,0,0,0,2,0,0,0,,,,
13124986,N,N,N,N,N,N,N,1/28/2013,12:54 PM,13012807,,220,277,N,Y,,,19,,,1,1000,N,WALNUT CREEK,DR,N,N,40,N,N,,N,2,287,,2,,,1000 N US 287 E FR,,,,,,,,12,1,0,,1,1,20,12:56 PM,RADIO DISPATCHED,12:59 PM,1/28/2013,Y,TX2202000,1726,,,,8,2,2,22,64,38,2,2,1,21,21,220,277,32.58056592,-97.13223776,,,,,N WALNUT CREEK DR,998,,,,,,US,287,,US0287,,,,,Y,N,N,5,7,Y,MON,,,,,,,,,,,,,,,,,,,,,,,,,,,,,,,,,,,,,,,,,,,,,,,,,,,,,,,,0,0,0,2,0,0,0,282,,,
13125172,N,N,N,N,N,N,N,2/3/2013,1:52 AM,13-00055,,14,188,N,Y,,,8,190,,1,100,E,VETERANS MEMORIAL,BLVD,N,N,40,N,N,,N,19,,,1,100,N,ANN,BLVD,,,,,,,12,4,0,,1,1,20,1:53 AM,DISPATCHED,1:54 AM,2/3/2013,Y,TX0140300,1415,,253,102,8,10,4,1,1,3,1,2,2,21,21,14,188,,,,,,,BU0190,,,,,,,,,,,,,,,Y,Y,N,3,6,N,SUN,,,,,,,,,,,,,,,,,,,,,,,,,,,,,,,,,,,,,,,,,,,,,,,,,,,,,,,,0,0,5,0,0,5,0,,,,
13125230,N,N,N,N,N,N,N,2/3/2013,2:02 AM,13-001305,,21,85,N,N,,,19,,,1,700,,UNIVERSITY,DR,N,N,35,N,N,,N,19,,,,100,,NAGLE,ST,,,,,,,11,4,0,2,1,1,5,3:46 AM,CALL FOR SERVICE,3:49 AM,2/3/2013,Y,,301,,,,8,2,2,22,64,38,1,3,1,21,21,21,85,30.62025353,-96.34329706,FM,60,,39.847,FM0060,,506,1,6.445,634,0.369,,,,NAGLE ST,,,,,N,Y,N,5,7,Y,SUN,3,0,0,0,16,9,4,140,77,60,4,1,1,1,0,0,1,10,0,1,16,3,14,33970,2014,33970,2.4,2.2,4.5,,,,,,,,,,,,,,,,,,,,,,,,,,,0,0,0,1,1,0,0,249,,,
13125355,N,N,N,N,N,N,N,1/16/2013,6:56 PM,130007256,0,101,1666,Y,N,,,19,,,7,16803,,CLAN MACINTOSH,DR,Y,N,30,N,N,,N,19,,,1,5300,,LERWICK,DR,,,,,,,11,4,0,,1,1,1,6:56 PM,DISPATCHED,6:56 PM,1/16/2013,Y,TX1010000,1419,100,4,5,8,4,3,4,64,14,7,9,5,32,1,101,1666,,,,,,,CLAN MACINTOSH DR,,,,,,,,,,,,,,,N,N,Y,5,0,N,WED,,,,,,,,,,,,,,,,,,,,,,,,,,,,,,,,,,,,,,,,,,,,,,,,,,,,,,,,0,0,0,1,0,0,0,,,,
13125384,N,N,N,N,N,N,N,2/2/2013,1:45 PM,130015342,0,101,1666,Y,Y,,,19,,,1,6900,,PEEK,RD,N,N,45,N,N,,N,4,529,,,,,NOT REPORTED,RD,,,,,,,11,1,0,,1,1,20,1:54 PM,DISPATCHED,2:10 PM,2/2/2013,Y,TX1010000,1419,100,4,5,8,10,4,1,33,54,1,3,2,21,21,101,1666,29.86794005,-95.77381326,,,,,PEEK RD,6049,,,,,,,,,,,,,,Y,N,Y,2,0,Y,SAT,,,,,,,,,,,,,,,,,,,,,,,,,,,,,,,,,,,,,,,,,,,,,,,,,,,,,,,,0,1,0,0,0,1,0,15,,,
13125610,N,N,N,N,N,N,N,2/2/2013,10:50 PM,2013-002792,500 LAVACA,123,30,N,Y,,,19,,,1,500,,LAVACA,,N,N,0,N,N,,N,19,,,1,4000,,HIGHLAND,,,,,,,,11,4,98,,1,1,5,10:59 PM,DISPATCH,11:09 PM,2/3/2013,Y,TX1230100,104,,,,8,2,4,20,64,54,1,5,1,21,21,123,30,30.0473247,-94.08552091,,,,,LAVACA ST,505,,,,,,,,,,,,,,Y,N,N,2,8,Y,SAT,,,,,,,,,,,,,,,,,,,,,,,,,,,,,,,,,,,,,,,,,,,,,,,,,,,,,,,,0,1,0,3,0,1,0,135,,,
13125748,N,N,N,N,N,N,N,2/3/2013,1:30 AM,13-2092,,221,2,N,Y,,,19,,,1,2000,,N 8TH,ST,N,N,30,N,N,,N,19,,,1,800,,VICTORIA,ST,,,,,,,11,4,4,,1,1,1,1:33 AM,DISPATCH,1:38 AM,2/3/2013,N,2210100,10,,,,8,4,4,1,64,54,1,5,1,21,21,221,2,32.45794012,-99.74518454,,,,,N 8TH ST,1977,,,,,,,,,,,,,,Y,N,N,0,8,Y,SUN,,,,,,,,,,,,,,,,,,,,,,,,,,,,,,,,,,,,,,,,,,,,,,,,,,,,,,,,0,0,0,0,1,0,0,166,,,
13125761,N,N,N,N,N,N,N,2/4/2013,5:48 PM,13-2192,,221,2,N,Y,,,19,,,1,6200,,BUFFALO GAP,RD,N,N,45,N,N,STREET,Y,19,,,1,4000,,ANTILLEY,RD,,,,,STREET,,11,1,4,3,3,1,5,5:58 PM,RADIO,6:05 PM,2/4/2013,Y,2210100,10,,,,8,2,1,36,64,54,1,3,1,21,21,221,2,32.37320343,-99.7749099,FM,89,,29.953,FM0089,6299,699,1,19.329,422,0.091,,,,ANTILLEY RD,,,,,Y,Y,N,5,8,Y,MON,2,0,0,0,0,2,4,100,65,65,4,1,1,1,0,0,1,0,0,0,0,3,14,10309,2014,10309,5.9,2.7,8.6,2,0,0,2,0,,,,,,,,,,,,,,,,,,,,,,0,0,0,3,0,0,0,166,,,
13125787,N,N,N,N,N,N,N,2/5/2013,8:18 AM,13-000807,,101,211,N,Y,,,4,1960,,1,9700,W,NOT REPORTED,,N,N,35,N,N,,N,19,,,1,19700,,WHITAKER,DR,,,,,,,12,1,0,3,1,2,20,8:18 AM,DISPATCHED,9:00 AM,2/5/2013,Y,TX1010900,1496,,,,8,2,2,22,64,38,1,3,1,21,21,101,211,30.0049748,-95.27646806,FM,1960,,22.843,FM1960,,1685,3,24.152,688,1.029,,,,WHITAKER DR,,,,,Y,Y,N,5,5,Y,TUE,2,0,10,10,0,8,6,180,92,72,4,0,0,2,10,5,2,10,5,0,0,4,14,41783,2014,41783,3.5,1,4.6,,,,,,,,,,,,,,,,,,,,,,,,,,,0,0,0,4,0,0,0,15,,,
13125820,N,N,N,N,N,N,N,1/31/2013,7:03 PM,1300004470,,94,394,N,Y,,,19,,,1,600,E,MOUNTAIN,ST,N,N,35,N,N,,Y,19,,,1,200,N,SAN MARCOS,ST,,,,,,,11,3,4,,1,1,8,7:03 PM,DISPATCHED,7:07 PM,1/31/2013,Y,TX0940300,2109,,8,34,8,2,1,10,64,54,1,5,1,21,21,94,394,29.57044492,-97.95968244,,,,,E MOUNTAIN ST,599,,,,,,,,,N SAN MARCOS ST,,,,,Y,N,N,5,6,Y,THU,,,,,,,,,,,,,,,,,,,,,,,,,,,,,,,,,,,,,,,,,,,,,,,,,,,,,,,,0,0,0,8,0,0,0,28,,,
13125832,N,N,N,N,N,N,N,1/22/2013,6:33 PM,13-000190,,84,243,N,Y,,,19,,,1,600,,DELANEY,RD,N,N,45,N,N,,Y,19,,,1,600,,MEADOW LAKE VILLAGE,,,,,,,,11,4,0,,1,1,20,6:41 PM,DISPATCHED,6:47 PM,1/22/2013,Y,TX0840700,1612,,,,8,2,1,34,64,54,1,5,1,21,21,84,243,29.38270186,-95.02086546,,,,,DELANEY RD,600,,,,,,,,,UNKNOWN,,,,,Y,N,N,5,5,Y,TUE,,,,,,,,,,,,,,,,,,,,,,,,,,,,,,,,,,,,,,,,,,,,,,,,,,,,,,,,0,0,0,3,0,0,0,15,,,
13126034,N,N,N,N,N,N,N,2/7/2013,11:04 AM,2013-00016254,,31,189,N,Y,,,19,,,1,500,W,FILMORE,AVE,N,N,30,N,N,PAVED,N,19,,,1,600,S,D,ST,,,,,PAVED,,12,1,0,,1,1,1,11:04 AM,DISPATCH,11:09 AM,2/7/2013,N,TX0310300,1417,,,217,8,4,4,1,64,54,1,5,1,21,21,31,189,26.18643562,-97.7002781,,,,,W FILMORE AVE,528,,,,,,,,,,,,,,Y,N,N,0,7,Y,THU,,,,,,,,,,,,,,,,,,,,,,,,,,,,,,,,,,,,,,,,,,,,,,,,,,,,,,,,0,0,0,0,1,0,0,201,,,
13126052,N,N,N,N,N,N,N,2/1/2013,11:43 AM,2013-00013862,,31,189,N,Y,,,4,801,,1,600,N,ED CAREY,DR,N,N,45,N,N,,Y,19,,,1,600,,SESAME,DR,,,,,,,11,1,4,3,1,1,20,11:44 AM,RADIO DISPATCHED,11:48 AM,2/1/2013,N,TX0310300,1417,,,217,8,2,1,23,64,54,1,2,1,21,21,31,189,26.16479814,-97.67899156,SL,499,,7.515,SL0499,,1137,1,0.693,550,1.525,,,,E SESAME DR,,,,,Y,Y,N,2,7,Y,FRI,2,0,0,0,0,2,6,100,86,72,4,2,2,1,0,0,1,0,0,0,0,3,14,26126,2014,26126,4.6,2.7,7.3,,,,,,,,,,,,,,,,,,,,,,,,,,,0,1,0,1,0,1,0,201,,,
13126320,N,N,N,N,Y,N,N,1/27/2013,9:43 AM,,,246,1811,Y,Y,30.41723,-97.46382,15,262,,1,,,NOT REPORTED,,N,N,40,N,N,,N,19,,,,,,WHITNEY WOODS,CIR,,,,,,,12,1,0,,5,1,12,9:43 AM,RADIO,9:53 AM,1/27/2013,Y,,10000,22,22,1,8,7,4,1,22,3,1,4,2,21,21,246,1811,30.69971969,-97.7747694,,,,,COUNTY ROAD 262,433,,,,,,,,,,,,,,Y,N,Y,3,0,Y,SUN,,,,,,,,,,,,,,,,,,,,,,,,,,,,,,,,,,,,,,,,,,,,,,,,,,,,,,,,0,0,1,0,0,1,0,90,,,
13126396,N,N,N,N,N,N,N,2/9/2013,5:25 PM,13-13396,,220,156,N,Y,32.65772,-97.39629,19,,,1,6200,S,HULEN,ST,N,N,40,N,N,,Y,19,,,1,6200,,TRAIL LAKE,DR,,,,,,,2,1,0,,4,2,17,5:29 PM,DISPATCHED,5:50 PM,2/9/2013,Y,TX2201200,1318,885,11,120,8,2,2,20,64,1,1,5,1,21,21,220,156,32.6580243,-97.39665243,,,,,S HULEN ST,6199,,,,,,,,,TRAIL LAKE DR,,,,,Y,N,N,5,9,Y,SAT,,,,,,,,,,,,,,,,,,,,,,,,,,,,,,,,,,,,,,,,,,,,,,,,,,,,,,,,0,0,0,5,0,0,0,282,,,
13126552,N,N,N,N,N,N,N,2/14/2013,6:20 PM,37272A,6028,57,107,N,Y,,,19,,,1,7700,,GARLAND,RD,N,N,40,N,N,,N,19,,,,2100,,WINSTED,DR,,,,,,,11,4,0,2,1,1,20,7:11 PM,FLAGGED DOWN,7:11 PM,2/14/2013,Y,TX0000006,2471,,,33,8,2,4,22,64,42,1,2,1,21,21,57,107,32.81335897,-96.72589493,SH,78,,89.205,SH0078,,9,2,15.417,286,-0.628,,,,,,,,,Y,Y,N,5,9,Y,THU,3,0,0,0,14,3,6,100,66,66,5,1,1,1,0,0,1,0,0,1,14,4,14,33026,2014,33026,6.4,4,10.4,,,,,,,,,,,,,,,,,,,,,,,,,,,0,0,0,3,0,0,0,282,,,
13126755,N,N,N,N,N,N,N,2/6/2013,1:03 PM,C1300865,,178,97,N,Y,,,1,37,,1,800,,NOT REPORTED,,N,N,45,N,N,NB,N,19,,,1,1100,N,MESQUITE,ST,,,,,SB,,12,1,0,2,5,2,20,1:03 PM,DISPATCHER,1:07 PM,2/6/2013,Y,TX1780200,1115,,,25,8,7,4,1,39,54,1,2,4,21,21,178,97,27.79983833,-97.39795042,US,181,,136.321,US0181,,74,6,20.536,648,0.816,,,,,,,,,Y,Y,N,3,9,Y,WED,5,0,0,0,2,2,6,200,74,72,4,0,0,1,0,0,1,0,0,2,2,4,12,54231,2014,54231,3.2,3,6.2,,,,,,,,,,,,,,,,,,,,,,,,,,,0,0,1,0,0,1,0,96,,,
13126830,N,N,N,N,N,N,N,2/4/2013,3:44 PM,1300005848,,46,309,N,Y,,,1,35,,2,1100,S,35,HWY,N,N,45,N,N,NB FRONTAGE,Y,19,,,1,600,S,WALNUT,AVE,,,,,,,11,1,4,2,2,1,5,3:46 PM,DISPATCHED,3:47 PM,2/4/2013,Y,TX0460100,1841,,73,31,8,2,1,10,64,54,2,1,1,21,21,46,309,29.68596336,-98.12599161,IH,35,,186.404,IH0035,,16,5,9.609,187,-0.158,,,,S WALNUT AVE,,,,,Y,Y,N,5,7,Y,MON,5,0,12,10,26,2,8,350,140,96,4,0,0,2,24,5,2,20,5,2,2,4,11,89924,2014,89924,3.4,11.2,14.6,,,,,,,,,,,,,,,,,,,,,,,,,,,0,0,0,3,0,0,0,28,,,
13127110,N,N,N,N,N,N,N,2/15/2013,8:40 AM,0019162613T,,101,208,N,Y,,,19,,,1,1100,,SMITH,,N,N,30,N,N,CONCRETE,Y,19,,,1,,,DALLAS,ST,,,,,,,11,1,4,,1,1,5,8:40 AM,DISPATCH,8:40 AM,2/15/2013,Y,TXHPD0000,2469,16,121,35,8,2,1,10,64,54,1,5,1,21,21,101,208,29.7575148,-95.36954309,,,,,SMITH ST,1199,,,,,,,,,DALLAS ST,,,,,Y,N,N,5,9,Y,FRI,,,,,,,,,,,,,,,,,,,,,,,,,,,,,,,,,,,,,,,,,,,,,,,,,,,,,,,,0,0,0,2,0,0,0,15,,,
13127170,N,N,N,N,N,N,N,2/10/2013,1:30 PM,33859A,,57,107,N,Y,,,19,,,1,5300,,PARRY,AVE,N,N,30,N,N,,N,19,,,,900,S,HENDERSON,AVE,,,,,,,11,1,0,,1,1,1,1:45 PM,DISPATCHED TO CALL,1:50 PM,2/11/2013,N,TX0000006,2471,,,35,8,7,3,4,33,14,1,5,2,32,21,57,107,32.79302283,-96.75312899,,,,,PARRY AVE,5309,,,,,,,,,,,,,,Y,N,N,0,9,Y,SUN,,,,,,,,,,,,,,,,,,,,,,,,,,,,,,,,,,,,,,,,,,,,,,,,,,,,,,,,0,0,0,0,1,0,0,282,,,
13127296,N,N,N,N,N,N,N,2/8/2013,9:10 AM,130003596,,57,177,N,N,,,19,,,1,1000,N,BELT LINE,RD,N,N,40,N,N,,Y,1,,,3,800,E,30,HWY,,,,,,,11,1,4,,1,1,5,9:10 AM,BY PHONE,9:12 AM,2/8/2013,N,TX0571200,1372,,,35,8,2,1,25,64,54,3,3,1,21,21,57,177,32.75909427,-96.99485252,,,,,N BELT LINE RD,,,,,,,,,,TOM LANDRY HWY,,,,,N,N,N,5,8,Y,FRI,,,,,,,,,,,,,,,,,,,,,,,,,,,,,,,,,,,,,,,,,,,,,,,,,,,,,,,,0,0,0,1,1,0,0,282,,,
13127348,N,N,N,N,N,N,N,2/14/2013,1:05 PM,13-3814,,212,434,N,Y,,,2,69,,1,100,W,FOURTH,ST,N,N,35,N,N,,N,19,,,,1500,S,COLLEGE,,,,,,,,11,1,0,3,1,1,20,1:10 PM,DISPATCH,1:15 PM,2/14/2013,Y,TX21204X1,2316,,,170,8,2,4,21,64,9,1,2,1,21,21,212,434,32.33151633,-95.30238277,US,69,,136.068,US0069,1649,245,6,15.081,334,-0.805,,,,,,,,,Y,Y,N,5,8,Y,THU,0,0,0,0,0,2,4,120,72,72,4,2,2,1,0,0,1,0,0,4,0,3,14,13563,2014,13563,1.5,2.7,4.2,,,,,,,,,,,,,,,,,,,,,,,,,,,0,0,0,3,0,0,0,213,,,
13127444,N,N,N,N,N,N,N,2/14/2013,8:05 AM,SAPD13033806,5330,15,379,N,Y,,,19,,,1,9400,,CULEBRA,RD,N,N,45,N,N,,N,19,,,,9100,,CAMINO ROSA,,,,,,,,11,1,0,3,1,1,1,8:36 AM,DISP,8:45 AM,2/14/2013,Y,TXSPD0000,2473,,19,148,8,2,2,21,64,42,1,3,1,21,21,15,379,29.48552136,-98.66847618,FM,471,,3.668,FM0471,9402,849,1,3.617,496,0.778,SL,1604,,SL1604,,,,,Y,Y,N,5,9,Y,THU,2,0,0,0,0,2,4,120,66,58,4,1,2,1,0,0,1,0,0,0,0,4,14,35915,2014,35915,5.9,2.7,8.6,1,103,2,2,14,,,,,,,,,,,,,,,,,,,,,,0,0,0,3,0,0,0,28,,,
13127477,N,N,N,N,N,N,N,2/15/2013,4:15 PM,13021970,,31,53,N,Y,,,4,803,,1,1400,,FM 803,,N,N,45,N,N,BLACKTOP,N,19,,,,300,,COUCH,RD,,,,,BLACKTOP,,11,1,98,,1,1,1,4:15 PM,RADIO DISPATCH,4:38 PM,2/15/2013,Y,TX0310100,172,,211,113,8,2,4,22,64,42,1,3,1,21,21,31,53,,,FM,803,,,FM0803,,,,,,,,,,,,,,,Y,Y,N,5,8,N,FRI,,,,,,,,,,,,,,,,,,,,,,,,,,,,,,,,,,,,,,,,,,,,,,,,,,,,,,,,0,0,0,5,0,0,0,,,,
13127528,N,N,N,N,N,N,N,2/11/2013,7:25 AM,SAPD13027270,4110,15,379,N,Y,,,11,410,,4,,N,NOT REPORTED,,N,N,40,N,N,,N,1,10,,,,,NOT REPORTED,,,,,,,,12,1,2,2,1,1,9,7:30 AM,DISPATCHED,7:42 AM,2/11/2013,Y,TXSPD0000,2473,,9,162,8,2,2,22,64,42,2,1,1,21,21,15,379,29.4358053,-98.39005609,IH,410,,33.601,IH0410,,521,6,33.475,33,0.166,IH,10,,IH0010,,,,,Y,Y,N,5,9,Y,MON,5,0,4,10,0,2,8,300,140,96,2,0,0,2,14,5,2,14,5,3,41,4,11,71380,2014,71380,4.2,13.6,17.8,,,,,,,,,,,,,,,,,,,,,,,,,,,0,0,0,2,0,0,0,28,,,
13127703,N,N,N,N,N,Y,N,2/16/2013,2:03 AM,SAPD13035299,3340,15,379,N,Y,,,1,35,,2,7000,,IH 35 N,HWY,N,N,40,N,N,,Y,19,,,1,4800,,EISENHAUER,RD,,,,,,,11,4,4,2,1,1,5,2:03 AM,ON SITE,2:03 AM,2/21/2013,Y,TXSPD0000,2473,,29,131,8,2,1,10,32,54,2,1,1,21,21,15,379,29.49640078,-98.4006503,IH,35,,164.548,IH0035,,17,10,31.668,165,0.191,,,,EISENHAUER RD,,,,,Y,Y,N,1,9,Y,SAT,5,0,8,10,38,9,6,310,108,72,6,0,0,2,16,5,2,20,5,,22,4,11,148001,2014,148001,3.4,11.2,14.6,,,,,,,,,,,,,,,,,,,,,,,,,,,1,0,3,0,0,4,0,28,,,
13127792,N,N,N,N,N,N,N,1/13/2013,1:10 AM,0004895213H,,101,208,N,Y,,,19,,,1,2600,,MILAM,,N,N,35,N,N,,Y,19,,,1,700,,DENNIS,ST,,,,,,,2,4,0,,1,2,8,1:20 AM,HPD DISPATCHED,1:43 AM,2/8/2013,Y,TXHPD0000,2469,6,113,29,8,2,1,10,64,54,1,5,1,21,21,101,208,29.74572479,-95.37636309,,,,,MILAM ST,2699,,,,,,,,,DENNIS ST,,,,,Y,N,N,5,9,Y,SUN,,,,,,,,,,,,,,,,,,,,,,,,,,,,,,,,,,,,,,,,,,,,,,,,,,,,,,,,0,0,0,2,0,0,0,15,,,
13127819,N,N,N,N,N,N,N,2/16/2013,9:33 AM,SAPD13035450,7310,15,379,N,Y,,,1,10,,4,15800,W,NOT REPORTED,,N,N,45,N,N,15800 BLK IH 10 W,N,11,1604,,,5600,NW,NOT REPORTED,,,,,,5600 BLK N LOOP 1604 W,,11,1,0,2,5,1,20,9:40 AM,DISPATCHED,9:44 AM,2/16/2013,Y,TXSPD0000,2473,,61,123,8,7,4,1,58,54,4,1,2,21,21,15,379,29.59099466,-98.59848018,IH,10,,555.005,IH0010,,72,8,4.349,557,-0.29,,,,,,,,,Y,Y,N,5,9,Y,SAT,5,0,8,8,19,2,12,315,176,144,4,0,0,2,16,5,2,16,5,2,3,4,11,149420,2014,149420,1.9,2.8,4.7,,,,,,,,,,,,,,,,,,,,,,,,,,,0,0,0,1,0,0,0,28,,,
13127847,N,N,N,N,N,N,N,2/14/2013,8:54 AM,0018722613N,,101,208,N,N,,,19,,,1,9444,,RONDA,LN,Y,N,-1,Y,N,PRIVATE PROPRTY DRIVEWAY,N,19,,,,,,CONSUELA,ST,,,,,,,11,1,0,,1,1,1,8:54 AM,DISPATCH,9:03 AM,2/14/2013,Y,TXHPD0000,2469,18,125,55,8,1,4,4,64,49,7,9,5,33,21,101,208,,,,,,,RONDA LN,,,,,,,,,,,,,,,N,N,N,1,9,N,THU,,,,,,,,,,,,,,,,,,,,,,,,,,,,,,,,,,,,,,,,,,,,,,,,,,,,,,,,1,0,0,1,0,1,0,,,,
13127907,N,N,N,N,N,N,N,2/14/2013,9:00 AM,0018728513U,FSGI,101,208,N,Y,,,1,45,,1,6500,N,NORTH,FWY,N,N,65,N,N,,N,19,,,,400,W,LITTLE YORK,RD,,,,,,,11,1,0,,1,1,20,9:28 AM,DISPATCHED,9:38 AM,2/15/2013,Y,TXHPD0000,2469,16,152,59,8,2,4,21,23,9,1,1,1,21,21,101,208,,,IH,45,,,IH0045,,,,,,,,,,,,,,,Y,Y,N,5,9,N,THU,,,,,,,,,,,,,,,,,,,,,,,,,,,,,,,,,,,,,,,,,,,,,,,,,,,,,,,,0,0,0,1,1,0,0,,,,
13128077,N,N,N,N,N,N,N,2/17/2013,11:25 AM,13001779,,61,114,N,N,,,2,380,,1,2300,W,UNIVERSITY,DR,N,N,45,N,N,PUBLIC ROADWAY,N,19,,,,1900,N,BONNIE BRAE,ST,,,,,PUBLIC ROADWAY,,11,1,0,2,1,1,5,11:39 AM,DISPATCHED,11:52 AM,2/17/2013,Y,TX0610200,1196,,,411,8,2,2,22,64,38,1,2,1,21,21,61,114,33.22970178,-97.16104575,US,380,,367.624,US0380,2298,134,9,13.277,606,-0.415,,,,N BONNIE BRAE ST,,,,,N,Y,N,5,8,Y,SUN,3,0,0,0,40,3,4,100,44,44,5,1,1,1,0,0,1,0,0,1,40,4,14,25373,2014,25373,5.5,2.5,8,,,,,,,,,,,,,,,,,,,,,,,,,,,0,0,0,4,0,0,0,282,,,