Crash_ID,Crash_Fatal_Fl,Cmv_Involv_Fl,Schl_Bus_Fl,Rr_Relat_Fl,Medical_Advisory_Fl,Amend_Supp_Fl,Active_School_Zone_Fl,Crash_Date,Crash_Time,Case_ID,Local_Use,Rpt_CRIS_Cnty_ID,Rpt_City_ID,Rpt_Outside_City_Limit_Fl,Thousand_Damage_Fl,Rpt_Latitude,Rpt_Longitude,Rpt_Rdwy_Sys_ID,Rpt_Hwy_Num,Rpt_Hwy_Sfx,Rpt_Road_Part_ID,Rpt_Block_Num,Rpt_Street_Pfx,Rpt_Street_Name,Rpt_Street_Sfx,Private_Dr_Fl,Toll_Road_Fl,Crash_Speed_Limit,Road_Constr_Zone_Fl,Road_Constr_Zone_Wrkr_Fl,Rpt_Street_Desc,At_Intrsct_Fl,Rpt_Sec_Rdwy_Sys_ID,Rpt_Sec_Hwy_Num,Rpt_Sec_Hwy_Sfx,Rpt_Sec_Road_Part_ID,Rpt_Sec_Block_Num,Rpt_Sec_Street_Pfx,Rpt_Sec_Street_Name,Rpt_Sec_Street_Sfx,Rpt_Ref_Mark_Offset_Amt,Rpt_Ref_Mark_Dist_Uom,Rpt_Ref_Mark_Dir,Rpt_Ref_Mark_Nbr,Rpt_Sec_Street_Desc,Rpt_CrossingNumber,Wthr_Cond_ID,Light_Cond_ID,Entr_Road_ID,Road_Type_ID,Road_Algn_ID,Surf_Cond_ID,Traffic_Cntl_ID,Investigat_Notify_Time,Investigat_Notify_Meth,Investigat_Arrv_Time,Report_Date,Investigat_Comp_Fl,ORI_Number,Investigat_Agency_ID,Investigat_Area_ID,Investigat_District_ID,Investigat_Region_ID,Bridge_Detail_ID,Harm_Evnt_ID,Intrsct_Relat_ID,FHE_Collsn_ID,Obj_Struck_ID,Othr_Factr_ID,Road_Part_Adj_ID,Road_Cls_ID,Road_Relat_ID,Phys_Featr_1_ID,Phys_Featr_2_ID,Cnty_ID,City_ID,Latitude,Longitude,Hwy_Sys,Hwy_Nbr,Hwy_Sfx,Dfo,Street_Name,Street_Nbr,Control,Section,Milepoint,Ref_Mark_Nbr,Ref_Mark_Displ,Hwy_Sys_2,Hwy_Nbr_2,Hwy_Sfx_2,Street_Name_2,Street_Nbr_2,Control_2,Section_2,Milepoint_2,Txdot_Rptable_Fl,Onsys_Fl,Rural_Fl,Crash_Sev_ID,Pop_Group_ID,Located_Fl,Day_of_Week,Hwy_Dsgn_Lane_ID,Hwy_Dsgn_Hrt_ID,Hp_Shldr_Left,Hp_Shldr_Right,Hp_Median_Width,Base_Type_ID,Nbr_Of_Lane,Row_Width_Usual,Roadbed_Width,Surf_Width,Surf_Type_ID,Curb_Type_Left_ID,Curb_Type_Right_ID,Shldr_Type_Left_ID,Shldr_Width_Left,Shldr_Use_Left_ID,Shldr_Type_Right_ID,Shldr_Width_Right,Shldr_Use_Right_ID,Median_Type_ID,Median_Width,Rural_Urban_Type_ID,Func_Sys_ID,Adt_Curnt_Amt,Adt_Curnt_Year,Adt_Adj_Curnt_Amt,Pct_Single_Trk_Adt,Pct_Combo_Trk_Adt,Trk_Aadt_Pct,Curve_Type_ID,Curve_Lngth,Cd_Degr,Delta_Left_Right_ID,Dd_Degr,Feature_Crossed,Structure_Number,I_R_Min_Vert_Clear,Approach_Width,Bridge_Median_ID,Bridge_Loading_Type_ID,Bridge_Loading_In_1000_Lbs,Bridge_Srvc_Type_On_ID,Bridge_Srvc_Type_Under_ID,Culvert_Type_ID,Roadway_Width,Deck_Width,Bridge_Dir_Of_Traffic_ID,Bridge_Rte_Struct_Func_ID,Bridge_IR_Struct_Func_ID,CrossingNumber,RRCo,Poscrossing_ID,WDCode_ID,Standstop,Yield,Incap_Injry_Cnt,Nonincap_Injry_Cnt,Poss_Injry_Cnt,Non_Injry_Cnt,Unkn_Injry_Cnt,Tot_Injry_Cnt,Death_Cnt,MPO_ID,Investigat_Service_ID,Investigat_DA_ID,Investigator_Narrative
13134341,N,N,N,N,N,N,N,2/1/2013,6:45 PM,2013-0000256,,226,378,N,Y,,,19,,,1,3200,S,BRYANT,BLVD,N,N,45,N,N,,Y,19,,,1,3200,,TOWN AND COUNTRY,RD,,,,,,,11,4,2,2,1,1,20,6:50 PM,DISPATCHED,7:00 PM,2/1/2013,Y,TX2260100,2067,,,,8,2,1,10,64,54,1,2,1,21,21,226,378,31.42779199,-100.4415674,US,87,,437.782,US0087,,70,2,28.838,470,0.862,,,,TOWN AND COUNTRY RD,,,,,Y,Y,N,2,7,Y,FRI,3,0,4,10,18,2,4,170,76,48,4,0,0,2,8,5,2,20,5,3,10,3,14,10464,2014,10464,5.2,7,12.3,,,,,,,,,,,,,,,,,,,,,,,,,,,0,2,0,0,0,2,0,208,,,
13134426,N,N,N,N,N,N,N,2/13/2013,1:21 PM,13-000551,13-0080,126,59,N,Y,,,14,50,,1,200,W,RENFRO,ST,N,N,35,N,N,,Y,19,,,1,100,NE,JOHNSON,ST,,,,,,,11,1,4,,1,1,5,1:22 PM,POLICE DISPATCH,1:25 PM,2/13/2013,Y,TX1260200,185,,,,8,2,1,34,64,54,1,2,1,21,21,126,59,,,SS,50,,,SS0050,,,,,,,,,,NE JOHNSON ST,,,,,Y,Y,N,3,6,N,WED,,,,,,,,,,,,,,,,,,,,,,,,,,,,,,,,,,,,,,,,,,,,,,,,,,,,,,,,0,0,3,0,0,3,0,,,,
13134434,N,N,N,N,N,N,N,2/13/2013,5:40 PM,13-000253,,84,118,N,Y,,,4,517,,1,200,W,FM 517,RD,N,N,50,N,N,,N,1,45,,1,,,NOT REPORTED,,,,,,IH 45,,11,1,0,3,1,1,20,5:45 PM,DISPATCHED,5:53 PM,2/14/2013,Y,TX0840200,1204,,,,8,2,4,20,64,42,1,3,1,21,21,84,118,29.44844716,-95.07849658,FM,517,,9.276,FM0517,,978,1,9.206,690,0.266,,,,,,,,,Y,Y,N,5,5,Y,WED,2,0,2,2,0,2,4,100,52,48,5,0,0,2,2,5,2,2,5,0,0,3,16,29578,2014,29578,2,0.6,2.6,1,69,0,,0,,,,,,,,,,,,,,,,,,,,,,0,0,0,3,0,0,0,15,,,
13134482,N,N,N,N,N,N,N,1/28/2013,12:02 PM,TX3OOC0NOFBT,,171,1736,Y,Y,35.77205,-101.95644,2,87,,1,,,NOT REPORTED,,N,N,70,N,N,US-0087,N,,,,1,,,NOT REPORTED,,0.8,M,S,104,,,11,1,0,2,1,1,11,12:05 PM,DUMAS COMM,12:15 PM,1/28/2013,Y,,10000,12,130,1,8,10,4,1,1,54,1,2,4,21,21,171,1736,35.73936438,-101.9646181,US,87,,84.514,US0087,,66,5,10.083,104,0.8,,,,,,,,,Y,Y,Y,5,0,Y,MON,4,0,5,10,91,2,4,300,78,48,4,0,0,2,15,5,2,15,5,3,76,1,2,9779,2014,9779,11.2,27.1,38.3,,,,,,,,,,,,,,,,,,,,,,,,,,,0,0,0,1,0,0,0,,,,
13134511,N,Y,N,N,N,N,N,2/19/2013,5:17 PM,13001856,,61,114,N,Y,,,19,,,1,3100,,MONTECITO,RD,N,N,30,N,N,,N,19,,,,,,EL PASEO,,,,,,,,11,1,0,,5,2,1,5:20 PM,DISPATCHED,5:36 PM,2/19/2013,Y,TX0610200,1196,,,411,8,7,4,1,32,1,1,5,2,21,21,61,114,33.17256966,-97.12506338,,,,,MONTECITO RD,3100,,,,,,,,,,,,,,Y,N,N,5,8,Y,TUE,,,,,,,,,,,,,,,,,,,,,,,,,,,,,,,,,,,,,,,,,,,,,,,,,,,,,,,,0,0,0,2,0,0,0,282,,,
13134550,N,N,N,N,N,N,N,2/9/2013,12:30 PM,130018683,0,101,1666,Y,Y,,,4,1960,,1,7500,E,FM 1960,,Y,N,0,N,N,BANK PARKING LOT,N,19,,,,,,WESTLAKE HOUSTON,PKWY,,,,,,,11,1,0,,1,1,1,12:34 PM,DISPATCHED,12:34 PM,2/9/2013,Y,TX1010000,1419,117,4,5,8,2,4,40,64,12,7,9,5,33,21,101,1666,,,FM,1960,,,FM1960,,,,,,,,,,,,,,,N,Y,Y,5,0,N,SAT,,,,,,,,,,,,,,,,,,,,,,,,,,,,,,,,,,,,,,,,,,,,,,,,,,,,,,,,0,0,0,2,0,0,0,,,,
13134581,N,N,N,N,N,N,N,1/14/2013,9:27 PM,13-2161,,108,331,N,Y,,,19,,,1,6502,S,VALDIVIA,ST,N,N,30,N,N,,N,19,,,1,900,W,THOMAS,ST,,,,,,,11,4,3,,1,1,1,9:22 PM,DISPATCHED,9:32 PM,1/14/2013,Y,1081100,1926,37,99,130,8,4,4,1,64,3,1,5,1,21,21,108,331,26.13279744,-98.21006286,,,,,VALDIVIA ST,6549,,,,,,,,,,,,,,Y,N,N,5,7,Y,MON,,,,,,,,,,,,,,,,,,,,,,,,,,,,,,,,,,,,,,,,,,,,,,,,,,,,,,,,0,0,0,2,0,0,0,230,,,
13134619,N,N,N,N,N,N,N,1/27/2013,7:58 PM,,,119,1684,Y,Y,33.1996,-98.19745,2,380,,1,,,NOT REPORTED,,N,N,70,N,N,,N,4,4,,,,,NOT REPORTED,,,,,,,,11,3,0,1,1,1,12,7:58 PM,DISPATCHED,8:06 PM,1/28/2013,Y,,10000,15,17,1,8,6,4,1,64,54,1,2,1,21,21,119,1684,33.20119608,-98.1956362,US,380,,302.993,US0380,1210,134,4,14.097,538,0.101,,,,,,,,,Y,Y,Y,5,0,Y,SUN,2,0,6,6,0,2,2,100,36,24,4,0,0,2,6,5,2,6,5,0,0,1,6,4309,2014,4309,3.1,6.8,10,,,,,,,,,,,,,,,,,,,,,,,,,,,0,0,0,3,0,0,0,,,,
13134669,N,N,N,N,N,N,N,2/6/2013,6:35 PM,,,39,1604,Y,Y,33.57547,-97.99025,4,174,,1,,,NOT REPORTED,,N,N,60,N,N,,N,15,,,,,,REED,RD,,,,,,,11,3,3,1,4,1,11,6:53 PM,WICHITA FALLS DPS,7:15 PM,2/10/2013,Y,TXDPS2700,10000,19,17,1,8,10,4,1,1,54,1,3,2,21,21,39,1604,33.55475249,-98.26378356,FM,174,,10.276,FM0174,3897,137,8,9.314,502,-0.498,,,,,,,,,Y,Y,Y,5,0,Y,WED,2,0,0,0,0,2,2,100,20,20,4,0,0,1,0,0,1,0,0,0,0,1,7,461,2014,461,4.7,20.9,25.6,,,,,,,,,,,,,,,,,,,,,,,,,,,0,0,0,1,0,0,0,,,,
13134672,N,N,N,N,N,N,N,2/1/2013,9:37 PM,,,39,1604,Y,Y,33.60728,-98.01318,15,,,1,,,GILL,RD,N,N,60,N,N,,N,15,,,,,,GILL,RD,,,,,CRAY RD,,11,4,0,,1,10,1,9:39 PM,WICHITA FALLS DPS,9:59 PM,2/4/2013,Y,TXDPS2700,10000,19,17,1,8,7,2,1,33,54,1,4,2,21,21,39,1604,33.60728415,-98.01298221,,,,,GILL RD,1499,,,,,,,,,UNKNOWN,,,,,Y,N,Y,5,0,Y,FRI,,,,,,,,,,,,,,,,,,,,,,,,,,,,,,,,,,,,,,,,,,,,,,,,,,,,,,,,0,0,0,1,0,0,0,,,,
13134676,N,N,N,N,N,N,N,2/3/2013,8:25 PM,,,119,1684,Y,Y,33.18137,-98.25008,2,380,,1,,,NOT REPORTED,,N,N,70,N,N,,N,,,,,,,NOT REPORTED,,0.4,M,E,534,,,11,3,0,1,2,1,12,8:35 PM,JACK COUNTY S.O.,9:01 PM,2/5/2013,Y,,10000,15,17,1,8,6,4,1,64,54,1,2,1,21,21,119,1684,33.18154882,-98.25288541,US,380,,299.272,US0380,,134,4,10.411,534,0.4,,,,NOT REPORTED,,,,,Y,Y,Y,5,0,Y,SUN,2,0,6,6,0,2,2,100,36,24,4,0,0,2,6,5,2,6,5,0,0,1,6,2953,2014,2953,3.1,6.8,10,,,,,,,,,,,,,,,,,,,,,,,,,,,0,0,0,1,0,0,0,,,,
13134786,N,N,N,N,N,N,N,1/30/2013,12:45 PM,13-030127,,71,136,N,Y,31.70469,-106.33628,19,,,1,200,N,DAVIS,DR,N,N,30,N,N,2 LANE TWO WAY,N,19,,,1,8600,E,ROSEWAY,ST,,,,,,,11,1,2,,1,1,11,12:45 PM,DISPATCHED,12:53 PM,1/30/2013,N,TX0710200,1259,,,,8,7,4,1,32,54,1,5,2,21,21,71,136,31.70730351,-106.3353876,,,,,N DAVIS DR,282,,,,,,,,,,,,,,Y,N,N,5,9,Y,WED,,,,,,,,,,,,,,,,,,,,,,,,,,,,,,,,,,,,,,,,,,,,,,,,,,,,,,,,0,0,0,1,1,0,0,66,,,
13134882,N,N,N,N,N,Y,N,1/26/2013,5:19 AM,A13-00016,,46,595,N,Y,,,2,46,,1,23000,,HWY 46 W,,N,N,60,N,N,,Y,19,,,1,1000,,SPRING BRANCH RD,,,,,,,,11,3,2,1,1,1,11,5:19 AM,RADIO,5:28 AM,1/26/2013,Y,TX0460800,180,19,282,340,8,7,4,1,62,54,1,2,2,21,21,46,1611,29.79304839,-98.464149,SH,46,,29.914,SH0046,22499,215,7,5.874,500,-0.157,,,,,,,,,Y,Y,Y,5,0,Y,SAT,2,0,8,8,0,2,2,100,40,24,4,0,0,2,8,5,2,8,5,0,0,4,14,6967,2014,6967,9,22.8,31.8,1,370,3,1,58,,,,,,,,,,,,,,,,,,,,,,0,0,0,1,0,0,0,28,,,
13135119,N,N,N,N,N,N,N,2/5/2013,8:38 AM,13-2063,,92,268,N,Y,,,19,,,1,1200,,HOLLYBROOK,DR,N,N,30,N,N,,N,2,259,,,,N,EASTMAN,RD,,,,,,,11,1,0,,1,1,5,9:03 AM,DISPATCHED,9:11 AM,2/5/2013,Y,920500,1691,,,,8,2,2,22,64,38,1,2,1,21,21,92,268,32.53199422,-94.72229183,,,,,HOLLYBROOK DR,,,,,,,US,259,,US0259,,,,,Y,N,N,5,7,Y,TUE,,,,,,,,,,,,,,,,,,,,,,,,,,,,,,,,,,,,,,,,,,,,,,,,,,,,,,,,0,0,0,2,0,0,0,361,,,
13135314,N,N,N,N,N,N,N,2/19/2013,1:13 PM,2013-06793,,102,281,N,Y,,,11,390,,1,,,MLK,BLVD,N,N,45,N,N,,Y,19,,,1,2500,W,HOUSTON,ST,,,,,,,11,1,4,,2,1,8,1:14 PM,DISPATCHED,1:24 PM,2/19/2013,Y,TX1020200,1740,,,147,8,2,1,10,64,5,1,2,1,21,21,102,281,,,SL,390,,,SL0390,,,,,,,,,,W HOUSTON ST,,,,,Y,Y,N,2,5,N,TUE,,,,,,,,,,,,,,,,,,,,,,,,,,,,,,,,,,,,,,,,,,,,,,,,,,,,,,,,0,1,0,1,0,1,0,,,,
13135365,N,N,N,N,N,N,N,2/21/2013,6:45 AM,SAPD13039032,,15,379,N,Y,,,2,281,,1,16000,N,US HWY 281,,N,N,60,N,N,,N,19,,,,,,THOUSAND OAKS,,,,,,,,2,1,0,2,1,2,1,6:50 AM,DISPATCHED,7:01 AM,2/21/2013,Y,TXSPD0000,2473,,29,131,8,9,4,1,64,1,1,2,1,21,21,15,379,29.59258381,-98.47320514,US,281,,320.458,US0281,,253,4,10.113,524,1.073,,,,,,,,,Y,Y,N,5,9,Y,THU,5,0,8,8,14,2,8,300,130,108,4,0,0,2,11,5,2,11,5,2,3,4,12,151019,2014,151019,1.8,0.6,2.3,,,,,,,,,,,,,,,,,,,,,,,,,,,0,0,0,1,0,0,0,28,,,
13135427,N,N,N,N,N,N,N,2/20/2013,5:29 PM,SAPD13038706,5340,15,379,N,Y,,,19,,,1,1400,,CABLE RANCH,RD,N,N,30,N,N,,Y,19,,,1,8700,,GARDEN BROOK,,,,,,,,12,1,4,,1,1,8,5:31 PM,DISPATCH,5:35 PM,2/20/2013,Y,TXSPD0000,2473,,19,148,8,2,1,10,64,3,1,5,1,21,21,15,379,29.42062498,-98.65773227,,,,,CABLE RANCH RD,,,,,,,,,,GARDEN BRK,,,,,Y,N,N,1,9,Y,WED,,,,,,,,,,,,,,,,,,,,,,,,,,,,,,,,,,,,,,,,,,,,,,,,,,,,,,,,1,0,1,2,0,2,0,28,,,
13135462,N,N,N,N,N,N,N,2/17/2013,5:25 PM,sapd13036456,5230,15,379,N,Y,,,19,,,1,3400,,CULEBRA,RD,N,N,40,N,N,,Y,19,,,1,1300,NW,36TH,ST,,,,,,,11,1,3,,1,1,11,5:29 PM,FLAGGED DOWN,5:29 PM,2/17/2013,Y,TXSPD0000,2473,,19,148,8,2,4,22,64,47,1,5,1,21,21,15,379,29.44947497,-98.57006229,,,,,CULEBRA RD,3527,,,,,,,,,,,,,,Y,N,N,5,9,Y,SUN,,,,,,,,,,,,,,,,,,,,,,,,,,,,,,,,,,,,,,,,,,,,,,,,,,,,,,,,0,0,0,2,0,0,0,28,,,
13135476,N,N,N,N,Y,N,N,2/20/2013,3:49 PM,2013-6771,,101,29,N,Y,,,14,330,,1,3400,,NOT REPORTED,,N,N,65,N,N,,N,19,,,,3300,,ROLLINGBROOK,DR,,,,,,,11,1,0,,1,1,1,4:01 PM,DISPATCH,4:16 PM,2/20/2013,Y,TX1010100,100,,,27,8,7,4,1,39,3,1,2,4,21,21,101,29,,,SS,330,,,SS0330,,,,,,,,,,,,,,,Y,Y,N,5,7,N,WED,,,,,,,,,,,,,,,,,,,,,,,,,,,,,,,,,,,,,,,,,,,,,,,,,,,,,,,,0,0,0,1,0,0,0,,,,
13135541,N,N,N,N,N,N,N,2/20/2013,9:00 PM,0021939713W,,101,208,N,Y,,,19,,,1,5000,,CORNISH,ST,N,N,35,N,N,TWO WAY,N,19,,,,,,SANDMAN,,,,,,,,2,6,4,,1,2,8,8:52 AM,HPD DISPATCHER,9:18 AM,2/21/2013,Y,TXHPD0000,2469,14,121,33,8,4,4,1,64,54,1,5,1,21,21,101,208,29.77845801,-95.41201881,,,,,CORNISH ST,5034,,,,,,,,,,,,,,Y,N,N,5,9,Y,WED,,,,,,,,,,,,,,,,,,,,,,,,,,,,,,,,,,,,,,,,,,,,,,,,,,,,,,,,0,0,0,1,0,0,0,15,,,
13135603,N,N,N,N,N,N,N,2/20/2013,1:00 PM,42156A,FLID - 42157A,57,107,N,Y,,,19,,,1,4600,,LARKHILL,DR,N,N,30,N,N,,N,19,,,,2600,,SAGE VALLEY,LN,,,,,,,12,1,0,,1,2,1,6:38 PM,DISPATCHED,6:48 PM,2/21/2013,N,TX0000006,2471,,,44,8,4,3,4,64,14,1,5,1,32,21,57,107,32.71650427,-96.89728999,,,,,LARKHILL DR,4626,,,,,,,,,,,,,,Y,N,N,0,9,Y,WED,,,,,,,,,,,,,,,,,,,,,,,,,,,,,,,,,,,,,,,,,,,,,,,,,,,,,,,,0,0,0,0,1,0,0,282,,,
13135685,N,N,N,N,N,N,N,2/18/2013,2:56 PM,0020812913M,,101,208,N,Y,,,19,,,1,6500,,MARTIN LUTHER KING,BLVD,N,N,40,N,N,THREE LANE STREET,Y,19,,,1,5300,,SOUTHLEA,,,,,,,,2,1,0,,1,2,1,2:56 PM,HPD DISPATCH,3:00 PM,2/18/2013,Y,TXHPD0000,2469,18,104,49,8,2,2,20,33,54,1,5,1,21,21,101,208,29.68402481,-95.3404131,,,,,MARTIN LUTHER KING JR BLVD,,,,,,,,,,SOUTHLEA ST,,,,,Y,N,N,5,9,Y,MON,,,,,,,,,,,,,,,,,,,,,,,,,,,,,,,,,,,,,,,,,,,,,,,,,,,,,,,,0,0,0,3,0,0,0,15,,,
13135782,N,N,N,N,N,N,N,2/21/2013,6:50 PM,,13-04537,227,1792,Y,Y,30.39507,-98.04138,15,,,1,21400,,THURMAN BEND,RD,N,N,45,N,N,,N,15,,,,1700,,BEE CREEK,RD,,,,,,,11,3,0,,4,1,10,6:53 PM,DISPATCHED,7:02 PM,2/21/2013,Y,TX2270000,2292,,7,117,8,7,4,1,33,3,1,4,2,21,21,227,1792,30.39813126,-98.0387828,,,,,THURMAN BEND RD,21293,,,,,,,,,,,,,,Y,N,Y,5,0,Y,THU,,,,,,,,,,,,,,,,,,,,,,,,,,,,,,,,,,,,,,,,,,,,,,,,,,,,,,,,0,0,0,1,0,0,0,90,,,
13136021,N,N,N,N,N,N,N,1/1/2013,1:54 AM,130010526,,227,22,N,Y,,,19,,,1,4800,,CONVICT HILL,RD,N,N,40,N,N,,N,19,,,,,,FLAMING OAK,PL,,,,,,,2,6,0,,4,2,1,1:54 AM,DISPATCHED,2:00 AM,1/1/2013,Y,TX2270100,74,53,93,112,8,7,4,1,32,54,1,5,2,21,21,227,22,30.2171635,-97.8508689,,,,,CONVICT HILL RD,4842,,,,,,,,,,,,,,Y,N,N,5,9,Y,TUE,,,,,,,,,,,,,,,,,,,,,,,,,,,,,,,,,,,,,,,,,,,,,,,,,,,,,,,,0,0,0,1,0,0,0,90,,,
13136026,N,N,N,N,N,Y,N,1/8/2013,10:45 AM,C213-010801,,227,22,N,Y,30.39425,-97.82897,19,,,1,9700,,MCNEIL,RD,N,N,30,N,N,,Y,19,,,,,,RIBELIN RANCH,RD,,,,,,,2,1,7,,1,2,11,11:15 AM,DISPATCHED,11:20 AM,1/8/2013,Y,TX2271600,3074,,37,52,8,7,2,1,20,1,1,5,2,21,21,227,22,30.39492451,-97.83146837,,,,,MCNEIL DR,9802,,,,,,,,,UNKNOWN,,,,,Y,N,N,5,9,Y,TUE,,,,,,,,,,,,,,,,,,,,,,,,,,,,,,,,,,,,,,,,,,,,,,,,,,,,,,,,0,0,0,1,0,0,0,90,,,
13136060,N,N,N,N,N,N,N,1/9/2013,6:14 AM,130090225,,227,22,N,Y,,,1,35,,2,14200,N,SVRD SB,,N,N,55,N,N,,N,19,,,,,,KORMAN,DR,,,,,,,2,3,98,2,1,2,1,6:14 AM,DISPATCH,6:14 AM,1/9/2013,Y,TX2270100,74,,,188,8,2,4,20,64,42,2,1,1,21,21,227,22,30.4326808,-97.66995978,IH,35,,246.506,IH0035,,15,13,30.045,247,0,,,,,,,,,Y,Y,N,5,9,Y,WED,5,0,4,10,11,2,6,300,100,72,4,0,0,2,8,5,2,20,5,2,3,4,11,136130,2014,136130,3.3,9.4,12.7,,,,,,,,,,,,,,,,,,,,,,,,,,,0,0,0,6,0,0,0,90,,,
13136569,N,N,N,N,N,N,N,2/5/2013,4:39 AM,CG130200921,"2 VEHICLE, MINOR",101,208,N,N,,,12,,,1,5200,S,SAM HOUSTON TOLL RD WEST,,N,Y,65,Y,Y,,N,,,,,,,NOT REPORTED,,0.2,M,W,684,,,11,4,0,,1,1,20,4:39 AM,HCTRA DISPATCHED,4:46 AM,2/5/2013,Y,TX1015200,1418,63,63,83,8,4,4,1,64,49,1,6,1,20,21,101,208,,,,,,,S SAM HOUSTON TOLL RD WEST,,,,,,,,,,NOT REPORTED,,,,,N,N,N,5,9,N,TUE,,,,,,,,,,,,,,,,,,,,,,,,,,,,,,,,,,,,,,,,,,,,,,,,,,,,,,,,0,0,0,2,0,0,0,,,,
13137036,N,N,N,N,N,N,N,2/9/2013,4:01 PM,13-18419,,188,12,N,Y,,,19,,,1,2000,S,ROSS,ST,N,N,45,N,N,,Y,1,40,,2,,E,IH40,HWY,,,,,,,11,1,2,2,1,1,20,3:42 PM,DISPATCH,3:43 PM,2/9/2013,Y,TX1880100,33,,,103,8,2,2,20,64,54,2,1,1,21,21,188,12,35.19263149,-101.817313,IH,40,,71.569,IH0040,,275,1,19.706,72,-0.461,,,,S ROSS ST,,,,,Y,Y,N,5,8,Y,SAT,5,0,10,10,22,9,6,300,112,72,6,0,2,2,20,5,2,20,5,2,2,3,11,22960,2014,22960,2.3,9.9,12.1,,,,,,,,,,,,,,,,,,,,,,,,,,,0,0,0,2,0,0,0,120,,,
13137057,N,N,N,N,N,N,N,2/17/2013,12:16 PM,13-05656,,152,270,N,Y,,,19,,,1,4900,,60TH,ST,N,N,30,N,N,,N,19,,,1,5900,,WAYNE,AVE,,,,,,,0,0,4,,1,1,8,12:22 PM,POLICE RADIO,12:31 PM,2/17/2013,Y,TX1520200,1706,,,,8,7,2,3,32,54,1,5,2,21,21,152,270,33.53970434,-101.9178368,,,,,60TH ST,4991,,,,,,,,,WAYNE AVE,,,,,Y,N,N,0,8,Y,SUN,,,,,,,,,,,,,,,,,,,,,,,,,,,,,,,,,,,,,,,,,,,,,,,,,,,,,,,,0,0,0,0,1,0,0,122,,,
13137115,N,N,N,N,N,Y,N,1/26/2013,11:44 PM,13-3034,,152,270,N,N,,,11,289,,1,4300,S,LOOP,,N,N,60,N,N,,N,19,,,1,6900,,QUAKER,AVE,,,,,,,11,4,0,2,1,1,20,12:51 AM,DISPATCH,12:58 AM,1/26/2013,Y,TX1520200,1706,,,,8,2,4,21,64,9,1,2,1,21,21,152,270,33.53081394,-101.9063194,SL,289,,23.425,SL0289,,783,1,12.214,311,0.37,,,,,,,,,Y,Y,N,3,8,Y,SAT,5,0,10,10,23,2,6,300,114,72,4,0,0,2,20,5,2,20,5,2,3,4,12,69017,2014,69017,5.8,13.2,18.9,,,,,,,,,,,,,,,,,,,,,,,,,,,0,0,1,1,0,1,0,122,,,
13137320,N,N,N,N,N,N,N,2/7/2013,10:50 AM,130017635,0,101,1666,Y,N,,,19,,,4,14600,,WALLISVILLE,RD,N,N,45,N,N,,N,15,,,,,E,SAM HOUSTON,PKWY,,,,,,,12,1,0,,4,1,9,11:00 AM,DISPATCHED,11:04 AM,2/7/2013,N,TX1010000,1419,205,33,5,8,2,2,20,64,54,4,4,1,21,21,101,1666,29.80861072,-95.16394823,,,,,WALLISVILLE RD,15497,,,,,,,,,E SAM HOUSTON PKWY N,,,,,N,N,Y,5,0,Y,THU,,,,,,,,,,,,,,,,,,,,,,,,,,,,,,,,,,,,,,,,,,,,,,,,,,,,,,,,0,0,0,1,1,0,0,15,,,
13137419,N,N,N,N,N,N,N,2/19/2013,2:15 PM,,,236,1801,Y,Y,30.57188,-95.50263,1,45,,1,,,NOT REPORTED,,N,N,75,N,N,,N,,,,,,,NOT REPORTED,,0.3,M,N,105,,,11,1,0,2,1,1,11,2:20 PM,WCSO,2:35 PM,2/19/2013,Y,,10000,22,52,1,8,9,4,1,64,54,1,1,2,21,21,236,1801,30.57587733,-95.50311542,IH,45,,105.416,IH0045,,675,7,4.512,105,0.3,,,,NOT REPORTED,,,,,Y,Y,Y,5,0,Y,TUE,5,0,5,9,53,2,4,395,76,48,6,0,0,2,10,5,2,18,5,2,43,1,1,42300,2014,42300,2.8,19.2,22,,,,,,,,,,,,,,,,,,,,,,,,,,,0,0,0,1,0,0,0,,,,
13137434,N,N,N,N,N,N,N,2/14/2013,8:31 PM,13-3614,,68,315,N,Y,,,2,191,,1,5000,E,42ND,ST,N,N,45,N,N,,N,19,,,1,4100,,JOHN BEN SHEPPARD,PKWY,150,F,E,ECL,,,11,4,0,3,1,1,1,8:34 PM,DISPATCHED,8:38 PM,2/14/2013,N,68020000,1873,,,,8,2,4,20,64,54,1,2,1,21,21,68,315,31.89351994,-102.3340288,SH,191,,5.107,SH0191,,2296,1,6.218,263,0.283,,,,,,,,,Y,Y,N,5,8,Y,THU,2,0,0,0,0,2,6,130,107,72,4,1,1,1,0,0,1,0,0,0,0,3,14,23184,2014,23184,10.8,2.4,13.2,1,62,0,,0,,,,,,,,,,,,,,,,,,,,,,0,0,0,6,0,0,0,174,,,