Crash_ID,Crash_Fatal_Fl,Cmv_Involv_Fl,Schl_Bus_Fl,Rr_Relat_Fl,Medical_Advisory_Fl,Amend_Supp_Fl,Active_School_Zone_Fl,Crash_Date,Crash_Time,Case_ID,Local_Use,Rpt_CRIS_Cnty_ID,Rpt_City_ID,Rpt_Outside_City_Limit_Fl,Thousand_Damage_Fl,Rpt_Latitude,Rpt_Longitude,Rpt_Rdwy_Sys_ID,Rpt_Hwy_Num,Rpt_Hwy_Sfx,Rpt_Road_Part_ID,Rpt_Block_Num,Rpt_Street_Pfx,Rpt_Street_Name,Rpt_Street_Sfx,Private_Dr_Fl,Toll_Road_Fl,Crash_Speed_Limit,Road_Constr_Zone_Fl,Road_Constr_Zone_Wrkr_Fl,Rpt_Street_Desc,At_Intrsct_Fl,Rpt_Sec_Rdwy_Sys_ID,Rpt_Sec_Hwy_Num,Rpt_Sec_Hwy_Sfx,Rpt_Sec_Road_Part_ID,Rpt_Sec_Block_Num,Rpt_Sec_Street_Pfx,Rpt_Sec_Street_Name,Rpt_Sec_Street_Sfx,Rpt_Ref_Mark_Offset_Amt,Rpt_Ref_Mark_Dist_Uom,Rpt_Ref_Mark_Dir,Rpt_Ref_Mark_Nbr,Rpt_Sec_Street_Desc,Rpt_CrossingNumber,Wthr_Cond_ID,Light_Cond_ID,Entr_Road_ID,Road_Type_ID,Road_Algn_ID,Surf_Cond_ID,Traffic_Cntl_ID,Investigat_Notify_Time,Investigat_Notify_Meth,Investigat_Arrv_Time,Report_Date,Investigat_Comp_Fl,ORI_Number,Investigat_Agency_ID,Investigat_Area_ID,Investigat_District_ID,Investigat_Region_ID,Bridge_Detail_ID,Harm_Evnt_ID,Intrsct_Relat_ID,FHE_Collsn_ID,Obj_Struck_ID,Othr_Factr_ID,Road_Part_Adj_ID,Road_Cls_ID,Road_Relat_ID,Phys_Featr_1_ID,Phys_Featr_2_ID,Cnty_ID,City_ID,Latitude,Longitude,Hwy_Sys,Hwy_Nbr,Hwy_Sfx,Dfo,Street_Name,Street_Nbr,Control,Section,Milepoint,Ref_Mark_Nbr,Ref_Mark_Displ,Hwy_Sys_2,Hwy_Nbr_2,Hwy_Sfx_2,Street_Name_2,Street_Nbr_2,Control_2,Section_2,Milepoint_2,Txdot_Rptable_Fl,Onsys_Fl,Rural_Fl,Crash_Sev_ID,Pop_Group_ID,Located_Fl,Day_of_Week,Hwy_Dsgn_Lane_ID,Hwy_Dsgn_Hrt_ID,Hp_Shldr_Left,Hp_Shldr_Right,Hp_Median_Width,Base_Type_ID,Nbr_Of_Lane,Row_Width_Usual,Roadbed_Width,Surf_Width,Surf_Type_ID,Curb_Type_Left_ID,Curb_Type_Right_ID,Shldr_Type_Left_ID,Shldr_Width_Left,Shldr_Use_Left_ID,Shldr_Type_Right_ID,Shldr_Width_Right,Shldr_Use_Right_ID,Median_Type_ID,Median_Width,Rural_Urban_Type_ID,Func_Sys_ID,Adt_Curnt_Amt,Adt_Curnt_Year,Adt_Adj_Curnt_Amt,Pct_Single_Trk_Adt,Pct_Combo_Trk_Adt,Trk_Aadt_Pct,Curve_Type_ID,Curve_Lngth,Cd_Degr,Delta_Left_Right_ID,Dd_Degr,Feature_Crossed,Structure_Number,I_R_Min_Vert_Clear,Approach_Width,Bridge_Median_ID,Bridge_Loading_Type_ID,Bridge_Loading_In_1000_Lbs,Bridge_Srvc_Type_On_ID,Bridge_Srvc_Type_Under_ID,Culvert_Type_ID,Roadway_Width,Deck_Width,Bridge_Dir_Of_Traffic_ID,Bridge_Rte_Struct_Func_ID,Bridge_IR_Struct_Func_ID,CrossingNumber,RRCo,Poscrossing_ID,WDCode_ID,Standstop,Yield,Incap_Injry_Cnt,Nonincap_Injry_Cnt,Poss_Injry_Cnt,Non_Injry_Cnt,Unkn_Injry_Cnt,Tot_Injry_Cnt,Death_Cnt,MPO_ID,Investigat_Service_ID,Investigat_DA_ID,Investigator_Narrative
13137564,N,N,N,N,N,N,N,2/7/2013,6:31 PM,13-038256,,71,136,N,N,,,1,10,,1,25,,I 10 E MP 25,,N,N,60,N,N,ONE WAY,N,1,10,,3,25,,HAWKINS,,,,,,,,11,0,98,,2,0,20,6:45 PM,COMMUNICATIONS/DISP,6:50 PM,2/7/2013,Y,TX0710200,1259,,,212,8,2,4,21,64,9,1,1,1,21,21,71,136,,,IH,10,,,IH0010,,,,,,,,,,,,,,,N,Y,N,5,9,N,THU,,,,,,,,,,,,,,,,,,,,,,,,,,,,,,,,,,,,,,,,,,,,,,,,,,,,,,,,0,0,0,1,1,0,0,,,,
13137602,N,N,N,N,N,N,N,1/4/2013,7:25 PM,,,101,1666,Y,Y,29.88391,-95.64513,3,6,,1,7300,,NOT REPORTED,,N,N,0,N,N,,Y,15,,,1,,,SUGAR RIDGE,DR,,,,,,,12,4,4,3,1,1,5,7:29 PM,HCSO DISPATCH,7:39 PM,1/4/2013,Y,TX1400000,10000,17,35,1,8,2,1,34,64,3,1,2,1,21,21,101,1666,29.88374087,-95.64503759,SH,6,,484.169,SH0006,,1685,5,3.843,666,0.838,,,,SUGAR RIDGE DR,,,,,Y,Y,Y,1,0,Y,FRI,2,0,8,8,0,2,6,120,76,60,4,2,2,2,8,2,2,8,2,0,0,4,14,41363,2014,41363,3.9,1.4,5.2,1,566,0,,0,,,,,,,,,,,,,,,,,,,,,,1,2,0,0,0,3,0,15,,,
13137663,N,N,N,N,N,N,N,2/9/2013,4:26 PM,13-040170,,71,136,N,N,,,19,,,1,,,EXIT 30 LEE TREVINO RAMP WB,FWY,N,N,60,N,N,,Y,19,,,1,,,I 10 HWY WB,FWY,,,,,,,11,1,98,,1,1,11,4:28 PM,DISPATCHED,4:39 PM,2/9/2013,Y,TX0710200,1259,,,184,8,2,4,22,64,42,1,1,1,21,21,71,136,,,,,,,EXIT 30 LEE TREVINO RAMP WB FWY,,,,,,,,,,,,,,,Y,N,N,3,9,N,SAT,,,,,,,,,,,,,,,,,,,,,,,,,,,,,,,,,,,,,,,,,,,,,,,,,,,,,,,,0,0,5,3,0,5,0,,,,
13137852,N,N,N,N,N,N,N,2/20/2013,1:00 PM,,,236,1801,Y,Y,30.60772,-95.50603,1,45,,1,2200,,NOT REPORTED,,N,N,75,N,N,,N,,,,,,,NOT REPORTED,,0.4,M,S,108,,,11,1,0,2,1,1,11,1:05 PM,WCSO,1:15 PM,2/20/2013,Y,,10000,22,52,1,8,7,4,1,39,54,1,1,4,21,21,236,1801,30.60999302,-95.50618643,IH,45,,107.772,IH0045,,675,7,6.81,108,-0.4,,,,NOT REPORTED,,,,,Y,Y,Y,5,0,Y,WED,5,0,5,9,53,2,4,405,76,48,6,0,0,2,10,5,2,18,5,2,43,1,1,42300,2014,42300,2.8,19.2,22,,,,,,,,,,,,,,,,,,,,,,,,,,,0,0,0,1,0,0,0,,,,
13138062,N,N,N,N,N,N,N,2/15/2013,8:01 AM,2013-0000395,,226,378,N,Y,,,19,,,1,1200,W,19TH,ST,N,N,35,N,N,,N,19,,,1,1800,W,19TH,ST,,,,,,,12,1,0,3,4,1,20,8:02 AM,DISPATCHED,8:10 AM,2/15/2013,Y,TX2260100,2067,,,,8,2,3,20,64,46,1,2,1,32,21,226,378,31.47719559,-100.452577,SH,208,,154.295,SH0208,,454,2,15.739,352,-0.04,,,,,,,,,Y,Y,N,5,7,Y,FRI,2,0,0,0,0,2,4,80,68,68,4,1,1,1,0,0,1,0,0,0,0,3,16,6014,2014,6014,4.3,8,12.2,,,,,,,,,,,,,,,,,,,,,,,,,,,0,0,0,2,0,0,0,208,,,
13138069,N,N,N,N,N,N,N,2/16/2013,4:35 PM,2013-0000407,,226,378,N,Y,,,19,,,1,1000,,KOBERLIN,ST,N,N,30,N,N,,Y,19,,,1,100,,LOWRIE,AVE,,,,,,,11,1,4,,1,1,9,4:41 PM,DISPATCHED,4:45 PM,2/16/2013,Y,TX2260100,2067,,,,8,2,1,10,30,54,1,5,1,21,21,226,378,31.46797465,-100.4078618,,,,,KOBERLIN ST,1900,,,,,,,,,LOWRIE AVE,,,,,Y,N,N,5,7,Y,SAT,,,,,,,,,,,,,,,,,,,,,,,,,,,,,,,,,,,,,,,,,,,,,,,,,,,,,,,,0,0,0,4,0,0,0,208,,,
13138075,N,N,N,N,N,N,N,2/15/2013,7:30 AM,130021399,0,101,1666,Y,Y,,,15,,,1,20400,,WESTHEIMER PW,,N,N,40,N,N,,N,15,,,,3000,,S FRY RD,,,,,,,,11,1,98,,1,1,5,7:37 AM,DISPATCHED,7:37 AM,2/15/2013,Y,TX1015000,2745,41,38,53,8,2,2,22,64,38,1,4,1,21,21,101,1666,29.73822282,-95.73291915,,,,,WESTHEIMER PKWY,,,,,,,,,,S FRY RD,,,,,Y,N,Y,5,0,Y,FRI,,,,,,,,,,,,,,,,,,,,,,,,,,,,,,,,,,,,,,,,,,,,,,,,,,,,,,,,0,0,0,2,0,0,0,15,,,
13138522,N,N,N,N,N,N,N,2/22/2013,12:07 PM,13022858,,31,53,N,Y,,,3,4,,1,1100,,INTERNATIONAL,BLVD,N,N,30,N,N,,N,19,,,,1700,,RIDGELY,RD,,,,,,,11,1,0,,1,1,20,12:18 PM,DISPATCHED,12:22 PM,2/22/2013,Y,TX0310100,172,,211,87,8,2,3,14,64,14,1,2,1,32,21,31,53,,,SH,4,,,SH0004,,,,,,,,,,,,,,,Y,Y,N,5,8,N,FRI,,,,,,,,,,,,,,,,,,,,,,,,,,,,,,,,,,,,,,,,,,,,,,,,,,,,,,,,0,0,0,3,0,0,0,,,,
13138628,N,N,N,N,N,N,N,2/14/2013,3:30 PM,97984,,116,1681,Y,Y,32.90392,-96.10108,3,276,,1,,,NOT REPORTED,,N,N,60,N,N,,N,4,751,,,,,NOT REPORTED,,,,,,,,11,1,0,1,1,1,11,3:40 PM,DISPATCHED,3:55 PM,2/14/2013,Y,TXDPS8600,10000,3,107,1,8,7,4,1,36,3,1,2,2,21,21,116,1681,32.90385609,-96.0967956,SH,276,,21.897,SH0276,1865,641,1,1.822,630,0.751,,,,,,,,,Y,Y,Y,5,0,Y,THU,2,0,8,8,0,2,2,120,40,24,4,0,0,2,8,5,2,8,5,0,0,2,16,8982,2014,8982,4,3.3,7.3,,,,,,,,,,,,,,,,,,,,,,,,,,,0,0,0,1,0,0,0,282,,,
13138873,N,N,N,N,N,Y,N,2/21/2013,9:26 PM,13022771,,31,53,N,N,,,4,802,,1,1400,,RUBEN M TORRES,BLVD,N,N,30,N,N,,Y,19,,,1,1500,,COFFEE,RD,,,,,,,11,4,4,2,1,1,5,9:36 PM,DISPATCHED,9:52 PM,3/6/2013,Y,TX0310100,172,,211,27,8,2,2,25,64,3,1,3,1,21,21,31,53,25.95161243,-97.49529269,FM,802,,2.912,FM0802,1501,1140,2,7.81,560,0.85,,,,COFFEE RD,,,,,N,Y,N,5,8,Y,THU,3,0,0,8,5,2,6,120,106,72,4,1,2,1,0,0,2,16,5,1,5,4,14,31640,2014,31640,4.2,13.4,17.6,1,167,3,2,26,,,,,,,,,,,,,,,,,,,,,,0,0,0,3,0,0,0,248,,,
13138885,N,N,N,N,N,N,N,2/15/2013,9:15 PM,0020936513A,,101,208,N,Y,,,19,,,1,6500,,AIRLINE,DR,N,N,35,N,N,,N,19,,,,,,SUNNYSIDE,ST,,,,,,,11,4,4,,1,1,20,7:45 PM,WALKIN REPORT,7:45 PM,2/19/2013,Y,TXHPD0000,2469,16,152,59,8,2,3,34,64,13,1,5,1,32,21,101,208,29.85734301,-95.38461898,,,,,AIRLINE DR,6334,,,,,,,,,,,,,,Y,N,N,0,9,Y,FRI,,,,,,,,,,,,,,,,,,,,,,,,,,,,,,,,,,,,,,,,,,,,,,,,,,,,,,,,0,0,0,0,2,0,0,15,,,
13139074,N,N,N,N,N,N,N,2/23/2013,3:55 PM,13-4604,,212,434,N,Y,,,19,,,1,1500,E,GRANDE,BLVD,N,N,45,N,N,,N,19,,,,6400,,CIRCLE,DR,,,,,,,12,1,0,,1,1,20,3:55 PM,WITNESSED ACCIDENT,3:55 PM,2/23/2013,Y,TX2120400,2316,,,170,8,7,4,1,33,54,1,5,2,21,21,212,434,32.27812429,-95.28363087,,,,,E GRANDE BLVD,,,,,,,,,,,,,,,Y,N,N,2,8,Y,SAT,,,,,,,,,,,,,,,,,,,,,,,,,,,,,,,,,,,,,,,,,,,,,,,,,,,,,,,,0,1,0,0,0,1,0,213,,,
13139211,N,Y,N,N,N,Y,N,2/23/2013,9:00 AM,13-4187,H&R. 2 Unit. Fixed.,57,218,N,Y,,,19,,,1,1200,S,STORY,RD,N,N,35,N,N,,N,19,,,,2300,,GREENBIER,DR,,,,,,,11,1,0,,1,1,1,9:38 AM,DISPATCHED,9:39 AM,2/28/2013,N,TX0571500,1518,,,35,8,7,2,1,33,3,1,5,2,21,21,57,218,32.8026665,-96.97698252,,,,,S STORY RD,1186,,,,,,,,,GREENBRIER DR,,,,,Y,N,N,5,8,Y,SAT,,,,,,,,,,,,,,,,,,,,,,,,,,,,,,,,,,,,,,,,,,,,,,,,,,,,,,,,0,0,0,2,0,0,0,282,,,
13139215,N,N,N,N,N,N,N,2/23/2013,7:03 PM,SAPD13041081,3130,15,379,N,Y,,,19,,,7,17635,,HENDERSON PASS,,Y,N,-1,N,N,LOCAL ROAD (PRIVATE PARKING LOT),N,19,,,,2000,,GOLD CANYON,,,,,,LOCAL ROAD,,11,4,0,,1,1,1,7:03 PM,DISPATCH,7:14 PM,2/23/2013,N,TXSPD0000,2473,,29,131,8,4,4,1,64,3,7,9,5,33,21,15,379,,,,,,,HENDERSON PASS,,,,,,,,,,,,,,,N,N,N,0,9,N,SAT,,,,,,,,,,,,,,,,,,,,,,,,,,,,,,,,,,,,,,,,,,,,,,,,,,,,,,,,0,0,0,0,1,0,0,,,,
13139223,N,N,N,N,N,Y,N,2/22/2013,11:47 AM,SAPD13039980,7220,15,379,N,N,,,19,,,7,10915,,VANCE JACKSON,,N,N,15,N,N,,N,19,,,,10800,,WURZBACH,,,,,,,,11,1,0,,2,1,20,11:47 AM,DISPATCHED,11:55 AM,3/2/2013,Y,TXSPD0000,2473,,61,123,8,7,3,2,21,14,7,9,5,32,21,15,379,,,,,,,VANCE JACKSON,,,,,,,,,,,,,,,N,N,N,5,9,N,FRI,,,,,,,,,,,,,,,,,,,,,,,,,,,,,,,,,,,,,,,,,,,,,,,,,,,,,,,,0,0,0,2,1,0,0,,,,
13139346,N,N,N,N,N,N,N,2/23/2013,2:52 PM,0022997313Q,,101,208,N,Y,,,19,,,1,10703,,STANCLIFF,RD,N,N,35,N,N,CONCRETE E/W,Y,19,,,1,11200,,WILCREST,,,,,,,,11,1,4,,1,1,5,2:54 PM,DISPATCHED,2:56 PM,2/23/2013,Y,TXHPD0000,2469,14,128,39,8,2,1,10,64,54,1,5,1,21,21,101,208,29.65944482,-95.56972304,,,,,STANCLIFF RD,,,,,,,,,,WILCREST DR,,,,,Y,N,N,3,9,Y,SAT,,,,,,,,,,,,,,,,,,,,,,,,,,,,,,,,,,,,,,,,,,,,,,,,,,,,,,,,0,0,1,2,0,1,0,15,,,
13139608,N,N,N,N,N,N,N,2/13/2013,8:43 PM,13001638,,61,114,N,N,,,3,377,,1,1002,S,FORT WORTH,DR,Y,N,-1,N,N,,N,19,,,,300,W,ACME,DR,,,,,,,11,4,2,,1,1,1,8:43 PM,DISPATCHED,9:06 PM,2/13/2013,N,TX0610200,1196,,,411,8,2,4,31,64,54,7,9,5,33,21,61,114,,,,,,,SH0377,,,,,,,,,,,,,,,N,Y,N,5,8,N,WED,,,,,,,,,,,,,,,,,,,,,,,,,,,,,,,,,,,,,,,,,,,,,,,,,,,,,,,,0,0,0,1,1,0,0,,,,
13139846,N,N,N,N,N,N,N,2/7/2013,9:40 PM,130018484,0,101,1666,Y,N,29.78757,-95.7994,19,,,7,24400,,KATY,FWY,Y,N,0,N,N,,N,15,,,,,W,GRAND,PKWY,,,,,,,11,4,0,,1,1,1,10:13 PM,DISPATCHED,10:13 PM,2/8/2013,N,TX1010000,1419,123,4,5,8,4,4,5,64,54,7,9,5,33,21,101,1666,,,,,,,KATY FWY,,,,,,,,,,,,,,,N,N,Y,0,0,N,THU,,,,,,,,,,,,,,,,,,,,,,,,,,,,,,,,,,,,,,,,,,,,,,,,,,,,,,,,0,0,0,0,1,0,0,,,,
13139940,N,N,N,N,N,N,N,1/19/2013,11:53 AM,13-000498,,84,428,N,N,,,4,1764,,1,3500,,FM1764,,N,N,40,N,N,,N,4,1764,,1,34,N,STREET,,,,,,,,11,1,2,,1,1,1,11:53 AM,RADIO,12:04 PM,1/19/2013,Y,TX0840900,2239,,,,8,2,2,22,64,38,1,3,1,21,21,84,428,,,FM,1764,,,FM1764,,,,,,,FM,1764,,FM1764,,,,,N,Y,N,5,6,N,SAT,,,,,,,,,,,,,,,,,,,,,,,,,,,,,,,,,,,,,,,,,,,,,,,,,,,,,,,,0,0,0,2,1,0,0,,,,
13140127,N,N,N,N,N,N,N,2/14/2013,5:30 AM,13-0177,,84,387,N,Y,,,4,646,,1,2000,,N FM 646,,N,N,45,Y,N,,N,19,,,1,4,,ST,,,,,,,,11,4,0,,1,1,7,5:36 AM,DISPATCHED,5:42 AM,2/14/2013,Y,TX0842100,2094,,2,94,8,2,4,34,64,49,1,3,1,21,21,84,387,,,FM,646,,,FM0646,,,,,,,,,,,,,,,Y,Y,N,5,5,N,THU,,,,,,,,,,,,,,,,,,,,,,,,,,,,,,,,,,,,,,,,,,,,,,,,,,,,,,,,0,0,0,2,0,0,0,,,,
13140287,N,N,N,N,N,N,N,2/12/2013,5:00 PM,130020173,0,101,1666,Y,Y,,,12,,,1,8100,,E SAM HOUSTON PW N,,N,N,65,N,N,,N,15,,,,,,TIDWELL,,,,,,,,11,1,0,,1,1,20,5:02 PM,DISPATCHED,5:02 PM,2/12/2013,Y,TX1010000,1419,109,4,5,8,7,4,1,29,3,1,6,2,21,21,101,1666,29.84618017,-95.18711578,,,,,E SAM HOUSTON PKWY N,,,,,,,,,,,,,,,Y,N,Y,5,0,Y,TUE,,,,,,,,,,,,,,,,,,,,,,,,,,,,,,,,,,,,,,,,,,,,,,,,,,,,,,,,0,0,0,1,0,0,0,15,,,
13140396,N,N,N,N,N,N,N,2/15/2013,7:52 AM,13-000594,,14,36,N,Y,31.08859,-97.45631,3,317,,1,3100,N,MAIN,ST,N,N,55,N,N,,N,19,,,1,100,,PEACOCK,RD,,,,,,,11,1,0,1,2,1,20,7:54 AM,DISPATCHED,8:00 AM,2/15/2013,Y,TX0140200,113,,,,8,2,4,20,64,42,1,2,1,21,21,14,36,31.08785339,-97.45662027,SH,317,,41.75,SH0317,,398,4,13.781,388,-0.15,,,,,,,,,Y,Y,N,3,5,Y,FRI,2,0,9,9,0,2,2,120,44,26,4,0,0,2,9,5,2,9,5,0,0,3,14,16259,2014,16259,3.5,8,11.4,1,563,0,1,24,,,,,,,,,,,,,,,,,,,,,,0,0,1,1,0,1,0,277,,,
13140428,N,N,N,N,N,N,N,2/13/2013,9:45 PM,,,167,1732,Y,Y,31.65102,-98.75515,2,84,,1,,,NOT REPORTED,,N,N,70,N,N,,N,,,,,,,NOT REPORTED,,0.9,M,SE,578,,,11,3,0,1,1,1,11,10:10 PM,INPERSON,10:10 PM,2/14/2013,Y,,10000,1,119,1,8,6,4,1,64,54,1,2,1,21,21,167,1732,31.65119897,-98.75533536,US,84,,326.125,US0084,,54,8,0.941,578,0.9,,,,NOT REPORTED,,,,,Y,Y,Y,5,0,Y,WED,2,0,9,9,0,2,2,130,44,26,4,0,0,2,9,5,2,9,5,0,0,1,2,4494,2014,4494,10.5,10.5,21,1,91,1,2,4,,,,,,,,,,,,,,,,,,,,,,0,0,0,1,0,0,0,,,,
13140473,N,N,N,N,N,N,N,2/16/2013,8:02 PM,130022210,0,101,1666,Y,Y,,,19,,,1,8600,,TAUB,RD,N,N,35,N,N,,N,19,,,,,,FAIRBANKS N HOUSTON,RD,,,,,,,11,3,0,,1,1,20,8:02 PM,DISPATCHED,8:02 PM,2/16/2013,Y,TX1010000,1419,110,4,5,8,2,4,20,64,40,1,4,1,21,21,101,1666,29.91276854,-95.52824288,,,,,TAUB RD,8718,,,,,,,,,,,,,,Y,N,Y,5,0,Y,SAT,,,,,,,,,,,,,,,,,,,,,,,,,,,,,,,,,,,,,,,,,,,,,,,,,,,,,,,,0,0,0,2,0,0,0,15,,,
13140506,N,N,N,N,N,N,N,2/16/2013,11:42 PM,130022268,0,101,1666,Y,Y,,,19,,,1,1700,,FRY,RD,N,N,40,N,N,,N,19,,,1,19900,,PARK ROW,,,,,,,,11,4,0,,1,1,5,11:42 PM,DISPATCHED,11:42 PM,2/16/2013,Y,TX1010000,1419,123,4,5,8,2,1,10,64,54,1,4,1,21,21,101,1666,29.78992998,-95.718963,,,,,FRY RD,,,,,,,,,,PARK ROW,,,,,Y,N,Y,3,0,Y,SAT,,,,,,,,,,,,,,,,,,,,,,,,,,,,,,,,,,,,,,,,,,,,,,,,,,,,,,,,0,0,1,1,0,1,0,15,,,
13140600,N,N,N,N,N,N,N,2/18/2013,11:15 AM,13000857,,57,109,N,Y,,,1,35,,2,,,NOT REPORTED,,N,N,40,N,N,WEST FRONTAGE RPOAD,Y,19,,,1,1300,E,WINTERGREEN,RD,,,,,,,11,1,4,2,1,1,5,11:19 AM,DISPATCH,11:29 AM,2/18/2013,N,TX0570800,1187,,,,8,2,1,34,64,54,2,1,1,21,21,57,253,32.61864818,-96.8230525,IH,35,E,45.87,IH0035E,,442,2,4.931,417,-0.199,,,,E WINTERGREEN RD,,,,,Y,Y,N,3,6,Y,MON,5,0,10,10,24,8,8,320,136,96,5,0,0,2,20,5,2,20,5,2,4,4,11,89527,2014,89527,3.5,34.6,38,,,,,,,,,,,,,,,,,,,,,,,,,,,0,0,1,1,0,1,0,282,,,
13140770,N,N,N,N,N,N,N,2/14/2013,12:45 PM,20130008,,210,73,N,Y,,,3,200,,1,,,HURST,ST,N,N,40,N,N,BLACK TOP,N,19,,,2,,,NACOGDOCHES,ST,,,,,NACOGDOCHES ST,,11,1,0,3,1,1,11,12:45 PM,DISPATCHED,1:02 PM,2/14/2013,Y,TX2100100,229,158,12,16,8,2,3,22,64,47,1,2,1,32,21,210,73,31.79004391,-94.18467084,US,96,,11.683,US0096,614,809,2,1.528,328,-0.597,,,,,,,,,Y,Y,N,5,4,Y,THU,2,0,0,0,0,9,4,80,50,48,6,2,2,1,0,0,1,0,0,0,0,2,14,11797,2014,11797,4,22.9,26.9,,,,,,,,,,,,,,,,,,,,,,,,,,,0,0,0,2,1,0,0,,,,
13141256,N,Y,N,N,N,N,N,2/12/2013,5:05 PM,008-13(S),,240,254,N,N,,,19,,,1,,,LAREDO COMMUNITY COLLEGE ROADWAY,,N,N,15,N,N,LAREDO COMMUNITY COLLEGE ROADWAY,N,19,,,,,,LAREDO COMMUNITY COLLEGE ROADWAY,,,,,,LAREDO COMMUNITY COLLEGE ROADWAY (EXIT),,12,1,0,,1,1,11,5:08 PM,DISPATCHED,5:10 PM,2/12/2013,Y,TX2400500,1644,30,87,5,8,7,4,1,61,3,1,5,2,21,21,240,254,,,,,,,LAREDO COMMUNITY COLLEGE ROADWAY,,,,,,,,,,,,,,,N,N,N,5,8,N,TUE,,,,,,,,,,,,,,,,,,,,,,,,,,,,,,,,,,,,,,,,,,,,,,,,,,,,,,,,0,0,0,1,0,0,0,,,,
13141364,N,N,N,N,N,N,N,2/23/2013,7:02 PM,2013-7236,,101,29,N,N,,,19,,,1,4500,,GARTH,RD,N,N,45,N,N,,N,19,,,,,,BAKER,RD,,,,,,,11,4,4,,1,1,5,7:05 PM,DISPATCH,7:24 PM,2/24/2013,Y,TX1010100,100,,,27,8,2,2,36,64,54,1,5,1,21,21,101,29,29.76972185,-94.97757319,,,,,GARTH RD,,,,,,,,,,W BAKER RD,,,,,N,N,N,5,7,Y,SAT,,,,,,,,,,,,,,,,,,,,,,,,,,,,,,,,,,,,,,,,,,,,,,,,,,,,,,,,0,0,0,6,0,0,0,15,,,
13141565,N,N,N,N,N,N,N,2/22/2013,5:05 PM,SAPD13040248,6220,15,379,N,N,,,19,,,1,600,,MORRILL,,N,N,30,N,N,,N,19,,,,4600,S,FLORES,,,,,,,,11,1,0,,1,1,8,3:15 PM,DISPATCHED,3:35 PM,2/22/2013,Y,TXSPD0000,2473,,11,175,8,2,2,35,64,38,1,5,1,21,21,15,379,29.37930502,-98.50047917,,,,,MORRILL ST,100,,,,,,,,,S FLORES ST,,,,,N,N,N,5,9,Y,FRI,,,,,,,,,,,,,,,,,,,,,,,,,,,,,,,,,,,,,,,,,,,,,,,,,,,,,,,,0,0,0,3,1,0,0,28,,,
13141830,N,N,N,N,N,N,N,2/17/2013,4:00 PM,0020388913K,FSGI,101,208,N,Y,,,19,,,1,6500,,MAIN,ST,N,N,30,N,N,CONCRETE,N,19,,,,,,UNIVERSITY,BLVD,,,,,,,11,1,0,,1,1,20,4:30 PM,WALK IN,4:30 PM,2/17/2013,Y,TXHPD0000,2469,51,113,29,8,2,4,20,64,54,1,5,1,21,21,101,208,29.71077636,-95.4014682,,,,,MAIN ST,6556,,,,,,,,,,,,,,Y,N,N,5,9,Y,SUN,,,,,,,,,,,,,,,,,,,,,,,,,,,,,,,,,,,,,,,,,,,,,,,,,,,,,,,,0,0,0,1,1,0,0,15,,,
13142408,N,N,N,N,N,N,N,2/20/2013,7:05 AM,C1301235,,178,97,N,Y,,,19,,,1,3100,,MENDOCINO,DR,N,N,30,N,N,DRY ASPHALT,N,19,,,1,6800,,VINEYARD,DR,,,,,DRY ASPHALT,,0,0,0,,4,1,1,7:11 AM,DISPATCHER,7:21 AM,2/20/2013,N,TX1780200,1115,,,12,8,4,4,5,64,54,1,5,1,21,21,178,97,27.6704605,-97.36316658,,,,,MENDOCINO DR,3115,,,,,,,,,,,,,,Y,N,N,0,9,Y,WED,,,,,,,,,,,,,,,,,,,,,,,,,,,,,,,,,,,,,,,,,,,,,,,,,,,,,,,,0,0,0,0,1,0,0,96,,,
13142415,N,N,N,N,N,N,N,2/19/2013,11:22 AM,C1301216,,178,97,N,Y,,,19,,,1,5400,S,STAPLES,ST,N,N,20,Y,Y,DRY CONCRETE,N,19,,,1,5600,,CURTIS CLARK,DR,,,,,DRY ASPHALT,,12,1,0,,1,1,20,11:44 AM,DISPATCHER,11:50 AM,2/19/2013,Y,TX1780200,1115,,,42,8,2,4,22,64,49,1,5,1,21,21,178,97,27.70249923,-97.3732298,,,,,S STAPLES ST,5429,,,,,,,,,,,,,,Y,N,N,3,9,Y,TUE,,,,,,,,,,,,,,,,,,,,,,,,,,,,,,,,,,,,,,,,,,,,,,,,,,,,,,,,0,0,1,1,0,1,0,96,,,
13142486,N,N,N,N,N,N,N,2/18/2013,6:51 PM,13007151,,43,302,N,Y,,,19,,,1,200,N,MURPHY,RD,N,N,45,N,N,200 BLOCK NORTH MURPHY ROAD,Y,19,,,1,100,,TOM CLEVENGER,,,,,,,,11,3,2,1,1,1,1,6:51 PM,DISPATCHED,6:55 PM,2/18/2013,Y,TX0431800,1820,,,,8,2,2,22,64,42,1,3,1,21,21,43,302,33.02031314,-96.61259758,FM,2551,,6.007,FM2551,240,2056,1,12.559,250,-0.023,,,,TOM CLEVENGER DR,,,,,Y,Y,N,3,5,Y,MON,2,0,1,1,0,2,2,70,24,22,4,0,0,2,1,5,2,1,5,0,0,4,16,12654,2014,12654,2.1,4.9,7,,,,,,,,,,,,,,,,,,,,,,,,,,,0,0,1,2,0,1,0,282,,,
13142603,N,N,N,N,N,N,N,2/19/2013,4:19 PM,,,27,60,N,Y,,,19,,,1,500,E,POLK,ST,N,N,35,N,N,,N,19,,,1,100,,WOOD,ST,,,,,,,11,1,0,3,1,1,1,4:20 PM,BCSO-DISPATCH,4:21 PM,2/19/2013,Y,TX0270100,187,,,,8,2,3,10,64,14,1,2,1,32,21,27,60,30.75918081,-98.22341115,SH,29,,98.689,SH0029,504,151,1,0.318,520,-0.686,,,,,,,,,Y,Y,N,3,4,Y,TUE,2,0,0,0,0,2,4,100,48,48,4,0,1,1,0,0,1,0,0,0,0,2,12,15672,2014,15672,8.3,5.3,13.6,,,,,,,,,,,,,,,,,,,,,,,,,,,0,0,1,1,0,1,0,90,,,