Crash_ID,Crash_Fatal_Fl,Cmv_Involv_Fl,Schl_Bus_Fl,Rr_Relat_Fl,Medical_Advisory_Fl,Amend_Supp_Fl,Active_School_Zone_Fl,Crash_Date,Crash_Time,Case_ID,Local_Use,Rpt_CRIS_Cnty_ID,Rpt_City_ID,Rpt_Outside_City_Limit_Fl,Thousand_Damage_Fl,Rpt_Latitude,Rpt_Longitude,Rpt_Rdwy_Sys_ID,Rpt_Hwy_Num,Rpt_Hwy_Sfx,Rpt_Road_Part_ID,Rpt_Block_Num,Rpt_Street_Pfx,Rpt_Street_Name,Rpt_Street_Sfx,Private_Dr_Fl,Toll_Road_Fl,Crash_Speed_Limit,Road_Constr_Zone_Fl,Road_Constr_Zone_Wrkr_Fl,Rpt_Street_Desc,At_Intrsct_Fl,Rpt_Sec_Rdwy_Sys_ID,Rpt_Sec_Hwy_Num,Rpt_Sec_Hwy_Sfx,Rpt_Sec_Road_Part_ID,Rpt_Sec_Block_Num,Rpt_Sec_Street_Pfx,Rpt_Sec_Street_Name,Rpt_Sec_Street_Sfx,Rpt_Ref_Mark_Offset_Amt,Rpt_Ref_Mark_Dist_Uom,Rpt_Ref_Mark_Dir,Rpt_Ref_Mark_Nbr,Rpt_Sec_Street_Desc,Rpt_CrossingNumber,Wthr_Cond_ID,Light_Cond_ID,Entr_Road_ID,Road_Type_ID,Road_Algn_ID,Surf_Cond_ID,Traffic_Cntl_ID,Investigat_Notify_Time,Investigat_Notify_Meth,Investigat_Arrv_Time,Report_Date,Investigat_Comp_Fl,ORI_Number,Investigat_Agency_ID,Investigat_Area_ID,Investigat_District_ID,Investigat_Region_ID,Bridge_Detail_ID,Harm_Evnt_ID,Intrsct_Relat_ID,FHE_Collsn_ID,Obj_Struck_ID,Othr_Factr_ID,Road_Part_Adj_ID,Road_Cls_ID,Road_Relat_ID,Phys_Featr_1_ID,Phys_Featr_2_ID,Cnty_ID,City_ID,Latitude,Longitude,Hwy_Sys,Hwy_Nbr,Hwy_Sfx,Dfo,Street_Name,Street_Nbr,Control,Section,Milepoint,Ref_Mark_Nbr,Ref_Mark_Displ,Hwy_Sys_2,Hwy_Nbr_2,Hwy_Sfx_2,Street_Name_2,Street_Nbr_2,Control_2,Section_2,Milepoint_2,Txdot_Rptable_Fl,Onsys_Fl,Rural_Fl,Crash_Sev_ID,Pop_Group_ID,Located_Fl,Day_of_Week,Hwy_Dsgn_Lane_ID,Hwy_Dsgn_Hrt_ID,Hp_Shldr_Left,Hp_Shldr_Right,Hp_Median_Width,Base_Type_ID,Nbr_Of_Lane,Row_Width_Usual,Roadbed_Width,Surf_Width,Surf_Type_ID,Curb_Type_Left_ID,Curb_Type_Right_ID,Shldr_Type_Left_ID,Shldr_Width_Left,Shldr_Use_Left_ID,Shldr_Type_Right_ID,Shldr_Width_Right,Shldr_Use_Right_ID,Median_Type_ID,Median_Width,Rural_Urban_Type_ID,Func_Sys_ID,Adt_Curnt_Amt,Adt_Curnt_Year,Adt_Adj_Curnt_Amt,Pct_Single_Trk_Adt,Pct_Combo_Trk_Adt,Trk_Aadt_Pct,Curve_Type_ID,Curve_Lngth,Cd_Degr,Delta_Left_Right_ID,Dd_Degr,Feature_Crossed,Structure_Number,I_R_Min_Vert_Clear,Approach_Width,Bridge_Median_ID,Bridge_Loading_Type_ID,Bridge_Loading_In_1000_Lbs,Bridge_Srvc_Type_On_ID,Bridge_Srvc_Type_Under_ID,Culvert_Type_ID,Roadway_Width,Deck_Width,Bridge_Dir_Of_Traffic_ID,Bridge_Rte_Struct_Func_ID,Bridge_IR_Struct_Func_ID,CrossingNumber,RRCo,Poscrossing_ID,WDCode_ID,Standstop,Yield,Incap_Injry_Cnt,Nonincap_Injry_Cnt,Poss_Injry_Cnt,Non_Injry_Cnt,Unkn_Injry_Cnt,Tot_Injry_Cnt,Death_Cnt,MPO_ID,Investigat_Service_ID,Investigat_DA_ID,Investigator_Narrative
13157160,N,N,N,N,N,N,N,2/28/2013,7:06 AM,0025071613L,,101,208,N,Y,,,1,45,,1,8700,S,GULF,FWY,N,N,60,N,N,CONCRETE,N,19,,,,8000,,BROADWAY,,,,,,,,11,1,0,,1,1,20,7:08 AM,DISPATCHED,7:22 AM,2/28/2013,Y,TXHPD0000,2469,14,113,65,8,2,4,20,64,54,1,1,1,21,21,101,208,,,IH,45,,,IH0045,,,,,,,,,,,,,,,Y,Y,N,3,9,N,THU,,,,,,,,,,,,,,,,,,,,,,,,,,,,,,,,,,,,,,,,,,,,,,,,,,,,,,,,0,0,2,2,0,2,0,,,,
13157250,N,N,N,N,N,N,N,2/28/2013,12:00 PM,0025536713I,FSGI,101,208,N,Y,,,19,,,7,3700,,KIRBY,DR,Y,N,-1,N,N,CONCRETE,N,19,,,,2600,,NORFOLK,,,,,,,,12,1,0,,7,1,1,8:30 AM,WALK -IN,8:30 AM,3/1/2013,Y,TXHPD0000,2469,18,121,35,8,4,4,5,64,3,7,9,5,33,21,101,208,,,,,,,KIRBY DR,,,,,,,,,,,,,,,N,N,N,0,9,N,THU,,,,,,,,,,,,,,,,,,,,,,,,,,,,,,,,,,,,,,,,,,,,,,,,,,,,,,,,0,0,0,0,1,0,0,,,,
13157282,N,N,N,N,N,N,N,3/1/2013,2:30 PM,13-20184,,220,156,N,Y,,,1,35,,2,3100,S,FREEWAY,,N,N,40,N,N,,N,19,,,,600,E,BERRY,ST,,,,,,,11,1,0,,2,1,1,2:31 PM,DISPATCH,2:36 PM,3/1/2013,Y,TX2201200,1318,885,11,120,8,2,3,10,64,14,2,1,1,32,21,220,156,,,IH,35,,,IH0035,,,,,,,,,,,,,,,Y,Y,N,5,9,N,FRI,,,,,,,,,,,,,,,,,,,,,,,,,,,,,,,,,,,,,,,,,,,,,,,,,,,,,,,,0,0,0,2,0,0,0,,,,
13157330,N,Y,N,N,N,N,N,3/1/2013,5:54 PM,13-20272,,220,156,N,Y,,,1,20,,2,2700,SW,LOOP 820,,N,N,45,N,N,,Y,19,,,1,5300,,MCCART,AVE,,,,,,,12,1,4,,1,1,5,6:17 PM,POLICE DISPATCH,6:25 PM,3/1/2013,Y,TX2201200,1318,885,11,120,8,2,1,28,64,54,2,1,1,21,21,220,156,,,IH,20,,,IH0020,,,,,,,,,,MCCART AVE,,,,,Y,Y,N,5,9,N,FRI,,,,,,,,,,,,,,,,,,,,,,,,,,,,,,,,,,,,,,,,,,,,,,,,,,,,,,,,0,0,0,2,0,0,0,,,,
13157427,N,Y,N,N,N,N,N,2/25/2013,3:15 PM,,,63,1628,Y,Y,33.68367,-101.03059,2,82,,1,,,NOT REPORTED,,N,N,75,N,N,,N,,,,,,,NOT REPORTED,,0.5,M,E,362,,,4,1,0,2,1,9,11,5:30 PM,TELEPHONE,5:40 PM,3/6/2013,Y,,10000,22,17,1,8,9,4,1,3,6,1,2,2,21,21,63,1628,33.68433623,-101.0010927,US,82,,138.393,US0082,,131,6,2.308,362,0.5,,,,NOT REPORTED,,,,,Y,Y,Y,5,0,Y,MON,3,0,4,10,58,2,4,225,84,50,4,0,0,2,10,5,2,20,5,3,48,1,2,1518,2014,1518,4.3,20.7,25,,,,,,,,,,,,,,,,,,,,,,,,,,,0,0,0,1,0,0,0,,,,
13157673,N,N,N,N,N,N,N,2/27/2013,2:30 PM,0024787213B,,101,208,N,Y,,,2,59,,1,5800,S,SOUTHWEST,FWY,N,N,60,N,N,SOUTHWEST FREEWAY,N,19,,,,,,CHIMEY ROCK,ST,,,,,,,11,1,0,,1,1,20,2:30 PM,DISPATCH,2:40 PM,2/27/2013,Y,TXHPD0000,2469,16,125,55,8,2,4,21,56,9,1,2,1,21,21,101,208,,,US,59,,,US0059,,,,,,,,,,,,,,,Y,Y,N,5,9,N,WED,,,,,,,,,,,,,,,,,,,,,,,,,,,,,,,,,,,,,,,,,,,,,,,,,,,,,,,,0,0,0,5,0,0,0,,,,
13157844,N,N,N,N,N,N,N,2/21/2013,6:00 PM,0022174213B,,101,208,N,Y,,,19,,,1,7800,,SHARONDALE,DR,N,N,35,N,N,,Y,19,,,1,5600,,KENILWOOD,DR,,,,,,,12,1,0,,1,1,8,6:51 PM,DISPATCHED,6:58 PM,3/3/2013,Y,TXHPD0000,2469,18,104,49,8,7,2,1,20,54,1,5,2,21,21,101,208,29.67114482,-95.3389131,,,,,SHARONDALE ST,7801,,,,,,,,,KENILWOOD DR,,,,,Y,N,N,5,9,Y,THU,,,,,,,,,,,,,,,,,,,,,,,,,,,,,,,,,,,,,,,,,,,,,,,,,,,,,,,,0,0,0,2,0,0,0,15,,,
13157858,N,N,N,N,N,N,N,3/7/2013,7:38 AM,0028238113I,,101,208,N,Y,,,1,10,,1,11200,W,KATY,FWY,N,N,60,N,N,CONCRETE,N,19,,,,,,WILCREST,BLVD,,,,,,,11,1,0,2,1,1,20,7:40 AM,DISPATCH,7:54 AM,3/7/2013,Y,TXHPD0000,2469,14,128,21,8,2,4,20,64,54,1,1,1,21,21,101,208,29.78468318,-95.58402607,IH,10,,753.995,IH0010,,271,7,14.029,755,0.445,,,,,,,,,Y,Y,N,5,9,Y,THU,5,1,10,10,40,9,6,275,112,72,5,0,0,2,20,5,2,20,5,2,20,4,11,269518,2014,269518,2.8,3.6,6.4,,,,,,,,,,,,,,,,,,,,,,,,,,,0,0,0,2,0,0,0,15,,,
13158232,N,N,N,N,N,N,N,2/21/2013,1:13 PM,13-1170,,79,413,N,Y,,,13,90,,1,,,NOT REPORTED,,N,N,50,N,N,,Y,3,6,,2,,,NOT REPORTED,,,,,,,,12,1,4,2,1,1,5,1:15 PM,POLICE DISPATCH,1:20 PM,2/21/2013,Y,TX0790500,2189,,,,8,2,1,34,64,54,2,2,1,21,21,79,413,29.61352921,-95.64923096,SH,6,,502.966,SH0006,,192,1,0.03,686,-0.977,UA,90,,UA0090,,27,8,25.944,Y,Y,N,3,7,Y,THU,5,0,8,8,26,2,8,500,128,96,4,0,0,2,16,5,2,16,5,3,10,4,14,19038,2014,19038,6.3,7.5,13.9,1,414,2,1,54,,,,,,,,,,,,,,,,,,,,,,0,0,1,1,0,1,0,15,,,
13158266,N,N,N,N,N,N,N,2/21/2013,10:04 AM,1300008490,,46,309,N,Y,,,3,46,,1,100,,STATE HWY 46 S,,N,N,35,N,N,,Y,19,,,1,1200,E,COMMON,ST,,,,,,,11,1,4,3,1,1,21,10:04 AM,DISPATCHED,10:07 AM,2/21/2013,Y,TX0460100,1841,,73,93,8,2,2,22,64,38,1,2,1,21,21,46,309,29.72001119,-98.10401394,SH,46,,54.64,SH0046,,216,1,16.756,524,0.763,,,,E COMMON ST,,,,,Y,Y,N,5,7,Y,THU,2,0,10,10,0,2,4,210,82,62,4,0,0,2,10,5,2,10,5,0,0,4,14,17908,2014,17908,2.5,1.5,4,,,,,,,,,,,,,,,,,,,,,,,,,,,0,0,0,4,0,0,0,28,,,
13158316,N,N,N,N,N,Y,N,1/30/2013,8:29 PM,13-00012,,161,284,N,Y,,,19,,,1,200,S,MAIN,ST,N,N,30,N,N,,N,19,,,1,300,W,3RD,ST,,,,,,,11,4,2,3,1,1,1,8:29 PM,RADIO,8:35 PM,2/28/2013,Y,TX1550700,1758,,,12,8,4,4,1,64,54,1,2,1,21,21,161,284,31.43949648,-97.406107,SH,317,,15.697,SH0317,,398,3,15.314,362,-0.735,,,,,,,,,Y,Y,N,3,4,Y,WED,2,0,8,8,0,2,4,80,64,48,2,1,1,2,8,2,2,8,2,0,0,1,6,8928,2014,8928,3.5,8,11.4,,,,,,,,,,,,,,,,,,,,,,,,,,,0,0,2,0,0,2,0,140,,,
13158397,N,N,N,N,N,N,N,2/23/2013,2:07 AM,130010413,,220,19,N,Y,,,4,157,,1,1600,N,COLLINS,ST,N,N,40,N,N,,Y,1,30,,2,900,W,NOT REPORTED,,,,,,FRONTAGE ROAD-WB,,11,4,2,2,1,1,5,2:07 AM,ON VIEW,2:07 AM,2/23/2013,Y,TX2200100,59,,8,58,8,2,1,10,64,54,2,1,1,21,21,220,19,32.75973892,-97.09715271,IH,30,,28.203,IH0030,,1068,2,27.328,28,0.194,FM,157,,FM0157,,747,3,12.22,Y,Y,N,5,9,Y,SAT,5,0,11,10,0,3,9,240,150,110,6,0,0,2,20,5,2,20,5,2,20,4,11,136119,2014,136119,1.6,7.8,9.4,,,,,,,,,,,,,,,,,,,,,,,,,,,0,0,0,2,0,0,0,282,,,
13158400,N,N,N,N,N,N,N,2/23/2013,4:39 PM,130010521,,220,19,N,N,,,19,,,1,2400,,PARK VILLAGE,DR,N,N,0,N,N,,Y,19,,,1,2400,,CARTER,DR,,,,,,,11,1,2,,1,1,1,4:39 PM,DISPATCHED,4:42 PM,2/23/2013,Y,TX2200100,59,,8,206,8,1,1,3,64,54,1,5,1,21,21,220,19,32.70399428,-97.06777251,,,,,PARK VILLAGE DR,2401,,,,,,,,,CARTER DR,,,,,Y,N,N,3,9,Y,SAT,,,,,,,,,,,,,,,,,,,,,,,,,,,,,,,,,,,,,,,,,,,,,,,,,,,,,,,,0,0,1,1,0,1,0,282,,,
13158416,N,N,N,N,N,N,N,2/13/2013,5:51 AM,130008177,,220,19,N,Y,,,19,,,1,2300,S,COLLINS,ST,N,N,40,N,N,,Y,19,,,1,900,E,ARKANSAS,LN,,,,,,,2,4,4,3,1,2,5,5:51 AM,DISPATCH,5:54 AM,2/13/2013,Y,TX2200100,59,,8,134,8,2,1,10,64,54,1,3,1,21,21,220,19,32.70646614,-97.11742844,FM,157,,12.293,FM0157,,747,4,16.939,274,0.191,,,,W ARKANSAS LN,,,,,Y,Y,N,2,9,Y,WED,2,0,0,0,0,3,7,100,84,84,5,1,1,1,0,0,1,0,0,0,0,4,14,38123,2014,38123,2.3,0.6,2.9,,,,,,,,,,,,,,,,,,,,,,,,,,,0,2,0,0,0,2,0,282,,,
13158544,N,N,N,N,N,N,N,2/21/2013,11:53 PM,130024580,0,101,208,N,N,,,19,,,7,8200,,FANNIN,,Y,N,0,N,N,,N,19,,,,,,HOLLY HALL,,,,,,,,11,4,98,,1,1,1,12:10 AM,DISPATCHED,12:15 AM,2/22/2013,Y,TX1010000,1419,347,33,5,8,4,4,4,64,12,7,9,5,33,21,101,208,,,,,,,FANNIN,,,,,,,,,,,,,,,N,N,N,5,9,N,THU,,,,,,,,,,,,,,,,,,,,,,,,,,,,,,,,,,,,,,,,,,,,,,,,,,,,,,,,0,0,0,4,0,0,0,,,,
13158623,N,N,N,N,N,N,N,3/3/2013,8:04 PM,2013002658,,125,6,N,N,,,19,,,1,1400,,RODOLFO,ST,N,N,25,N,N,,N,19,,,1,900,,ZENON,ST,,,,,,,11,4,98,,1,1,9,8:09 PM,DISPATCHED,8:12 PM,3/3/2013,Y,TX1250100,20,,,,8,4,4,4,64,54,1,5,1,21,21,125,6,27.73648377,-98.06698444,,,,,RODOLFO ST,1459,,,,,,,,,,,,,,N,N,N,5,5,Y,SUN,,,,,,,,,,,,,,,,,,,,,,,,,,,,,,,,,,,,,,,,,,,,,,,,,,,,,,,,0,0,0,1,0,0,0,,,,
13158653,N,N,N,N,N,N,N,2/26/2013,10:03 AM,13-05897,,126,78,N,Y,,,3,164,,1,2100,N,MAIN,ST,N,N,55,N,N,,N,19,,,1,,,CENTURY,DR,,,,,,,11,1,0,3,1,1,20,10:04 AM,DISPATCH,10:20 AM,2/26/2013,Y,TX1260300,284,,,35,8,2,2,36,64,54,1,2,1,21,21,126,78,32.33753007,-97.38392342,SH,171,,40.016,SH0171,,19,2,1.01,310,-0.085,,,,COUNTRY CLUB RD,,,,,Y,Y,N,5,6,Y,TUE,2,0,10,10,0,2,4,155,68,48,4,1,1,2,10,2,2,10,2,0,0,2,14,13654,2014,13654,2.1,14.7,16.8,,,,,,,,,,,,,,,,,,,,,,,,,,,0,0,0,5,0,0,0,282,,,
13158736,N,N,N,N,N,N,N,2/20/2013,10:30 PM,13000330,,14,424,N,Y,,,3,36,,1,10000,,AIRPORT,RD,N,N,65,N,N,,N,19,,,1,10000,,MOFFAT,RD,,,,,,,2,3,0,1,1,2,11,7:35 AM,DISPATCHED,7:37 AM,2/21/2013,Y,TX0140700,2221,,,226,8,7,4,1,23,29,1,2,2,21,21,14,424,31.17608388,-97.43264686,SH,36,,173.117,SH0036,10355,184,2,8.356,,,,,,,,,,,Y,Y,N,5,7,Y,WED,2,0,7,7,0,2,2,100,36,22,4,0,0,2,7,5,2,7,5,0,0,1,2,11313,2014,11313,2.2,9.3,11.6,,,,,,,,,,,,,,,,,,,,,,,,,,,0,0,0,1,0,0,0,277,,,
13158801,N,N,N,N,N,N,N,2/21/2013,8:00 AM,13-005796,,240,254,N,Y,,,19,,,1,1900,,MARYLAND,AVE,N,N,30,N,N,,Y,19,,,1,500,E,LANE,ST,,,,,,,12,1,4,,1,1,8,8:17 AM,RADIO DISPATCHED,8:17 AM,2/21/2013,Y,TX2400100,1644,,,33,8,2,1,10,64,54,1,5,1,21,21,240,254,27.51299538,-99.49177214,,,,,MARYLAND AVE,1901,,,,,,,,,E LANE ST,,,,,Y,N,N,5,8,Y,THU,,,,,,,,,,,,,,,,,,,,,,,,,,,,,,,,,,,,,,,,,,,,,,,,,,,,,,,,0,0,0,2,0,0,0,205,,,
13158891,N,N,N,N,N,N,N,2/18/2013,3:42 AM,13-005444,,240,254,N,Y,,,19,,,1,3000,,WASHINGTON,ST,N,N,20,N,N,,N,19,,,1,1500,,SAN IGNACIO,AVE,,,,,50 FEET WEST,,11,4,2,,1,1,20,3:50 AM,DISPATCH MCT,3:51 AM,2/18/2013,N,TX2400100,1644,,,59,8,7,4,1,23,3,1,5,2,21,21,240,254,27.50890539,-99.51830667,,,,,WASHINGTON ST,,,,,,,,,,,,,,,Y,N,N,0,8,Y,MON,,,,,,,,,,,,,,,,,,,,,,,,,,,,,,,,,,,,,,,,,,,,,,,,,,,,,,,,0,0,0,0,1,0,0,205,,,
13159174,N,N,N,N,N,N,N,2/25/2013,9:05 PM,2013-004715,,123,30,N,Y,,,19,,,1,2745,,GOLIAD,,N,N,30,N,N,,N,19,,,1,2600,,PRAIRIE,,,,,,,,11,3,4,,1,1,8,9:06 PM,DISPATCH,9:10 PM,2/26/2013,N,TX1230100,104,,,,8,7,2,3,62,54,1,5,2,21,21,123,30,30.05884989,-94.11330176,,,,,GOLIAD ST,2806,,,,,,,,,PRAIRIE AVE,,,,,Y,N,N,0,8,Y,MON,,,,,,,,,,,,,,,,,,,,,,,,,,,,,,,,,,,,,,,,,,,,,,,,,,,,,,,,0,0,0,0,1,0,0,135,,,
13159253,N,N,N,N,N,N,N,2/21/2013,6:49 AM,13-052032,,71,136,N,Y,,,1,375,,1,375,,LOOP 375,HWY,N,N,0,Y,N,,N,19,,,1,,,ZARAGOZA,,,,,,,,11,1,0,2,3,1,1,6:49 AM,DISPATCH,6:57 AM,2/21/2013,Y,TX0710200,1259,,,185,8,2,4,22,64,49,1,2,1,21,21,71,136,31.76214643,-106.2677845,SL,375,,28.385,SL0375,,2552,3,7.9,40,0.043,,,,,,,,,Y,Y,N,5,9,Y,THU,5,0,22,10,34,8,4,400,112,48,5,1,1,2,32,5,2,32,5,2,2,4,12,67767,2014,67767,3.8,2.1,5.9,,,,,,,,,,,,,,,,,,,,,,,,,,,0,0,0,3,0,0,0,66,,,
13159449,N,N,N,N,N,N,N,2/19/2013,5:53 PM,13-00919,,101,111,N,Y,,,3,225,,2,6600,,NOT REPORTED,,N,N,50,N,N,,N,19,,,1,700,,EAST,BLVD,,,,,,,11,1,0,2,2,1,1,5:53 PM,DISPATCH,6:07 PM,2/19/2013,Y,TX1010400,1190,,,,8,2,2,22,64,38,2,2,1,21,21,101,111,29.70744095,-95.10271704,SH,225,,10.855,SH0225,,502,1,10.17,696,0.822,,,,EAST BLVD,,,,,Y,Y,N,5,6,Y,TUE,5,0,12,8,26,3,8,300,136,96,5,0,0,2,20,5,2,20,5,2,6,4,12,74794,2014,74794,5.1,7.4,12.4,,,,,,,,,,,,,,,,,,,,,,,,,,,0,0,0,7,0,0,0,15,,,
13159475,Y,Y,N,N,N,N,N,2/25/2013,10:14 AM,,,187,1752,Y,Y,30.71905,-94.70558,2,190,,1,,,NOT REPORTED,,N,N,70,N,N,,N,15,,,,,,ALEC,RD,,,,,,,12,1,0,1,6,1,11,10:26 AM,DISPATCH,10:28 AM,3/5/2013,N,,10000,1,58,1,8,2,3,14,64,14,1,2,1,32,21,187,1752,30.719034,-94.7053278,US,190,,512.56,US0190,,213,5,26.793,800,0.714,,,,,,,,,Y,Y,Y,4,0,Y,MON,2,0,4,3,0,2,2,200,44,37,4,0,0,2,4,5,2,3,5,0,0,1,2,4162,2014,4162,10,3.9,13.9,,,,,,,,,,,,,,,,,,,,,,,,,,,0,0,1,1,0,1,1,,,,
13159505,N,N,N,N,N,N,N,3/2/2013,5:01 AM,,,170,1735,Y,Y,30.15533,-95.22409,4,1485,,1,,,NOT REPORTED,,N,N,40,N,N,,N,15,,,,,,VICK,DR,,,,,,,11,4,0,1,2,1,11,5:20 AM,DISPATCHED,5:27 AM,3/3/2013,Y,,10000,46,52,1,8,2,4,30,64,3,1,3,1,21,21,170,1735,30.15549334,-95.22424338,FM,1485,,16.639,FM1485,20159,1062,3,26.619,692,0.756,,,,,,,,,Y,Y,Y,1,0,Y,SAT,2,0,6,6,0,3,2,100,50,24,4,0,0,2,6,5,2,6,5,0,0,4,17,20896,2014,20896,6.8,2.3,9.1,1,246,4,1,51,,,,,,,,,,,,,,,,,,,,,,2,0,0,0,0,2,0,15,,,
13159541,N,N,N,N,N,N,N,2/20/2013,3:01 PM,,,109,1674,Y,Y,31.78737,-97.1931,15,,,1,,W,COUNTY LINE,RD,N,N,35,N,N,,N,4,2114,,,,,NOT REPORTED,,,,,,,,12,1,2,,4,1,8,3:06 PM,DISPATCHED,3:20 PM,2/22/2013,Y,TXDPS6400,10000,22,119,1,8,2,2,22,64,38,1,3,1,21,21,109,1674,31.78736528,-97.19308428,,,,,COUNTY LINE RD W,331,,,,,,,,,UNKNOWN,,,,,Y,N,Y,3,0,Y,WED,,,,,,,,,,,,,,,,,,,,,,,,,,,,,,,,,,,,,,,,,,,,,,,,,,,,,,,,0,0,1,1,0,1,0,140,,,
13159709,N,Y,N,N,N,N,N,2/28/2013,1:37 PM,,,161,1726,Y,Y,31.42412999,-97.19284999,1,35,,1,,,NOT REPORTED,,N,N,70,Y,Y,,N,,,,,,,NOT REPORTED,,0.2,M,N,325,,,11,1,0,2,1,1,11,1:39 PM,DISPATCH,1:42 PM,3/4/2013,Y,,10000,22,119,1,8,2,4,20,64,49,1,1,1,21,21,161,198,31.42304862,-97.19366919,IH,35,,324.733,IH0035,,15,1,5.421,325,0.2,,,,NOT REPORTED,,,,,Y,Y,N,5,5,Y,THU,5,0,6,10,40,2,4,274,80,48,4,0,0,2,12,5,2,20,5,3,28,3,11,53948,2014,53948,4.1,19,23,,,,,,,,,,,,,,,,,,,,,,,,,,,0,0,0,6,0,0,0,140,,,
13160220,N,N,N,N,Y,N,N,3/7/2013,11:40 AM,SAPD13049437,6160,15,379,N,Y,,,19,,,1,1200,,CLOVIS,,N,N,30,N,N,,N,19,,,,600,,LOGWOOD,,,,,,,,12,1,0,,1,1,1,11:46 AM,DISPATCHED,11:50 AM,3/7/2013,Y,TXSPD0000,2473,,11,175,8,4,4,1,64,3,1,5,1,21,21,15,379,29.35062224,-98.52359404,,,,,CLOVIS DR,1227,,,,,,,,,,,,,,Y,N,N,3,9,Y,THU,,,,,,,,,,,,,,,,,,,,,,,,,,,,,,,,,,,,,,,,,,,,,,,,,,,,,,,,0,0,1,0,0,1,0,28,,,
13160318,N,N,N,N,N,N,N,3/8/2013,4:10 PM,0028905313Y,,101,208,N,Y,,,19,,,1,11000,,FUQUA,ST,N,N,35,N,N,,N,19,,,,10900,,SABO,RD,,,,,,,11,1,0,,1,1,20,4:21 PM,DISPATCHED,4:21 PM,3/9/2013,Y,TXHPD0000,2469,24,104,17,8,2,3,34,29,13,1,5,1,32,21,101,208,29.61263654,-95.22195435,,,,,FUQUA ST,,,,,,,,,,,,,,,Y,N,N,3,9,Y,FRI,,,,,,,,,,,,,,,,,,,,,,,,,,,,,,,,,,,,,,,,,,,,,,,,,,,,,,,,0,0,1,5,0,1,0,15,,,
13160501,N,N,N,N,N,N,N,3/4/2013,10:45 PM,0027222813V,,101,208,N,N,,,19,,,1,9900,,BISSONNET,ST,N,N,35,N,N,CONCRETE STREET,Y,19,,,1,9800,,WOODFAIR,DR,,,,,,,11,4,0,,1,1,20,10:54 PM,DISPATCH,10:57 PM,3/7/2013,Y,TXHPD0000,2469,14,128,39,8,1,1,1,64,54,1,5,1,21,21,101,208,29.67502482,-95.55365304,,,,,BISSONNET ST,10001,,,,,,,,,WOODFAIR DR,,,,,Y,N,N,3,9,Y,MON,,,,,,,,,,,,,,,,,,,,,,,,,,,,,,,,,,,,,,,,,,,,,,,,,,,,,,,,0,0,1,1,0,1,0,15,,,
13160523,N,N,N,N,N,N,N,3/6/2013,7:00 PM,0027993413F,FSGI,101,208,N,Y,,,19,,,7,12519,,FIELDWORTH,DR,N,N,30,N,N,PRIVATE DRIVEWAY,N,19,,,,,,SUNNY,DR,,,,,,,11,1,98,,1,1,1,7:34 PM,DISPATCHED,7:52 PM,3/6/2013,Y,TXHPD0000,2469,16,152,59,8,7,4,1,31,54,1,5,2,21,21,101,208,29.88114219,-95.37557346,,,,,FIELDWORTH DR,12504,,,,,,,,,,,,,,Y,N,N,0,9,Y,WED,,,,,,,,,,,,,,,,,,,,,,,,,,,,,,,,,,,,,,,,,,,,,,,,,,,,,,,,0,0,0,0,1,0,0,15,,,
13160621,N,N,N,N,N,N,N,3/9/2013,2:20 PM,,,108,1673,Y,Y,26.27797,-98.04578,19,,,1,,,SUNFLOWER,RD,N,N,30,N,N,,N,3,107,,,,,NOT REPORTED,,,,,,,,11,1,0,,4,10,1,2:21 PM,DPS WESLACO COMM.,2:30 PM,3/9/2013,Y,,10000,22,127,1,8,10,4,1,1,54,1,2,2,21,21,108,1673,26.27797223,-98.04579582,,,,,S SUNFLOWER RD,874,,,,,,,,,,,,,,Y,N,Y,2,0,Y,SAT,,,,,,,,,,,,,,,,,,,,,,,,,,,,,,,,,,,,,,,,,,,,,,,,,,,,,,,,0,1,0,0,0,1,0,230,,,
13160742,N,N,N,N,N,N,N,3/6/2013,11:45 AM,108899,,244,1809,Y,Y,33.94727,-98.99705,4,2326,,1,,,NOT REPORTED,,N,N,60,N,N,,N,,,,,,,NOT REPORTED,,0.3,M,N,458,,,12,1,0,1,2,1,12,12:44 PM,CHILDRESS DPS COMMUN,1:34 PM,3/7/2013,Y,,10000,7,17,1,8,7,4,1,32,3,1,3,2,21,21,244,1809,33.94795434,-98.997786,FM,2326,,1.669,FM2326,,2215,1,11.697,458,-0.3,,,,NOT REPORTED,,,,,Y,Y,Y,5,0,Y,WED,2,0,0,0,0,2,2,100,20,20,4,0,0,1,0,0,1,0,0,0,0,1,8,58,2014,58,18.5,4.5,22.9,,,,,,,,,,,,,,,,,,,,,,,,,,,0,0,0,1,0,0,0,,,,
13161072,N,N,N,N,N,N,N,3/9/2013,3:45 PM,13031801,,170,92,N,Y,,,3,75,,1,420,N,FRAZIER,ST,N,N,35,N,N,,N,3,105,,,500,W,DAVIS,ST,,,,,,,11,1,0,3,1,1,1,3:49 PM,DISPATCH,3:51 PM,3/9/2013,Y,TX1700100,325,,,122,8,2,3,34,64,13,1,2,1,32,21,170,92,30.31258178,-95.46190391,SH,75,,131.92,SH0075,,110,4,15.036,460,0.306,,,,,,,,,Y,Y,N,3,7,Y,SAT,2,0,0,0,0,2,4,70,52,52,4,1,1,1,0,0,1,0,0,0,0,4,14,12362,2014,12362,7.7,2.9,10.6,,,,,,,,,,,,,,,,,,,,,,,,,,,0,0,1,2,0,1,0,15,,,