Crash_ID,Crash_Fatal_Fl,Cmv_Involv_Fl,Schl_Bus_Fl,Rr_Relat_Fl,Medical_Advisory_Fl,Amend_Supp_Fl,Active_School_Zone_Fl,Crash_Date,Crash_Time,Case_ID,Local_Use,Rpt_CRIS_Cnty_ID,Rpt_City_ID,Rpt_Outside_City_Limit_Fl,Thousand_Damage_Fl,Rpt_Latitude,Rpt_Longitude,Rpt_Rdwy_Sys_ID,Rpt_Hwy_Num,Rpt_Hwy_Sfx,Rpt_Road_Part_ID,Rpt_Block_Num,Rpt_Street_Pfx,Rpt_Street_Name,Rpt_Street_Sfx,Private_Dr_Fl,Toll_Road_Fl,Crash_Speed_Limit,Road_Constr_Zone_Fl,Road_Constr_Zone_Wrkr_Fl,Rpt_Street_Desc,At_Intrsct_Fl,Rpt_Sec_Rdwy_Sys_ID,Rpt_Sec_Hwy_Num,Rpt_Sec_Hwy_Sfx,Rpt_Sec_Road_Part_ID,Rpt_Sec_Block_Num,Rpt_Sec_Street_Pfx,Rpt_Sec_Street_Name,Rpt_Sec_Street_Sfx,Rpt_Ref_Mark_Offset_Amt,Rpt_Ref_Mark_Dist_Uom,Rpt_Ref_Mark_Dir,Rpt_Ref_Mark_Nbr,Rpt_Sec_Street_Desc,Rpt_CrossingNumber,Wthr_Cond_ID,Light_Cond_ID,Entr_Road_ID,Road_Type_ID,Road_Algn_ID,Surf_Cond_ID,Traffic_Cntl_ID,Investigat_Notify_Time,Investigat_Notify_Meth,Investigat_Arrv_Time,Report_Date,Investigat_Comp_Fl,ORI_Number,Investigat_Agency_ID,Investigat_Area_ID,Investigat_District_ID,Investigat_Region_ID,Bridge_Detail_ID,Harm_Evnt_ID,Intrsct_Relat_ID,FHE_Collsn_ID,Obj_Struck_ID,Othr_Factr_ID,Road_Part_Adj_ID,Road_Cls_ID,Road_Relat_ID,Phys_Featr_1_ID,Phys_Featr_2_ID,Cnty_ID,City_ID,Latitude,Longitude,Hwy_Sys,Hwy_Nbr,Hwy_Sfx,Dfo,Street_Name,Street_Nbr,Control,Section,Milepoint,Ref_Mark_Nbr,Ref_Mark_Displ,Hwy_Sys_2,Hwy_Nbr_2,Hwy_Sfx_2,Street_Name_2,Street_Nbr_2,Control_2,Section_2,Milepoint_2,Txdot_Rptable_Fl,Onsys_Fl,Rural_Fl,Crash_Sev_ID,Pop_Group_ID,Located_Fl,Day_of_Week,Hwy_Dsgn_Lane_ID,Hwy_Dsgn_Hrt_ID,Hp_Shldr_Left,Hp_Shldr_Right,Hp_Median_Width,Base_Type_ID,Nbr_Of_Lane,Row_Width_Usual,Roadbed_Width,Surf_Width,Surf_Type_ID,Curb_Type_Left_ID,Curb_Type_Right_ID,Shldr_Type_Left_ID,Shldr_Width_Left,Shldr_Use_Left_ID,Shldr_Type_Right_ID,Shldr_Width_Right,Shldr_Use_Right_ID,Median_Type_ID,Median_Width,Rural_Urban_Type_ID,Func_Sys_ID,Adt_Curnt_Amt,Adt_Curnt_Year,Adt_Adj_Curnt_Amt,Pct_Single_Trk_Adt,Pct_Combo_Trk_Adt,Trk_Aadt_Pct,Curve_Type_ID,Curve_Lngth,Cd_Degr,Delta_Left_Right_ID,Dd_Degr,Feature_Crossed,Structure_Number,I_R_Min_Vert_Clear,Approach_Width,Bridge_Median_ID,Bridge_Loading_Type_ID,Bridge_Loading_In_1000_Lbs,Bridge_Srvc_Type_On_ID,Bridge_Srvc_Type_Under_ID,Culvert_Type_ID,Roadway_Width,Deck_Width,Bridge_Dir_Of_Traffic_ID,Bridge_Rte_Struct_Func_ID,Bridge_IR_Struct_Func_ID,CrossingNumber,RRCo,Poscrossing_ID,WDCode_ID,Standstop,Yield,Incap_Injry_Cnt,Nonincap_Injry_Cnt,Poss_Injry_Cnt,Non_Injry_Cnt,Unkn_Injry_Cnt,Tot_Injry_Cnt,Death_Cnt,MPO_ID,Investigat_Service_ID,Investigat_DA_ID,Investigator_Narrative
13161300,N,N,N,N,N,N,N,3/10/2013,9:00 AM,0029716713A,,101,208,N,Y,,,2,59,,1,4100,S,SOUTHWEST,FWY,N,N,60,N,N,CONCRETE,N,19,,,,,,WESLAYAN,,,,,,,,2,1,0,,1,2,20,9:03 AM,DROVE UPON,9:10 AM,3/10/2013,Y,TXHPD0000,2469,14,121,35,8,2,4,21,64,1,1,2,1,21,21,101,208,,,US,59,,,US0059,,,,,,,,,,,,,,,Y,Y,N,5,9,N,SUN,,,,,,,,,,,,,,,,,,,,,,,,,,,,,,,,,,,,,,,,,,,,,,,,,,,,,,,,0,0,0,4,0,0,0,,,,
13161434,N,N,N,N,N,N,N,2/24/2013,5:25 AM,13-0504709,,191,12,N,N,,,19,,,1,2445,SW,34TH,AVE,N,N,30,N,N,,N,19,,,1,3400,,WIMBERLY,RD,,,,,,,8,4,0,,1,1,1,5:17 AM,DISPATCH,5:25 AM,2/24/2013,N,TX1880100,33,,,114,8,7,4,1,36,54,1,5,2,21,21,191,12,35.17837406,-101.8641973,,,,,SW 34TH AVE,2401,,,,,,,,,,,,,,N,N,N,0,8,Y,SUN,,,,,,,,,,,,,,,,,,,,,,,,,,,,,,,,,,,,,,,,,,,,,,,,,,,,,,,,0,0,0,0,1,0,0,120,,,
13161543,N,N,N,N,N,N,N,2/26/2013,2:43 PM,13-006475,,240,254,N,Y,,,19,,,1,4800,,SANTA URSULA,,N,N,30,N,N,,Y,19,,,1,700,W,CALTON,RD,,,,,,,11,1,4,2,1,1,21,2:44 PM,MCT DISPATCH,2:46 PM,2/26/2013,Y,TX2400100,1644,,,338,8,2,1,10,64,3,1,1,1,21,21,240,254,27.5443044,-99.5030301,IH,35,,2.716,IH0035,,18,6,3.573,3,0.008,,,,W CALTON RD,,,,,Y,Y,N,3,8,Y,TUE,5,0,9,10,20,2,6,300,112,72,4,0,0,2,18,5,2,20,5,2,2,4,11,60040,2014,60040,3.4,2.4,5.9,,,,,,,,,,,,,,,,,,,,,,,,,,,0,0,1,1,0,1,0,205,,,
13161570,N,N,N,N,N,N,N,2/27/2013,5:18 PM,13-006620,,240,254,N,Y,,,19,,,1,200,,CALLE DEL NORTE,,N,N,30,N,N,,N,19,,,1,6600,,SPRINGFIELD,,,,,,,,11,1,4,,1,1,20,5:30 PM,DISPATCH,5:39 PM,2/27/2013,Y,TX2400100,1644,,,,8,2,4,34,64,54,1,5,1,21,21,240,254,27.55588183,-99.49138035,,,,,CALLE DEL NORTE,282,,,,,,,,,,,,,,Y,N,N,3,8,Y,WED,,,,,,,,,,,,,,,,,,,,,,,,,,,,,,,,,,,,,,,,,,,,,,,,,,,,,,,,0,0,1,1,0,1,0,205,,,
13161608,N,N,N,N,N,N,N,1/10/2013,7:53 AM,TX3O680NFWA8,,108,1673,Y,N,26.21403,-97.95982,4,1015,,1,,,NOT REPORTED,,N,N,55,N,N,FM-1015,Y,15,,,,,,MILE 11 NORTH,,,,,,,,11,1,4,3,1,1,5,7:57 AM,DPS COMMUNICATION,8:15 AM,1/14/2013,Y,,10000,12,127,1,8,2,1,23,64,54,1,3,1,21,21,108,1673,26.21400595,-97.95945982,FM,1015,,19.501,FM1015,,1228,3,5.501,722,0.266,IH,2,,IH0002,,,,,N,Y,Y,5,0,Y,THU,2,0,8,8,0,2,4,120,84,62,4,2,2,2,8,5,2,8,5,0,0,4,16,5163,2014,5163,2.4,4.5,6.9,,,,,,,,,,,,,,,,,,,,,,,,,,,0,0,0,6,0,0,0,230,,,
13161798,N,N,N,N,N,N,N,1/2/2013,6:45 AM,TX3NY80NHPKZ,,245,1810,Y,Y,26.48255,-97.70856,3,186,,1,,,NOT REPORTED,,N,N,70,N,N,SH-0186,N,4,2099,,,,,NOT REPORTED,,,,,,FM-2099,,2,1,2,1,1,2,11,7:25 AM,WESLACO COMM.,7:54 AM,1/3/2013,Y,,10000,15,127,1,8,2,2,14,64,54,1,2,1,21,21,245,1810,26.48258104,-97.7085072,SH,186,,27.317,SH0186,18787,433,4,17.921,546,0.038,FM,2099,,FM2099,,,,,Y,Y,Y,1,0,Y,WED,2,0,8,8,0,9,2,100,40,24,6,0,0,2,8,5,2,8,5,0,0,1,7,1496,2014,1496,8.4,14.3,22.7,,,,,,,,,,,,,,,,,,,,,,,,,,,1,1,0,0,0,2,0,,,,
13161804,N,N,N,N,N,N,N,2/26/2013,1:35 PM,13-057164,,71,136,N,Y,,,19,,,1,,,AIRWAY BLVD NB,,N,N,0,N,N,ROADWAY,Y,19,,,1,,,VISCOUNT BLVD EB,,,,,,ROADWAY,,11,1,2,,8,0,5,2:19 PM,PHONE,2:19 PM,2/26/2013,Y,TX0710200,1259,,,101,8,2,4,21,64,54,1,5,1,21,21,71,136,,,,,,,AIRWAY BLVD NB,,,,,,,,,,,,,,,Y,N,N,5,9,N,TUE,,,,,,,,,,,,,,,,,,,,,,,,,,,,,,,,,,,,,,,,,,,,,,,,,,,,,,,,0,0,0,2,0,0,0,,,,
13162166,N,N,N,N,N,N,N,3/1/2013,9:16 PM,13-7215,,152,270,N,Y,,,19,,,1,3300,,82ND ST,ST,N,N,45,N,N,,N,19,,,1,8100,,INDIANA,AVE,,,,,,,11,4,0,,1,1,20,9:20 PM,POLICE RADIO,9:23 PM,3/1/2013,Y,TX1520200,1706,,,,8,2,4,20,64,54,1,5,1,21,21,152,270,33.51976952,-101.8870637,,,,,82ND ST,3359,,,,,,,,,,,,,,Y,N,N,3,8,Y,FRI,,,,,,,,,,,,,,,,,,,,,,,,,,,,,,,,,,,,,,,,,,,,,,,,,,,,,,,,0,0,3,1,0,3,0,122,,,
13162359,N,N,N,N,N,N,N,2/9/2013,5:11 PM,130018801,1,101,1666,Y,Y,,,19,,,1,27500,,CYPRESSWOOD,DR,N,N,35,N,N,,Y,19,,,1,25000,,ALDINE WESTFIELD,DR,,,,,,,12,5,0,,1,1,5,5:13 PM,DISPATCHED,5:13 PM,2/9/2013,Y,TX1014900,2744,89,5,6,8,2,2,21,64,7,1,4,1,21,21,101,1666,30.06623474,-95.40539307,,,,,CYPRESSWOOD DR,,,,,,,,,,ALDINE WESTFIELD RD,,,,,Y,N,Y,5,0,Y,SAT,,,,,,,,,,,,,,,,,,,,,,,,,,,,,,,,,,,,,,,,,,,,,,,,,,,,,,,,0,0,0,7,0,0,0,15,,,
13162420,N,N,N,N,N,N,N,2/21/2013,8:35 AM,13-585265,,101,208,N,Y,,,19,,,1,4100,,NORTH MACGREGOR,WAY,N,N,0,N,N,,Y,19,,,1,4900,,CULLEN,BLVD,,,,,,,2,1,2,,1,2,1,8:35 AM,UHDPS DISPATCHER,8:36 AM,2/21/2013,Y,TX1013200,2319,78,12,16,8,2,1,20,64,54,1,5,1,21,21,101,208,29.7109348,-95.3502631,,,,,N MACGREGOR WAY,,,,,,,,,,CULLEN BLVD,,,,,Y,N,N,5,9,Y,THU,,,,,,,,,,,,,,,,,,,,,,,,,,,,,,,,,,,,,,,,,,,,,,,,,,,,,,,,0,0,0,2,0,0,0,15,,,
13162529,N,N,N,N,N,N,N,3/3/2013,3:27 PM,2013A000547,29B,57,166,N,Y,32.91007,-96.59877,19,,,1,3100,E,CENTERVILLE,RD,N,N,40,N,N,,Y,3,66,,1,1900,,SH66,HWY,,,,,,,11,1,6,2,2,1,5,3:28 PM,DISPATCHED,3:35 PM,3/3/2013,Y,TX0571100,1344,,,139,8,2,1,10,64,54,1,2,1,21,21,57,166,32.91013369,-96.59885126,SH,66,,1.94,SH0066,1996,9,3,32.295,598,-0.051,,,,E CENTERVILLE RD,,,,,Y,Y,N,3,8,Y,SUN,3,0,2,2,19,8,6,120,80,72,5,1,2,2,4,5,2,4,5,1,15,4,14,20932,2014,20932,8.1,9.1,17.2,,,,,,,,,,,,,,,,,,,,,,,,,,,0,0,1,1,0,1,0,282,,,
13162551,N,N,N,N,N,N,N,3/1/2013,1:44 PM,130302514,PL,92,235,N,Y,,,8,259,,1,1212,,NOT REPORTED,,Y,N,5,N,N,,N,19,,,1,1200,N,KILGORE,ST,,,,,,,11,1,0,,7,1,1,1:47 PM,DISPATCHED,1:51 PM,3/1/2013,Y,TX0920400,1585,,,139,8,2,4,10,64,54,7,9,5,33,21,92,235,,,,,,,BU0259,,,,,,,,,,,,,,,N,Y,N,5,5,N,FRI,,,,,,,,,,,,,,,,,,,,,,,,,,,,,,,,,,,,,,,,,,,,,,,,,,,,,,,,0,0,0,2,0,0,0,,,,
13162552,N,N,N,N,N,N,N,2/28/2013,7:45 AM,130202463,,92,235,N,Y,,,19,,,1,100,,PEAVINE,RD,N,N,45,N,N,,N,3,135,,1,4000,,SH 135,,,,,,,,11,1,0,,1,1,1,7:48 AM,DISPATCHED,8:00 AM,2/28/2013,Y,TX0920400,1585,,,85,8,2,3,10,64,14,1,2,1,32,21,92,1657,32.42004362,-94.9184555,,,,,PEAVINE RD,242,,,,,,,,,,,,,,Y,N,Y,5,0,Y,THU,,,,,,,,,,,,,,,,,,,,,,,,,,,,,,,,,,,,,,,,,,,,,,,,,,,,,,,,0,0,0,3,0,0,0,,,,
13162606,N,N,N,N,N,N,N,2/18/2013,9:45 PM,2013-006709,,220,31,N,Y,,,3,183,,1,2200,,NOT REPORTED,,N,N,50,Y,Y,,N,19,,,,1900,,MARRIOT,DR,,,,,,,11,3,0,2,2,1,20,9:45 PM,DISPATCHED,9:47 PM,2/18/2013,Y,TX2200300,105,,,,8,2,4,22,64,49,1,2,1,21,21,220,31,32.836949,-97.13035749,SH,121,,84.601,SH0121,,364,1,15.498,292,0.207,,,,,,,,,Y,Y,N,2,6,Y,MON,4,0,6,10,84,3,4,460,80,48,5,0,0,2,12,5,2,20,5,2,72,4,12,97326,2014,97326,3.2,3.5,6.7,,,,,,,,,,,,,,,,,,,,,,,,,,,0,2,0,2,0,2,0,282,,,
13162886,N,N,N,N,N,N,N,2/28/2013,2:05 PM,130027738,0,101,1666,Y,Y,,,4,529,,1,16500,,SPENCER,RD,N,N,40,Y,N,,N,19,,,,,,RIDGEBERRY,LN,,,,,,,12,1,0,2,1,1,20,2:14 PM,DISPATCHED,2:24 PM,2/28/2013,Y,TX1010000,1419,100,4,5,8,2,4,20,64,49,1,3,1,21,21,101,1666,29.87905186,-95.66109831,FM,529,,39.544,FM0529,,1006,1,11.866,668,-0.109,,,,,,,,,Y,Y,Y,5,0,Y,THU,3,0,0,0,20,2,4,120,48,46,4,0,0,1,0,0,1,0,0,1,20,4,14,37395,2014,37395,2.8,8,10.7,,,,,,,,,,,,,,,,,,,,,,,,,,,0,0,0,5,0,0,0,15,,,
13162997,N,N,N,N,N,N,N,2/15/2013,4:52 PM,13-3331,,129,425,N,Y,,,19,,,3,100,,NINTH,ST,N,N,30,N,N,,N,19,,,,,S,MOORE,AVE,,,,,,,11,1,98,,2,1,9,4:53 PM,ON-VIEW,4:53 PM,2/15/2013,Y,TX1290500,2226,,,65,8,2,2,22,64,42,3,5,1,21,21,129,425,32.73891325,-96.29379683,,,,,9TH ST,,,,,,,,,,W MOORE AVE,,,,,Y,N,N,5,5,Y,FRI,,,,,,,,,,,,,,,,,,,,,,,,,,,,,,,,,,,,,,,,,,,,,,,,,,,,,,,,0,0,0,2,0,0,0,282,,,
13163307,N,N,N,N,N,N,N,2/26/2013,1:50 PM,,,89,1654,Y,Y,29.29837,-97.76317,2,80,,1,,,NOT REPORTED,,N,N,65,N,N,,Y,4,1117,,1,,,NOT REPORTED,,,,,,,,11,1,4,1,1,1,11,2:04 PM,GONZALES DISPATCH,2:23 PM,3/5/2013,Y,,10000,16,92,1,8,2,1,20,64,47,1,2,1,21,21,89,1654,29.29810523,-97.76330566,SH,80,,54.858,SH0080,,287,4,22.494,518,0.506,FM,1117,,FM1117,,216,4,8.154,Y,Y,Y,2,0,Y,TUE,2,0,6,6,0,9,2,100,36,24,6,0,0,2,6,5,2,6,5,0,0,1,7,6365,2014,6365,14.4,23.5,37.8,,,,,,,,,,,,,,,,,,,,,,,,,,,0,1,0,1,0,1,0,,,,
13163341,N,N,N,N,N,N,N,3/11/2013,7:18 AM,SAPD13052388,2110,15,379,N,Y,,,1,35,,1,1200,N,NOT REPORTED,,N,N,60,N,N,,N,2,281,,,0,N,NOT REPORTED,,,,,,,,11,1,3,2,6,1,1,7:29 AM,DISPATCH,7:41 AM,3/11/2013,Y,TXSPD0000,2473,,7,147,8,2,4,21,64,7,1,1,1,21,21,15,379,29.43881772,-98.47796807,IH,35,,157.408,IH0035,,17,10,24.403,158,-0.075,,,,,,,,,Y,Y,N,3,9,Y,MON,5,0,2,6,7,9,6,300,87,72,5,0,0,2,4,5,2,11,5,2,3,4,11,153599,2014,153599,3.4,11.2,14.6,,,,,,,,,,,,,,,,,,,,,,,,,,,0,0,2,1,0,2,0,28,,,
13163353,N,N,N,N,N,N,N,3/6/2013,6:21 PM,2013-BCSO-009285,2C20,15,1580,Y,Y,29.37617,-98.72946999,2,90,,1,12000,E,HWY 90,HWY,N,N,65,N,N,BLACKTOP,Y,19,,,3,100,N,LUCKY RANCH,ST,,,,,BLACKTOP,,11,1,2,2,1,1,9,6:21 PM,ON SITE,6:21 PM,3/9/2013,Y,TX0150000,120,,,148,8,2,1,10,64,3,1,2,1,21,21,15,1580,29.37630537,-98.72948816,US,90,,440.324,US0090,,24,7,4.657,558,0.671,SL,1604,,SL1604,,,,,Y,Y,Y,3,0,Y,WED,3,0,4,10,70,2,4,227,76,48,4,0,0,2,8,5,2,20,5,3,62,4,12,35324,2014,35324,2.4,8.7,11.1,,,,,,,,,,,,,,,,,,,,,,,,,,,0,0,2,0,0,2,0,28,,,
13163384,Y,N,N,N,N,Y,N,2/23/2013,2:14 AM,44072A,TRAFFIC FATALITY #8,43,107,N,Y,,,19,,,1,17800,,COIT,RD,N,N,40,N,N,,N,19,,,,7700,,OSAGE PLAZA,PKWY,,,,,,,11,4,0,,1,1,20,2:31 AM,DISPATCHED,2:52 AM,3/16/2013,N,TX0000006,2471,,,29,8,1,4,1,64,28,1,5,1,21,21,43,107,32.99159124,-96.76795808,,,,,COIT RD,,,,,,,,,,,,,,,Y,N,N,4,9,Y,SAT,,,,,,,,,,,,,,,,,,,,,,,,,,,,,,,,,,,,,,,,,,,,,,,,,,,,,,,,0,0,0,0,1,0,1,282,,,
13163475,N,N,N,N,N,N,N,3/2/2013,3:40 PM,0026161313O,,101,208,N,Y,,,19,,,1,1800,W,LITTLE YORK,RD,N,N,35,N,N,,Y,19,,,1,7000,,PHILLIPS,ST,,,,,,,11,1,2,,1,1,20,3:43 PM,DISPATCHED,3:45 PM,3/2/2013,Y,TXHPD0000,2469,6,152,59,8,2,1,10,64,54,1,5,1,21,21,101,208,29.86351478,-95.43783308,,,,,W LITTLE YORK RD,1800,,,,,,,,,UNKNOWN,,,,,Y,N,N,2,9,Y,SAT,,,,,,,,,,,,,,,,,,,,,,,,,,,,,,,,,,,,,,,,,,,,,,,,,,,,,,,,0,4,0,5,0,4,0,15,,,
13163646,N,N,N,N,N,N,N,3/5/2013,12:13 PM,1300005818,,3,272,N,Y,,,19,,,1,100,,WHITEHOUSE,DR,N,N,30,N,N,,N,4,3482,,,2900,,BRENTWOOD,DR,,,,,,,11,1,2,,1,1,20,12:21 PM,DISPATCH,12:21 PM,3/10/2013,Y,TX0030400,1708,17,53,166,8,2,4,14,64,9,1,3,1,21,21,3,272,31.29749447,-94.72699318,,,,,WHITEHOUSE DR,100,,,,,,,,,,,,,,Y,N,N,5,6,Y,TUE,,,,,,,,,,,,,,,,,,,,,,,,,,,,,,,,,,,,,,,,,,,,,,,,,,,,,,,,0,0,0,2,0,0,0,,,,
13163670,N,N,N,N,N,N,N,3/8/2013,3:49 PM,13-22785,,220,156,N,Y,32.66294,-97.40719,19,,,1,6401,,OAKMONT,BLVD,N,N,45,N,N,,Y,19,,,1,6000,,OAKMONT,TRL,,,,,,,12,1,2,,1,1,5,3:49 PM,DISPATCH,3:55 PM,3/8/2013,Y,TX2201200,1318,885,19,120,8,2,1,34,64,54,1,5,1,21,21,220,156,32.6628043,-97.40685053,,,,,OAKMONT BLVD,6401,,,,,,,,,UNKNOWN,,,,,Y,N,N,3,9,Y,FRI,,,,,,,,,,,,,,,,,,,,,,,,,,,,,,,,,,,,,,,,,,,,,,,,,,,,,,,,0,0,1,1,0,1,0,282,,,
13163854,N,N,N,N,N,N,N,3/10/2013,10:30 PM,0029966913G,FSGI,101,208,N,Y,,,1,610,,2,1100,S,SOUTH LP W SER N,,N,N,35,N,N,,N,15,,,,,N,ALMEDA,RD,,,,,,,11,4,0,2,5,1,1,10:35 PM,DISPATCH,10:43 PM,3/11/2013,Y,TXHPD0000,2469,6,125,40,8,10,4,1,1,54,2,1,2,21,21,101,208,29.6805865,-95.3848881,IH,610,,0.225,IH0610,,271,16,6.349,1,-0.731,,,,,,,,,Y,Y,N,0,9,Y,SUN,5,0,12,12,64,3,6,350,120,72,5,0,0,2,24,5,2,24,5,2,40,4,11,174253,2014,174253,2.8,2.8,5.6,,,,,,,,,,,,,,,,,,,,,,,,,,,0,0,0,0,1,0,0,15,,,
13164193,N,N,N,N,N,N,N,3/6/2013,9:02 AM,13030726,,31,53,N,Y,,,19,,,1,4700,,PALACIO REAL,DR,N,N,20,N,N,,N,19,,,,4800,,PALACIO REAL,DR,,,,,,,11,3,0,,1,1,1,9:29 AM,RADIO,9:51 AM,3/6/2013,Y,TX0310100,172,,125,29,8,4,4,1,64,25,1,5,1,21,21,31,53,25.88045929,-97.44462908,,,,,PALACIO REAL DR,4700,,,,,,,,,,,,,,Y,N,N,0,8,Y,WED,,,,,,,,,,,,,,,,,,,,,,,,,,,,,,,,,,,,,,,,,,,,,,,,,,,,,,,,0,0,0,0,1,0,0,248,,,
13164289,N,N,N,N,N,N,N,3/5/2013,3:36 PM,201305457,,101,325,N,Y,,,2,225,,3,700,W,PASADENA,FWY,N,N,65,N,N,W/B FWY ENTRANCE RAMP-CONCRETE PAVED,N,19,,,1,100,,CARL,ST,,,,,CONCRETE PAVED,,11,1,0,,1,1,9,3:52 PM,DISPATCHED,3:58 PM,3/5/2013,Y,TX1011500,1912,,,35,8,2,4,20,64,42,3,2,1,21,21,101,325,,,,,,,US0225,,,,,,,,,,,,,,,Y,Y,N,3,8,N,TUE,,,,,,,,,,,,,,,,,,,,,,,,,,,,,,,,,,,,,,,,,,,,,,,,,,,,,,,,0,0,1,5,0,1,0,,,,
13164340,N,N,N,N,N,N,N,2/28/2013,2:35 PM,13-036,,221,288,N,Y,,,19,,,1,1000,,N 1ST,ST,N,N,30,N,N,N. 1ST ST.,Y,19,,,1,100,S,EDWARDS,ST,,,,,,,11,1,0,,1,1,8,2:39 PM,DISPATCHED,2:41 PM,2/28/2013,Y,TX22103Z8,1773,,,,8,2,1,14,64,3,1,5,1,21,21,221,288,32.47052445,-100.0114418,,,,,N 1ST ST,,,,,,,,,,EDWARDS ST,,,,,Y,N,Y,5,3,Y,THU,,,,,,,,,,,,,,,,,,,,,,,,,,,,,,,,,,,,,,,,,,,,,,,,,,,,,,,,0,0,0,2,0,0,0,,,,
13164766,N,N,N,N,N,N,N,3/1/2013,11:34 PM,130011872,,220,19,N,Y,,,1,30,,2,600,E,NOT REPORTED,RD,N,N,40,N,N,FRONTAGE RD-WB,Y,19,,,1,1900,N,CENTER,ST,,,,,,,11,4,2,2,3,1,5,11:35 PM,DISPATCH,11:37 PM,3/1/2013,Y,TX2200100,59,,8,58,8,2,1,10,64,54,1,1,1,21,21,220,19,32.75975308,-97.1020201,IH,30,,27.92,IH0030,,1068,2,27.045,28,-0.089,,,,N CENTER ST,,,,,Y,Y,N,5,9,Y,FRI,5,0,11,10,0,3,9,330,150,110,6,0,0,2,20,5,2,20,5,2,20,4,11,132398,2014,132398,1.6,7.8,9.4,,,,,,,,,,,,,,,,,,,,,,,,,,,0,0,0,3,0,0,0,282,,,
13164811,N,N,N,N,N,N,N,3/3/2013,4:09 PM,13-5287,,101,325,N,Y,,,19,,,1,7500,,FAIRMONT,,N,N,45,Y,N,,N,19,,,,6600,,RED BLUFF,,,,,,,,11,1,0,,1,1,5,4:14 PM,DISPATCH,4:18 PM,3/3/2013,Y,TX1011500,1912,19,2,94,8,2,2,22,64,50,1,5,1,21,21,101,325,29.65029482,-95.12327316,,,,,FAIRMONT PKWY,7500,,,,,,,,,UNKNOWN,,,,,Y,N,N,2,8,Y,SUN,,,,,,,,,,,,,,,,,,,,,,,,,,,,,,,,,,,,,,,,,,,,,,,,,,,,,,,,0,3,0,7,0,3,0,15,,,
13164844,N,N,N,N,N,N,N,2/28/2013,6:44 PM,13-3424,,92,268,N,Y,,,3,300,,1,2500,,GILMER,RD,N,N,40,N,N,,Y,19,,,1,2500,,EVERGREEN,ST,,,,,,,11,4,4,3,1,1,11,6:45 PM,DISPATCHED,6:48 PM,2/28/2013,Y,920500,1691,,49,16,8,9,1,1,4,54,1,2,1,21,21,92,268,32.53338255,-94.78915226,SH,300,,16.042,SH0300,,1385,2,5.396,282,0.429,,,,EVERGREEN ST,,,,,Y,Y,N,5,7,Y,THU,2,0,0,0,0,2,4,80,64,64,4,2,2,1,0,0,1,0,0,0,0,3,14,22112,2014,22112,2.9,7.1,10,,,,,,,,,,,,,,,,,,,,,,,,,,,0,0,0,1,0,0,0,361,,,
13164864,N,N,N,N,N,N,N,2/28/2013,12:12 PM,P20130027185,,191,12,N,N,,,19,,,1,,S,WESTERN,ST,N,N,45,N,N,,Y,19,,,1,,S,PARAMOUNT,BLVD,,,,,,,11,1,0,,1,2,5,12:13 PM,DISPATCH,12:20 PM,2/28/2013,Y,TX1880100,33,,,,8,2,1,10,64,54,1,5,1,21,21,191,12,35.16532407,-101.8839312,,,,,S WESTERN ST,4201,,,,,,,,,PARAMOUNT BLVD,,,,,N,N,N,5,8,Y,THU,,,,,,,,,,,,,,,,,,,,,,,,,,,,,,,,,,,,,,,,,,,,,,,,,,,,,,,,0,0,0,2,0,0,0,120,,,
13164906,N,N,N,N,N,N,N,3/2/2013,12:30 PM,130028724,0,101,1666,Y,Y,,,19,,,1,2600,,WOODSORREL,,N,N,35,N,N,,N,19,,,,,,SPANISH NEEDLE,,,,,,,,11,1,0,,1,1,20,12:56 PM,DISPATCHED,12:56 PM,3/2/2013,Y,TX1010000,1419,122,4,5,8,7,4,1,29,3,1,5,2,21,21,101,1666,29.80665039,-95.70791299,,,,,WOODSORREL DR,2659,,,,,,,,,,,,,,Y,N,Y,5,0,Y,SAT,,,,,,,,,,,,,,,,,,,,,,,,,,,,,,,,,,,,,,,,,,,,,,,,,,,,,,,,0,0,0,1,0,0,0,15,,,
13164999,N,N,N,N,N,N,N,2/23/2013,4:52 AM,13-054049,,71,136,N,Y,31.92833,-106.58297,1,5,,1,5,,I10 EAST,HWY,N,N,75,N,N,,N,1,,,1,,,TRANSMOUNTAIN,RD,2,M,E,5,,,11,3,0,,1,1,20,4:52 AM,DISPATCH,5:04 AM,2/23/2013,Y,TX0710200,1259,,,206,8,2,4,20,64,3,1,1,1,21,21,71,136,,,,,,,IH0005,,,,,,,,,,,,,,,Y,Y,N,5,9,N,SAT,,,,,,,,,,,,,,,,,,,,,,,,,,,,,,,,,,,,,,,,,,,,,,,,,,,,,,,,0,0,0,2,0,0,0,,,,
13165147,N,N,N,N,N,N,N,2/26/2013,11:31 AM,02-13-01497,,108,4,N,N,,,2,83,,2,1421,E,FRONTAGE RD,RD,Y,N,10,N,N,1421 EAST FRONTAGE ROAD (WAL-MART),N,19,,,1,1400,,DURANTA ST,ST,,,,,1400 BLOCK DURANTA STREET,,11,1,0,,1,1,1,11:31 AM,RADIO,11:41 AM,2/26/2013,Y,TX1080100,15,,46,64,8,2,4,40,64,12,7,9,5,33,21,108,4,,,US,83,,,US0083,,,,,,,,,,,,,,,N,Y,N,5,5,N,TUE,,,,,,,,,,,,,,,,,,,,,,,,,,,,,,,,,,,,,,,,,,,,,,,,,,,,,,,,0,0,0,2,0,0,0,,,,