Crash_ID,Crash_Fatal_Fl,Cmv_Involv_Fl,Schl_Bus_Fl,Rr_Relat_Fl,Medical_Advisory_Fl,Amend_Supp_Fl,Active_School_Zone_Fl,Crash_Date,Crash_Time,Case_ID,Local_Use,Rpt_CRIS_Cnty_ID,Rpt_City_ID,Rpt_Outside_City_Limit_Fl,Thousand_Damage_Fl,Rpt_Latitude,Rpt_Longitude,Rpt_Rdwy_Sys_ID,Rpt_Hwy_Num,Rpt_Hwy_Sfx,Rpt_Road_Part_ID,Rpt_Block_Num,Rpt_Street_Pfx,Rpt_Street_Name,Rpt_Street_Sfx,Private_Dr_Fl,Toll_Road_Fl,Crash_Speed_Limit,Road_Constr_Zone_Fl,Road_Constr_Zone_Wrkr_Fl,Rpt_Street_Desc,At_Intrsct_Fl,Rpt_Sec_Rdwy_Sys_ID,Rpt_Sec_Hwy_Num,Rpt_Sec_Hwy_Sfx,Rpt_Sec_Road_Part_ID,Rpt_Sec_Block_Num,Rpt_Sec_Street_Pfx,Rpt_Sec_Street_Name,Rpt_Sec_Street_Sfx,Rpt_Ref_Mark_Offset_Amt,Rpt_Ref_Mark_Dist_Uom,Rpt_Ref_Mark_Dir,Rpt_Ref_Mark_Nbr,Rpt_Sec_Street_Desc,Rpt_CrossingNumber,Wthr_Cond_ID,Light_Cond_ID,Entr_Road_ID,Road_Type_ID,Road_Algn_ID,Surf_Cond_ID,Traffic_Cntl_ID,Investigat_Notify_Time,Investigat_Notify_Meth,Investigat_Arrv_Time,Report_Date,Investigat_Comp_Fl,ORI_Number,Investigat_Agency_ID,Investigat_Area_ID,Investigat_District_ID,Investigat_Region_ID,Bridge_Detail_ID,Harm_Evnt_ID,Intrsct_Relat_ID,FHE_Collsn_ID,Obj_Struck_ID,Othr_Factr_ID,Road_Part_Adj_ID,Road_Cls_ID,Road_Relat_ID,Phys_Featr_1_ID,Phys_Featr_2_ID,Cnty_ID,City_ID,Latitude,Longitude,Hwy_Sys,Hwy_Nbr,Hwy_Sfx,Dfo,Street_Name,Street_Nbr,Control,Section,Milepoint,Ref_Mark_Nbr,Ref_Mark_Displ,Hwy_Sys_2,Hwy_Nbr_2,Hwy_Sfx_2,Street_Name_2,Street_Nbr_2,Control_2,Section_2,Milepoint_2,Txdot_Rptable_Fl,Onsys_Fl,Rural_Fl,Crash_Sev_ID,Pop_Group_ID,Located_Fl,Day_of_Week,Hwy_Dsgn_Lane_ID,Hwy_Dsgn_Hrt_ID,Hp_Shldr_Left,Hp_Shldr_Right,Hp_Median_Width,Base_Type_ID,Nbr_Of_Lane,Row_Width_Usual,Roadbed_Width,Surf_Width,Surf_Type_ID,Curb_Type_Left_ID,Curb_Type_Right_ID,Shldr_Type_Left_ID,Shldr_Width_Left,Shldr_Use_Left_ID,Shldr_Type_Right_ID,Shldr_Width_Right,Shldr_Use_Right_ID,Median_Type_ID,Median_Width,Rural_Urban_Type_ID,Func_Sys_ID,Adt_Curnt_Amt,Adt_Curnt_Year,Adt_Adj_Curnt_Amt,Pct_Single_Trk_Adt,Pct_Combo_Trk_Adt,Trk_Aadt_Pct,Curve_Type_ID,Curve_Lngth,Cd_Degr,Delta_Left_Right_ID,Dd_Degr,Feature_Crossed,Structure_Number,I_R_Min_Vert_Clear,Approach_Width,Bridge_Median_ID,Bridge_Loading_Type_ID,Bridge_Loading_In_1000_Lbs,Bridge_Srvc_Type_On_ID,Bridge_Srvc_Type_Under_ID,Culvert_Type_ID,Roadway_Width,Deck_Width,Bridge_Dir_Of_Traffic_ID,Bridge_Rte_Struct_Func_ID,Bridge_IR_Struct_Func_ID,CrossingNumber,RRCo,Poscrossing_ID,WDCode_ID,Standstop,Yield,Incap_Injry_Cnt,Nonincap_Injry_Cnt,Poss_Injry_Cnt,Non_Injry_Cnt,Unkn_Injry_Cnt,Tot_Injry_Cnt,Death_Cnt,MPO_ID,Investigat_Service_ID,Investigat_DA_ID,Investigator_Narrative
13165230,N,N,N,N,N,N,N,2/15/2013,7:40 AM,130021400,0,101,1666,Y,Y,,,12,,,1,2400,N,BELTWAY 8 W,,N,Y,65,N,N,,N,19,,,1,,,T C JESTER,BLVD,,,,,,,11,1,0,,1,1,11,7:43 AM,DISPATCHED,7:43 AM,2/15/2013,Y,TX1014900,2744,66,5,6,8,2,4,22,64,42,1,6,1,21,21,101,1666,29.93819933,-95.45007269,,,,,N BELT DR W,,,,,,,,,,,,,,,Y,N,Y,5,0,Y,FRI,,,,,,,,,,,,,,,,,,,,,,,,,,,,,,,,,,,,,,,,,,,,,,,,,,,,,,,,0,0,0,3,0,0,0,15,,,
13165371,N,N,N,N,N,Y,N,1/27/2013,2:25 PM,1300001265,,79,359,N,Y,,,4,2218,,1,1400,,NOT REPORTED,,N,N,40,N,N,,Y,19,,,1,,,WALL,ST,,,,,,,11,1,2,2,1,1,8,2:27 PM,DISPATCHED,2:30 PM,1/27/2013,Y,TX0790200,2014,,,,8,2,1,14,64,54,1,3,1,21,21,79,359,29.55711749,-95.76387437,FM,2218,,0.133,FM2218,,2093,1,10.108,484,0.079,,,,WALL ST,,,,,Y,Y,N,5,5,Y,SUN,3,0,6,6,14,2,4,100,72,48,4,0,0,3,12,5,3,12,5,1,2,4,16,8873,2014,8873,10.6,12.8,23.4,,,,,,,,,,,,,,,,,,,,,,,,,,,0,0,0,3,0,0,0,15,,,
13165483,N,N,N,N,N,N,N,2/17/2013,7:29 PM,13-001916,,21,85,N,N,,,19,,,1,1550,,GEORGE BUSH,DR,N,N,40,N,N,,Y,19,,,,108,,ANDERSON,DR,,,,,,,12,4,2,3,2,1,5,7:35 PM,DISPATCH,7:41 PM,2/17/2013,Y,,301,,,,8,2,1,13,64,54,1,3,1,21,21,21,85,30.61474492,-96.32787424,FM,2347,,2.493,FM2347,1500,3138,1,3.495,426,0.5,,,,ANDERSON ST,,,,,N,Y,N,5,7,Y,SUN,2,0,6,10,0,3,4,100,82,48,4,1,1,2,6,5,2,10,5,0,0,3,16,31503,2014,31503,1.3,1.7,3,1,71,1,1,3,,,,,,,,,,,,,,,,,,,,,,0,0,0,3,0,0,0,249,,,
13165977,N,Y,N,N,N,N,N,2/28/2013,5:50 AM,0025061013J,,101,208,N,Y,,,2,290,,1,10500,,NORTHWEST,FWY,N,N,60,N,N,CONCRETE,N,19,,,,,,MANGUM,,,,,,,,11,4,0,,1,1,11,6:09 AM,HOUSTON PD DISP,6:19 AM,3/9/2013,Y,TXHPD0000,2469,16,152,27,8,2,4,21,36,9,1,2,1,21,21,101,208,,,US,290,,,US0290,,,,,,,,,,,,,,,Y,Y,N,5,9,N,THU,,,,,,,,,,,,,,,,,,,,,,,,,,,,,,,,,,,,,,,,,,,,,,,,,,,,,,,,0,0,0,2,0,0,0,,,,
13166196,N,N,Y,N,N,N,N,3/7/2013,5:55 PM,0028500513G,,101,208,N,Y,,,19,,,1,9600,,SCOTT,,N,N,30,N,N,,Y,19,,,1,4100,,BARBERRY,,,,,,,,11,1,0,,1,1,1,5:57 PM,DISPATCH,6:03 PM,3/7/2013,Y,TXHPD0000,2469,24,104,49,8,2,1,10,64,48,1,5,1,21,21,101,208,29.65160482,-95.36862309,,,,,SCOTT ST,,,,,,,,,,BARBERRY DR,,,,,Y,N,N,5,9,Y,THU,,,,,,,,,,,,,,,,,,,,,,,,,,,,,,,,,,,,,,,,,,,,,,,,,,,,,,,,0,0,0,3,0,0,0,15,,,
13166377,N,N,N,N,N,N,N,3/1/2013,10:04 AM,,,15,379,N,Y,29.526,-98.568,19,,,1,8700,W,WURZBACK,RD,N,N,40,N,N,,N,19,,,,,E,GARDENDALE,ST,,,,,GARDENDALE STREET,,11,1,0,,2,1,11,10:14 AM,TX DPS DISPATCH,10:36 AM,3/4/2013,Y,,10000,139,92,1,8,2,3,22,64,47,1,5,1,32,21,15,379,29.52360809,-98.56977916,,,,,WURZBACH RD,8660,,,,,,,,,,,,,,Y,N,N,3,9,Y,FRI,,,,,,,,,,,,,,,,,,,,,,,,,,,,,,,,,,,,,,,,,,,,,,,,,,,,,,,,0,0,2,1,0,2,0,28,,,
13166382,N,N,N,N,N,Y,N,3/12/2013,4:14 PM,1300006578,,57,177,N,Y,,,19,,,1,1900,,VARSITY,DR,N,N,35,N,N,,N,19,,,,1100,,COBER,DR,,,,,,,11,1,4,,1,1,8,4:15 PM,DISPATCHED,4:26 PM,11/9/2015,Y,TX0571200,1372,,,87,8,7,2,3,33,54,1,5,2,21,21,57,177,32.71669493,-96.98933328,,,,,VARSITY DR,1988,,,,,,,,,E COBER DR,,,,,Y,N,N,5,8,Y,TUE,,,,,,,,,,,,,,,,,,,,,,,,,,,,,,,,,,,,,,,,,,,,,,,,,,,,,,,,0,0,0,2,0,0,0,282,,,
13166383,N,N,N,N,N,N,N,3/11/2013,6:00 PM,130006494,,220,177,N,Y,,,19,,,1,500,,AVENUE K,,N,N,35,N,N,,Y,3,360,,2,,,NOT REPORTED,,,,,,,,11,1,4,,1,1,5,6:17 PM,DISPATCH,6:35 PM,3/12/2013,Y,TX0571200,1372,,,33,8,2,2,22,64,38,2,2,1,21,21,220,177,,,,,,,AVENUE K,,,,,,,SH,360,,SH0360,,,,,Y,N,N,5,8,N,MON,,,,,,,,,,,,,,,,,,,,,,,,,,,,,,,,,,,,,,,,,,,,,,,,,,,,,,,,0,0,0,4,1,0,0,,,,
13166995,N,N,N,N,N,N,N,2/21/2013,8:13 PM,,,61,1626,Y,Y,33.34372,-97.09931,4,2153,,1,,,NOT REPORTED,,N,N,55,N,N,,N,15,,,,,,BRITTANY HILL,RD,,,,,,,11,3,0,1,1,1,11,8:13 PM,DENTON COUNTY S.O.,8:28 PM,2/25/2013,Y,,10000,16,118,1,8,7,4,1,33,54,1,3,2,21,21,61,1626,33.34416521,-97.09410543,FM,2153,,1.343,FM2153,10940,2248,1,3.791,568,-0.573,,,,,,,,,Y,Y,Y,2,0,Y,THU,2,0,1,1,0,2,2,90,24,22,4,0,0,2,1,5,2,1,5,0,0,1,8,1680,2014,1680,1.6,4.2,5.9,,,,,,,,,,,,,,,,,,,,,,,,,,,0,1,0,0,0,1,0,282,,,
13167101,N,N,N,N,N,N,N,2/2/2013,2:02 PM,130015344,0,101,1666,Y,N,,,19,,,1,2000,,RIDGE HOLLOW,RD,N,N,40,N,N,,Y,19,,,1,11500,,T C JESTER,BLVD,,,,,,,11,1,4,,1,1,5,2:04 PM,DISPATCHED,2:25 PM,2/2/2013,Y,TX1014900,2744,250,5,6,8,2,1,10,64,54,1,4,1,21,21,101,1666,29.95162476,-95.45330306,,,,,RIDGE HOLLOW DR,,,,,,,,,,T C JESTER BLVD,,,,,N,N,Y,5,0,Y,SAT,,,,,,,,,,,,,,,,,,,,,,,,,,,,,,,,,,,,,,,,,,,,,,,,,,,,,,,,0,0,0,2,0,0,0,15,,,
13167186,N,N,N,N,N,N,N,1/29/2013,8:35 PM,,,115,1680,Y,Y,31.21753,-105.76235,1,10,,1,,,NOT REPORTED,,N,N,80,N,N,,N,,,,,,,NOT REPORTED,,0.25,M,E,86,,,11,3,0,2,2,1,20,8:43 PM,SIERRA BLANCA COMMUN,9:00 PM,2/5/2013,Y,,10000,1,163,1,8,7,4,1,23,3,1,1,2,21,21,115,1680,31.17339168,-105.6768619,IH,10,,86.268,IH0010,,2,5,24.413,86,0.127,,,,NOT REPORTED,,,,,Y,Y,Y,5,0,Y,TUE,5,0,4,10,58,2,4,300,76,48,4,0,0,2,8,5,2,20,5,,50,1,1,14420,2014,14420,3.5,47.3,50.7,,,,,,,,,,,,,,,,,,,,,,,,,,,0,0,0,1,0,0,0,,,,
13167407,N,N,N,N,N,N,N,3/6/2013,6:20 PM,130030827,0,101,208,N,N,,,17,,,1,13200,,RUSTIC GARDEN,DR,N,N,0,N,N,,N,19,,,,,,DAYLILLY CREEK,DR,,,,,,,12,4,0,,1,1,1,8:37 PM,DISPATCHED,8:37 PM,3/6/2013,N,TX1010000,1419,100,4,5,8,4,4,5,64,54,1,5,1,21,21,101,1666,29.69181597,-95.61569233,,,,,RUSTIC GARDEN DR,13223,,,,,,,,,,,,,,N,N,Y,0,0,Y,WED,,,,,,,,,,,,,,,,,,,,,,,,,,,,,,,,,,,,,,,,,,,,,,,,,,,,,,,,0,0,0,0,1,0,0,15,,,
13167521,N,N,N,N,N,N,N,1/12/2013,9:40 PM,2429-13,,123,339,N,Y,,,19,,,1,,,JIMMY JOHNSON,BLVD,N,N,40,N,N,,N,19,,,,,,MEDICAL CENTER,DR,,,,,,,12,3,0,,1,1,1,9:41 PM,DISPATCH,9:47 PM,1/12/2013,Y,TX1230700,1948,,,,8,7,4,1,36,54,1,5,2,21,21,123,339,29.93357293,-93.98891128,,,,,JIMMY JOHNSON BLVD,2508,,,,,,,,,,,,,,Y,N,N,5,7,Y,SAT,,,,,,,,,,,,,,,,,,,,,,,,,,,,,,,,,,,,,,,,,,,,,,,,,,,,,,,,0,0,0,1,0,0,0,135,,,
13167540,N,N,N,N,N,N,N,1/1/2013,12:33 AM,21-13,,123,339,N,Y,,,2,69,,1,5000,,MEMORIAL,BLVD,N,N,70,N,N,,N,3,73,,1,2900,,NOT REPORTED,,,,,,,,12,3,0,2,4,2,20,12:36 AM,DISPATCH,12:49 AM,1/1/2013,Y,1230700,1948,,,,8,7,4,1,39,54,1,2,4,21,21,123,339,29.92218244,-93.96040657,US,69,,343.087,US0069,,200,16,16.855,542,-0.458,,,,,,,,,Y,Y,N,2,7,Y,TUE,4,0,0,10,8,2,4,310,68,48,4,1,0,1,0,0,2,20,5,2,8,3,14,40508,2014,40508,1.6,7.8,9.4,,,,,,,,,,,,,,,,,,,,,,,,,,,0,1,0,1,0,1,0,135,,,
13167594,N,N,N,N,N,N,N,3/4/2013,1:17 AM,C1301576,,178,97,N,Y,,,19,,,1,1200,,CRESCENT,DR,N,N,15,N,N,,N,19,,,1,5900,,MCARDLE,RD,,,,,CORNER LOT,,11,4,2,,1,1,8,1:24 AM,DISPATCHED,1:35 AM,3/4/2013,Y,TX1780200,1115,,,12,8,7,4,1,33,54,1,5,2,21,21,178,97,27.70879528,-97.35890266,,,,,CRESCENT DR,1200,,,,,,,,,,,,,,Y,N,N,3,9,Y,MON,,,,,,,,,,,,,,,,,,,,,,,,,,,,,,,,,,,,,,,,,,,,,,,,,,,,,,,,0,0,1,0,0,1,0,96,,,
13167660,N,N,N,N,N,N,N,3/6/2013,10:20 AM,,201305570,101,228,N,Y,,,19,,,1,,,MARKET PLACE,DR,N,N,30,N,N,,Y,19,,,1,,,KATY MILLS,BLVD,,,,,,,11,1,4,,1,1,5,10:20 AM,RADIO,10:22 AM,3/7/2013,Y,TX1012700,1559,,,,8,2,1,10,64,54,1,5,1,21,21,101,228,29.7821648,-95.80708298,,,,,MARKET PLACE DR,25199,,,,,,,,,KATY MILLS BLVD,,,,,Y,N,N,5,5,Y,WED,,,,,,,,,,,,,,,,,,,,,,,,,,,,,,,,,,,,,,,,,,,,,,,,,,,,,,,,0,0,0,4,0,0,0,15,,,
13167675,N,N,N,N,N,N,N,3/4/2013,3:46 PM,13-001053,,57,253,N,Y,,,19,,,1,485,,ROLLING HILLS,PL,N,N,30,N,N,,N,19,,,1,2900,,CORAL,DR,,,,,,,11,1,98,,1,1,1,3:46 PM,DISPATCHED,3:46 PM,3/4/2013,N,TX0571700,1641,,,44,8,2,4,22,64,42,1,5,1,21,21,57,253,32.59692784,-96.81529736,,,,,ROLLING HILLS PL,495,,,,,,,,,,,,,,Y,N,N,5,6,Y,MON,,,,,,,,,,,,,,,,,,,,,,,,,,,,,,,,,,,,,,,,,,,,,,,,,,,,,,,,0,0,0,2,0,0,0,282,,,
13167757,N,N,N,N,N,N,N,3/6/2013,2:15 PM,13-42082,,43,336,N,N,,,19,,,2,3200,,DALLAS,PKWY,N,N,45,N,N,,N,4,544,,,5900,W,PARKER,RD,,,,,,,11,1,0,,1,1,20,2:26 PM,RADIO DISPATCHED,2:28 PM,3/6/2013,Y,TX0430600,1938,42,3,58,8,5,3,1,64,14,2,3,1,32,21,43,336,33.02734988,-96.82976794,,,,,DALLAS PKWY,,,,,,,,,,,,,,,Y,N,N,2,9,Y,WED,,,,,,,,,,,,,,,,,,,,,,,,,,,,,,,,,,,,,,,,,,,,,,,,,,,,,,,,0,1,0,1,0,1,0,282,,,
13167813,N,N,N,N,N,N,N,3/2/2013,1:31 PM,13-0552,,84,160,N,Y,,,4,2351,,1,,W,EDGEWOOD,DR,N,N,35,N,N,,N,4,518,,1,,S,FRIENDSWOOD,DR,,,,,,,11,1,0,1,7,1,1,1:33 PM,DISPATCH,1:34 PM,3/2/2013,Y,TX0840300,1328,,,,8,7,4,1,36,3,1,3,2,21,21,84,160,29.52828771,-95.21171995,FM,2351,,1.03,FM2351,482,1844,2,1.03,694,-0.973,,,,,,,,,Y,Y,N,5,6,Y,SAT,2,0,10,10,0,2,2,100,44,24,4,0,0,2,10,5,2,10,5,0,0,4,16,12683,2014,12683,2,0.6,2.6,,,,,,,,,,,,,,,,,,,,,,,,,,,0,0,0,3,0,0,0,15,,,
13167839,N,N,N,N,N,N,N,3/8/2013,6:00 PM,55417A,55418A,57,107,N,Y,,,19,,,1,400,,FAULK,ST,N,N,30,N,N,PUBLIC STREET,N,19,,,,1700,,SICILY,ST,,,,,,,11,4,0,,2,1,1,6:38 PM,DISPATCHED,6:55 PM,3/8/2013,N,TX0000006,2471,,,113,8,4,2,1,64,54,1,5,1,21,21,57,107,32.74480134,-96.79691765,,,,,FAULK ST,495,,,,,,,,,SICILY ST,,,,,Y,N,N,0,9,Y,FRI,,,,,,,,,,,,,,,,,,,,,,,,,,,,,,,,,,,,,,,,,,,,,,,,,,,,,,,,0,0,0,0,1,0,0,282,,,
13167854,N,N,N,N,N,N,N,3/8/2013,1:05 AM,,,108,1673,Y,Y,26.34532,-98.031,4,493,,1,,,NOT REPORTED,,N,N,55,N,N,,N,15,,,,,,MILE 20,RD,,,,,,,11,3,0,1,1,1,11,1:11 AM,DPS COMMUNICATIONS,1:25 AM,3/10/2013,Y,,10000,12,127,1,8,7,4,1,33,54,1,3,2,21,21,108,1673,26.34680269,-98.03075136,FM,493,,10.216,FM0493,22801,863,3,10.716,714,0.221,,,,,,,,,Y,Y,Y,0,0,Y,FRI,2,0,8,8,0,2,2,80,40,24,4,0,0,2,8,5,2,8,5,0,0,4,17,4281,2014,4281,2.4,2.9,5.3,,,,,,,,,,,,,,,,,,,,,,,,,,,0,0,0,0,1,0,0,230,,,
13168075,N,Y,N,N,N,N,N,3/12/2013,7:09 AM,,,109,1674,Y,Y,31.5318,-97.05079,1,35,,1,,,NOT REPORTED,,N,N,70,N,N,,N,,,,,,,NOT REPORTED,,0.5,M,S,359,,,11,4,0,2,2,1,11,7:09 AM,DISPATCHED,7:37 AM,3/12/2013,Y,,10000,12,119,1,8,10,4,1,1,35,1,1,2,21,21,109,1674,31.88380478,-97.08328831,IH,35,,357.982,IH0035,,14,7,3.07,359,-0.5,,,,NOT REPORTED,,,,,Y,Y,Y,2,0,Y,TUE,5,0,6,10,38,9,4,285,80,48,6,0,0,2,12,5,2,20,5,3,26,1,1,52686,2014,52686,2.9,29.5,32.4,1,534,1,1,28,,,,,,,,,,,,,,,,,,,,,,0,1,0,0,0,1,0,,,,
13168228,N,N,N,N,N,Y,N,3/1/2013,11:10 PM,,,20,1585,Y,Y,29.13512,-95.66165,15,484,,1,,,NOT REPORTED,,N,N,30,N,N,,Y,15,445,,1,,,NOT REPORTED,,,,,,,,11,3,3,,1,1,1,11:12 PM,BCSO DISPATCH,11:29 PM,4/10/2013,Y,,10000,15,35,1,8,10,2,1,39,54,1,4,4,21,21,20,1585,29.13512128,-95.6616472,,,,,ARMSTRONG RD,1311,,,,,,,,,UNKNOWN,,,,,Y,N,Y,2,0,Y,FRI,,,,,,,,,,,,,,,,,,,,,,,,,,,,,,,,,,,,,,,,,,,,,,,,,,,,,,,,0,1,0,0,0,1,0,15,,,
13168249,N,N,N,N,N,N,N,3/6/2013,7:00 AM,,,163,1728,Y,Y,29.40285,-99.02393,4,2676,,1,,,NOT REPORTED,,N,N,70,N,N,,N,,,,,,,NOT REPORTED,,0.4,M,N,460,,,11,1,0,1,1,1,12,7:28 AM,MEDINA CO. S.O.,7:37 AM,3/6/2013,Y,,10000,8,92,1,8,7,4,1,62,3,1,3,2,21,21,163,1728,29.40181046,-99.02378946,FM,2676,,6.353,FM2676,,2649,1,7.397,460,0.4,,,,NOT REPORTED,,,,,Y,Y,Y,5,0,Y,WED,2,0,2,2,0,2,2,120,28,24,2,0,0,2,2,5,2,2,5,0,0,1,7,717,2014,717,3.8,8,11.7,1,180,3,1,33,,,,,,,,,,,,,,,,,,,,,,0,0,0,2,0,0,0,,,,
13168358,N,N,N,N,N,N,N,3/10/2013,7:34 PM,,,45,1610,Y,Y,29.6096,-96.7825,4,532,,1,,,NOT REPORTED,,N,N,60,N,N,,N,,,,,,,NOT REPORTED,,0.2,M,W,598,,,11,3,0,1,3,1,11,7:38 PM,CCSO - RADIO,8:20 PM,3/12/2013,Y,,10000,15,52,1,8,2,3,34,64,13,1,3,1,32,21,45,1610,29.60948398,-96.78364258,FM,532,,43.216,FM0532,,1439,2,13.455,598,-0.2,,,,NOT REPORTED,,,,,Y,Y,Y,5,0,Y,SUN,2,0,2,2,0,2,2,80,26,22,2,0,0,2,2,5,2,2,5,0,0,1,7,120,2014,120,3,0.7,3.7,3,254,10,,0,,,,,,,,,,,,,,,,,,,,,,0,0,0,4,0,0,0,,,,
13168397,N,N,N,N,N,N,N,3/13/2013,3:10 PM,59571A,,57,107,N,N,,,19,,,1,7400,,ROYAL,LN,N,N,35,N,N,,N,19,,,,10700,,ST MICHAELS,DR,,,,,,,11,1,0,,1,1,20,3:16 PM,DISPATCHED,3:29 PM,3/13/2013,Y,TX0000006,2471,,,59,8,2,4,22,64,40,1,5,1,21,21,57,107,32.89535782,-96.77804633,,,,,ROYAL LN,7334,,,,,,,,,,,,,,Y,N,N,3,9,Y,WED,,,,,,,,,,,,,,,,,,,,,,,,,,,,,,,,,,,,,,,,,,,,,,,,,,,,,,,,0,0,1,1,0,1,0,282,,,
13168523,N,N,N,N,N,N,N,3/1/2013,7:46 AM,13030106,,181,441,N,Y,,,19,,,1,1100,E,OLD HWY 90,,N,N,45,N,N,,N,19,,,,,,EAST FREEWAY,,,,,,,,11,1,0,2,1,1,20,7:48 AM,DISPATCHED,7:51 AM,3/1/2013,Y,TX1810400,2368,,,,8,2,2,13,64,54,1,1,1,21,21,181,441,30.13417907,-93.99460621,IH,10,,861.278,IH0010,,28,11,7.252,862,0.376,FM,105,,FM0105,,,,,Y,Y,N,3,5,Y,FRI,5,0,8,12,36,9,6,290,112,72,5,1,0,2,16,5,2,24,5,3,20,3,11,50090,2014,50090,2.3,30.1,32.4,,,,,,,,,,,,,,,,,,,,,,,,,,,0,0,1,2,0,1,0,135,,,
13169371,N,Y,N,N,N,N,N,3/2/2013,11:06 AM,130611035,,227,22,N,Y,,,19,,,1,,E,8TH,ST,N,N,30,N,N,,Y,19,,,,,,SAN JACINTO,BLVD,,,,,,,11,1,0,,1,1,5,11:07 AM,DISPATCHED,11:21 AM,3/2/2013,Y,TX2270100,74,,,358,8,2,1,10,64,54,1,5,1,21,21,227,22,30.26925478,-97.73972246,,,,,E 8TH ST,298,,,,,,,,,SAN JACINTO BLVD,,,,,Y,N,N,2,9,Y,SAT,,,,,,,,,,,,,,,,,,,,,,,,,,,,,,,,,,,,,,,,,,,,,,,,,,,,,,,,0,1,1,0,0,2,0,90,,,
13169924,N,N,N,N,N,N,N,3/11/2013,1:15 PM,2013-070-009,,246,169,N,Y,,,1,35,,4,2301,S,IH 35,FWY,N,N,55,N,N,,N,19,,,,,,LEANDER,RD,,,,,LEANDER RD,,11,1,0,2,4,1,1,1:15 PM,RADIO,1:21 PM,3/11/2013,Y,TX2460200,1351,,34,48,8,7,4,1,20,54,4,1,2,21,21,246,169,30.61989233,-97.68932354,IH,35,,259.71,IH0035,,15,9,9.824,260,0.2,,,,,,,,,Y,Y,N,5,7,Y,MON,5,0,8,10,19,2,6,400,108,72,4,0,0,2,16,5,2,20,5,2,3,4,11,108054,2014,108054,4.1,19,23,,,,,,,,,,,,,,,,,,,,,,,,,,,0,0,0,1,0,0,0,90,,,
13169932,N,N,N,N,N,N,N,3/2/2013,6:35 PM,13-002141,,20,326,N,Y,,,4,518,,1,9400,W,BROADWAY,ST,N,N,45,N,N,,N,19,,,1,2700,,SUNRISE,BLVD,,,,,,,11,4,0,2,1,1,11,6:38 PM,DISPATCH,6:40 PM,3/2/2013,Y,TX0201000,1917,,,,8,10,3,1,1,14,1,3,1,32,21,20,326,29.55827407,-95.36501869,FM,518,,1.457,FM0518,,3416,1,2.403,682,-0.595,,,,,,,,,Y,Y,N,1,7,Y,SAT,3,0,2,2,5,8,4,120,54,46,4,0,0,3,4,5,3,4,5,1,1,4,14,27113,2014,27113,3.9,1.4,5.2,1,233,0,,0,,,,,,,,,,,,,,,,,,,,,,1,0,0,0,0,1,0,15,,,
13170237,N,N,N,N,N,N,N,3/14/2013,7:17 AM,13032673,,170,92,N,Y,,,19,,,1,300,,MILL,ST,N,N,30,N,N,LOCAL ROAD,Y,3,75,,1,400,S,FRAZIER,ST,,,,,STATE HWY 75,,11,1,0,3,1,1,5,7:18 AM,CPD DISPATCH,7:20 AM,3/14/2013,Y,TX1700100,325,,,122,8,2,1,34,64,3,1,2,1,21,21,170,92,30.30407798,-95.45912195,SH,75,,132.531,SH0075,,110,4,15.65,462,-0.908,,,,MILL ST,,,,,Y,Y,N,5,7,Y,THU,2,0,8,8,0,2,4,100,64,48,4,1,1,2,8,2,2,8,2,0,0,4,14,8446,2014,8446,7.7,2.9,10.6,,,,,,,,,,,,,,,,,,,,,,,,,,,0,0,0,2,0,0,0,15,,,
13170251,N,N,N,N,N,N,N,3/3/2013,12:39 PM,C1301566,,178,97,N,N,,,19,,,1,2200,,LOMBARDY,DR,N,N,30,N,N,,N,19,,,1,700,,ORLEANS,DR,,,,,,,11,1,0,,1,1,1,12:40 PM,DISPATCHED,12:49 PM,3/3/2013,Y,TX1780200,1115,,,,8,4,4,1,64,54,1,5,1,21,21,178,97,27.65070476,-97.29522634,,,,,LOMBARDY ST,2263,,,,,,,,,,,,,,N,N,N,5,9,Y,SUN,,,,,,,,,,,,,,,,,,,,,,,,,,,,,,,,,,,,,,,,,,,,,,,,,,,,,,,,0,0,0,2,0,0,0,96,,,
13170290,N,N,N,N,N,N,N,3/2/2013,5:00 PM,13003507,,43,1206,N,Y,,,4,1461,,1,2300,E,FRONTIER,PKWY,N,N,55,N,N,,Y,19,,,1,2000,N,COIT,RD,,,,,,,11,1,4,1,1,1,8,5:01 PM,RADIO DISPATCHED,5:03 PM,3/2/2013,Y,TX0430700,1973,,,,8,2,1,10,64,3,1,3,1,21,21,43,620,33.26249876,-96.76730271,FM,1461,,0.981,FM1461,,1973,1,1.982,586,0.937,,,,N COIT RD,,,,,Y,Y,N,2,4,Y,SAT,2,0,0,0,0,2,2,90,22,22,4,0,0,1,0,0,1,0,0,0,0,3,17,5939,2014,5939,1.6,4.2,5.9,,,,,,,,,,,,,,,,,,,,,,,,,,,0,1,0,0,2,1,0,282,,,