Crash_ID,Crash_Fatal_Fl,Cmv_Involv_Fl,Schl_Bus_Fl,Rr_Relat_Fl,Medical_Advisory_Fl,Amend_Supp_Fl,Active_School_Zone_Fl,Crash_Date,Crash_Time,Case_ID,Local_Use,Rpt_CRIS_Cnty_ID,Rpt_City_ID,Rpt_Outside_City_Limit_Fl,Thousand_Damage_Fl,Rpt_Latitude,Rpt_Longitude,Rpt_Rdwy_Sys_ID,Rpt_Hwy_Num,Rpt_Hwy_Sfx,Rpt_Road_Part_ID,Rpt_Block_Num,Rpt_Street_Pfx,Rpt_Street_Name,Rpt_Street_Sfx,Private_Dr_Fl,Toll_Road_Fl,Crash_Speed_Limit,Road_Constr_Zone_Fl,Road_Constr_Zone_Wrkr_Fl,Rpt_Street_Desc,At_Intrsct_Fl,Rpt_Sec_Rdwy_Sys_ID,Rpt_Sec_Hwy_Num,Rpt_Sec_Hwy_Sfx,Rpt_Sec_Road_Part_ID,Rpt_Sec_Block_Num,Rpt_Sec_Street_Pfx,Rpt_Sec_Street_Name,Rpt_Sec_Street_Sfx,Rpt_Ref_Mark_Offset_Amt,Rpt_Ref_Mark_Dist_Uom,Rpt_Ref_Mark_Dir,Rpt_Ref_Mark_Nbr,Rpt_Sec_Street_Desc,Rpt_CrossingNumber,Wthr_Cond_ID,Light_Cond_ID,Entr_Road_ID,Road_Type_ID,Road_Algn_ID,Surf_Cond_ID,Traffic_Cntl_ID,Investigat_Notify_Time,Investigat_Notify_Meth,Investigat_Arrv_Time,Report_Date,Investigat_Comp_Fl,ORI_Number,Investigat_Agency_ID,Investigat_Area_ID,Investigat_District_ID,Investigat_Region_ID,Bridge_Detail_ID,Harm_Evnt_ID,Intrsct_Relat_ID,FHE_Collsn_ID,Obj_Struck_ID,Othr_Factr_ID,Road_Part_Adj_ID,Road_Cls_ID,Road_Relat_ID,Phys_Featr_1_ID,Phys_Featr_2_ID,Cnty_ID,City_ID,Latitude,Longitude,Hwy_Sys,Hwy_Nbr,Hwy_Sfx,Dfo,Street_Name,Street_Nbr,Control,Section,Milepoint,Ref_Mark_Nbr,Ref_Mark_Displ,Hwy_Sys_2,Hwy_Nbr_2,Hwy_Sfx_2,Street_Name_2,Street_Nbr_2,Control_2,Section_2,Milepoint_2,Txdot_Rptable_Fl,Onsys_Fl,Rural_Fl,Crash_Sev_ID,Pop_Group_ID,Located_Fl,Day_of_Week,Hwy_Dsgn_Lane_ID,Hwy_Dsgn_Hrt_ID,Hp_Shldr_Left,Hp_Shldr_Right,Hp_Median_Width,Base_Type_ID,Nbr_Of_Lane,Row_Width_Usual,Roadbed_Width,Surf_Width,Surf_Type_ID,Curb_Type_Left_ID,Curb_Type_Right_ID,Shldr_Type_Left_ID,Shldr_Width_Left,Shldr_Use_Left_ID,Shldr_Type_Right_ID,Shldr_Width_Right,Shldr_Use_Right_ID,Median_Type_ID,Median_Width,Rural_Urban_Type_ID,Func_Sys_ID,Adt_Curnt_Amt,Adt_Curnt_Year,Adt_Adj_Curnt_Amt,Pct_Single_Trk_Adt,Pct_Combo_Trk_Adt,Trk_Aadt_Pct,Curve_Type_ID,Curve_Lngth,Cd_Degr,Delta_Left_Right_ID,Dd_Degr,Feature_Crossed,Structure_Number,I_R_Min_Vert_Clear,Approach_Width,Bridge_Median_ID,Bridge_Loading_Type_ID,Bridge_Loading_In_1000_Lbs,Bridge_Srvc_Type_On_ID,Bridge_Srvc_Type_Under_ID,Culvert_Type_ID,Roadway_Width,Deck_Width,Bridge_Dir_Of_Traffic_ID,Bridge_Rte_Struct_Func_ID,Bridge_IR_Struct_Func_ID,CrossingNumber,RRCo,Poscrossing_ID,WDCode_ID,Standstop,Yield,Incap_Injry_Cnt,Nonincap_Injry_Cnt,Poss_Injry_Cnt,Non_Injry_Cnt,Unkn_Injry_Cnt,Tot_Injry_Cnt,Death_Cnt,MPO_ID,Investigat_Service_ID,Investigat_DA_ID,Investigator_Narrative
13170362,N,N,N,N,N,N,N,2/24/2013,10:02 PM,2013-4349,,199,369,N,Y,,,3,205,,1,2200,S,GOLIAD,ST,N,N,45,N,N,,Y,3,276,,1,,,NOT REPORTED,,,,,,,,11,4,2,2,1,1,5,10:02 PM,OBSERVED,10:02 PM,2/24/2013,Y,TX1990100,2035,,179,78,8,2,1,34,64,54,1,2,1,21,21,199,369,32.90700531,-96.44855499,SH,205,,8.345,SH0205,,451,1,2.827,258,-0.694,SH,276,,SH0276,,1290,2,0.005,Y,Y,N,5,6,Y,SUN,3,0,0,0,15,8,6,120,72,72,5,1,2,1,0,0,1,0,0,1,15,4,16,18498,2014,18498,8.1,9.1,17.2,,,,,,,,,,,,,,,,,,,,,,,,,,,0,0,0,5,0,0,0,282,,,
13170558,N,N,N,N,N,Y,N,2/19/2013,8:00 PM,13-16887,,220,156,N,N,32.6953,-97.32072,1,35,,1,3600,,SOUTH,FWY,N,N,60,N,N,,N,19,,,,700,E,RIPY,ST,,,,,,,12,4,98,2,1,1,20,8:05 PM,WAIVED DOWN BY UNIT,8:05 PM,2/19/2013,Y,TX2201200,1318,885,11,120,8,8,4,1,98,54,1,1,1,21,21,220,156,32.69529966,-97.32057269,IH,35,W,47.234,IH0035W,,14,16,3.249,47,0.44,,,,,,,,,Y,Y,N,3,9,Y,TUE,5,0,10,10,39,3,8,284,135,96,5,0,0,2,19,5,2,20,5,2,20,4,11,160853,2014,160853,4.9,6.2,11.2,,,,,,,,,,,,,,,,,,,,,,,,,,,0,0,1,0,0,1,0,282,,,
13170635,N,N,N,N,N,N,N,3/13/2013,5:07 PM,SAPD13054242,5310,15,379,N,Y,,,19,,,1,6700,,CULEBRA,RD,N,N,45,N,N,,Y,17,,,1,100,,AVENUE G,,,,,,,,11,1,2,,1,1,3,5:20 PM,DISPATCHER,5:25 PM,3/13/2013,N,TXSPD0000,2473,,19,148,8,2,3,10,64,14,1,5,1,32,21,15,379,29.44967497,-98.62188228,,,,,CULEBRA RD,6762,,,,,,,,,,,,,,Y,N,N,5,9,Y,WED,,,,,,,,,,,,,,,,,,,,,,,,,,,,,,,,,,,,,,,,,,,,,,,,,,,,,,,,0,0,0,2,0,0,0,28,,,
13170807,N,N,N,N,N,N,N,3/11/2013,2:35 PM,13-23750,,220,156,N,Y,32.74026,-97.25372,19,,,1,400,S,EDGEWOOD,,N,N,-1,N,N,,N,19,,,,4600,E,LANCASTER,AVE,,,,,,,11,1,2,,1,1,1,2:28 PM,DISPATCH,2:35 PM,3/11/2013,Y,TX2201200,1318,885,9,120,8,2,3,10,64,14,1,5,1,32,21,220,156,32.74049019,-97.25367778,,,,,S EDGEWOOD TER,427,,,,,,,,,,,,,,Y,N,N,5,9,Y,MON,,,,,,,,,,,,,,,,,,,,,,,,,,,,,,,,,,,,,,,,,,,,,,,,,,,,,,,,0,0,0,3,0,0,0,282,,,
13170919,N,N,N,N,N,N,N,3/9/2013,8:54 PM,0029495813B,,101,208,N,Y,,,17,,,1,4706,,FARMER,ST,Y,N,-1,N,N,,N,19,,,,4700,,FARMER,ST,,,,,,,11,3,0,,1,1,1,9:00 PM,DISPATCHED,9:00 PM,3/13/2013,Y,TXHPD0000,2469,16,124,113,8,4,3,4,64,13,7,9,5,1,21,101,208,,,,,,,FARMER ST,,,,,,,,,,,,,,,N,N,N,0,9,N,SAT,,,,,,,,,,,,,,,,,,,,,,,,,,,,,,,,,,,,,,,,,,,,,,,,,,,,,,,,0,0,0,0,1,0,0,,,,
13170982,N,N,N,N,N,N,N,3/7/2013,3:40 PM,0028439113Q,,101,208,N,Y,,,11,8,,2,6801,W,WEST SAM HOUSTON S,PKWY,N,N,35,Y,N,CONCRETE,N,19,,,,10000,,BELLAIRE,BLVD,,,,,,,11,1,0,1,1,1,5,4:05 PM,DISPATCHED,4:13 PM,3/7/2013,Y,TXHPD0000,2469,16,128,39,8,2,4,20,64,50,2,2,1,20,21,101,208,29.70467357,-95.55730194,SL,8,,14.868,SL0008,,3256,1,5.843,694,0.983,,,,,,,,,Y,Y,N,5,9,Y,THU,1,0,0,0,0,9,3,300,36,36,5,1,1,1,0,0,1,0,0,0,0,4,14,14378,2014,14378,1.8,1.4,3.2,,,,,,,,,,,,,,,,,,,,,,,,,,,0,0,0,2,0,0,0,15,,,
13171071,N,N,N,N,N,N,N,3/14/2013,7:38 PM,SAPD13055255,7190,15,379,N,Y,,,1,10,,1,,,IH 10,,N,N,70,N,N,,N,1,410,,,,,LOOP 410,,,,,,,,11,4,2,2,4,1,20,10:38 AM,DISPATCH,11:14 AM,3/14/2013,Y,TXSPD0000,2473,,61,123,8,2,4,21,64,3,1,1,1,21,21,15,379,29.46019856,-98.3117949,IH,10,,584.732,IH0010,,25,2,13.598,586,0.11,,,,,,,,,Y,Y,N,2,9,Y,THU,5,0,4,10,56,2,4,320,76,48,4,0,0,2,8,5,2,20,5,,48,4,11,46165,2014,46165,4.5,23.7,28.2,,,,,,,,,,,,,,,,,,,,,,,,,,,0,1,0,0,1,1,0,28,,,
13171073,N,N,N,N,N,N,N,3/10/2013,12:15 PM,57004A,,57,107,N,Y,,,19,,,1,3100,W,WHEATLAND,RD,N,N,40,N,N,PUBLIC STREET,N,19,,,,8400,S,WESTMORELAND,RD,,,,,PUBLIC STREET,,11,1,0,,1,1,20,12:20 PM,DISPATCHER,12:21 PM,3/10/2013,Y,TX0000006,2471,,,113,8,2,3,14,64,14,1,5,1,32,21,57,107,32.647581,-96.88780785,,,,,W WHEATLAND RD,,,,,,,,,,,,,,,Y,N,N,3,9,Y,SUN,,,,,,,,,,,,,,,,,,,,,,,,,,,,,,,,,,,,,,,,,,,,,,,,,,,,,,,,0,0,1,4,0,1,0,282,,,
13171102,N,N,N,N,N,N,N,3/14/2013,8:00 AM,0031383913G,,101,208,N,Y,,,19,,,1,100,E,EDGEBROOK,DR,N,N,35,N,N,,N,19,,,,3900,,PARKCREST,DR,,,,,,,11,1,0,,1,1,1,8:06 AM,DISPATCH,8:22 AM,3/14/2013,Y,TXHPD0000,2469,16,104,17,8,2,4,34,32,54,1,5,1,14,21,101,208,29.6496697,-95.2179249,,,,,E EDGEBROOK DR,,,,,,,,,,,,,,,Y,N,N,5,9,Y,THU,,,,,,,,,,,,,,,,,,,,,,,,,,,,,,,,,,,,,,,,,,,,,,,,,,,,,,,,0,0,0,2,0,0,0,15,,,
13171268,N,N,N,N,N,N,N,3/11/2013,11:03 AM,130700687,,227,22,N,Y,,,19,,,7,1127,W,6TH,ST,Y,N,0,N,N,,N,19,,,,,,BAYLOR,ST,,,,,,,8,8,98,,7,8,17,11:03 AM,DISPATCH,11:10 AM,3/11/2013,Y,TX2270100,74,252,10,14,8,4,4,4,64,12,7,9,5,33,21,227,22,,,,,,,W 6TH ST,,,,,,,,,,,,,,,N,N,N,5,9,N,MON,,,,,,,,,,,,,,,,,,,,,,,,,,,,,,,,,,,,,,,,,,,,,,,,,,,,,,,,0,0,0,1,0,0,0,,,,
13171299,N,N,N,N,N,N,N,3/10/2013,6:07 PM,130691272,,227,22,N,Y,,,2,290,,2,6200,W,ER,HWY,N,N,45,N,N,,Y,19,,,,,,JOE TANNER,RD,,,,,,,11,1,2,,1,1,5,6:07 PM,DISPATCH,6:15 PM,3/10/2013,Y,TX2270100,74,53,93,112,8,2,1,23,64,54,2,2,1,21,21,227,22,,,US,290,,,US0290,,,,,,,,,,JOE TANNER RD,,,,,Y,Y,N,5,9,N,SUN,,,,,,,,,,,,,,,,,,,,,,,,,,,,,,,,,,,,,,,,,,,,,,,,,,,,,,,,0,0,0,2,0,0,0,,,,
13171331,N,Y,N,N,N,N,N,3/6/2013,3:40 PM,130651185,,227,22,N,N,,,19,,,1,2000,E,ST ELMO,RD,N,N,35,N,N,,Y,19,,,,2200,,WOODWARD,ST,,,,,,,11,1,2,,1,1,5,3:40 PM,DISPATCHED,3:46 PM,3/6/2013,Y,TX2270100,74,,,367,8,1,1,3,64,54,1,5,1,21,21,227,22,,,,,,,E ST ELMO RD,,,,,,,,,,WOODWARD ST,,,,,Y,N,N,2,9,N,WED,,,,,,,,,,,,,,,,,,,,,,,,,,,,,,,,,,,,,,,,,,,,,,,,,,,,,,,,0,1,0,1,0,1,0,,,,
13171493,N,Y,N,N,N,N,N,2/11/2013,8:00 AM,2013-00210,,199,758,N,Y,,,1,30,,1,3000,W,NOT REPORTED,,N,N,65,N,N,,N,4,551,,,700,,NOT REPORTED,,,,,,,,11,1,0,2,1,1,11,8:00 AM,911,8:10 AM,2/11/2013,Y,TX1990000,2034,,,85,8,2,4,21,64,54,1,1,1,21,21,199,758,32.92594765,-96.39568893,IH,30,,72.217,IH0030,,9,12,9.123,72,0.367,,,,,,,,,Y,Y,N,5,4,Y,MON,5,0,4,10,12,9,4,300,76,48,5,0,0,2,8,5,2,20,5,2,4,4,11,54264,2014,54264,8.4,4.9,13.3,,,,,,,,,,,,,,,,,,,,,,,,,,,0,0,0,3,0,0,0,282,,,
13171631,N,N,N,N,N,N,N,3/1/2013,7:43 PM,DTA13000101,HOV EB I 635,57,107,N,Y,,,1,635,,1,9300,E,LYNDON B JOHNSON,FWY,N,N,60,N,N,,N,19,,,,,W,ABRAMS,RD,,,,,,,11,3,0,2,1,1,20,7:43 PM,DISPATCHED,8:05 PM,3/1/2013,Y,TX0575300,1179,,,82,8,2,4,20,64,42,1,1,1,21,21,57,107,32.91350454,-96.73848786,IH,635,,18.093,IH0635,,2374,1,4.559,17,0.462,,,,,,,,,Y,Y,N,5,9,Y,FRI,5,1,2,10,18,2,8,320,140,88,5,0,0,2,4,5,2,20,5,2,14,4,11,176167,2014,176167,5.2,8.7,14,,,,,,,,,,,,,,,,,,,,,,,,,,,0,0,0,3,1,0,0,282,,,
13172065,N,N,N,N,N,N,N,3/9/2013,8:30 AM,13-8115,,152,270,N,Y,,,19,,,7,5012,,59TH,ST,N,N,30,N,N,,N,19,,,1,5800,,WAYNE,AVE,,,,,,,12,4,0,,1,1,1,9:53 AM,POLICE RADIO,9:57 AM,3/9/2013,N,TX1520200,1706,,,,8,4,4,1,64,3,1,5,2,21,21,152,270,33.54061434,-101.9191624,,,,,59TH ST,5054,,,,,,,,,,,,,,Y,N,N,0,8,Y,SAT,,,,,,,,,,,,,,,,,,,,,,,,,,,,,,,,,,,,,,,,,,,,,,,,,,,,,,,,0,0,0,0,1,0,0,122,,,
13172116,N,N,N,N,N,N,N,2/27/2013,7:15 PM,13-064173,,71,136,N,N,,,19,,,1,,,ALAMEDA,AVE,N,N,0,N,N,,Y,19,,,1,,N,N AMERICAS AVE SB,AVE,,,,,,,0,0,98,,7,8,8,1:10 PM,PHONE,1:10 PM,3/5/2013,Y,TX0710200,1259,,,111,8,2,2,22,64,38,1,5,1,21,21,71,136,,,,,,,ALAMEDA AVE,,,,,,,,,,N N AMERICAS AVE SB AVE,,,,,N,N,N,5,9,N,WED,,,,,,,,,,,,,,,,,,,,,,,,,,,,,,,,,,,,,,,,,,,,,,,,,,,,,,,,0,0,0,3,0,0,0,,,,
13172346,N,N,N,N,N,N,N,3/6/2013,5:49 PM,13019165,,61,162,N,Y,,,4,423,,1,,,NOT REPORTED,,N,N,55,N,N,,N,19,,,,,,GIBBS,RD,,,,,,,11,1,0,,1,1,1,5:54 PM,DISPATCHED,6:02 PM,3/6/2013,Y,TX0430400,1331,,,,8,2,4,22,64,42,1,3,1,21,21,61,162,,,FM,423,,,FM0423,,,,,,,,,,,,,,,Y,Y,N,2,8,N,WED,,,,,,,,,,,,,,,,,,,,,,,,,,,,,,,,,,,,,,,,,,,,,,,,,,,,,,,,0,1,0,3,0,1,0,,,,
13172627,N,N,N,N,N,Y,N,2/12/2013,12:14 PM,2013-03052,,239,48,N,Y,,,19,,,1,,W,SECOND,ST,N,N,30,N,N,BLACKTOP,Y,19,,,1,,,CHURCH,ST,,,,,BLACKTOP,,2,1,0,,1,2,1,12:14 PM,DISPATCH,12:14 PM,2/12/2013,N,TX2390100,156,,,,8,2,1,11,64,54,1,5,1,21,21,239,48,30.16349475,-96.39808281,,,,,W 2ND ST,199,,,,,,,,,CHURCH ST,,,,,Y,N,N,5,5,Y,TUE,,,,,,,,,,,,,,,,,,,,,,,,,,,,,,,,,,,,,,,,,,,,,,,,,,,,,,,,0,0,0,2,0,0,0,,,,
13172845,N,N,N,N,N,N,N,3/7/2013,8:04 AM,2013A000572,29B,57,166,N,Y,32.86409,-96.64836,19,,,1,1300,,NORTHWEST,HWY,N,N,40,N,N,,Y,19,,,1,4300,,SATURN,RD,,,,,,,11,1,4,,1,1,5,8:04 AM,DROVE UPON,8:04 AM,3/7/2013,Y,TX0571100,1344,,,,8,2,1,14,64,54,1,5,1,21,21,57,166,32.86404432,-96.64829997,,,,,NORTHWEST HWY,1397,,,,,,,,,UNKNOWN,,,,,Y,N,N,3,8,Y,THU,,,,,,,,,,,,,,,,,,,,,,,,,,,,,,,,,,,,,,,,,,,,,,,,,,,,,,,,0,0,2,0,0,2,0,282,,,
13172902,N,Y,N,N,N,N,N,3/14/2013,4:00 PM,13-24756,,220,156,N,Y,32.75122,-97.36223,19,,,1,3100,W,7TH,ST,N,N,30,N,N,,N,19,,,,700,,UNIVERSITY,DR,,,,,,,11,1,98,,1,1,17,3:58 PM,DISPATCHED,4:03 PM,3/14/2013,Y,TX2201200,1318,885,19,120,8,2,4,11,64,12,1,5,1,12,21,220,156,32.75114002,-97.36163873,,,,,W 7TH ST,3107,,,,,,,,,,,,,,Y,N,N,5,9,Y,THU,,,,,,,,,,,,,,,,,,,,,,,,,,,,,,,,,,,,,,,,,,,,,,,,,,,,,,,,0,0,0,2,0,0,0,282,,,
13172945,N,Y,N,N,N,N,N,3/12/2013,4:10 PM,13-24117,,220,156,N,Y,32.76746,-97.30168,19,,,1,200,N,RIVERSIDE,DR,N,N,45,N,N,,Y,3,121,,2,3100,,AIRPORT,FWY,,,,,,,11,1,0,2,1,1,5,4:14 PM,DISPATCHED,4:20 PM,3/12/2013,Y,TX2201200,1318,885,3,120,8,2,1,22,64,43,2,2,1,21,21,220,156,32.76833684,-97.30190089,SH,121,,96.646,SH0121,,363,3,7.385,304,0.838,,,,UNKNOWN,,,,,Y,Y,N,5,9,Y,TUE,5,0,9,10,58,2,8,375,134,96,4,0,0,2,18,5,2,20,5,2,40,4,12,107403,2014,107403,3,3.2,6.2,1,483,1,1,30,,,,,,,,,,,,,,,,,,,,,,0,0,0,2,0,0,0,282,,,
13172985,N,N,N,N,N,N,N,3/14/2013,9:47 PM,,,109,1674,Y,Y,31.7772,-97.2905,15,2200,,1,,,NOT REPORTED,,N,N,60,N,N,GRAVEL ROAD,N,15,2203,,,,,NOT REPORTED,,,,,,,,11,3,0,,1,1,1,9:49 PM,HILL COUNTY SHERIFF,10:12 PM,3/14/2013,Y,,10000,12,119,1,8,7,4,1,33,54,1,4,2,21,21,109,1674,31.77720979,-97.29048516,,,,,HCR 2200,705,,,,,,,,,,,,,,Y,N,Y,2,0,Y,THU,,,,,,,,,,,,,,,,,,,,,,,,,,,,,,,,,,,,,,,,,,,,,,,,,,,,,,,,0,1,0,0,0,1,0,,,,
13173000,N,N,N,N,N,N,N,3/14/2013,1:50 PM,SAPD13054848,2120,15,379,N,N,,,19,,,1,414,,NAVARRO,ST,N,N,30,N,N,,N,19,,,,100,,COLLEGE,ST,,,,,,,11,1,0,,1,1,20,2:10 PM,DISPATCH,2:15 PM,3/14/2013,Y,TXSPD0000,2473,,3,122,8,4,4,1,64,3,1,5,1,21,21,15,379,29.42578061,-98.48974416,,,,,NAVARRO ST,492,,,,,,,,,,,,,,N,N,N,0,9,Y,THU,,,,,,,,,,,,,,,,,,,,,,,,,,,,,,,,,,,,,,,,,,,,,,,,,,,,,,,,0,0,0,0,1,0,0,28,,,
13173097,N,N,N,N,N,N,N,3/13/2013,6:30 AM,13-24300,,220,156,N,N,,,1,35W,,1,6000,N,FREEWAY,FWY,N,N,60,N,N,FREEWAY,N,19,,,,3200,,WESTERN CENTER,BLVD,,,,,LOCAL ROAD,,11,4,98,2,1,1,1,6:45 AM,DISPATCHED,7:09 AM,3/13/2013,Y,TX2201200,1318,885,29,120,8,2,4,20,64,42,1,1,1,21,21,220,156,32.85825511,-97.31384493,IH,35,W,58.611,IH0035W,,14,16,14.637,58,0.451,,,,,,,,,N,Y,N,5,9,Y,WED,5,0,4,10,42,3,4,350,92,48,5,0,0,2,14,5,2,30,5,2,28,4,11,141233,2014,141233,3.2,11.8,15.1,1,384,0,2,10,,,,,,,,,,,,,,,,,,,,,,0,0,0,2,1,0,0,282,,,
13173122,N,N,N,N,N,N,N,3/4/2013,7:10 PM,,,175,1740,Y,Y,32.00905,-96.47785,4,709,,1,,,NOT REPORTED,,N,N,60,N,N,,N,15,1160,,,,SW,NOT REPORTED,,,,,,,,11,3,0,1,1,1,11,7:14 PM,DISPATCHED,7:24 PM,3/6/2013,Y,,10000,8,107,1,8,6,4,1,64,54,1,3,1,21,21,175,1740,32.00238729,-96.4780275,FM,709,,30.02,FM0709,4542,162,9,29.209,620,0.913,,,,,,,,,Y,Y,Y,5,0,Y,MON,2,0,0,0,0,2,2,80,24,24,6,0,0,1,0,0,1,0,0,0,0,1,7,898,2014,898,14.9,1.8,16.7,,,,,,,,,,,,,,,,,,,,,,,,,,,0,0,0,1,0,0,0,,,,
13173164,N,N,N,N,Y,N,N,3/13/2013,6:45 PM,13-24496,,220,156,N,N,32.61069,-97.32114,19,,,2,9800,,SOUTH FWY RAMP NB RAMP,RD,N,N,40,N,N,,N,19,,,,100,E,RISINGER,RD,,,,,,,11,1,0,,3,1,1,6:57 PM,DISPATCH,7:05 PM,3/13/2013,Y,TX2201200,1318,885,11,120,8,7,4,1,20,54,2,5,2,21,21,220,156,,,,,,,SOUTH FWY RAMP NB RAMP RD,,,,,,,,,,,,,,,N,N,N,5,9,N,WED,,,,,,,,,,,,,,,,,,,,,,,,,,,,,,,,,,,,,,,,,,,,,,,,,,,,,,,,0,0,0,1,0,0,0,,,,
13173242,N,N,N,N,N,N,N,3/14/2013,4:15 PM,SAPD13054966,3360,15,379,N,Y,,,19,,,5,4500,,GOLDFIELD,DR,N,N,40,N,N,,Y,1,35,,2,5500,N,NOT REPORTED,HWY,,,,,,,11,1,2,,1,1,1,4:17 PM,DISPATCHED,4:20 PM,3/14/2013,Y,TXSPD0000,2473,,7,147,8,2,4,34,64,54,2,1,1,21,21,15,379,29.48240496,-98.40300232,,,,,GOLDFIELD DR,4501,,,,,,,,,,,,,,Y,N,N,5,9,Y,THU,,,,,,,,,,,,,,,,,,,,,,,,,,,,,,,,,,,,,,,,,,,,,,,,,,,,,,,,0,0,0,2,0,0,0,28,,,
13173638,N,N,N,N,N,N,N,3/14/2013,4:35 PM,60541A,60542A,57,107,N,Y,,,1,35,E,1,3000,N,STEMMONS,,N,N,60,N,N,,N,19,,,,,,COMMONWEALTH,AVE,,,,,,,11,1,0,,1,1,20,4:53 PM,DISPATCH,5:00 PM,3/16/2013,N,TX0000006,2471,,,87,8,2,4,20,64,42,1,1,1,21,21,57,107,,,IH,35,E,,IH0035E,,,,,,,,,,,,,,,Y,Y,N,5,9,N,THU,,,,,,,,,,,,,,,,,,,,,,,,,,,,,,,,,,,,,,,,,,,,,,,,,,,,,,,,0,0,0,2,1,0,0,,,,
13174294,N,N,N,N,N,N,N,3/7/2013,7:45 PM,13-001010,,57,124,N,Y,,,19,,,1,700,W,DANIELDALE,RD,N,N,40,N,N,,Y,19,,,,1300,S,SANTA FE,TRL,,,,,,,11,4,4,,1,1,5,5:45 PM,DISPATCH,5:47 PM,3/7/2013,Y,TX0570900,1223,,18,65,8,2,1,34,64,54,1,5,1,21,21,57,124,32.63262429,-96.92514255,,,,,W DANIELDALE RD,798,,,,,,,,,SANTA FE TRL,,,,,Y,N,N,2,6,Y,THU,,,,,,,,,,,,,,,,,,,,,,,,,,,,,,,,,,,,,,,,,,,,,,,,,,,,,,,,0,1,2,0,0,3,0,282,,,
13174430,N,Y,N,N,N,N,N,3/5/2013,3:08 PM,13000409,,14,424,N,Y,,,1,35,,2,2600,S,GENERAL BRUCE,DR,N,N,40,N,N,IH 35-SBFR,Y,19,,,1,800,S,53RD,ST,,,,,,,11,1,4,2,1,1,8,3:08 PM,RADIO,3:08 PM,3/5/2013,Y,TX0140700,2221,,97,127,8,2,1,24,64,54,2,1,1,21,21,14,424,31.09467792,-97.37334501,IH,35,,299.038,IH0035,,15,14,21.759,300,-0.393,,,,S 53RD ST,,,,,Y,Y,N,3,7,Y,TUE,5,0,6,10,38,9,4,200,80,48,5,0,0,2,12,5,2,20,5,3,26,3,11,62518,2014,62518,3.7,16.1,19.8,,,,,,,,,,,,,,,,,,,,,,,,,,,0,0,1,2,0,1,0,277,,,
13174442,N,N,N,N,N,N,N,2/13/2013,5:08 PM,13-0408,,247,150,N,Y,,,2,181,,1,600,N,10TH,ST,N,N,45,N,N,,Y,19,,,1,1800,,SUTHERLAND SPRINGS,RD,,,,,,,11,1,0,1,1,1,9,5:05 PM,DISPATCHED,5:08 PM,2/13/2013,Y,TX2470100,1303,,,66,8,2,1,34,64,54,1,2,1,21,21,247,150,29.1478646,-98.16961283,SL,181,,3.369,SL0181,,100,9,3.817,522,-0.579,,,,SUTHERLAND SPRINGS RD,,,,,Y,Y,N,5,4,Y,WED,2,0,4,4,0,2,2,70,32,24,4,0,0,2,4,5,2,4,5,0,0,2,16,3275,2014,3275,4.5,1.9,6.5,,,,,,,,,,,,,,,,,,,,,,,,,,,0,0,0,2,0,0,0,,,,
13174517,N,N,N,N,N,N,N,2/19/2013,7:05 PM,,,79,1644,Y,Y,29.7231,-95.77263,3,99,,1,,,NOT REPORTED,,N,N,60,N,N,,N,15,,,,,,FRY,,,,,,,,11,3,0,2,1,1,11,7:05 PM,ON VIEW,7:05 PM,2/19/2013,Y,,10000,19,52,1,8,2,4,20,56,54,1,2,1,21,21,79,1644,29.72309809,-95.77278627,SH,99,,13.919,SH0099,,3510,4,14.009,694,1.027,,,,,,,,,Y,Y,Y,5,0,Y,TUE,3,0,0,0,160,3,4,300,60,60,5,1,1,1,0,0,1,0,0,1,160,4,12,39571,2014,39571,3.9,1.4,5.2,,,,,,,,,,,,,,,,,,,,,,,,,,,0,0,0,1,0,0,0,15,,,
13175168,N,N,N,N,N,N,N,3/1/2013,6:44 PM,13-0122,,94,389,N,Y,,,4,3009,,1,4000,,FM 3009,,N,N,45,N,N,,N,19,,,1,1000,,RIPPS KREUSLER,,,,,,,,11,4,0,1,1,1,20,6:44 PM,OFFICER INITIATED,6:45 PM,3/1/2013,Y,TX0940200,2098,,27,167,8,2,4,22,64,42,1,3,1,21,21,94,389,29.59791167,-98.27541017,FM,3009,,14.051,FM3009,4904,3107,2,5.201,488,0.674,,,,,,,,,Y,Y,N,5,6,Y,FRI,2,0,8,8,0,2,2,120,54,38,2,1,1,2,8,5,2,8,5,0,0,4,14,25854,2014,25854,2,2.1,4.2,,,,,,,,,,,,,,,,,,,,,,,,,,,0,0,0,4,0,0,0,28,,,
13176045,N,N,N,N,N,N,N,3/8/2013,12:40 AM,0028639513S,FSGI,101,208,N,Y,,,1,610,,1,1000,N,NORTH LP,,N,N,60,N,N,,N,2,610,,,1000,,NOT REPORTED,,,,,,,,11,4,0,,1,1,20,12:40 AM,DISPATCH,12:50 AM,3/8/2013,Y,TXHPD0000,2469,6,152,27,8,2,4,21,64,54,1,1,1,21,21,101,208,,,IH,610,,,IH0610,,,,,,,,,,,,,,,Y,Y,N,5,9,N,FRI,,,,,,,,,,,,,,,,,,,,,,,,,,,,,,,,,,,,,,,,,,,,,,,,,,,,,,,,0,0,0,4,0,0,0,,,,