Crash_ID,Crash_Fatal_Fl,Cmv_Involv_Fl,Schl_Bus_Fl,Rr_Relat_Fl,Medical_Advisory_Fl,Amend_Supp_Fl,Active_School_Zone_Fl,Crash_Date,Crash_Time,Case_ID,Local_Use,Rpt_CRIS_Cnty_ID,Rpt_City_ID,Rpt_Outside_City_Limit_Fl,Thousand_Damage_Fl,Rpt_Latitude,Rpt_Longitude,Rpt_Rdwy_Sys_ID,Rpt_Hwy_Num,Rpt_Hwy_Sfx,Rpt_Road_Part_ID,Rpt_Block_Num,Rpt_Street_Pfx,Rpt_Street_Name,Rpt_Street_Sfx,Private_Dr_Fl,Toll_Road_Fl,Crash_Speed_Limit,Road_Constr_Zone_Fl,Road_Constr_Zone_Wrkr_Fl,Rpt_Street_Desc,At_Intrsct_Fl,Rpt_Sec_Rdwy_Sys_ID,Rpt_Sec_Hwy_Num,Rpt_Sec_Hwy_Sfx,Rpt_Sec_Road_Part_ID,Rpt_Sec_Block_Num,Rpt_Sec_Street_Pfx,Rpt_Sec_Street_Name,Rpt_Sec_Street_Sfx,Rpt_Ref_Mark_Offset_Amt,Rpt_Ref_Mark_Dist_Uom,Rpt_Ref_Mark_Dir,Rpt_Ref_Mark_Nbr,Rpt_Sec_Street_Desc,Rpt_CrossingNumber,Wthr_Cond_ID,Light_Cond_ID,Entr_Road_ID,Road_Type_ID,Road_Algn_ID,Surf_Cond_ID,Traffic_Cntl_ID,Investigat_Notify_Time,Investigat_Notify_Meth,Investigat_Arrv_Time,Report_Date,Investigat_Comp_Fl,ORI_Number,Investigat_Agency_ID,Investigat_Area_ID,Investigat_District_ID,Investigat_Region_ID,Bridge_Detail_ID,Harm_Evnt_ID,Intrsct_Relat_ID,FHE_Collsn_ID,Obj_Struck_ID,Othr_Factr_ID,Road_Part_Adj_ID,Road_Cls_ID,Road_Relat_ID,Phys_Featr_1_ID,Phys_Featr_2_ID,Cnty_ID,City_ID,Latitude,Longitude,Hwy_Sys,Hwy_Nbr,Hwy_Sfx,Dfo,Street_Name,Street_Nbr,Control,Section,Milepoint,Ref_Mark_Nbr,Ref_Mark_Displ,Hwy_Sys_2,Hwy_Nbr_2,Hwy_Sfx_2,Street_Name_2,Street_Nbr_2,Control_2,Section_2,Milepoint_2,Txdot_Rptable_Fl,Onsys_Fl,Rural_Fl,Crash_Sev_ID,Pop_Group_ID,Located_Fl,Day_of_Week,Hwy_Dsgn_Lane_ID,Hwy_Dsgn_Hrt_ID,Hp_Shldr_Left,Hp_Shldr_Right,Hp_Median_Width,Base_Type_ID,Nbr_Of_Lane,Row_Width_Usual,Roadbed_Width,Surf_Width,Surf_Type_ID,Curb_Type_Left_ID,Curb_Type_Right_ID,Shldr_Type_Left_ID,Shldr_Width_Left,Shldr_Use_Left_ID,Shldr_Type_Right_ID,Shldr_Width_Right,Shldr_Use_Right_ID,Median_Type_ID,Median_Width,Rural_Urban_Type_ID,Func_Sys_ID,Adt_Curnt_Amt,Adt_Curnt_Year,Adt_Adj_Curnt_Amt,Pct_Single_Trk_Adt,Pct_Combo_Trk_Adt,Trk_Aadt_Pct,Curve_Type_ID,Curve_Lngth,Cd_Degr,Delta_Left_Right_ID,Dd_Degr,Feature_Crossed,Structure_Number,I_R_Min_Vert_Clear,Approach_Width,Bridge_Median_ID,Bridge_Loading_Type_ID,Bridge_Loading_In_1000_Lbs,Bridge_Srvc_Type_On_ID,Bridge_Srvc_Type_Under_ID,Culvert_Type_ID,Roadway_Width,Deck_Width,Bridge_Dir_Of_Traffic_ID,Bridge_Rte_Struct_Func_ID,Bridge_IR_Struct_Func_ID,CrossingNumber,RRCo,Poscrossing_ID,WDCode_ID,Standstop,Yield,Incap_Injry_Cnt,Nonincap_Injry_Cnt,Poss_Injry_Cnt,Non_Injry_Cnt,Unkn_Injry_Cnt,Tot_Injry_Cnt,Death_Cnt,MPO_ID,Investigat_Service_ID,Investigat_DA_ID,Investigator_Narrative
13176564,N,Y,N,N,N,N,N,3/10/2013,10:14 AM,13-001223,,57,109,N,Y,,,19,,,2,1301,N,I35E SR,,N,N,40,N,N,CONCRETE,N,19,,,1,1300,E,CENTRE PARK,BLVD,,,,,,,11,1,0,2,1,1,1,10:14 AM,DISPATCHED,10:19 AM,3/10/2013,N,TX0570800,1187,,8,227,8,2,2,21,1,54,2,1,1,21,21,57,253,32.6278569,-96.8231722,IH,35,E,46.503,IH0035E,,442,2,5.557,417,0.434,IH,20,,IH0020,,,,,Y,Y,N,3,6,Y,SUN,5,0,10,10,24,8,8,320,136,96,5,0,0,2,20,5,2,20,5,2,4,4,11,89527,2014,89527,3.5,34.6,38,,,,,,,,,,,,,,,,,,,,,,,,,,,0,0,2,1,0,2,0,282,,,
13176599,N,Y,N,N,N,Y,N,2/8/2013,5:00 AM,,,90,1655,Y,Y,35.182,-100.82381,1,40,,1,,,NOT REPORTED,,N,N,75,N,N,,N,,,,,,,NOT REPORTED,,0.3,M,E,129,,,11,3,0,2,1,1,20,5:07 AM,GRAY COUNTY SO,5:40 AM,3/7/2013,Y,TX0900000,10000,1,130,1,8,2,4,21,32,7,1,1,1,21,21,65,1630,35.1809819,-100.8253972,IH,40,,129.291,IH0040,,275,10,2.938,129,0.3,,,,NOT REPORTED,,,,,Y,Y,Y,5,0,Y,FRI,5,0,4,10,68,3,4,350,80,48,5,0,0,2,8,5,2,20,5,3,60,1,1,11466,2014,11466,6.4,44.8,51.2,1,854,0,,0,,,,,,,,,,,,,,,,,,,,,,0,0,0,1,1,0,0,,,,
13176678,N,N,N,N,N,N,N,3/13/2013,1:09 PM,13-46449,,43,336,N,Y,,,19,,,1,3400,,COIT,RD,N,N,40,N,N,,N,19,,,,,,PARKER,RD,,,,,,,11,1,0,,5,1,11,1:12 PM,RADIO DISPATCHED,1:17 PM,3/13/2013,Y,TX0430600,1938,,,153,8,2,3,10,64,14,1,5,1,32,21,43,336,33.04224218,-96.77012992,,,,,COIT RD,,,,,,,,,,,,,,,Y,N,N,5,9,Y,WED,,,,,,,,,,,,,,,,,,,,,,,,,,,,,,,,,,,,,,,,,,,,,,,,,,,,,,,,0,0,0,3,0,0,0,282,,,
13176733,N,N,N,N,N,N,N,3/8/2013,10:39 AM,13-005069,,108,448,N,Y,,,19,,,7,1004,N,TEXAS,BLVD,Y,N,0,N,N,,N,19,,,,100,E,PIKE,BLVD,,,,,,,11,1,2,,1,1,1,10:39 AM,RADIO,10:52 AM,3/8/2013,Y,TX1081400,2396,,,,8,2,4,40,64,12,7,9,5,33,21,108,448,,,,,,,N TEXAS BLVD,,,,,,,,,,,,,,,N,N,N,5,6,N,FRI,,,,,,,,,,,,,,,,,,,,,,,,,,,,,,,,,,,,,,,,,,,,,,,,,,,,,,,,0,0,0,3,0,0,0,,,,
13176936,N,N,N,N,N,N,N,3/11/2013,3:18 PM,2013A000622,29B,57,166,N,Y,32.91654,-96.70033,19,,,1,400,N,PLANO,RD,N,N,40,N,N,,N,19,,,1,4400,W,WALNUT,ST,,,,,,,11,1,4,,1,1,11,3:18 PM,DISPATCH,3:18 PM,3/11/2013,Y,TX0571100,1344,,,104,8,2,3,34,64,13,1,5,1,32,21,57,166,32.91535238,-96.70041982,,,,,N PLANO RD,,,,,,,,,,,,,,,Y,N,N,3,8,Y,MON,,,,,,,,,,,,,,,,,,,,,,,,,,,,,,,,,,,,,,,,,,,,,,,,,,,,,,,,0,0,3,3,0,3,0,282,,,
13176952,N,N,N,N,N,N,N,3/1/2013,11:00 PM,1300013399,,220,141,N,Y,,,4,157,,1,2200,N,INDUSTRIAL,BLVD,N,N,45,N,N,"FLAT, 3 LANES",N,19,,,1,1000,W,MID CITIES,BLVD,,,,,,,11,4,2,2,1,1,20,11:00 PM,DISPATCHED,11:03 PM,3/1/2013,Y,TX2200900,1279,,,35,8,7,4,1,39,54,1,3,4,21,21,220,141,32.86610027,-97.09981201,FM,157,,0.153,FM0157,3754,747,3,4.85,262,0.095,,,,,,,,,Y,Y,N,5,7,Y,FRI,3,0,0,10,22,3,4,100,68,48,5,0,0,1,0,0,2,20,5,3,22,4,14,19842,2014,19842,2.3,0.6,2.9,,,,,,,,,,,,,,,,,,,,,,,,,,,0,0,0,2,0,0,0,282,,,
13177101,N,N,N,N,N,N,N,3/13/2013,6:32 AM,13-005802,,1,320,N,Y,,,19,,,1,112,,HOLMES,ST,N,N,30,N,N,,N,19,,,1,200,,BLANTON,RD,,,,,,,11,4,0,,1,1,1,6:32 AM,DISPATCHED,6:40 AM,3/13/2013,Y,TX0010100,1896,,,,8,7,4,1,62,54,1,5,2,21,21,1,320,31.74270137,-95.664101,,,,,HOLMES ST,214,,,,,,,,,,,,,,Y,N,N,2,5,Y,WED,,,,,,,,,,,,,,,,,,,,,,,,,,,,,,,,,,,,,,,,,,,,,,,,,,,,,,,,0,3,0,0,0,3,0,,,,
13177304,N,N,N,N,N,N,N,3/4/2013,8:20 AM,130029463,0,101,1666,Y,Y,,,19,,,1,800,,REGIONAL PARK,,N,N,0,N,N,TWOWAY NOT DIVIDED CONCRETE,Y,19,,,1,18000,,WAYFOREST,DR,,,,,TWOWAY NOT DIVIDED CONCRE,,11,1,0,,1,1,11,8:28 AM,DISPATCHED,8:28 AM,3/4/2013,Y,TX1010000,1419,151,4,5,8,2,1,34,64,54,1,4,1,21,21,101,1666,29.95901476,-95.39323307,,,,,REGIONAL PARK DR,898,,,,,,,,,WAYFOREST DR,,,,,Y,N,Y,3,0,Y,MON,,,,,,,,,,,,,,,,,,,,,,,,,,,,,,,,,,,,,,,,,,,,,,,,,,,,,,,,0,0,1,1,0,1,0,15,,,
13177305,N,N,N,N,N,N,N,3/6/2013,4:03 PM,130030697,0,101,1666,Y,Y,,,19,,,1,14900,,WILLIS RD,,N,N,30,N,N,,N,4,525,,,,,NOT REPORTED,,,,,,,,11,1,0,,1,1,1,4:03 PM,DISPATCHED,4:37 PM,3/6/2013,N,TX1010000,1419,151,4,5,8,2,3,14,64,14,1,3,1,32,21,101,1666,29.93205696,-95.37740772,,,,,WILLIS ST,14900,,,,,,,,,,,,,,Y,N,Y,5,0,Y,WED,,,,,,,,,,,,,,,,,,,,,,,,,,,,,,,,,,,,,,,,,,,,,,,,,,,,,,,,0,0,0,2,0,0,0,15,,,
13177392,N,N,N,N,N,N,N,3/11/2013,7:55 AM,A13-000437,,14,236,N,Y,,,19,,,1,3000,,ELMS,RD,N,N,30,N,N,,Y,19,,,1,3700,,CUNNINGHAM,RD,,,,,,,11,1,0,,1,1,8,8:04 AM,DISPATCHED,8:05 AM,3/11/2013,Y,TX0140400,1587,,,,8,2,1,10,64,54,1,5,1,21,21,14,236,31.07468462,-97.71531243,,,,,E ELMS RD,3305,,,,,,,,,CUNNINGHAM RD,,,,,Y,N,N,5,8,Y,MON,,,,,,,,,,,,,,,,,,,,,,,,,,,,,,,,,,,,,,,,,,,,,,,,,,,,,,,,0,0,0,2,0,0,0,277,,,
13177471,N,N,N,N,N,N,N,3/5/2013,10:24 AM,2013-002553,,235,440,N,Y,,,19,,,1,500,E,WATER,ST,N,N,35,N,N,,Y,19,,,1,700,S,NAVARRO,ST,,,,,,,12,1,4,,1,1,8,10:55 AM,POLICE RADIO,11:03 AM,3/5/2013,Y,TX2350100,2366,,8,29,8,2,1,14,64,54,1,5,1,21,21,235,440,28.79148505,-97.00381271,,,,,E WATER ST,600,,,,,,,,,S NAVARRO ST,,,,,Y,N,N,5,7,Y,TUE,,,,,,,,,,,,,,,,,,,,,,,,,,,,,,,,,,,,,,,,,,,,,,,,,,,,,,,,0,0,0,6,0,0,0,363,,,
13177518,N,N,N,N,N,N,N,3/3/2013,4:15 PM,130029208,0,101,1666,Y,Y,,,19,,,1,500,,DELLDALE,,N,N,30,N,N,TWO WAY UNDIVIDED,Y,19,,,1,15300,,SOUTH,DR,,,,,TWO WAY UNDIVIDED,,11,1,4,,1,1,8,4:23 PM,DISPATCHED,4:23 PM,3/3/2013,Y,TX1010000,1419,109,4,5,8,2,1,10,64,54,1,4,1,21,21,101,1666,29.78234479,-95.13984315,,,,,DELL DALE BLVD,598,,,,,,,,,SOUTH DR,,,,,Y,N,Y,3,0,Y,SUN,,,,,,,,,,,,,,,,,,,,,,,,,,,,,,,,,,,,,,,,,,,,,,,,,,,,,,,,0,0,1,3,0,1,0,15,,,
13177737,N,N,N,Y,N,N,N,3/9/2013,12:42 PM,13-1162,,84,255,N,Y,,,4,646,,1,700,E,FM 646,,N,N,50,N,N,,N,19,,,1,1600,,OHIO,AVE,,,,,,,12,1,0,,1,1,13,12:57 PM,DISPATFH,1:03 PM,3/9/2013,Y,TX0840800,1648,,,,8,2,4,22,64,42,1,3,1,17,21,84,255,,,FM,646,,,FM0646,,,,,,,,,,,,,,,Y,Y,N,1,7,N,SAT,,,,,,,,,,,,,,,,,,,,,,,,,,,,,,,,,,,,,,,,,,,,,,,,,,,,,,,,1,1,0,2,0,2,0,,,,
13177796,N,N,N,N,N,N,N,1/29/2013,3:44 PM,13012914,,181,1746,Y,Y,,,19,,,1,600,E,FREEWAY,BLVD,N,N,0,N,N,,N,19,,,1,,,CLAIBORNE,ST,,,,,,,12,1,0,,1,1,20,1:48 PM,DISPATCHED,1:49 PM,1/29/2013,Y,TX1810400,2368,,,,8,7,4,1,39,54,3,5,4,21,21,181,1746,,,,,,,E FREEWAY BLVD,,,,,,,,,,,,,,,Y,N,Y,2,0,N,TUE,,,,,,,,,,,,,,,,,,,,,,,,,,,,,,,,,,,,,,,,,,,,,,,,,,,,,,,,0,1,0,0,0,1,0,,,,
13177798,N,N,N,N,N,N,N,3/8/2013,7:29 PM,13030817,,181,441,N,N,,,3,12,,1,2900,,NOT REPORTED,,N,N,0,N,N,,Y,4,1132,,1,,,EVANGELINE,DR,,,,,,,11,3,0,1,1,1,5,7:34 PM,DISPATCH,7:43 PM,3/9/2013,Y,TX1810400,2368,,,,8,2,2,22,64,38,1,2,1,21,21,181,441,30.14896584,-93.97924042,SH,12,,1.633,SH0012,2601,499,3,16.855,764,0.004,FM,1132,,FM1132,,784,5,2.58,Y,Y,N,3,5,Y,FRI,2,0,2,2,0,2,2,135,46,38,4,0,0,2,2,5,2,2,5,0,0,3,14,9186,2014,9186,3.9,7.6,11.5,,,,,,,,,,,,,,,,,,,,,,,,,,,0,0,1,0,1,1,0,135,,,
13177964,N,N,N,N,N,N,N,3/5/2013,7:16 PM,2013-02805,,220,1785,Y,Y,32.69301,-97.51881,19,,,4,1299,,MARKUM RANCH,RD,N,N,40,N,N,,Y,1,20,,4,,,IH 20 EB EXIT MARKUM,,,,,,,,11,3,4,,1,1,8,7:35 PM,DISPATCHED,7:41 PM,3/5/2013,Y,TX2200000,2213,,,59,8,2,1,10,64,54,4,1,1,21,21,220,1785,32.69298837,-97.51873921,,,,,MARKUM RANCH RD,1311,,,,,,,,,UNKNOWN,,,,,Y,N,Y,5,0,Y,TUE,,,,,,,,,,,,,,,,,,,,,,,,,,,,,,,,,,,,,,,,,,,,,,,,,,,,,,,,0,0,0,2,0,0,0,282,,,
13178113,N,N,N,N,N,N,N,3/5/2013,12:30 PM,130030107,0,101,1666,Y,Y,,,19,,,1,23900,,AYSCOUGH,LN,N,N,35,N,N,,N,19,,,1,2300,,PRINCE JEFFRY,LN,,,,,,,11,1,0,,1,1,1,12:30 PM,DISPATCHED,12:37 PM,3/5/2013,Y,TX1010000,1419,122,4,5,8,2,3,31,64,13,1,4,1,32,21,101,1666,29.80499778,-95.78472815,,,,,AYSCOUGH LN,23991,,,,,,,,,,,,,,Y,N,Y,5,0,Y,TUE,,,,,,,,,,,,,,,,,,,,,,,,,,,,,,,,,,,,,,,,,,,,,,,,,,,,,,,,0,0,0,2,0,0,0,15,,,
13178214,N,N,N,N,N,N,N,2/28/2013,8:20 AM,1300003841,,70,445,N,Y,,,8,287,,1,1700,,0,,N,N,0,N,N,,Y,19,,,,,,OVILLA,,,,,,,,11,1,2,2,1,1,8,8:22 AM,DISPATCHED,8:24 AM,2/28/2013,Y,TX0701000,2386,,8,36,8,2,1,10,64,54,1,2,1,21,21,70,445,32.40875945,-96.87355133,BU,287,R,2.217,BU0287R,,172,11,3.708,584,-0.026,FM,664,,FM0664,,,,,Y,Y,N,5,6,Y,THU,3,0,0,0,24,3,4,140,48,48,6,0,0,1,0,0,1,0,0,1,24,4,16,5850,2014,5850,10.6,14.6,25.3,1,58,1,2,4,,,,,,,,,,,,,,,,,,,,,,0,0,0,2,0,0,0,282,,,
13178324,N,N,N,N,N,N,N,3/4/2013,4:13 PM,2013-BCSO-008949,2B21,15,736,N,Y,29.28982,-98.3792,19,,,1,13061,,OLD CORPUS CHRISTI,RD,N,N,40,N,N,,N,19,,,,12271,,DONOP,RD,,,,,,,11,1,0,,1,1,1,4:14 PM,DISPATCHED,4:15 PM,3/4/2013,Y,TX0150000,120,,,162,8,2,3,23,64,13,1,4,1,32,21,15,736,,,,,,,OLD CORPUS CHRISTI RD,,,,,,,,,,,,,,,Y,N,Y,2,1,N,MON,,,,,,,,,,,,,,,,,,,,,,,,,,,,,,,,,,,,,,,,,,,,,,,,,,,,,,,,0,1,0,1,0,1,0,,,,
13179171,N,N,N,N,N,N,N,2/11/2013,1:00 PM,13-4870,,152,270,N,N,,,19,,,7,10002,,VICKSBURG,AVE,N,N,30,N,N,SIDEWALK,N,19,,,1,4800,,100TH,ST,,,,,,,11,1,2,,1,1,1,4:27 PM,POLICE RADIO,4:33 PM,2/11/2013,N,TX1520200,1706,,41,40,8,7,4,5,31,54,1,5,2,21,21,152,270,33.50293582,-101.9172513,,,,,VICKSBURG AVE,10009,,,,,,,,,,,,,,N,N,N,0,8,Y,MON,,,,,,,,,,,,,,,,,,,,,,,,,,,,,,,,,,,,,,,,,,,,,,,,,,,,,,,,0,0,0,0,1,0,0,122,,,
13179225,N,N,N,N,N,N,N,3/6/2013,4:39 PM,13-3897,,92,268,N,N,,,4,2206,,1,100,W,HARRISON,RD,N,N,45,N,N,,N,11,281,,,,W,LOOP 281,,,,,,,,11,1,0,1,1,1,8,4:54 PM,DISPATCHED,5:00 PM,3/6/2013,Y,920500,1691,,49,16,8,2,2,22,64,38,1,3,1,21,21,92,268,32.49848857,-94.79218219,FM,2206,,3.675,FM2206,,2073,1,3.676,702,1.699,SL,281,,SL0281,,,,,Y,Y,N,3,7,Y,WED,2,0,0,2,0,2,2,80,30,28,4,0,0,1,0,0,2,2,5,0,0,3,16,6614,2014,6614,1.4,1.1,2.4,,,,,,,,,,,,,,,,,,,,,,,,,,,0,0,1,1,0,1,0,361,,,
13179843,N,N,N,N,N,N,N,3/11/2013,6:25 PM,58102A,FLID - 59716A,57,107,N,Y,,,19,,,1,7100,,AMERICAN,WAY,N,N,30,N,N,,N,19,,,,3900,W,CAMP WISDOM,RD,,,,,,,11,1,0,,1,1,15,6:42 PM,DISPATCHED,6:45 PM,3/13/2013,N,TX0000006,2471,,,44,8,1,2,1,64,54,1,5,1,21,21,57,107,32.66193057,-96.88409256,,,,,AMERICAN WAY,7101,,,,,,,,,W CAMP WISDOM RD,,,,,Y,N,N,3,9,Y,MON,,,,,,,,,,,,,,,,,,,,,,,,,,,,,,,,,,,,,,,,,,,,,,,,,,,,,,,,0,0,1,0,1,1,0,282,,,
13180260,N,N,N,N,N,N,N,3/4/2013,2:49 PM,P13-03847,,174,303,N,N,,,4,1878,,1,1400,E,STARR,AVE,N,N,50,N,N,,N,19,,,1,1600,N,UNIVERSITY,DR,,,,,,,11,1,2,3,1,1,5,2:50 PM,DISPATCH,2:58 PM,3/4/2013,Y,TX1740200,1825,,,,8,2,2,22,64,38,1,3,1,21,21,174,303,31.61819641,-94.63957408,FM,1878,,0.812,FM1878,1394,1810,1,0.854,716,0.714,FM,1275,,FM1275,,,,,Y,Y,N,3,6,Y,MON,2,0,2,2,0,2,4,80,64,56,4,2,2,2,2,5,2,2,5,0,0,2,16,3219,2014,3219,5.5,2.5,8,1,109,4,2,21,,,,,,,,,,,,,,,,,,,,,,0,0,1,1,0,1,0,,,,
13180318,N,N,N,N,N,N,N,2/27/2013,3:40 PM,130027297,,101,1666,Y,Y,,,19,,,1,12000,,SPRING CYPRESS,RD,N,N,30,Y,Y,,N,19,,,1,16900,N,ELDRIDGE,PKWY,,,,,,,11,1,0,,1,1,1,3:47 PM,DISPATCHED,3:47 PM,2/27/2013,Y,TX1014900,2744,44,5,6,8,2,3,10,64,49,1,4,1,32,21,101,1666,30.01270476,-95.60791473,,,,,SPRING CYPRESS RD,,,,,,,,,,,,,,,Y,N,Y,3,0,Y,WED,,,,,,,,,,,,,,,,,,,,,,,,,,,,,,,,,,,,,,,,,,,,,,,,,,,,,,,,0,0,1,2,0,1,0,15,,,
13180456,N,N,N,N,N,N,N,2/5/2013,12:35 PM,13-2825,,68,315,N,Y,,,19,,,1,4000,E,52ND,ST,N,N,40,N,N,BLACK TOP,N,19,,,1,5200,,TANGLEWOOD,LN,,,,,BLACK TOP,,11,1,0,,1,1,20,12:09 PM,DISPATCHED,12:14 PM,2/5/2013,Y,200,1873,,,,8,2,4,21,64,54,1,5,1,21,21,68,315,31.90170185,-102.3447359,,,,,E 52ND ST,4115,,,,,,,,,,,,,,Y,N,N,3,8,Y,TUE,,,,,,,,,,,,,,,,,,,,,,,,,,,,,,,,,,,,,,,,,,,,,,,,,,,,,,,,0,0,1,1,0,1,0,174,,,
13180557,N,N,N,N,N,N,N,3/6/2013,9:40 PM,130030853,0,101,1666,Y,Y,,,19,,,1,18600,,KUYKENDAHL RD,,N,N,45,N,N,,Y,19,,,1,4900,,LOUETTA RD,,,,,,,,11,4,0,,1,1,5,9:40 PM,FLAGGED DOWN,9:40 PM,3/6/2013,Y,TX1010000,1419,74,4,5,8,2,1,10,64,54,1,4,1,21,21,101,1666,30.04038475,-95.48855305,,,,,KUYKENDAHL RD,18598,,,,,,,,,LOUETTA RD,,,,,Y,N,Y,2,0,Y,WED,,,,,,,,,,,,,,,,,,,,,,,,,,,,,,,,,,,,,,,,,,,,,,,,,,,,,,,,0,1,0,5,0,1,0,15,,,
13180762,N,N,N,N,N,N,N,3/4/2013,1:45 PM,T13-01798,,19,427,N,Y,,,19,,,1,800,,WOOD,ST,N,N,30,N,N,,N,2,67,,1,200,,MLK JR,BLVD,,,,,,,11,1,0,,1,1,1,1:51 PM,DISPATCHED,1:58 PM,3/4/2013,Y,TX0190500,2230,,151,219,8,2,2,11,64,54,1,2,1,12,21,19,427,33.42693281,-94.04349657,,,,,WOOD ST,680,,,,,,US,67,,US0067,,,,,Y,N,N,5,6,Y,MON,,,,,,,,,,,,,,,,,,,,,,,,,,,,,,,,,,,,,,,,,,,,,,,,,,,,,,,,0,0,0,3,0,0,0,211,,,
13180965,N,N,N,N,N,N,N,3/12/2013,1:24 PM,,,129,154,N,Y,32.71013,-96.43609,19,,,1,,,JENNIFER,CIR,N,N,30,N,N,,N,19,,,,,,WINDY,LN,,,,,,,11,1,0,,1,1,1,1:34 PM,DPS COMMUNICATIONS,1:53 PM,3/13/2013,Y,,10000,15,107,1,8,10,2,3,4,54,1,5,2,21,21,129,1694,32.71130334,-96.43764812,,,,,JENNIFER CIR,11488,,,,,,,,,WINDY LN,,,,,Y,N,Y,2,0,Y,TUE,,,,,,,,,,,,,,,,,,,,,,,,,,,,,,,,,,,,,,,,,,,,,,,,,,,,,,,,0,1,1,0,0,2,0,282,,,
13181107,N,N,N,N,N,N,N,3/13/2013,2:32 PM,C1301830,,178,97,N,Y,,,19,,,1,14400,S,PADRE ISLAND,DR,N,N,55,N,N,SB,N,19,,,1,14300,,JACKFISH,AVE,,,,,,,12,1,0,2,1,1,20,2:33 PM,DISPATCHED,2:40 PM,3/13/2013,Y,TX1780200,1115,,,12,8,2,4,22,64,42,1,3,1,21,21,178,97,27.62222067,-97.22166181,PR,22,,5.687,PR0022,14400,617,2,6.434,626,-0.856,,,,,,,,,Y,Y,N,3,9,Y,WED,4,0,6,10,47,2,4,200,80,48,4,0,0,2,12,5,2,20,5,3,35,4,14,21409,2014,21409,8.2,1,9.2,,,,,,,,,,,,,,,,,,,,,,,,,,,0,0,2,4,1,2,0,96,,,
13181108,N,N,N,N,N,N,N,3/13/2013,2:39 PM,C1301832,,178,97,N,Y,,,19,,,1,13300,S,PADRE ISLAND,DR,N,N,55,N,N,CAUSEWAY,N,19,,,1,14200,,AQUARIUS,ST,,,,,,,11,1,0,2,5,1,11,2:40 PM,DISPATCHED,3:06 PM,3/13/2013,Y,TX1780200,1115,,,12,8,2,4,22,64,41,1,3,1,21,21,178,97,27.63510746,-97.24057807,PR,22,,4.126,PR0022,,617,2,4.831,624,-0.561,,,,,,,,,Y,Y,N,3,9,Y,WED,5,0,2,6,6,2,4,300,60,44,4,0,0,2,4,5,2,12,5,2,2,4,12,21832,2014,21832,8.2,1,9.2,,,,,,,,,,,,,,,,,,,,,,,,,,,0,0,2,7,0,2,0,96,,,
13181199,N,N,N,N,N,N,N,3/13/2013,12:10 PM,130033820,0,101,1666,Y,Y,,,19,,,1,,,WESTHEIMER PLACE,DR,N,N,40,N,N,,Y,19,,,1,,,WESTPARK,DR,,,,,,,11,1,98,,1,1,5,12:10 PM,DISPATCHED,12:10 PM,3/13/2013,Y,TX1010000,1419,122,4,5,8,2,1,10,64,54,1,4,1,21,21,101,1666,29.70953482,-95.67122301,,,,,WESTHEIMER PLACE DR,4099,,,,,,,,,WESTPARK DR,,,,,Y,N,Y,5,0,Y,WED,,,,,,,,,,,,,,,,,,,,,,,,,,,,,,,,,,,,,,,,,,,,,,,,,,,,,,,,0,0,0,4,0,0,0,15,,,
13181314,N,N,N,N,N,N,N,3/8/2013,7:38 AM,13-31041,,191,12,N,Y,,,19,,,1,8700,S,COULTER,ST,N,N,50,N,N,,N,19,,,1,7200,W,HOLLYWOOD,RD,,,,,,,12,1,0,,1,1,20,7:38 AM,DISPATCHED,7:45 AM,3/8/2013,Y,TX1880100,33,,,,8,2,4,22,64,42,1,5,1,21,21,191,12,35.11625586,-101.9198438,,,,,S COULTER ST,,,,,,,,,,,,,,,Y,N,N,5,8,Y,FRI,,,,,,,,,,,,,,,,,,,,,,,,,,,,,,,,,,,,,,,,,,,,,,,,,,,,,,,,0,0,0,6,0,0,0,120,,,
13181537,N,Y,N,N,N,N,N,3/13/2013,8:39 AM,T13-2069,MA,19,427,N,Y,,,2,67,,1,1700,W,7TH,ST,N,N,0,N,N,,Y,3,93,,1,700,,SUMMERHILL,RD,,,,,,,11,1,3,3,1,1,5,8:42 AM,RADIO DISPATCH,8:48 AM,3/13/2013,Y,TX0190500,2230,,309,113,8,2,1,10,64,54,1,2,1,21,21,19,427,33.42368698,-94.06099701,US,67,,1.095,US0067,800,10,13,1.099,214,-0.871,SH,93,,SH0093,,945,1,9.501,Y,Y,N,2,6,Y,WED,0,0,0,0,0,1,6,140,90,86,6,2,2,1,0,0,1,0,0,4,0,3,14,13609,2014,13609,0.7,0.5,1.3,,,,,,,,,,,,,,,,,,,,,,,,,,,0,1,0,1,0,1,0,211,,,
13181542,N,N,N,N,N,N,N,2/27/2013,8:07 AM,130227014,,165,291,N,Y,,,7,20,,2,4100,W,WALL,ST,N,N,35,N,N,LOOP E NORTH SERVICE ROAD,N,19,,,1,1300,,BRINSON,LN,,,,,,,11,1,2,2,1,1,8,8:09 AM,DISPATCHED,8:20 AM,2/27/2013,Y,TX165011N,1782,,,,8,2,4,20,64,47,2,2,1,21,21,165,291,31.97112577,-102.122358,BI,20,E,21.163,BI0020E,,5,2,11.299,318,-0.385,,,,,,,,,Y,Y,N,5,8,Y,WED,4,0,4,11,30,1,4,238,76,48,2,0,0,2,9,5,2,19,5,3,21,3,14,15090,2014,15090,2.3,1.2,3.4,,,,,,,,,,,,,,,,,,,,,,,,,,,0,0,0,2,0,0,0,174,,,