Crash_ID,Crash_Fatal_Fl,Cmv_Involv_Fl,Schl_Bus_Fl,Rr_Relat_Fl,Medical_Advisory_Fl,Amend_Supp_Fl,Active_School_Zone_Fl,Crash_Date,Crash_Time,Case_ID,Local_Use,Rpt_CRIS_Cnty_ID,Rpt_City_ID,Rpt_Outside_City_Limit_Fl,Thousand_Damage_Fl,Rpt_Latitude,Rpt_Longitude,Rpt_Rdwy_Sys_ID,Rpt_Hwy_Num,Rpt_Hwy_Sfx,Rpt_Road_Part_ID,Rpt_Block_Num,Rpt_Street_Pfx,Rpt_Street_Name,Rpt_Street_Sfx,Private_Dr_Fl,Toll_Road_Fl,Crash_Speed_Limit,Road_Constr_Zone_Fl,Road_Constr_Zone_Wrkr_Fl,Rpt_Street_Desc,At_Intrsct_Fl,Rpt_Sec_Rdwy_Sys_ID,Rpt_Sec_Hwy_Num,Rpt_Sec_Hwy_Sfx,Rpt_Sec_Road_Part_ID,Rpt_Sec_Block_Num,Rpt_Sec_Street_Pfx,Rpt_Sec_Street_Name,Rpt_Sec_Street_Sfx,Rpt_Ref_Mark_Offset_Amt,Rpt_Ref_Mark_Dist_Uom,Rpt_Ref_Mark_Dir,Rpt_Ref_Mark_Nbr,Rpt_Sec_Street_Desc,Rpt_CrossingNumber,Wthr_Cond_ID,Light_Cond_ID,Entr_Road_ID,Road_Type_ID,Road_Algn_ID,Surf_Cond_ID,Traffic_Cntl_ID,Investigat_Notify_Time,Investigat_Notify_Meth,Investigat_Arrv_Time,Report_Date,Investigat_Comp_Fl,ORI_Number,Investigat_Agency_ID,Investigat_Area_ID,Investigat_District_ID,Investigat_Region_ID,Bridge_Detail_ID,Harm_Evnt_ID,Intrsct_Relat_ID,FHE_Collsn_ID,Obj_Struck_ID,Othr_Factr_ID,Road_Part_Adj_ID,Road_Cls_ID,Road_Relat_ID,Phys_Featr_1_ID,Phys_Featr_2_ID,Cnty_ID,City_ID,Latitude,Longitude,Hwy_Sys,Hwy_Nbr,Hwy_Sfx,Dfo,Street_Name,Street_Nbr,Control,Section,Milepoint,Ref_Mark_Nbr,Ref_Mark_Displ,Hwy_Sys_2,Hwy_Nbr_2,Hwy_Sfx_2,Street_Name_2,Street_Nbr_2,Control_2,Section_2,Milepoint_2,Txdot_Rptable_Fl,Onsys_Fl,Rural_Fl,Crash_Sev_ID,Pop_Group_ID,Located_Fl,Day_of_Week,Hwy_Dsgn_Lane_ID,Hwy_Dsgn_Hrt_ID,Hp_Shldr_Left,Hp_Shldr_Right,Hp_Median_Width,Base_Type_ID,Nbr_Of_Lane,Row_Width_Usual,Roadbed_Width,Surf_Width,Surf_Type_ID,Curb_Type_Left_ID,Curb_Type_Right_ID,Shldr_Type_Left_ID,Shldr_Width_Left,Shldr_Use_Left_ID,Shldr_Type_Right_ID,Shldr_Width_Right,Shldr_Use_Right_ID,Median_Type_ID,Median_Width,Rural_Urban_Type_ID,Func_Sys_ID,Adt_Curnt_Amt,Adt_Curnt_Year,Adt_Adj_Curnt_Amt,Pct_Single_Trk_Adt,Pct_Combo_Trk_Adt,Trk_Aadt_Pct,Curve_Type_ID,Curve_Lngth,Cd_Degr,Delta_Left_Right_ID,Dd_Degr,Feature_Crossed,Structure_Number,I_R_Min_Vert_Clear,Approach_Width,Bridge_Median_ID,Bridge_Loading_Type_ID,Bridge_Loading_In_1000_Lbs,Bridge_Srvc_Type_On_ID,Bridge_Srvc_Type_Under_ID,Culvert_Type_ID,Roadway_Width,Deck_Width,Bridge_Dir_Of_Traffic_ID,Bridge_Rte_Struct_Func_ID,Bridge_IR_Struct_Func_ID,CrossingNumber,RRCo,Poscrossing_ID,WDCode_ID,Standstop,Yield,Incap_Injry_Cnt,Nonincap_Injry_Cnt,Poss_Injry_Cnt,Non_Injry_Cnt,Unkn_Injry_Cnt,Tot_Injry_Cnt,Death_Cnt,MPO_ID,Investigat_Service_ID,Investigat_DA_ID,Investigator_Narrative
13181619,N,Y,N,N,N,N,N,2/11/2013,3:52 PM,13-02-0005,,208,402,N,N,,,2,180,,2,900,W,U S 84,HWY,N,N,55,Y,Y,,Y,2,84,,1,1100,W,HWY 180,,,,,,,,11,1,2,3,1,1,8,3:52 PM,RADIO,3:58 PM,2/11/2013,Y,TX2080100,2137,30,26,41,8,10,4,2,1,49,2,2,2,21,21,208,402,32.70465311,-100.8681106,US,180,,107.013,US0180,,296,1,1.806,358,0.218,,,,,,,,,Y,Y,N,2,5,Y,MON,2,0,8,8,0,2,4,120,68,52,4,0,0,2,8,5,2,8,5,0,0,1,2,5795,2014,5795,2.3,17.9,20.2,,,,,,,,,,,,,,,,,,,,,,,,,,,0,1,0,0,0,1,0,,,,
13182456,N,N,N,N,N,N,N,3/4/2013,1:24 PM,13-063141,,71,136,N,Y,31.89676,-106.42058,19,,,1,9900,,RUSHING,RD,N,N,35,N,N,,N,19,,,1,5200,,ORLEANS,,,,,,,,11,1,0,,1,1,11,1:38 PM,DISPATCHED,1:40 PM,3/4/2013,Y,TX0710200,1259,,,217,8,2,4,20,64,3,1,5,1,21,21,71,136,31.89760189,-106.4205703,,,,,RUSHING RD,,,,,,,,,,,,,,,Y,N,N,5,9,Y,MON,,,,,,,,,,,,,,,,,,,,,,,,,,,,,,,,,,,,,,,,,,,,,,,,,,,,,,,,0,0,0,2,0,0,0,66,,,
13182519,N,N,N,N,N,N,N,3/6/2013,2:54 PM,13-065205,,71,136,N,Y,31.78857,-106.43284,19,,,1,4900,,TROWBRIDGE,AVE,N,N,30,N,N,,N,19,,,1,1400,,HOWZE,ST,,,,,,,11,1,4,,1,1,5,2:54 PM,DISPATCHED,3:00 PM,3/6/2013,Y,TX0710200,1259,,,,8,2,2,22,64,38,1,5,1,21,21,71,136,31.78851081,-106.4315845,,,,,TROWBRIDGE DR,4989,,,,,,,,,HOWZE ST,,,,,Y,N,N,5,9,Y,WED,,,,,,,,,,,,,,,,,,,,,,,,,,,,,,,,,,,,,,,,,,,,,,,,,,,,,,,,0,0,0,5,0,0,0,66,,,
13182957,N,N,N,N,N,N,N,2/14/2013,3:00 PM,130021109,0,101,1666,Y,Y,,,19,,,1,20500,,RHODES,RD,N,N,40,N,N,,N,19,,,1,5000,,CAMBERLEIGH,LN,,,,,,,11,1,0,,1,1,20,3:36 PM,DISPATCHED,3:47 PM,2/14/2013,Y,TX1014900,2744,250,5,6,8,2,2,24,64,47,1,5,1,21,21,101,1666,30.06768215,-95.49685324,,,,,RHODES RD,20702,,,,,,,,,CAMBERLEIGH LN,,,,,Y,N,Y,5,0,Y,THU,,,,,,,,,,,,,,,,,,,,,,,,,,,,,,,,,,,,,,,,,,,,,,,,,,,,,,,,0,0,0,4,0,0,0,15,,,
13183034,N,N,N,N,N,N,N,3/8/2013,2:49 PM,13-00556,,101,447,N,Y,,,19,,,1,1200,W,BAY AREA,BLVD,N,N,35,N,N,,N,19,,,1,,,GATEBROOK,,,,,,,,12,1,0,,1,1,20,2:50 PM,DISPATCHED,2:56 PM,3/8/2013,Y,TX1012500,2391,,,,8,2,4,22,64,54,1,5,1,21,21,101,447,29.54075175,-95.14110442,,,,,W BAY AREA BLVD,,,,,,,,,,,,,,,Y,N,N,5,5,Y,FRI,,,,,,,,,,,,,,,,,,,,,,,,,,,,,,,,,,,,,,,,,,,,,,,,,,,,,,,,0,0,0,2,0,0,0,15,,,
13183224,N,N,N,N,N,N,N,3/14/2013,1:43 PM,13-13442,,108,132,N,Y,,,19,,,1,200,N,12TH,AVE,N,N,30,N,N,,Y,19,,,1,100,E,KUHN,ST,,,,,,,11,1,4,,1,1,8,1:44 PM,DISPATCHED,1:47 PM,3/14/2013,Y,TX1080400,1248,,,35,8,2,1,34,64,54,1,5,1,21,21,108,132,26.3033156,-98.16088251,,,,,N 12TH AVE,300,,,,,,,,,E KUHN ST,,,,,Y,N,N,5,7,Y,THU,,,,,,,,,,,,,,,,,,,,,,,,,,,,,,,,,,,,,,,,,,,,,,,,,,,,,,,,0,0,0,6,0,0,0,230,,,
13183409,N,N,N,N,N,N,N,3/13/2013,5:40 AM,0030923513E,,101,208,N,Y,,,1,45,,1,15200,S,GULF,FWY,N,N,65,N,N,FREEWAY,N,19,,,,12900,,SCARSDALE,BLVD,,,,,,,11,4,0,2,1,1,20,6:40 AM,H.P.D. DISPATCHER,7:07 AM,3/14/2013,Y,TXHPD0000,2469,6,104,17,8,2,4,21,23,3,1,1,1,21,21,101,208,29.59461018,-95.19329298,IH,45,,31.51,IH0045,,500,3,7.58,31,0.44,,,,,,,,,Y,Y,N,2,9,Y,WED,5,0,12,10,52,9,6,300,120,72,6,0,0,2,24,5,2,20,5,2,28,4,11,164135,2014,164135,5.5,4.6,10.1,,,,,,,,,,,,,,,,,,,,,,,,,,,0,1,0,1,0,1,0,15,,,
13183428,N,N,N,N,Y,N,N,3/9/2013,11:57 PM,130006346,,57,177,N,Y,,,19,,,1,300,,SANDRA,LN,N,N,30,N,N,,N,19,,,,5100,,TERSK,CT,,,,,,,2,4,0,,1,2,1,12:00 AM,DISPATCHED,12:05 AM,3/10/2013,Y,TX0571200,1372,,,113,8,4,4,1,64,24,1,5,1,21,21,57,177,32.65070429,-97.00403869,,,,,SANDRA LN,310,,,,,,,,,,,,,,Y,N,N,2,8,Y,SAT,,,,,,,,,,,,,,,,,,,,,,,,,,,,,,,,,,,,,,,,,,,,,,,,,,,,,,,,0,1,0,1,0,1,0,282,,,
13183463,N,N,N,N,N,N,N,3/5/2013,2:45 PM,,,7,1572,Y,Y,28.90323,-98.57978,15,,,1,,,BLUNZER,RD,N,N,35,N,N,,N,4,140,,,,,NOT REPORTED,,,,,,,,11,1,0,,1,10,1,2:52 PM,ATASCOSA COUNTY S.O.,3:04 PM,3/11/2013,Y,,10000,1,92,1,8,7,4,1,33,54,1,4,2,21,21,7,1572,,,,,,,BLUNZER RD,,,,,,,,,,,,,,,Y,N,Y,0,0,N,TUE,,,,,,,,,,,,,,,,,,,,,,,,,,,,,,,,,,,,,,,,,,,,,,,,,,,,,,,,0,0,0,0,1,0,0,,,,
13183783,N,N,N,N,N,N,N,2/17/2013,3:55 AM,0020193913K,,101,208,N,Y,,,1,610,,2,8800,N,NORTH LP E SER S,,N,N,40,N,N,,N,19,,,,3800,N,MCCARTY,,,,,,,,11,4,0,2,1,1,20,4:01 AM,DISPATCHED,4:07 AM,3/9/2013,Y,TXHPD0000,2469,18,124,71,8,10,4,1,1,35,2,1,2,21,21,101,208,29.79862529,-95.27412097,IH,610,,24.234,IH0610,,271,14,12.387,24,0.493,,,,,,,,,Y,Y,N,2,9,Y,SUN,5,0,10,10,40,9,8,300,136,96,6,0,0,2,20,5,2,20,5,2,20,4,11,112005,2014,112005,4.2,5.6,9.8,,,,,,,,,,,,,,,,,,,,,,,,,,,0,1,0,0,0,1,0,15,,,
13183795,N,N,N,N,N,N,N,3/10/2013,4:33 AM,0029668313K,,101,208,N,Y,,,1,610,,1,900,N,NORTH LP E,,N,N,60,N,N,,N,19,,,,6100,,IRVINGTON,,,,,,,,2,4,0,,1,2,1,4:47 AM,DISPATCHED,4:53 AM,3/10/2013,Y,TXHPD0000,2469,14,152,27,8,7,4,1,39,54,1,1,4,21,21,101,208,,,IH,610,,,IH0610,,,,,,,,,,,,,,,Y,Y,N,1,9,N,SUN,,,,,,,,,,,,,,,,,,,,,,,,,,,,,,,,,,,,,,,,,,,,,,,,,,,,,,,,1,0,0,0,0,1,0,,,,
13185018,N,N,N,N,N,N,N,3/13/2013,8:30 PM,13-0330,,163,70,N,Y,,,19,,,7,610,,MADRID,ST,Y,N,5,N,N,,N,19,,,1,600,,MADRID,ST,,,,,,,11,4,0,,1,1,1,8:35 PM,DISPATCHED,8:40 PM,3/13/2013,N,TX1630100,221,,41,41,8,4,4,4,64,12,7,9,5,33,21,163,70,,,,,,,MADRID ST,,,,,,,,,,,,,,,N,N,Y,0,3,N,WED,,,,,,,,,,,,,,,,,,,,,,,,,,,,,,,,,,,,,,,,,,,,,,,,,,,,,,,,0,0,0,0,1,0,0,,,,
13185060,N,N,N,N,N,N,N,3/10/2013,10:35 PM,13020539,,43,162,N,Y,33.17436,-96.7329,19,,,1,15000,,ELDORADO,PKWY,N,N,45,N,N,,Y,4,2478,,1,12000,,CUSTER,RD,,,,,,,11,3,4,2,2,1,5,10:40 PM,FPD DISPATCH CENTER,10:45 PM,3/10/2013,Y,TX0430400,1331,,,,8,2,1,34,64,54,1,3,1,21,21,43,285,33.1741732,-96.73286318,FM,2478,,12.193,FM2478,3001,2351,1,6.071,238,0.142,,,,ELDORADO PKWY,,,,,Y,Y,N,2,8,Y,SUN,3,0,1,2,17,8,6,120,72,66,5,1,2,2,2,5,2,4,5,1,15,3,14,16857,2014,16857,4.7,0.8,5.5,1,52,0,2,1,,,,,,,,,,,,,,,,,,,,,,0,2,0,2,0,2,0,282,,,
13185074,N,N,N,N,N,N,N,3/9/2013,7:55 AM,13-4059,,92,268,N,Y,,,19,,,1,3301,,4TH,ST,Y,N,0,N,N,,N,11,281,,,,E,LOOP 281,,,,,,,,11,1,0,,1,1,1,8:01 AM,DISPATCHED,8:07 AM,3/9/2013,Y,920500,1691,,,,8,2,3,19,64,3,7,9,5,32,1,92,268,,,,,,,4TH ST,,,,,,,,,,,,,,,N,N,N,5,7,N,SAT,,,,,,,,,,,,,,,,,,,,,,,,,,,,,,,,,,,,,,,,,,,,,,,,,,,,,,,,0,0,0,2,0,0,0,,,,
13185216,N,N,N,N,N,N,N,3/7/2013,4:21 PM,130307034,,165,291,N,Y,31.9626,-102.14333,11,250,,2,1600,S,LOOP 250,,N,N,45,N,N,WEST SERVICE ROAD,N,7,20,,,5500,W,WALL,ST,,,,,,,12,1,0,2,4,1,20,4:21 PM,WITNESSED,4:21 PM,3/7/2013,Y,TX1650100,1782,,,35,8,7,4,1,62,54,2,2,2,21,21,165,291,32.00066352,-102.1547864,SL,250,,0.2,SL0250,,1188,2,14.794,274,0.041,,,,,,,,,Y,Y,N,2,8,Y,THU,4,0,4,10,49,1,4,392,73,48,2,0,0,2,11,5,2,14,5,3,38,3,12,30769,2014,30769,0.8,0.1,1,,,,,,,,,,,,,,,,,,,,,,,,,,,0,1,0,0,0,1,0,174,,,
13185367,N,N,N,N,N,N,N,1/4/2013,11:20 AM,,,46,1611,Y,Y,29.93876999,-98.41048,2,281,,1,,,NOT REPORTED,,N,N,45,N,N,,N,4,306,,,,,NOT REPORTED,,,,,,,,2,1,0,2,2,2,12,11:28 AM,DPS SAN ANTONIO COMM,11:54 AM,1/4/2013,Y,TX0460000,10000,3,92,1,8,2,4,30,64,54,1,2,1,21,21,46,1611,29.93811806,-98.41087647,US,281,,295.898,US0281,,253,3,5.161,500,0.161,,,,,,,,,Y,Y,Y,5,0,Y,FRI,3,0,8,4,71,2,4,400,88,48,4,0,0,2,16,5,2,8,5,3,55,1,2,9995,2014,9995,12,6.7,18.8,,,,,,,,,,,,,,,,,,,,,,,,,,,0,0,0,2,0,0,0,28,,,
13185648,N,N,N,N,N,N,N,2/12/2013,1:51 PM,2.01E+11,,233,112,N,N,,,19,,,1,1900,N,BEDELL,AVE,N,N,30,N,N,,Y,19,,,1,200,,LOWE,DR,,,,,,,11,1,4,3,1,1,5,1:53 PM,DISPATCHED,1:55 PM,2/12/2013,Y,TX2330100,1191,,,,8,2,1,18,64,54,1,2,1,21,21,233,112,29.38397457,-100.9054332,US,90,,301.862,US0090,2005,22,10,72.652,418,0.605,,,,LOWE DR,,,,,Y,Y,N,3,6,Y,TUE,2,0,10,10,0,2,4,210,84,64,4,0,0,2,10,5,2,10,5,0,0,2,14,21838,2014,21838,3.3,11.3,14.7,1,159,2,1,23,,,,,,,,,,,,,,,,,,,,,,0,0,1,1,0,1,0,,,,
13187498,N,N,N,N,N,N,N,3/6/2013,9:50 PM,130633PD,179,79,409,N,Y,,,4,1092,,1,13700,,MURPHY,RD,N,N,45,N,N,,N,19,,,1,10600,,GREENBOUGH,DR,,,,,,,11,4,3,3,1,1,20,9:56 PM,DISPATCHED,10:01 PM,3/6/2013,Y,TX0790400,2173,,,33,8,2,1,24,64,9,1,3,1,21,21,79,409,29.63120411,-95.56497477,FM,1092,,1.469,FM1092,,1257,1,1.524,478,0.909,,,,GREENBRIAR DR,,,,,Y,Y,N,1,5,Y,WED,2,0,0,0,0,3,6,120,88,74,6,1,1,1,0,0,1,0,0,0,0,4,16,24262,2014,24262,3.9,1.4,5.2,,,,,,,,,,,,,,,,,,,,,,,,,,,1,1,0,2,0,2,0,15,,,
13187510,N,N,N,N,N,N,N,3/8/2013,3:59 PM,13-01850,,84,165,N,Y,,,19,,,1,1200,,9TH,ST,N,N,30,N,N,2 LANE UNDIVIDED ROAD,Y,19,,,1,900,,SEAWALL,BLVD,,,,,4 LANE UNDIVIDED ROAD,,11,1,0,2,1,1,8,3:59 PM,DISPATCH,4:03 PM,3/8/2013,Y,TX0840400,1341,,,,8,2,3,11,64,14,1,3,1,32,21,84,165,29.22858115,-94.89679223,FM,3005,,5.037,FM3005,11745,51,9,5.072,508,-0.884,,,,,,,,,Y,Y,N,5,6,Y,FRI,3,0,2,2,76,2,4,200,56,48,4,0,0,2,4,5,2,4,5,3,72,2,14,14480,2014,14480,4.2,0.2,4.4,,,,,,,,,,,,,,,,,,,,,,,,,,,0,0,0,2,0,0,0,15,,,
13187658,N,N,N,N,N,N,N,3/12/2013,11:35 PM,13-4625,,221,2,N,Y,,,19,,,1,5400,,WAGON WHEEL,AVE,N,N,30,N,N,,N,19,,,1,7300,,PRAIRIE VIEW,AVE,,,,,,,11,4,0,,1,1,1,11:38 PM,HQ,11:46 PM,3/12/2013,Y,TX2210100,10,,,,8,4,4,1,64,29,1,5,1,21,21,221,2,32.35827678,-99.79801588,,,,,WAGON WHEEL AVE,5410,,,,,,,,,,,,,,Y,N,N,5,8,Y,TUE,,,,,,,,,,,,,,,,,,,,,,,,,,,,,,,,,,,,,,,,,,,,,,,,,,,,,,,,0,0,0,1,0,0,0,166,,,
13187736,N,N,N,N,N,Y,N,3/8/2013,11:09 AM,2.01E+11,W/W,57,357,N,Y,,,19,,,1,,N,COIT,RD,N,N,40,N,N,,Y,19,,,1,,,LAKE PARK,WAY,,,,,,,12,1,4,,1,1,5,11:11 AM,DISPATCH,11:17 AM,3/8/2013,Y,TX0572000,2011,,8,87,8,2,1,34,64,54,1,5,1,21,21,57,357,,,,,,,N COIT RD,,,,,,,,,,LAKE PARK WAY,,,,,Y,N,N,5,8,N,FRI,,,,,,,,,,,,,,,,,,,,,,,,,,,,,,,,,,,,,,,,,,,,,,,,,,,,,,,,0,0,0,2,0,0,0,,,,
13187821,N,N,N,N,N,N,N,3/14/2013,10:45 AM,0031433413H,,101,208,N,Y,,,2,90A,,1,1200,,OLD SPANISH,TRL,N,N,35,N,N,CONCRETE,N,19,,,,7900,,KIRBY,DR,,,,,,,11,1,0,2,1,1,20,10:51 AM,HPD DISPATCH,11:01 AM,3/14/2013,Y,TXHPD0000,2469,6,125,40,8,2,4,31,64,54,1,2,1,21,21,101,208,29.69276323,-95.41307612,UA,90,,166.262,UA0090,,27,9,9.314,694,0.369,,,,,,,,,Y,Y,N,5,9,Y,THU,3,0,0,0,4,3,8,200,96,96,5,1,2,1,0,0,1,0,0,1,4,4,14,54949,2014,54949,3.9,1.4,5.2,,,,,,,,,,,,,,,,,,,,,,,,,,,0,0,0,4,2,0,0,15,,,
13187825,N,Y,N,N,N,N,N,2/26/2013,9:05 AM,A13-00025,,43,493,N,Y,,,2,75,,1,,N,CENTRAL,EXPY,N,N,65,N,N,2 WAY DIVIDED PROTECTED MEDIAN,N,4,455,,1,,W,WHITE,ST,,,,,2 WAY UNDIVIDED,,12,1,0,2,3,1,1,9:08 AM,DISPATCHED,9:15 AM,2/26/2013,Y,TX0432600,252,,,,8,2,4,21,64,54,1,2,1,21,21,43,493,33.34416124,-96.58679414,US,75,,34.306,US0075,,47,14,3.808,228,-0.184,,,,,,,,,Y,Y,N,5,4,Y,TUE,5,0,4,12,52,3,4,300,80,48,6,0,0,2,8,5,2,24,5,2,44,2,12,47358,2014,47358,2.8,5.4,8.3,,,,,,,,,,,,,,,,,,,,,,,,,,,0,0,0,3,0,0,0,282,,,
13187857,N,Y,N,N,N,Y,N,2/8/2013,6:05 PM,TX3OZI0NMOEW,,65,1630,Y,Y,34.79777,-100.58133,2,287,,1,,,NOT REPORTED,,N,N,75,N,N,US-0287,N,15,AA,,1,,,NOT REPORTED,,,,,,,,11,1,0,2,1,1,11,6:09 PM,DONLEY CO DISPATCH,6:23 PM,3/11/2013,Y,,10000,8,130,1,8,2,4,30,64,54,1,2,1,21,21,65,1630,34.79768936,-100.5814987,US,287,,175.726,US0287,4768,42,8,6.197,196,-0.965,,,,,,,,,Y,Y,Y,5,0,Y,FRI,3,0,6,10,56,3,4,218,80,48,4,0,0,2,10,5,2,20,5,3,46,1,2,8828,2014,8828,2.4,34.4,36.8,1,350,1,2,23,,,,,,,,,,,,,,,,,,,,,,0,0,0,5,0,0,0,,,,
13188480,N,N,N,N,N,N,N,3/9/2013,12:47 AM,13KP017968,,220,231,N,Y,,,19,,,1,600,,RIDGE POINT,PKWY,N,N,30,N,N,ROUNDABOUT,N,19,,,1,,,MARSHALL RIDGE,PKWY,,,,,ROUNDABOUT,,11,3,7,,2,1,9,12:48 AM,DISPATCHED,1:03 AM,3/15/2013,Y,TX2203000,1565,,8,37,8,7,4,1,21,54,1,5,4,21,21,220,231,32.96362424,-97.24037244,,,,,RIDGE POINT PKWY,600,,,,,,,,,,,,,,Y,N,N,5,6,Y,SAT,,,,,,,,,,,,,,,,,,,,,,,,,,,,,,,,,,,,,,,,,,,,,,,,,,,,,,,,0,0,0,1,0,0,0,282,,,
13188720,N,N,N,N,N,N,N,3/14/2013,4:48 PM,130034414,0,101,1666,Y,Y,,,15,,,1,2500,S,FRY,RD,N,N,40,N,N,,N,15,,,,,,WESTGREEN,,,,,,,,11,1,0,,1,1,20,4:50 PM,DISPATCHED,4:59 PM,3/14/2013,Y,TX1010000,1419,100,4,5,8,7,4,1,32,54,1,4,2,21,21,101,1666,29.74567865,-95.72977516,,,,,S FRY RD,,,,,,,,,,,,,,,Y,N,Y,5,0,Y,THU,,,,,,,,,,,,,,,,,,,,,,,,,,,,,,,,,,,,,,,,,,,,,,,,,,,,,,,,0,0,0,2,0,0,0,15,,,
13188981,N,N,N,N,N,N,N,3/7/2013,10:40 PM,13-00325,,61,96,N,Y,,,1,I35E,,1,7100,,I35E SB,,N,N,60,N,N,THREE LANE HIGHWAY,N,,,,,,,NOT REPORTED,,100,F,N,459 E,S/B EXIT RAMP,,11,3,0,,1,1,11,10:44 PM,ON VIEW,10:44 PM,3/7/2013,Y,TX0612300,1113,30,87,5,8,8,4,1,98,54,1,1,1,21,21,61,96,,,,,,,IHI35E,,,,,,,,,,,,,,,Y,Y,N,5,5,N,THU,,,,,,,,,,,,,,,,,,,,,,,,,,,,,,,,,,,,,,,,,,,,,,,,,,,,,,,,0,0,0,2,0,0,0,,,,
13189286,N,N,N,N,N,N,N,3/6/2013,5:57 AM,1300016416,,220,179,N,Y,,,3,114,,1,300,E,SH 114,HWY,N,N,0,Y,Y,,N,19,,,1,1400,S,MAIN,ST,,,,,,,11,6,0,2,8,1,20,5:57 AM,DISPATCH,6:09 AM,3/6/2013,Y,TX2201300,1379,,,87,8,2,4,22,64,49,1,2,1,20,21,220,179,32.92307517,-97.07774513,SH,26,,13.843,SH0026,,353,3,8.44,574,-0.565,,,,,,,,,Y,Y,N,3,6,Y,WED,5,3,4,10,18,3,10,350,178,120,5,0,0,2,20,5,2,32,5,3,10,4,12,165940,2014,165940,3.2,3.5,6.7,,,,,,,,,,,,,,,,,,,,,,,,,,,0,0,1,1,0,1,0,282,,,
13189378,N,N,N,N,N,N,N,3/13/2013,6:45 PM,13C291,,101,212,N,N,,,1,10,,2,8600,,KATY FRWY,,N,N,45,N,N,S. SERVICE RD-EB,Y,19,,,1,900,,BINGLE,RD,,,,,,,11,1,3,2,4,1,9,6:48 PM,DISPATCHED,6:52 PM,3/13/2013,Y,TX1012400,1767,,,198,8,2,2,20,64,38,2,1,1,21,21,101,408,29.78432253,-95.49886408,IH,10,,759.118,IH0010,,271,7,19.182,761,-0.243,,,,BINGLE RD,,,,,N,Y,Y,5,3,Y,WED,5,1,0,10,30,9,6,275,96,72,6,0,0,1,10,0,2,10,5,2,20,4,11,287905,2014,287905,2.8,3.6,6.4,,,,,,,,,,,,,,,,,,,,,,,,,,,0,0,0,3,0,0,0,15,,,
13189388,N,N,N,N,N,N,N,3/14/2013,5:48 PM,2013-6218,,101,325,N,Y,,,12,8,,2,3100,,BELTWAY 8,,N,Y,50,N,N,4 LANE CONCRETE ROADWAY,N,19,,,1,5500,,SPENCER,HWY,,,,,7 LANE ROADWAY,,11,1,0,1,1,1,5,5:50 PM,MOBILE DATA COMPUTER,6:00 PM,3/14/2013,Y,TX1011500,1912,19,2,94,8,2,4,21,64,9,2,2,1,21,21,101,325,29.6650768,-95.15571575,SL,8,,71.471,SL0008,3109,3256,3,19.867,752,0.778,,,,,,,,,Y,Y,N,5,8,Y,THU,1,0,0,0,0,9,3,300,33,33,5,1,1,1,0,0,1,0,0,0,0,4,14,14060,2014,14060,1.8,1.4,3.2,1,176,0,,0,,,,,,,,,,,,,,,,,,,,,,0,0,0,3,0,0,0,15,,,
13189473,N,N,N,N,N,N,N,3/1/2013,3:04 PM,13-002099,,101,326,N,Y,,,3,288,,4,13900,,SH 288,,N,N,65,N,N,S/B EXIT RAMP,N,4,2234,,1,11000,,SHADOW CREEK,PKWY,,,,,,,11,1,0,2,3,1,20,3:04 PM,DISPATCHED,3:04 PM,3/1/2013,Y,TX0201000,1917,,,,8,7,4,1,36,3,4,2,2,21,21,101,326,29.5947565,-95.38652325,SH,288,,10.792,SH0288,,598,1,11.299,484,-0.595,,,,,,,,,Y,Y,N,5,7,Y,FRI,5,0,6,10,132,9,6,420,104,72,5,0,0,2,12,5,2,20,5,3,120,4,12,82013,2014,82013,3.7,5.7,9.4,,,,,,,,,,,,,,,,,,,,,,,,,,,0,0,0,1,0,0,0,15,,,
13189768,Y,N,N,N,N,Y,N,2/6/2013,8:10 PM,130371743,,227,22,N,Y,,,11,1,,1,4400,N,MOPAC,EXPY,N,N,65,N,N,,N,19,,,1,2900,W,45TH,ST,,,,,,,12,4,0,2,1,1,11,8:10 PM,DISPATCH,8:15 PM,2/6/2013,Y,TX2270100,74,11,10,14,8,1,4,1,64,54,1,2,1,21,21,227,22,30.31937475,-97.75604174,SL,1,,12.072,SL0001,,3136,1,12.084,436,0.166,,,,,,,,,Y,Y,N,4,9,Y,WED,5,0,6,10,112,2,6,290,104,72,4,0,2,2,12,5,2,20,5,2,100,4,12,127578,2014,127578,1.3,0.3,1.6,,,,,,,,,,,,,,,,,,,,,,,,,,,0,0,1,0,0,1,1,90,,,
13190384,N,N,N,N,N,N,N,3/12/2013,11:41 AM,13-0710747,,227,22,N,Y,,,19,,,1,3600,W,WILLIAM CANNON,DR,N,N,35,N,N,,N,19,,,,,,BRODIE,LN,,,,,,,11,1,0,,1,1,1,11:42 AM,DISPATCHED,11:49 AM,3/12/2013,Y,TX2270100,74,,,195,8,2,3,13,64,14,1,5,1,32,21,227,22,30.21494331,-97.83256565,,,,,W WILLIAM CANNON DR,,,,,,,,,,,,,,,Y,N,N,3,9,Y,TUE,,,,,,,,,,,,,,,,,,,,,,,,,,,,,,,,,,,,,,,,,,,,,,,,,,,,,,,,0,0,1,1,0,1,0,90,,,