Crash_ID,Crash_Fatal_Fl,Cmv_Involv_Fl,Schl_Bus_Fl,Rr_Relat_Fl,Medical_Advisory_Fl,Amend_Supp_Fl,Active_School_Zone_Fl,Crash_Date,Crash_Time,Case_ID,Local_Use,Rpt_CRIS_Cnty_ID,Rpt_City_ID,Rpt_Outside_City_Limit_Fl,Thousand_Damage_Fl,Rpt_Latitude,Rpt_Longitude,Rpt_Rdwy_Sys_ID,Rpt_Hwy_Num,Rpt_Hwy_Sfx,Rpt_Road_Part_ID,Rpt_Block_Num,Rpt_Street_Pfx,Rpt_Street_Name,Rpt_Street_Sfx,Private_Dr_Fl,Toll_Road_Fl,Crash_Speed_Limit,Road_Constr_Zone_Fl,Road_Constr_Zone_Wrkr_Fl,Rpt_Street_Desc,At_Intrsct_Fl,Rpt_Sec_Rdwy_Sys_ID,Rpt_Sec_Hwy_Num,Rpt_Sec_Hwy_Sfx,Rpt_Sec_Road_Part_ID,Rpt_Sec_Block_Num,Rpt_Sec_Street_Pfx,Rpt_Sec_Street_Name,Rpt_Sec_Street_Sfx,Rpt_Ref_Mark_Offset_Amt,Rpt_Ref_Mark_Dist_Uom,Rpt_Ref_Mark_Dir,Rpt_Ref_Mark_Nbr,Rpt_Sec_Street_Desc,Rpt_CrossingNumber,Wthr_Cond_ID,Light_Cond_ID,Entr_Road_ID,Road_Type_ID,Road_Algn_ID,Surf_Cond_ID,Traffic_Cntl_ID,Investigat_Notify_Time,Investigat_Notify_Meth,Investigat_Arrv_Time,Report_Date,Investigat_Comp_Fl,ORI_Number,Investigat_Agency_ID,Investigat_Area_ID,Investigat_District_ID,Investigat_Region_ID,Bridge_Detail_ID,Harm_Evnt_ID,Intrsct_Relat_ID,FHE_Collsn_ID,Obj_Struck_ID,Othr_Factr_ID,Road_Part_Adj_ID,Road_Cls_ID,Road_Relat_ID,Phys_Featr_1_ID,Phys_Featr_2_ID,Cnty_ID,City_ID,Latitude,Longitude,Hwy_Sys,Hwy_Nbr,Hwy_Sfx,Dfo,Street_Name,Street_Nbr,Control,Section,Milepoint,Ref_Mark_Nbr,Ref_Mark_Displ,Hwy_Sys_2,Hwy_Nbr_2,Hwy_Sfx_2,Street_Name_2,Street_Nbr_2,Control_2,Section_2,Milepoint_2,Txdot_Rptable_Fl,Onsys_Fl,Rural_Fl,Crash_Sev_ID,Pop_Group_ID,Located_Fl,Day_of_Week,Hwy_Dsgn_Lane_ID,Hwy_Dsgn_Hrt_ID,Hp_Shldr_Left,Hp_Shldr_Right,Hp_Median_Width,Base_Type_ID,Nbr_Of_Lane,Row_Width_Usual,Roadbed_Width,Surf_Width,Surf_Type_ID,Curb_Type_Left_ID,Curb_Type_Right_ID,Shldr_Type_Left_ID,Shldr_Width_Left,Shldr_Use_Left_ID,Shldr_Type_Right_ID,Shldr_Width_Right,Shldr_Use_Right_ID,Median_Type_ID,Median_Width,Rural_Urban_Type_ID,Func_Sys_ID,Adt_Curnt_Amt,Adt_Curnt_Year,Adt_Adj_Curnt_Amt,Pct_Single_Trk_Adt,Pct_Combo_Trk_Adt,Trk_Aadt_Pct,Curve_Type_ID,Curve_Lngth,Cd_Degr,Delta_Left_Right_ID,Dd_Degr,Feature_Crossed,Structure_Number,I_R_Min_Vert_Clear,Approach_Width,Bridge_Median_ID,Bridge_Loading_Type_ID,Bridge_Loading_In_1000_Lbs,Bridge_Srvc_Type_On_ID,Bridge_Srvc_Type_Under_ID,Culvert_Type_ID,Roadway_Width,Deck_Width,Bridge_Dir_Of_Traffic_ID,Bridge_Rte_Struct_Func_ID,Bridge_IR_Struct_Func_ID,CrossingNumber,RRCo,Poscrossing_ID,WDCode_ID,Standstop,Yield,Incap_Injry_Cnt,Nonincap_Injry_Cnt,Poss_Injry_Cnt,Non_Injry_Cnt,Unkn_Injry_Cnt,Tot_Injry_Cnt,Death_Cnt,MPO_ID,Investigat_Service_ID,Investigat_DA_ID,Investigator_Narrative
13190417,N,N,N,N,N,N,N,3/7/2013,12:21 AM,130660043,,227,22,N,Y,,,19,,,1,7900,,PEACEFUL HILL,LN,N,N,30,N,N,,N,19,,,,,,MAIRO,ST,,,,,,,11,0,0,,2,0,1,12:21 AM,DISPATCH,12:30 AM,3/7/2013,Y,TX2270100,74,37,99,130,8,4,4,1,64,54,1,5,1,21,21,227,22,30.17972091,-97.78899588,,,,,PEACEFUL HILL LN,8090,,,,,,,,,,,,,,Y,N,N,0,9,Y,THU,,,,,,,,,,,,,,,,,,,,,,,,,,,,,,,,,,,,,,,,,,,,,,,,,,,,,,,,0,0,0,0,1,0,0,90,,,
13192006,N,N,N,N,N,N,N,2/26/2013,9:30 PM,13-6805,,152,270,N,N,,,19,,,1,5000,,MILWAUKEE,AVE,N,N,50,N,N,,N,2,62,,1,6500,,MARSHA SHARP,FWY,,,,,,,11,4,4,,1,1,5,9:52 PM,DISPATCH,9:59 PM,2/26/2013,Y,TX1520200,1706,,,,8,2,2,22,64,38,1,2,1,21,21,152,270,33.54273917,-101.9570413,,,,,MILWAUKEE AVE,,,,,,,US,62,,US0062,,,,,N,N,N,5,8,Y,TUE,,,,,,,,,,,,,,,,,,,,,,,,,,,,,,,,,,,,,,,,,,,,,,,,,,,,,,,,0,0,0,3,0,0,0,122,,,
13192462,N,N,N,N,N,N,N,3/13/2013,10:59 PM,13-072352,,71,136,N,Y,31.798,-106.25155,19,,,1,13400,,R C POE,RD,N,N,35,N,N,,Y,19,,,1,12400,,EDGEMERE,,,,,,,,11,3,0,,1,1,8,10:59 PM,ON VIEW,10:59 PM,3/13/2013,Y,TX0710200,1259,,,185,8,2,1,10,64,3,1,5,1,21,21,71,136,31.79624483,-106.2476704,,,,,R C POE RD,,,,,,,,,,EDGEMERE BLVD,,,,,Y,N,N,0,9,Y,WED,,,,,,,,,,,,,,,,,,,,,,,,,,,,,,,,,,,,,,,,,,,,,,,,,,,,,,,,0,0,0,0,3,0,0,66,,,
13192474,N,N,N,N,N,N,N,3/13/2013,5:58 PM,13-072286,,71,136,N,Y,,,19,,,1,3700,,PIERCE,AVE,N,N,0,N,N,,Y,19,,,1,4700,,LACKLAND,,,,,,,,11,1,0,,1,1,8,5:59 PM,DISPATCHED,6:05 PM,3/13/2013,Y,TX0710200,1259,,,,8,2,1,10,64,54,1,5,1,21,21,71,136,31.81825484,-106.4476903,,,,,PIERCE AVE,3799,,,,,,,,,LACKLAND ST,,,,,Y,N,N,5,9,Y,WED,,,,,,,,,,,,,,,,,,,,,,,,,,,,,,,,,,,,,,,,,,,,,,,,,,,,,,,,0,0,0,2,0,0,0,66,,,
13192627,N,N,N,N,N,N,N,3/5/2013,1:35 PM,1300009091,,94,394,N,Y,,,19,,,1,100,S,CHERRY,ST,N,N,30,N,N,,N,13,90,,,900,E,COURT,ST,,,,,,,11,1,0,,1,1,1,1:35 PM,DISPATCHED,1:37 PM,3/5/2013,Y,TX0940300,2109,,8,34,8,4,4,1,64,3,1,5,2,21,21,94,394,29.58086527,-97.95259244,,,,,N CHERRY ST,1289,,,,,,,,,,,,,,Y,N,N,5,6,Y,TUE,,,,,,,,,,,,,,,,,,,,,,,,,,,,,,,,,,,,,,,,,,,,,,,,,,,,,,,,0,0,0,1,0,0,0,28,,,
13192714,N,N,N,N,N,N,N,3/11/2013,12:47 PM,13-070171,,71,136,N,Y,,,19,,,1,20,,CONCORD,ST,N,N,30,N,N,,N,19,,,1,1,,BUTTERFIELD TRAIL,AVE,,,,,,,11,1,0,,1,1,1,1:04 PM,DISPATCHED,1:29 PM,3/11/2013,Y,TX0710200,1259,,,101,8,2,3,10,64,14,1,5,1,32,21,71,136,31.81273173,-106.4025323,,,,,CONCORD ST,,,,,,,,,,,,,,,Y,N,N,5,9,Y,MON,,,,,,,,,,,,,,,,,,,,,,,,,,,,,,,,,,,,,,,,,,,,,,,,,,,,,,,,0,0,0,3,0,0,0,66,,,
13193825,N,N,N,N,N,N,N,1/17/2013,4:55 PM,2013-000101,,71,403,N,N,31.65469,-106.29071,4,20,,1,10200,,ALAMEDA,AVE,N,N,0,N,N,BLACK TOP,N,19,,,1,,,RIO VISTA,,,,,,BLACKTOP,,11,1,5,3,1,1,5,4:55 PM,DISPATCH,5:55 PM,1/17/2013,Y,TX0711600,2139,,159,128,8,2,1,14,64,54,1,2,1,21,21,71,403,31.65466724,-106.2907364,SH,20,,35.529,SH0020,10302,2,2,35.594,344,-0.37,SL,375,,SL0375,,,,,N,Y,N,5,6,Y,THU,2,0,5,5,0,2,4,80,60,50,4,0,0,3,5,5,3,5,5,0,0,4,14,16981,2014,16981,1.3,1.9,3.2,,,,,,,,,,,,,,,,,,,,,,,,,,,0,0,0,1,1,0,0,66,,,
13194412,N,N,N,N,N,N,N,2/22/2013,5:15 PM,13-6356,,152,270,N,Y,,,19,,,7,200,,UNIVERSITY,AVE,Y,N,0,N,N,"""JUST SMOKES"" PARKING LOT 202 UNIVERSITY",N,19,,,1,2500,,2ND,PL,,,,,,,11,1,0,,1,1,1,5:19 PM,POLICE RADIO,5:22 PM,2/22/2013,Y,TX1520200,1706,,,,8,4,4,4,64,12,7,9,5,33,21,152,270,,,,,,,UNIVERSITY AVE,,,,,,,,,,,,,,,N,N,N,5,8,N,FRI,,,,,,,,,,,,,,,,,,,,,,,,,,,,,,,,,,,,,,,,,,,,,,,,,,,,,,,,0,0,0,1,1,0,0,,,,
13194611,N,N,N,N,N,N,N,2/19/2013,3:44 PM,13-00237,,61,96,N,Y,,,1,35,,1,,,NB 5600 IH35E STEMMONS,,N,N,60,N,N,TWO LANE BLACKTOP HIGHWAY,N,19,,,1,,,POST OAK DRIVE,,345,F,S,461,OVERPASS,,11,1,0,2,2,1,20,3:44 PM,DISPATCHER,3:50 PM,2/19/2013,Y,TX0612300,1113,,,,8,2,4,20,64,42,1,1,1,21,21,61,96,33.15966094,-97.06968625,IH,35,E,90.016,IH0035E,,196,1,14.561,461,-345,,,,,,,,,Y,Y,N,5,5,Y,TUE,5,0,4,10,48,3,4,400,76,48,6,0,0,2,8,5,2,20,5,2,40,4,11,105494,2014,105494,3.2,6.1,9.3,,,,,,,,,,,,,,,,,,,,,,,,,,,0,0,0,2,0,0,0,282,,,
13194613,N,N,N,N,N,N,N,2/20/2013,7:00 PM,13-00247,,61,96,N,Y,,,19,,,2,6200,,I 35 E SERVICE,RD,N,N,45,N,N,TWO LANE SERVICE ROAD,N,,,,,,,NOT REPORTED,,50,F,N,EXIT,460,,12,4,0,,4,1,1,7:00 PM,BY PHONE BY PASSERBY,7:05 PM,2/20/2013,Y,TX0612300,1113,,,,8,7,4,1,20,3,2,5,2,21,21,61,96,,,,,,,I 35 E SERVICE RD,,,,,,,,,,,,,,,Y,N,N,5,5,N,WED,,,,,,,,,,,,,,,,,,,,,,,,,,,,,,,,,,,,,,,,,,,,,,,,,,,,,,,,0,0,0,1,0,0,0,,,,
13195583,N,N,N,N,N,N,N,3/13/2013,4:45 PM,0031135713U,,101,208,N,Y,,,19,,,1,5200,,PRUDENCE,DR,N,N,30,N,N,CONCRETE / PUBLIC STREET,Y,19,,,1,14000,,CATINA,LN,,,,,,,11,1,0,,1,1,8,4:45 PM,SW DISPATCHER,4:51 PM,3/16/2013,Y,TXHPD0000,2469,24,125,81,8,2,1,10,64,54,1,5,1,21,21,101,208,29.62420483,-95.46094307,,,,,PRUDENCE DR,5301,,,,,,,,,CATINA LN,,,,,Y,N,N,5,9,Y,WED,,,,,,,,,,,,,,,,,,,,,,,,,,,,,,,,,,,,,,,,,,,,,,,,,,,,,,,,0,0,0,4,0,0,0,15,,,
13196896,N,N,N,N,N,N,N,3/1/2013,6:12 PM,C1301519,,178,97,N,Y,,,19,,,1,4500,,GREENWOOD,DR,N,N,40,N,N,,Y,19,,,1,1600,,GOLLIHAR,RD,,,,,,,11,1,0,,1,1,5,6:29 PM,DISPATCHED,6:29 PM,3/1/2013,N,TX1780200,1115,,,19,8,2,2,22,64,38,1,5,1,21,21,178,97,27.75210528,-97.43568264,,,,,GREENWOOD DR,4500,,,,,,,,,GOLLIHAR RD,,,,,Y,N,N,5,9,Y,FRI,,,,,,,,,,,,,,,,,,,,,,,,,,,,,,,,,,,,,,,,,,,,,,,,,,,,,,,,0,0,0,1,1,0,0,96,,,
13197094,N,N,N,N,N,N,N,3/14/2013,6:30 AM,130034240,0,101,1666,Y,Y,,,19,,,1,400,,DELLDALE,,N,N,35,N,N,,Y,19,,,1,,,AVE C,,,,,,,,11,2,4,,1,1,8,9:30 AM,DISPATCHED,10:03 AM,3/14/2013,N,TX1010000,1419,217,4,5,8,2,1,34,64,54,1,4,1,21,21,101,1666,29.77904479,-95.13857315,,,,,DELL DALE BLVD,398,,,,,,,,,AVENUE C,,,,,Y,N,Y,5,0,Y,THU,,,,,,,,,,,,,,,,,,,,,,,,,,,,,,,,,,,,,,,,,,,,,,,,,,,,,,,,0,0,0,1,1,0,0,15,,,
13198317,N,N,N,N,N,N,N,3/8/2013,4:25 PM,55292A,,61,107,N,Y,,,19,,,1,18600,,MIDWAY,RD,N,N,40,N,N,,N,19,,,,4000,,BRIARBEND,RD,,,,,,,11,1,0,,1,1,8,4:33 PM,DISPATCHED,4:45 PM,3/27/2013,Y,TX0000006,2471,,,59,8,7,2,1,33,32,1,5,2,21,21,61,107,33.00643325,-96.8437727,,,,,MIDWAY RD,,,,,,,,,,BRIARBEND RD,,,,,Y,N,N,5,9,Y,FRI,,,,,,,,,,,,,,,,,,,,,,,,,,,,,,,,,,,,,,,,,,,,,,,,,,,,,,,,0,0,0,2,0,0,0,282,,,
13198685,N,N,N,N,N,N,N,3/8/2013,1:00 PM,2013-506987,,191,12,N,N,,,19,,,1,4500,,MAVERICK,ST,N,N,30,N,N,,N,19,,,,,SW,45TH,AVE,,,,,SW 45TH AVE,,11,1,0,,1,1,8,6:41 PM,DISPATCHED,6:50 PM,3/21/2013,N,TX1880100,33,,,,8,2,2,22,64,38,1,5,1,21,21,191,12,35.16379665,-101.8751012,,,,,MAVERICK ST,4501,,,,,,,,,SW 45TH AVE,,,,,N,N,N,5,8,Y,FRI,,,,,,,,,,,,,,,,,,,,,,,,,,,,,,,,,,,,,,,,,,,,,,,,,,,,,,,,0,0,0,3,0,0,0,120,,,
13198727,N,N,N,N,N,Y,N,3/10/2013,2:20 PM,,,191,1756,Y,Y,34.94819,-101.93686,15,,,1,,,RICE,RD,N,N,45,N,N,,N,15,,,,,,SONCY,RD,,,,,,,6,1,2,,1,10,8,3:22 PM,DPS COMMUNICATIONS,3:35 PM,3/20/2013,Y,TXDPS0200,10000,15,130,1,8,2,2,14,64,6,1,4,1,21,21,191,1756,34.94815248,-101.937104,,,,,RICE RD,8685,,,,,,,,,SONCY RD,,,,,Y,N,Y,5,0,Y,SUN,,,,,,,,,,,,,,,,,,,,,,,,,,,,,,,,,,,,,,,,,,,,,,,,,,,,,,,,0,0,0,2,1,0,0,,,,
13198786,N,N,N,N,N,N,N,3/6/2013,11:11 PM,130030888,0,101,1666,Y,Y,,,19,,,2,6100,N,SAM HOUSTON,PKWY,N,N,50,N,N,WEST,Y,3,249,,2,,,TOMBALL,PKWY,,,,,,,11,4,0,2,1,1,11,11:11 PM,DISPATCHED,11:11 PM,3/6/2013,Y,TX1014900,2744,66,5,6,8,2,1,10,64,54,2,2,1,21,21,101,1666,29.9369651,-95.51621467,SH,249,,19.485,SH0249,,720,3,15.915,0464A,0.651,SL,8,,SL0008,,,,,Y,Y,Y,3,0,Y,WED,5,0,9,10,20,9,6,290,110,72,5,0,0,2,18,5,2,20,5,2,2,4,12,38486,2014,38486,5.1,7.4,12.4,,,,,,,,,,,,,,,,,,,,,,,,,,,0,0,3,2,0,3,0,15,,,
13200491,N,N,N,N,N,N,N,2/26/2013,2:41 PM,13004272,,241,454,N,N,,,17,,,1,10300,N,HWY 59,HWY,Y,N,0,N,N,,N,4,102,,1,2300,W,FM 102,HWY,,,,,,,11,4,0,,1,1,1,2:41 PM,DISPATCH,2:41 PM,2/26/2013,N,TX2410200,2414,,,87,8,2,4,22,64,54,7,9,5,33,21,241,454,,,,,,,N HWY 59 HWY,,,,,,,,,,,,,,,N,N,N,5,4,N,TUE,,,,,,,,,,,,,,,,,,,,,,,,,,,,,,,,,,,,,,,,,,,,,,,,,,,,,,,,0,0,0,3,0,0,0,,,,
13200502,N,N,N,N,N,N,N,2/4/2013,5:37 PM,,,75,1640,Y,Y,29.85082,-96.82332,4,155,,1,,,NOT REPORTED,,N,N,60,N,N,,N,15,,,,,,ANDERS BOTTOM,RD,,,,,,,11,1,0,1,4,1,12,5:38 PM,FAYETTE CO. SO,5:50 PM,2/4/2013,Y,,10000,7,22,1,8,10,4,1,1,54,1,3,2,21,21,75,1640,29.85085062,-96.82131747,FM,155,,4.555,FM0155,4872,211,9,5.672,470,0.626,,,,,,,,,Y,Y,Y,5,0,Y,MON,2,0,2,2,0,2,2,60,26,22,4,0,0,2,2,5,2,2,5,0,0,1,7,1342,2014,1342,14.5,5.4,20,,,,,,,,,,,,,,,,,,,,,,,,,,,0,0,0,1,0,0,0,,,,
13200523,N,N,N,N,N,Y,N,3/9/2013,2:42 PM,,,150,1715,Y,Y,30.88889,-98.94139,3,71,,1,20000,,NOT REPORTED,,N,N,70,N,N,,N,15,415,,,,,NOT REPORTED,,,,,,,,11,1,0,1,5,1,1,2:42 PM,DISPATCH,3:04 PM,3/10/2013,Y,TX1500000,1681,,,,8,7,4,1,20,33,1,2,2,21,21,150,1715,30.88993779,-98.94176863,SH,71,,30.254,SH0071,,577,4,1.961,478,-0.041,,,,,,,,,Y,Y,Y,5,0,Y,SAT,2,0,5,5,0,2,2,120,36,24,4,0,0,2,5,5,2,5,5,0,0,1,6,1906,2014,1906,9.5,11.1,20.6,1,185,4,,0,,,,,,,,,,,,,,,,,,,,,,0,0,0,1,0,0,0,,,,
13200939,N,N,N,N,N,N,N,2/1/2013,6:09 PM,13040076,,31,53,N,Y,,,19,,,1,2800,,ELENA,,N,N,30,N,N,,N,19,,,,2800,,TAMPICO,ST,,,,,,,11,1,0,,1,1,1,6:10 PM,DISPATCHED,6:19 PM,4/2/2013,Y,TX0310100,172,,125,29,8,7,4,1,29,54,1,5,2,21,21,31,53,25.90069754,-97.46574112,,,,,ELENA ST,,,,,,,,,,,,,,,Y,N,N,5,8,Y,FRI,,,,,,,,,,,,,,,,,,,,,,,,,,,,,,,,,,,,,,,,,,,,,,,,,,,,,,,,0,0,0,2,0,0,0,248,,,
13201774,N,Y,Y,N,N,N,N,3/1/2013,8:25 AM,13-03-01-009268,,101,1666,Y,Y,,,19,,,1,1500,E,RICHEY,RD,N,N,0,N,N,CONCRETE,N,19,,,1,19000,W,HARDY,RD,,,,,35 MPH,,11,1,2,,1,1,20,8:29 AM,AISD DISPATCHER,8:47 AM,3/1/2013,Y,TX1017300,18,,,44,8,2,4,20,64,48,1,5,1,21,21,101,1666,29.99698212,-95.38514767,,,,,E RICHEY RD,1500,,,,,,,,,,,,,,Y,N,Y,5,0,Y,FRI,,,,,,,,,,,,,,,,,,,,,,,,,,,,,,,,,,,,,,,,,,,,,,,,,,,,,,,,0,0,0,47,0,0,0,15,,,
13202120,N,N,N,N,N,N,N,3/4/2013,8:43 PM,130012536,HIT AND RUN,220,19,N,N,,,19,,,1,1100,N,FIELDER,RD,N,N,40,N,N,,N,19,,,,1600,W,RANDOL MILL,RD,,,,,,,11,4,0,,1,1,1,8:55 PM,DISPATCH,9:08 PM,3/4/2013,N,TX2200100,59,,8,139,8,2,2,22,64,38,1,5,1,21,21,220,19,32.75031022,-97.1316834,,,,,N FIELDER RD,1107,,,,,,,,,W RANDOL MILL RD,,,,,Y,N,N,3,9,Y,MON,,,,,,,,,,,,,,,,,,,,,,,,,,,,,,,,,,,,,,,,,,,,,,,,,,,,,,,,0,0,2,2,1,2,0,282,,,
13202385,N,N,N,N,N,N,N,2/14/2013,8:50 PM,13-2871,,221,2,N,Y,,,7,20,,1,3400,,NOT REPORTED,,N,N,0,N,N,,Y,19,,,1,100,,CLYDE,ST,,,,,,,11,4,2,,1,1,1,8:50 PM,DISPATCH,8:55 PM,2/14/2013,Y,TX2210100,10,,,,8,2,4,22,64,9,1,2,1,21,21,221,2,,,,,,,BI0020,,,,,,,,,,,,,,,Y,Y,N,5,8,N,THU,,,,,,,,,,,,,,,,,,,,,,,,,,,,,,,,,,,,,,,,,,,,,,,,,,,,,,,,0,0,0,3,0,0,0,,,,
13203868,N,Y,N,N,N,N,N,3/1/2013,5:54 PM,13-4660,,129,425,N,Y,32.723,-96.3169,4,148,,1,,,NOT REPORTED,,N,N,55,N,N,,Y,4,148,,,,,APACHE,TRL,,,,,,,11,5,2,1,1,1,5,6:00 PM,DISPATCH,6:04 PM,3/1/2013,Y,TX1290500,2226,,,104,8,2,1,34,64,54,1,3,1,21,21,129,425,32.72309139,-96.31697724,FM,148,,1.375,FM0148,1094,751,1,1.36,270,-0.632,SS,557,,SS0557,,,,,Y,Y,N,2,5,Y,FRI,2,0,10,10,0,3,2,80,44,24,4,0,0,2,10,5,2,10,5,0,0,2,16,10012,2014,10012,2.1,4.9,7,,,,,,,,,,,,,,,,,,,,,,,,,,,0,1,0,1,0,1,0,282,,,
13205322,N,N,N,N,N,N,N,3/9/2013,9:17 PM,13-23254,,220,156,N,Y,32.82216,-97.6319,19,,,1,14000,,TRINITY,BLVD,N,N,40,N,N,,N,3,360,,,4090,,STATE HWY 360,,,,,,,,2,4,0,,2,2,1,9:17 PM,DISPATCH,9:20 PM,3/9/2013,Y,TX2201200,1318,885,9,120,8,7,5,1,30,54,1,5,2,21,21,220,156,32.82227949,-97.06233413,,,,,TRINITY BLVD,14092,,,,,,,,,,,,,,Y,N,N,0,9,Y,SAT,,,,,,,,,,,,,,,,,,,,,,,,,,,,,,,,,,,,,,,,,,,,,,,,,,,,,,,,0,0,0,0,1,0,0,282,,,
13208544,N,N,N,N,N,N,N,2/2/2013,5:40 PM,B130789,1303739,130,41,N,Y,,,3,46,,1,600,W,BANDERA,,N,N,35,N,N,,N,1,10,,2,34900,,IH 10,,,,,,,,11,1,2,1,2,1,1,5:42 PM,RADIO,5:46 PM,2/2/2013,N,TX1300100,135,12,111,17,8,2,3,14,64,14,1,2,1,32,21,130,41,29.77946903,-98.73909155,SH,46,,11.044,SH0046,605,1042,2,6.648,480,0.669,,,,,,,,,Y,Y,N,5,5,Y,SAT,2,0,6,6,0,2,2,80,36,24,2,0,0,2,6,5,2,6,5,0,0,2,14,7044,2014,7044,7.9,1.6,9.4,1,92,6,2,29,,,,,,,,,,,,,,,,,,,,,,0,0,0,3,0,0,0,28,,,
13208604,N,N,N,N,N,N,N,1/31/2013,12:33 PM,B130717,1303414,130,41,N,Y,,,19,,,1,100,W,BLANCO,,N,N,30,N,N,,Y,19,,,1,100,W,SAN ANTONIO,,,,,,,,11,1,2,,1,1,8,12:38 PM,RADIO,12:41 PM,1/31/2013,Y,TX1300100,135,,144,44,8,2,1,14,64,54,1,5,1,21,21,130,41,29.79340491,-98.73326224,,,,,W BLANCO RD,299,,,,,,,,,W SAN ANTONIO AVE,,,,,Y,N,N,5,5,Y,THU,,,,,,,,,,,,,,,,,,,,,,,,,,,,,,,,,,,,,,,,,,,,,,,,,,,,,,,,0,0,0,2,0,0,0,28,,,
13208723,N,Y,N,N,N,N,N,3/8/2013,10:20 AM,,13-033574,57,107,N,Y,,,1,35,,1,7000,,STEMMONS,FWY,N,N,60,N,N,,N,19,,,1,,,MOCKINGBIRD,LN,,,,,,,12,1,0,,1,1,20,10:18 AM,RADIO DISPATCHED,10:24 AM,3/8/2013,Y,TX0570000,1169,,18,22,8,2,4,21,64,9,1,1,1,21,21,57,107,,,IH,35,,,IH0035,,,,,,,,,,,,,,,Y,Y,N,5,9,N,FRI,,,,,,,,,,,,,,,,,,,,,,,,,,,,,,,,,,,,,,,,,,,,,,,,,,,,,,,,0,0,0,3,0,0,0,,,,
13211542,N,N,N,N,N,N,N,2/13/2013,12:00 PM,TX1300345,,31,340,N,N,,,19,,,1,100,,PORT,RD,N,N,30,N,N,,N,19,,,,1200,,100,HWY,,,,,,,11,1,2,,4,1,9,12:00 PM,DISPATCHER,12:02 PM,2/13/2013,Y,TX0310600,1949,,,33,8,2,2,22,64,38,1,5,1,21,21,31,340,26.071397,-97.22023854,,,,,PORT RD,,,,,,,,,,W HWY 100,,,,,N,N,N,5,4,Y,WED,,,,,,,,,,,,,,,,,,,,,,,,,,,,,,,,,,,,,,,,,,,,,,,,,,,,,,,,0,0,0,2,0,0,0,,,,
13212887,N,N,N,N,N,N,N,1/16/2013,1:09 PM,,13003,42,84,N,Y,31.49001,-99.25373,3,206,,1,1600,S,COMMERCIAL,AVE,N,N,40,N,N,,Y,19,,,1,100,E,10TH,ST,,,,,,,11,1,4,3,1,1,8,1:11 PM,DISPATCHED,1:12 PM,1/16/2013,Y,TX0420100,299,,,,8,2,1,10,64,3,1,2,1,21,21,42,84,31.81679453,-99.42301849,SH,206,,51.902,SH0206,1699,78,3,30.677,350,-1.108,,,,W 10TH ST,,,,,Y,Y,Y,2,3,Y,WED,2,0,8,8,0,2,4,120,76,60,2,0,0,2,8,5,2,8,5,0,0,1,6,5096,2014,5096,4.3,15.4,19.8,,,,,,,,,,,,,,,,,,,,,,,,,,,0,1,0,1,0,1,0,,,,
13213504,N,N,N,N,N,N,N,2/27/2013,7:04 PM,TA-13-0067,,15,69,N,Y,,,1,410,,1,1500,NW,LOOP 410 EBML,,N,N,65,N,N,,N,4,1535,,5,,,NOT REPORTED,,,,,,,,11,5,0,2,1,1,20,7:04 PM,RADIO,7:06 PM,2/27/2013,Y,TX0150300,218,30,87,5,8,2,4,20,64,42,1,1,1,21,21,15,69,29.52072566,-98.51222582,IH,410,,19.322,IH0410,,521,4,19.417,19,0.272,,,,,,,,,Y,Y,Y,3,3,Y,WED,5,0,8,8,21,2,9,300,144,108,4,0,0,2,18,5,2,18,5,2,3,4,11,212452,2014,212452,2.9,1.9,4.7,1,648,0,2,25,,,,,,,,,,,,,,,,,,,,,,0,0,1,5,0,1,0,28,,,
13213877,N,N,N,N,N,N,N,2/22/2013,11:04 AM,13-0200793,,21,55,N,Y,,,3,21,,1,1300,,SAN JACINTO,LN,N,N,45,N,N,,N,19,,,,1300,,JACKSON,ST,,,,,,,12,1,0,,1,1,20,11:06 AM,DISPATCHED,11:15 AM,2/22/2013,Y,TX0210100,174,,,,8,7,3,1,34,14,1,2,2,32,21,21,55,,,SH,21,,,SH0021,,,,,,,,,,,,,,,Y,Y,N,2,7,N,FRI,,,,,,,,,,,,,,,,,,,,,,,,,,,,,,,,,,,,,,,,,,,,,,,,,,,,,,,,0,1,0,1,0,1,0,,,,
13213987,N,N,N,N,N,N,N,2/2/2013,2:31 AM,13-0200052,,21,55,N,Y,,,19,,,1,900,N,BRYAN,AVE,N,N,30,N,N,,N,19,,,1,200,W,17TH,ST,,,,,,,11,4,0,,1,1,1,2:31 AM,BCSO DISPATCH,2:37 AM,2/2/2013,N,TX0210100,174,,,,8,4,4,1,64,3,1,5,1,21,21,21,55,30.68222664,-96.37284306,,,,,N BRYAN AVE,1031,,,,,,,,,,,,,,Y,N,N,5,7,Y,SAT,,,,,,,,,,,,,,,,,,,,,,,,,,,,,,,,,,,,,,,,,,,,,,,,,,,,,,,,0,0,0,6,0,0,0,249,,,
13214044,N,N,N,N,N,N,N,1/28/2013,7:52 AM,13-0100960,,21,55,N,Y,,,4,2818,,1,900,N,HARVEY MITCHELL,PKWY,N,N,55,N,N,PUBLIC ROADWAY,N,19,,,,3700,,LEONARD,RD,,,,,PUBLIC ROADWAY,,12,1,0,3,1,2,5,7:52 AM,DISPATCHED,7:58 AM,1/28/2013,Y,TX0210100,174,,,,8,2,2,22,64,38,1,3,1,21,21,21,55,30.64405838,-96.38844219,FM,2818,,6.784,FM2818,3201,2851,1,7.624,412,0.598,FM,1688,,FM1688,,,,,Y,Y,N,5,7,Y,MON,2,0,4,8,0,2,4,120,72,56,4,0,0,2,4,5,2,8,5,0,0,3,14,12931,2014,12931,1.3,1.7,3,,,,,,,,,,,,,,,,,,,,,,,,,,,0,0,0,2,0,0,0,249,,,