Crash_ID,Crash_Fatal_Fl,Cmv_Involv_Fl,Schl_Bus_Fl,Rr_Relat_Fl,Medical_Advisory_Fl,Amend_Supp_Fl,Active_School_Zone_Fl,Crash_Date,Crash_Time,Case_ID,Local_Use,Rpt_CRIS_Cnty_ID,Rpt_City_ID,Rpt_Outside_City_Limit_Fl,Thousand_Damage_Fl,Rpt_Latitude,Rpt_Longitude,Rpt_Rdwy_Sys_ID,Rpt_Hwy_Num,Rpt_Hwy_Sfx,Rpt_Road_Part_ID,Rpt_Block_Num,Rpt_Street_Pfx,Rpt_Street_Name,Rpt_Street_Sfx,Private_Dr_Fl,Toll_Road_Fl,Crash_Speed_Limit,Road_Constr_Zone_Fl,Road_Constr_Zone_Wrkr_Fl,Rpt_Street_Desc,At_Intrsct_Fl,Rpt_Sec_Rdwy_Sys_ID,Rpt_Sec_Hwy_Num,Rpt_Sec_Hwy_Sfx,Rpt_Sec_Road_Part_ID,Rpt_Sec_Block_Num,Rpt_Sec_Street_Pfx,Rpt_Sec_Street_Name,Rpt_Sec_Street_Sfx,Rpt_Ref_Mark_Offset_Amt,Rpt_Ref_Mark_Dist_Uom,Rpt_Ref_Mark_Dir,Rpt_Ref_Mark_Nbr,Rpt_Sec_Street_Desc,Rpt_CrossingNumber,Wthr_Cond_ID,Light_Cond_ID,Entr_Road_ID,Road_Type_ID,Road_Algn_ID,Surf_Cond_ID,Traffic_Cntl_ID,Investigat_Notify_Time,Investigat_Notify_Meth,Investigat_Arrv_Time,Report_Date,Investigat_Comp_Fl,ORI_Number,Investigat_Agency_ID,Investigat_Area_ID,Investigat_District_ID,Investigat_Region_ID,Bridge_Detail_ID,Harm_Evnt_ID,Intrsct_Relat_ID,FHE_Collsn_ID,Obj_Struck_ID,Othr_Factr_ID,Road_Part_Adj_ID,Road_Cls_ID,Road_Relat_ID,Phys_Featr_1_ID,Phys_Featr_2_ID,Cnty_ID,City_ID,Latitude,Longitude,Hwy_Sys,Hwy_Nbr,Hwy_Sfx,Dfo,Street_Name,Street_Nbr,Control,Section,Milepoint,Ref_Mark_Nbr,Ref_Mark_Displ,Hwy_Sys_2,Hwy_Nbr_2,Hwy_Sfx_2,Street_Name_2,Street_Nbr_2,Control_2,Section_2,Milepoint_2,Txdot_Rptable_Fl,Onsys_Fl,Rural_Fl,Crash_Sev_ID,Pop_Group_ID,Located_Fl,Day_of_Week,Hwy_Dsgn_Lane_ID,Hwy_Dsgn_Hrt_ID,Hp_Shldr_Left,Hp_Shldr_Right,Hp_Median_Width,Base_Type_ID,Nbr_Of_Lane,Row_Width_Usual,Roadbed_Width,Surf_Width,Surf_Type_ID,Curb_Type_Left_ID,Curb_Type_Right_ID,Shldr_Type_Left_ID,Shldr_Width_Left,Shldr_Use_Left_ID,Shldr_Type_Right_ID,Shldr_Width_Right,Shldr_Use_Right_ID,Median_Type_ID,Median_Width,Rural_Urban_Type_ID,Func_Sys_ID,Adt_Curnt_Amt,Adt_Curnt_Year,Adt_Adj_Curnt_Amt,Pct_Single_Trk_Adt,Pct_Combo_Trk_Adt,Trk_Aadt_Pct,Curve_Type_ID,Curve_Lngth,Cd_Degr,Delta_Left_Right_ID,Dd_Degr,Feature_Crossed,Structure_Number,I_R_Min_Vert_Clear,Approach_Width,Bridge_Median_ID,Bridge_Loading_Type_ID,Bridge_Loading_In_1000_Lbs,Bridge_Srvc_Type_On_ID,Bridge_Srvc_Type_Under_ID,Culvert_Type_ID,Roadway_Width,Deck_Width,Bridge_Dir_Of_Traffic_ID,Bridge_Rte_Struct_Func_ID,Bridge_IR_Struct_Func_ID,CrossingNumber,RRCo,Poscrossing_ID,WDCode_ID,Standstop,Yield,Incap_Injry_Cnt,Nonincap_Injry_Cnt,Poss_Injry_Cnt,Non_Injry_Cnt,Unkn_Injry_Cnt,Tot_Injry_Cnt,Death_Cnt,MPO_ID,Investigat_Service_ID,Investigat_DA_ID,Investigator_Narrative
13215894,N,N,N,N,N,N,N,1/1/2013,8:30 PM,13-001173,,71,136,N,Y,,,19,,,1,,,TIERRA ESTE,RD,N,N,35,N,N,,N,19,,,1,,,TIERRA CORTEZ,,,,,,,,11,0,0,,1,1,1,8:55 PM,DISPATCH,9:05 PM,1/1/2013,Y,TX0710200,1259,,,185,8,2,4,20,64,54,1,5,1,21,21,71,136,31.78788599,-106.259699,,,,,TIERRA ESTE RD,12533,,,,,,,,,,,,,,Y,N,N,5,9,Y,TUE,,,,,,,,,,,,,,,,,,,,,,,,,,,,,,,,,,,,,,,,,,,,,,,,,,,,,,,,0,0,0,3,1,0,0,66,,,
13215970,N,N,N,N,N,N,N,3/8/2013,12:10 AM,13-7928,,152,270,N,Y,,,19,,,1,1110,,40TH,ST,Y,N,0,N,N,,N,19,,,,3900,,L,AVE,,,,,,,11,3,0,,4,1,1,12:18 AM,DISPATCH,12:21 AM,3/8/2013,Y,TX1520200,1706,,,,8,7,4,4,33,3,7,9,5,33,21,152,270,,,,,,,40TH ST,,,,,,,,,,,,,,,N,N,N,0,8,N,FRI,,,,,,,,,,,,,,,,,,,,,,,,,,,,,,,,,,,,,,,,,,,,,,,,,,,,,,,,0,0,0,0,1,0,0,,,,
13216153,N,N,N,N,N,N,N,1/28/2013,1:21 PM,13-028154,,71,136,N,Y,,,19,,,1,800,E,ESTRELLA,DR,N,N,30,N,N,,Y,19,,,1,3400,,PAISANO,,,,,,,,11,1,0,2,1,1,8,1:21 PM,DISPATCHED,1:25 PM,1/28/2013,N,TX0710200,1259,,,75,8,2,1,10,64,54,1,2,1,21,21,71,136,31.76865405,-106.4569222,US,62,,2.339,US0062,,1,4,7.792,20,0.471,,,,S ESTRELLA ST,,,,,Y,Y,N,5,9,Y,MON,3,0,0,0,20,2,6,120,74,74,4,1,1,1,0,0,1,0,0,1,20,4,14,8857,2014,8857,2.3,1.2,3.4,,,,,,,,,,,,,,,,,,,,,,,,,,,0,0,0,2,0,0,0,66,,,
13216224,N,N,N,N,N,N,N,1/22/2013,3:38 PM,13-022216,,71,136,N,Y,,,19,,,1,10635,,GATEWAY WEST,BLVD,N,N,45,N,N,,N,19,,,1,1100,,YARBROUGH,ST,,,,,,,11,1,98,2,1,1,1,3:57 PM,DISPATCHED,4:07 PM,1/22/2013,Y,TX0710200,1259,,,136,8,2,4,21,64,9,1,1,1,21,21,71,136,31.7528625,-106.3457032,IH,10,,28.86,IH0010,10570,2121,3,29.635,29,-0.116,,,,,,,,,Y,Y,N,5,9,Y,TUE,5,0,10,10,43,2,6,300,112,72,4,0,1,2,20,5,2,20,5,,23,4,11,131071,2014,131071,2.3,5.2,7.5,,,,,,,,,,,,,,,,,,,,,,,,,,,0,0,0,4,0,0,0,66,,,
13216228,N,N,N,N,N,N,N,1/22/2013,5:55 PM,13-022270,,71,136,N,Y,,,19,,,1,,,DONIPHAN,DR,N,N,0,N,N,,N,19,,,1,,N,N MESA ST NB,,,,,,,,11,4,0,,1,1,1,6:02 PM,DISPATCHED,6:03 PM,1/22/2013,Y,TX0710200,1259,,,206,8,2,3,14,64,14,1,5,1,32,21,71,136,,,,,,,DONIPHAN DR,,,,,,,,,,,,,,,Y,N,N,5,9,N,TUE,,,,,,,,,,,,,,,,,,,,,,,,,,,,,,,,,,,,,,,,,,,,,,,,,,,,,,,,0,0,0,4,0,0,0,,,,
13216567,N,N,N,N,N,N,N,1/17/2013,8:11 PM,1300134,,178,366,N,Y,,,19,,,1,,,TEXAS YES,BLVD,N,N,30,N,N,,N,3,77,,,,,NORTHBOUND ACCESS,RD,,,,,,,11,3,0,,1,1,8,8:11 PM,DISPATCH,8:19 PM,1/17/2013,Y,TX1780300,2031,,,,8,2,2,22,64,38,1,2,1,21,21,178,366,27.78806805,-97.65413621,,,,,TEXAS YES BLVD,1002,,,,,,US,77,,US0077,,,,,Y,N,N,3,5,Y,THU,,,,,,,,,,,,,,,,,,,,,,,,,,,,,,,,,,,,,,,,,,,,,,,,,,,,,,,,0,0,1,7,0,1,0,,,,
13218811,N,N,N,N,N,N,N,1/23/2013,12:08 PM,13-00018,,108,321,N,Y,,,2,83,,2,100,W,PALMAVISTA DRIVE,,N,N,50,N,N,,N,4,492,,,100,N,GOODWIN RD,,,,,,,,11,1,0,3,1,1,1,12:08 PM,RADIO,12:11 PM,1/23/2013,Y,TX1082200,1899,,14,20,8,2,3,10,64,14,2,2,1,32,21,108,321,26.22358013,-98.39458748,BU,83,S,2.842,BU0083S,1910,39,2,13.813,500,0.8,,,,,,,,,Y,Y,N,3,4,Y,WED,2,0,8,0,0,2,4,120,74,62,4,2,2,2,8,5,1,0,0,0,0,4,16,6110,2014,6110,1.3,0.2,1.5,,,,,,,,,,,,,,,,,,,,,,,,,,,0,0,1,1,0,1,0,230,,,
13219676,N,N,N,N,N,N,N,2/25/2013,4:45 PM,0024280813H,FSGI,101,208,N,Y,,,1,45,,2,8500,S,GULF SER E,FWY,N,N,45,N,N,SERVICE ROAD,N,19,,,,,,EASTHAVEN,BLVD,,,,,,,0,1,98,,1,1,11,12:30 PM,WALK IN,12:30 PM,2/26/2013,Y,TXHPD0000,2469,18,113,65,8,2,4,22,64,36,2,1,1,21,21,101,208,,,IH,45,,,IH0045,,,,,,,,,,,,,,,Y,Y,N,5,9,N,MON,,,,,,,,,,,,,,,,,,,,,,,,,,,,,,,,,,,,,,,,,,,,,,,,,,,,,,,,0,0,0,1,3,0,0,,,,
13220041,N,N,N,N,N,N,N,2/9/2013,5:20 PM,0023783613B,,101,208,N,Y,,,19,,,1,600,E,14TH,ST,N,N,30,N,N,,N,19,,,,,,BEVERLY,ST,,,,,,,11,1,0,,1,1,17,11:46 AM,WALKIN,11:46 AM,2/25/2013,Y,TXHPD0000,2469,18,121,33,8,5,4,5,64,4,1,5,1,21,21,101,208,29.7962722,-95.39335676,,,,,E 14TH ST,485,,,,,,,,,,,,,,Y,N,N,1,9,Y,SAT,,,,,,,,,,,,,,,,,,,,,,,,,,,,,,,,,,,,,,,,,,,,,,,,,,,,,,,,1,0,0,0,1,1,0,15,,,
13220566,N,N,N,N,N,N,N,3/7/2013,3:20 PM,13006456,,236,213,N,Y,,,19,,,1,1100,,10TH,,N,N,30,N,N,,Y,19,,,1,900,N,SAM HOUSTON AVENUE,,,,,,,,11,1,4,,1,1,8,3:22 PM,RADIO,3:24 PM,3/7/2013,Y,TX2360100,1502,,,12,8,2,1,10,64,54,1,5,1,21,21,236,213,30.72510461,-95.550483,,,,,10TH ST,1100,,,,,,,,,UNKNOWN,,,,,Y,N,N,5,6,Y,THU,,,,,,,,,,,,,,,,,,,,,,,,,,,,,,,,,,,,,,,,,,,,,,,,,,,,,,,,0,0,0,3,0,0,0,,,,
13220695,N,N,N,N,N,Y,N,1/27/2013,4:20 PM,13-029042,,71,136,N,N,,,19,,,1,,,ALAMEDA,AVE,N,N,0,N,N,,Y,19,,,1,,N,N AMERICAS AVE SB,,,,,,,,0,0,98,,7,8,17,8:35 AM,PHONE,8:35 AM,2/6/2013,Y,TX0710200,1259,,,111,8,2,4,21,64,54,1,5,1,21,21,71,136,,,,,,,ALAMEDA AVE,,,,,,,,,,,,,,,N,N,N,5,9,N,SUN,,,,,,,,,,,,,,,,,,,,,,,,,,,,,,,,,,,,,,,,,,,,,,,,,,,,,,,,0,0,0,2,0,0,0,,,,
13220989,N,N,N,N,N,N,N,3/5/2013,7:55 AM,201303-0415,,108,1177,N,Y,,,2,83,,1,,,83,,N,N,55,N,N,,N,19,,,,,,TOM GILL,,,,,,,,11,1,4,2,1,1,5,7:53 AM,VIA-RADIO,7:55 AM,4/15/2013,Y,TX1083000,277,,,,8,2,2,22,64,38,1,2,1,21,21,108,1177,26.24367925,-98.44554817,US,83,,817.141,US0083,,39,2,9.756,848,0.691,,,,TOM GILL RD,,,,,Y,Y,Y,5,3,Y,TUE,4,0,6,12,32,2,4,157,84,48,4,0,0,2,12,5,2,22,5,3,20,4,14,31049,2014,31049,5,4.8,9.8,,,,,,,,,,,,,,,,,,,,,,,,,,,0,0,0,3,0,0,0,230,,,
13221496,N,N,N,N,N,N,N,3/14/2013,10:30 AM,2013-006169,,123,30,N,N,,,17,,,7,545,,11TH,ST,Y,N,0,N,N,,N,19,,,1,3500,,FANNIN,ST,,,,,,,11,1,0,,1,1,1,10:32 AM,DISPATCH,10:39 AM,3/14/2013,N,TX1230100,104,,,,8,4,4,4,64,3,7,9,5,33,21,123,30,,,,,,,11TH ST,,,,,,,,,,,,,,,N,N,N,5,8,N,THU,,,,,,,,,,,,,,,,,,,,,,,,,,,,,,,,,,,,,,,,,,,,,,,,,,,,,,,,0,0,0,3,1,0,0,,,,
13221694,N,N,N,N,N,N,N,1/31/2013,9:02 AM,1300001898,,72,412,N,Y,,,3,377,,1,1900,W,WASHINGTON,ST,N,N,40,N,N,,N,19,,,1,100,N,HARBIN,DR,,,,,,,11,1,0,3,1,1,11,9:04 AM,DISPATCHED,9:10 AM,1/31/2013,Y,TX0720200,2181,,160,37,8,2,4,22,64,47,1,2,1,21,21,72,412,32.20507015,-98.21626868,US,67,,284.651,US0067,1756,79,5,1.863,510,-0.364,,,,,,,,,Y,Y,N,2,5,Y,THU,2,0,9,9,0,3,4,120,66,48,4,0,0,2,9,5,2,9,5,0,0,2,14,14649,2014,14649,9.5,5.7,15.2,1,307,3,2,48,,,,,,,,,,,,,,,,,,,,,,0,1,0,1,0,1,0,,,,
13221713,N,N,N,N,N,N,N,3/3/2013,10:20 AM,1300004082,,72,412,N,Y,,,19,,,1,100,,ALEXANDER,RD,N,N,30,N,N,PAVED ROADWAY,Y,8,377,,1,1100,W,WASHINGTON,ST,,,,,PAVED ROADWAY,,11,1,4,3,1,1,8,10:20 AM,DISPATCHED,10:22 AM,3/3/2013,Y,TX0720200,2181,,168,37,8,2,1,10,64,54,1,2,1,21,21,72,412,32.2072981,-98.20538418,US,67,,283.958,US0067,1298,79,5,1.131,508,0.897,,,,ALEXANDER RD,,,,,Y,Y,N,2,5,Y,SUN,2,0,4,4,0,3,4,140,68,60,4,0,0,2,4,5,2,4,5,0,0,2,14,16455,2014,16455,9.5,5.7,15.2,,,,,,,,,,,,,,,,,,,,,,,,,,,0,1,1,3,0,2,0,,,,
13224477,N,N,N,N,N,N,N,1/11/2013,11:03 PM,130112153,,227,22,N,Y,,,19,,,1,,N,LAMAR,,N,N,40,N,N,,Y,19,,,,,,MORROW,ST,,,,,,,2,4,4,3,1,2,5,11:03 PM,SELF ASSIGNED,12:12 AM,1/11/2013,Y,TX2270100,74,,140,95,8,2,1,34,64,54,1,2,1,21,21,227,22,30.24939375,-97.76751182,SL,343,,2.45,SL0343,,113,9,7.45,566,0.029,,,,MARY ST W,,,,,Y,Y,N,3,9,Y,FRI,2,0,0,0,0,2,4,80,60,48,4,1,1,1,0,0,1,0,0,0,0,4,14,33647,2014,33647,1.2,0.4,1.6,1,304,2,1,32,,,,,,,,,,,,,,,,,,,,,,0,0,1,2,0,1,0,90,,,
13224530,N,N,N,N,N,N,N,2/8/2013,3:09 PM,13-0391324,,227,22,N,Y,,,19,,,1,6100,,BULLARD,CV,N,N,0,N,N,,Y,19,,,,,,SHOAL CREEK WEST,DR,,,,,,,11,1,2,,1,1,1,3:10 PM,DISPATCH,3:14 PM,2/8/2013,Y,TX2270100,74,,75,95,8,2,1,23,64,13,1,5,1,32,21,227,22,30.34126476,-97.74867246,,,,,BULLARD DR,6121,,,,,,,,,SHOAL CREEK DR W,,,,,Y,N,N,5,9,Y,FRI,,,,,,,,,,,,,,,,,,,,,,,,,,,,,,,,,,,,,,,,,,,,,,,,,,,,,,,,0,0,0,2,0,0,0,90,,,
13224606,N,N,N,N,N,N,N,1/26/2013,1:52 AM,130260235,DWI,227,22,N,Y,,,19,,,1,1175,,NAVASOTA,ST,N,N,30,N,N,,N,19,,,,1100,,OLIVE,ST,,,,,,,11,4,0,,1,1,1,1:52 AM,DISPATCHED,1:56 AM,1/26/2013,Y,TX2270100,74,,34,48,8,4,4,1,64,3,1,5,1,21,21,227,22,30.27036113,-97.72730433,,,,,NAVASOTA ST,1175,,,,,,,,,,,,,,Y,N,N,5,9,Y,SAT,,,,,,,,,,,,,,,,,,,,,,,,,,,,,,,,,,,,,,,,,,,,,,,,,,,,,,,,0,0,0,1,0,0,0,90,,,
13232341,N,N,N,N,N,N,N,3/5/2013,3:26 PM,13-00191,,108,382,N,N,,,19,,,1,300,N,CESAR CHAVEZ,RD,N,N,35,N,N,,N,19,,,,1600,E,FRONTAGE,,,,,,,,11,1,0,,7,1,1,3:31 PM,RADIO,3:31 PM,3/5/2013,Y,TX1081300,2083,,,33,8,2,4,20,64,42,1,5,1,21,21,108,4,26.18738348,-98.1347793,,,,,N CESAR CHAVEZ RD,300,,,,,,,,,,,,,,N,N,N,5,5,Y,TUE,,,,,,,,,,,,,,,,,,,,,,,,,,,,,,,,,,,,,,,,,,,,,,,,,,,,,,,,0,0,0,4,0,0,0,230,,,
13238684,N,N,N,N,N,N,N,2/4/2013,9:20 AM,2013-8,,198,773,N,N,,,4,1644,,1,707,W,FM 1644,HWY,N,N,55,N,N,,N,19,,,1,400,W,DECHERD,ST,,,,,FM 1644,,12,1,0,1,1,1,1,9:18 AM,DISPATCH,9:20 AM,2/6/2013,Y,TX1981000,1321,,,,8,2,3,23,64,13,1,3,1,32,21,198,773,31.02659381,-96.48678925,FM,1644,,0.047,FM1644,,2337,1,0.047,384,0.032,,,,,,,,,N,Y,Y,5,1,Y,MON,2,0,7,7,0,2,2,70,59,24,2,1,1,2,7,5,2,7,5,0,0,1,7,1320,2014,1320,6.8,2.3,9.1,,,,,,,,,,,,,,,,,,,,,,,,,,,0,0,0,3,0,0,0,,,,
13240575,N,N,N,N,N,N,N,2/15/2013,3:25 PM,,,68,1633,Y,Y,31.87445,-102.3521,19,,,1,,E,UNIVERSITY,AVE,N,N,35,N,N,,N,19,,,,,,BONHAM,,,,,,,,11,1,4,,4,1,11,3:29 PM,BY PHONE,3:38 PM,2/18/2013,Y,TXDPS1800,10000,4,32,1,8,2,2,21,64,9,1,5,1,21,21,68,315,31.87474608,-102.3511878,,,,,E UNIVERSITY BLVD,,,,,,,,,,BONHAM AVE,,,,,Y,N,N,5,8,Y,FRI,,,,,,,,,,,,,,,,,,,,,,,,,,,,,,,,,,,,,,,,,,,,,,,,,,,,,,,,0,0,0,1,1,0,0,174,,,
13240952,N,N,N,N,N,N,N,1/9/2013,5:09 PM,,,68,1633,Y,Y,31.8906,-102.39642,15,,,1,5105,N,GOLDER,,N,N,0,N,N,,N,15,,,,,W,50TH,ST,,,,,,,2,1,0,,1,2,11,5:10 PM,DISPATCH,7:08 PM,1/11/2013,Y,TXDPS1800,10000,22,32,1,8,7,4,1,33,1,1,4,2,21,21,68,1633,31.89011749,-102.3961485,,,,,N GOLDER AVE,5093,,,,,,,,,,,,,,Y,N,Y,5,0,Y,WED,,,,,,,,,,,,,,,,,,,,,,,,,,,,,,,,,,,,,,,,,,,,,,,,,,,,,,,,0,0,0,1,0,0,0,174,,,
13240956,N,N,N,N,N,N,N,1/9/2013,4:58 PM,,,68,1633,Y,Y,31.83865,-102.40907,11,338,,1,,,NOT REPORTED,,N,N,55,N,N,,N,19,,,,,W,8TH,ST,,,,,,,2,1,0,2,2,3,11,5:02 PM,DISPATCHED,5:11 PM,1/11/2013,Y,TXDPS1800,10000,4,32,1,8,2,4,30,64,31,1,2,1,21,21,68,1633,31.8373474,-102.4093935,SH,302,,81.244,SH0302,,2224,1,2.848,268,0.363,,,,,,,,,Y,Y,Y,2,0,Y,WED,3,0,6,10,68,2,4,170,80,48,4,0,0,2,12,5,2,20,5,3,56,3,14,18527,2014,18527,4.9,16.5,21.4,,,,,,,,,,,,,,,,,,,,,,,,,,,0,4,0,0,0,4,0,174,,,
13241126,N,N,N,N,N,N,N,2/20/2013,12:40 PM,130023830,0,101,208,N,Y,,,19,,,1,12400,,ST MICHEL ST,,N,N,30,N,N,STRAIGHT LEVELED,Y,19,,,1,700,,TOULON,,,,,,STRAIGHT LEVELED,,3,1,98,,1,1,8,12:40 PM,DISPATCHED,12:40 PM,2/20/2013,Y,TX1014800,2743,41,38,92,8,4,2,1,31,54,1,5,1,21,21,101,1666,29.78668479,-95.21212312,,,,,ST MICHEL DR,12400,,,,,,,,,UNKNOWN,,,,,Y,N,Y,5,0,Y,WED,,,,,,,,,,,,,,,,,,,,,,,,,,,,,,,,,,,,,,,,,,,,,,,,,,,,,,,,0,0,0,1,0,0,0,15,,,
13243888,N,N,N,N,N,N,N,2/23/2013,6:53 PM,201302026,,182,294,N,Y,,,19,,,1,1300,,MH 379,,N,N,40,N,N,,Y,19,,,1,2500,,OLD MILLSAP,HWY,,,,,,,11,3,0,,1,1,8,6:55 PM,DISPATCHER,6:59 PM,2/23/2013,Y,TX1820200,1790,,,,8,2,1,10,64,54,1,5,1,21,21,182,294,32.78954431,-98.10192224,,,,,MH 379,1298,,,,,,,,,OLD MILLSAP HWY,,,,,Y,N,N,5,5,Y,SAT,,,,,,,,,,,,,,,,,,,,,,,,,,,,,,,,,,,,,,,,,,,,,,,,,,,,,,,,0,0,0,3,0,0,0,,,,
13245314,N,Y,N,N,N,N,N,1/27/2013,7:07 PM,,,129,1694,Y,Y,32.7711,-96.48998,2,80,,1,,,NOT REPORTED,,N,N,65,N,N,,N,4,460,,,,,NOT REPORTED,,,,,,,,11,3,0,2,4,1,11,7:10 PM,DPD DISPATCH,7:20 PM,1/28/2013,Y,,10000,19,107,1,8,10,4,1,1,54,1,2,2,21,21,129,154,32.77041539,-96.48950911,US,80,,11.494,US0080,,95,3,1.849,674,-0.159,,,,,,,,,Y,Y,N,3,5,Y,SUN,5,0,2,10,44,2,4,300,76,48,4,0,0,2,4,5,2,22,5,2,40,2,12,76759,2014,76759,6,11.8,17.8,1,303,2,2,36,,,,,,,,,,,,,,,,,,,,,,0,0,1,0,0,1,0,282,,,
13245317,N,Y,N,N,N,N,N,1/31/2013,12:24 PM,,,80,1645,Y,Y,33.36115,-95.14503,4,71,,1,,,NOT REPORTED,,N,N,55,N,N,,N,15,2110,,,,,NOT REPORTED,,,,,,,,11,1,0,1,4,1,11,1:19 PM,DPS COMM-GARLAND,1:23 PM,1/31/2013,Y,,10000,17,103,1,8,7,4,1,32,3,1,3,2,21,21,80,1645,33.36101626,-95.14496628,FM,71,,47.427,FM0071,,546,7,9.999,690,-0.053,,,,,,,,,Y,Y,Y,5,0,Y,THU,2,0,0,0,0,2,2,100,22,22,2,0,0,1,0,0,1,0,0,0,0,1,7,572,2014,572,7.5,6,13.4,,,,,,,,,,,,,,,,,,,,,,,,,,,0,0,0,1,0,0,0,,,,
13245327,N,Y,N,N,N,N,N,1/11/2013,1:55 PM,,,91,1656,Y,Y,33.42417,-96.66562,4,121,,1,,,NOT REPORTED,,N,N,55,N,N,,N,15,,,,,,LOVERS LEAP,RD,,,,,,,11,1,0,1,3,1,11,1:57 PM,DPS SHERMAN,2:12 PM,1/13/2013,Y,TXDPS2300,10000,12,103,1,8,2,4,20,64,46,1,3,1,21,21,91,1656,33.42407878,-96.66654403,FM,121,,17.072,FM0121,,729,1,25.605,596,-0.887,,,,,,,,,Y,Y,Y,5,0,Y,FRI,2,0,0,0,0,2,2,100,26,24,3,0,0,1,0,0,1,0,0,0,0,1,7,1449,2014,1449,4.8,11.8,16.5,,,,,,,,,,,,,,,,,,,,,,,,,,,0,0,0,2,0,0,0,232,,,
13245560,N,N,N,N,N,N,N,1/6/2013,3:15 PM,,,19,1584,Y,Y,33.4718,-94.30743,1,30,,3,,,NOT REPORTED,,N,N,75,N,N,,N,,,,,,,NOT REPORTED,,0.1,M,W,209,,,11,1,0,2,2,1,1,3:18 PM,DPS COMMUNICATIONS,3:30 PM,1/6/2013,Y,TXDPS3100,10000,1,103,1,8,2,2,22,21,42,3,1,1,21,21,19,206,33.47480923,-94.28738588,IH,30,,208.803,IH0030,,610,6,28.048,209,-0.1,,,,NOT REPORTED,,,,,Y,Y,Y,5,3,Y,SUN,5,0,4,10,64,3,4,400,76,48,6,0,0,2,8,5,2,20,5,,56,1,1,27776,2014,27776,8.2,25.4,33.6,,,,,,,,,,,,,,,,,,,,,,,,,,,0,0,0,2,0,0,0,,,,
13245642,N,N,N,N,N,N,N,2/5/2013,6:40 AM,,,129,1694,Y,Y,32.80503,-96.26949,4,986,,1,16000,,NOT REPORTED,,N,N,55,N,N,,N,15,246,,,,,NOT REPORTED,,,,,,,,5,3,0,1,5,2,11,6:44 AM,DPS DISPATCH,7:13 AM,2/5/2013,Y,,10000,19,107,1,8,7,4,1,33,24,1,3,2,21,21,129,1694,32.80529538,-96.26937993,FM,986,,3.527,FM0986,16962,642,5,3.673,264,-0.29,,,,,,,,,Y,Y,Y,5,0,Y,TUE,2,0,0,0,0,2,2,80,20,20,4,0,0,1,0,0,1,0,0,0,0,1,7,1982,2014,1982,3.4,3.6,7,2,0,0,1,27,,,,,,,,,,,,,,,,,,,,,,0,0,0,1,0,0,0,282,,,
13245734,N,N,N,N,N,N,N,2/15/2013,4:30 PM,,,129,1694,Y,Y,32.71657,-96.49453,4,740,,1,,,NOT REPORTED,,N,N,55,N,N,,N,15,202,,,,,NOT REPORTED,,,,,,,,11,5,0,1,2,1,11,4:40 PM,DPS DISPATCH,5:02 PM,2/15/2013,Y,,10000,19,107,1,8,7,4,1,23,54,1,3,2,21,21,129,154,32.72256468,-96.49009387,FM,740,,16.228,FM0740,12406,1091,2,2.187,272,-0.122,,,,,,,,,Y,Y,N,5,5,Y,FRI,2,0,0,0,0,3,2,60,22,22,4,0,0,1,0,0,1,0,0,0,0,2,16,3690,2014,3690,5.6,19.2,24.8,,,,,,,,,,,,,,,,,,,,,,,,,,,0,0,0,1,0,0,0,282,,,
13247518,N,N,N,N,N,Y,N,2/28/2013,3:15 PM,2013020379,,54,673,N,Y,,,19,,,1,400,S,CROSBY,ST,N,N,30,N,N,,N,19,,,1,200,W,CEDAR,ST,,,,,,,11,1,0,,1,1,1,3:29 PM,DISPATCHED,3:30 PM,3/7/2013,Y,TX0540100,1150,,,,8,2,3,23,64,13,1,5,1,32,21,54,673,33.65541604,-101.2406714,,,,,S CROSBY ST,438,,,,,,,,,,,,,,Y,N,Y,5,1,Y,THU,,,,,,,,,,,,,,,,,,,,,,,,,,,,,,,,,,,,,,,,,,,,,,,,,,,,,,,,0,0,0,2,0,0,0,,,,
13257361,N,N,N,N,N,Y,N,3/12/2013,1:11 AM,130033248,0,101,1666,Y,N,,,4,1960,,1,400,W,NOT REPORTED,,N,N,45,N,N,,N,19,,,,,,CYPRESS STATION,RD,,,,,,,11,4,0,3,1,1,5,1:11 AM,DISPATCHED,1:16 AM,4/30/2013,Y,TX1010000,1419,55,33,5,8,2,2,22,64,38,1,3,1,21,21,101,1666,29.93297549,-95.58484841,FM,1960,,2.154,FM1960,,1685,1,3.449,668,0.442,,,,CYPRESS CREEK PKWY,,,,,N,Y,Y,5,0,Y,TUE,2,0,0,0,0,9,6,100,86,70,5,0,0,1,0,0,1,0,0,0,0,4,14,51519,2014,51519,3.5,1,4.6,,,,,,,,,,,,,,,,,,,,,,,,,,,0,0,0,3,0,0,0,15,,,
13266418,N,N,N,N,N,N,N,2/25/2013,2:40 PM,130026250,0,101,1666,Y,Y,,,19,,,1,7500,,ALABONSON,RD,N,N,35,N,N,MAIN,N,19,,,,,W,GULF BANK,RD,,,,,MAIN,,11,1,0,,1,1,1,3:15 PM,DISPATCHED,3:26 PM,2/25/2013,Y,TX1010000,1419,220,4,5,8,2,3,24,64,13,1,4,1,32,21,101,208,29.87754099,-95.48374651,,,,,ALABONSON RD,7407,,,,,,,,,,,,,,Y,N,N,5,9,Y,MON,,,,,,,,,,,,,,,,,,,,,,,,,,,,,,,,,,,,,,,,,,,,,,,,,,,,,,,,0,0,0,3,0,0,0,15,,,