Crash_ID,Crash_Fatal_Fl,Cmv_Involv_Fl,Schl_Bus_Fl,Rr_Relat_Fl,Medical_Advisory_Fl,Amend_Supp_Fl,Active_School_Zone_Fl,Crash_Date,Crash_Time,Case_ID,Local_Use,Rpt_CRIS_Cnty_ID,Rpt_City_ID,Rpt_Outside_City_Limit_Fl,Thousand_Damage_Fl,Rpt_Latitude,Rpt_Longitude,Rpt_Rdwy_Sys_ID,Rpt_Hwy_Num,Rpt_Hwy_Sfx,Rpt_Road_Part_ID,Rpt_Block_Num,Rpt_Street_Pfx,Rpt_Street_Name,Rpt_Street_Sfx,Private_Dr_Fl,Toll_Road_Fl,Crash_Speed_Limit,Road_Constr_Zone_Fl,Road_Constr_Zone_Wrkr_Fl,Rpt_Street_Desc,At_Intrsct_Fl,Rpt_Sec_Rdwy_Sys_ID,Rpt_Sec_Hwy_Num,Rpt_Sec_Hwy_Sfx,Rpt_Sec_Road_Part_ID,Rpt_Sec_Block_Num,Rpt_Sec_Street_Pfx,Rpt_Sec_Street_Name,Rpt_Sec_Street_Sfx,Rpt_Ref_Mark_Offset_Amt,Rpt_Ref_Mark_Dist_Uom,Rpt_Ref_Mark_Dir,Rpt_Ref_Mark_Nbr,Rpt_Sec_Street_Desc,Rpt_CrossingNumber,Wthr_Cond_ID,Light_Cond_ID,Entr_Road_ID,Road_Type_ID,Road_Algn_ID,Surf_Cond_ID,Traffic_Cntl_ID,Investigat_Notify_Time,Investigat_Notify_Meth,Investigat_Arrv_Time,Report_Date,Investigat_Comp_Fl,ORI_Number,Investigat_Agency_ID,Investigat_Area_ID,Investigat_District_ID,Investigat_Region_ID,Bridge_Detail_ID,Harm_Evnt_ID,Intrsct_Relat_ID,FHE_Collsn_ID,Obj_Struck_ID,Othr_Factr_ID,Road_Part_Adj_ID,Road_Cls_ID,Road_Relat_ID,Phys_Featr_1_ID,Phys_Featr_2_ID,Cnty_ID,City_ID,Latitude,Longitude,Hwy_Sys,Hwy_Nbr,Hwy_Sfx,Dfo,Street_Name,Street_Nbr,Control,Section,Milepoint,Ref_Mark_Nbr,Ref_Mark_Displ,Hwy_Sys_2,Hwy_Nbr_2,Hwy_Sfx_2,Street_Name_2,Street_Nbr_2,Control_2,Section_2,Milepoint_2,Txdot_Rptable_Fl,Onsys_Fl,Rural_Fl,Crash_Sev_ID,Pop_Group_ID,Located_Fl,Day_of_Week,Hwy_Dsgn_Lane_ID,Hwy_Dsgn_Hrt_ID,Hp_Shldr_Left,Hp_Shldr_Right,Hp_Median_Width,Base_Type_ID,Nbr_Of_Lane,Row_Width_Usual,Roadbed_Width,Surf_Width,Surf_Type_ID,Curb_Type_Left_ID,Curb_Type_Right_ID,Shldr_Type_Left_ID,Shldr_Width_Left,Shldr_Use_Left_ID,Shldr_Type_Right_ID,Shldr_Width_Right,Shldr_Use_Right_ID,Median_Type_ID,Median_Width,Rural_Urban_Type_ID,Func_Sys_ID,Adt_Curnt_Amt,Adt_Curnt_Year,Adt_Adj_Curnt_Amt,Pct_Single_Trk_Adt,Pct_Combo_Trk_Adt,Trk_Aadt_Pct,Curve_Type_ID,Curve_Lngth,Cd_Degr,Delta_Left_Right_ID,Dd_Degr,Feature_Crossed,Structure_Number,I_R_Min_Vert_Clear,Approach_Width,Bridge_Median_ID,Bridge_Loading_Type_ID,Bridge_Loading_In_1000_Lbs,Bridge_Srvc_Type_On_ID,Bridge_Srvc_Type_Under_ID,Culvert_Type_ID,Roadway_Width,Deck_Width,Bridge_Dir_Of_Traffic_ID,Bridge_Rte_Struct_Func_ID,Bridge_IR_Struct_Func_ID,CrossingNumber,RRCo,Poscrossing_ID,WDCode_ID,Standstop,Yield,Incap_Injry_Cnt,Nonincap_Injry_Cnt,Poss_Injry_Cnt,Non_Injry_Cnt,Unkn_Injry_Cnt,Tot_Injry_Cnt,Death_Cnt,MPO_ID,Investigat_Service_ID,Investigat_DA_ID,Investigator_Narrative
13266582,N,N,N,N,N,N,N,3/3/2013,9:57 AM,130029085,,101,1666,Y,Y,,,12,,,2,2500,N,SAM HOUSTON,PKWY,N,N,50,N,N,,Y,19,,,1,10700,,VETERANS MEMORIAL,DR,,,,,,,11,1,4,,1,1,5,9:58 AM,DISPATCHED,10:04 AM,3/3/2013,Y,TX1010000,1419,220,4,5,8,2,1,34,64,54,2,6,1,21,21,101,1666,29.93806477,-95.46038306,,,,,N SAM HOUSTON PKWY W,,,,,,,,,,VETERANS MEMORIAL DR,,,,,Y,N,Y,5,0,Y,SUN,,,,,,,,,,,,,,,,,,,,,,,,,,,,,,,,,,,,,,,,,,,,,,,,,,,,,,,,0,0,0,2,0,0,0,15,,,
13282672,N,N,N,N,N,N,N,3/14/2013,5:13 PM,2013003476,,13,32,N,N,,,19,,,1,200,S,MINNEASOTA,ST,N,N,30,N,N,,N,19,,,1,1100,W,HOUSTON,ST,,,,,,,11,1,2,,1,1,1,5:13 PM,DISPATCHED,5:15 PM,3/14/2013,Y,TX0130100,107,,,,8,2,3,14,64,14,1,5,1,32,21,13,32,28.39607152,-97.75796971,,,,,S MINNESOTA ST,228,,,,,,,,,,,,,,N,N,N,5,5,Y,THU,,,,,,,,,,,,,,,,,,,,,,,,,,,,,,,,,,,,,,,,,,,,,,,,,,,,,,,,0,0,0,2,0,0,0,,,,
13288041,N,N,N,N,N,Y,N,2/1/2013,6:35 PM,13-19929,,43,336,N,Y,,,19,,,1,3300,,SB DALLAS,PKWY,N,N,45,N,N,,N,19,,,,,W,PARKER,RD,,,,,,,11,4,0,,1,1,20,6:35 PM,RADIO DISPATCHED,6:35 PM,2/1/2013,Y,TX0430600,1938,,,,8,2,3,17,64,13,1,5,2,32,21,43,336,,,,,,,SB DALLAS PKWY,,,,,,,,,,,,,,,Y,N,N,5,9,N,FRI,,,,,,,,,,,,,,,,,,,,,,,,,,,,,,,,,,,,,,,,,,,,,,,,,,,,,,,,0,0,0,2,1,0,0,,,,
13300768,N,N,N,N,N,N,N,3/14/2013,5:01 PM,130731472,,227,22,N,Y,,,19,,,1,4219,S,1ST,ST,N,N,0,N,N,,N,19,,,,,,CLIFFORD,DR,,,,,,,11,1,2,,8,1,1,5:01 PM,DISPATCH,5:20 PM,3/14/2013,Y,TX2270100,74,17,105,112,8,2,3,22,64,47,1,5,1,32,21,227,22,30.22338406,-97.77144755,,,,,S 1ST ST,4230,,,,,,,,,,,,,,Y,N,N,2,9,Y,THU,,,,,,,,,,,,,,,,,,,,,,,,,,,,,,,,,,,,,,,,,,,,,,,,,,,,,,,,0,2,0,1,0,2,0,90,,,
13302358,N,N,N,N,N,N,N,3/8/2013,3:49 PM,13950-12,,123,339,N,Y,,,4,365,,1,3400,,NOT REPORTED,,N,N,45,N,N,,N,19,,,,,,9TH,AVE,,,,,,,11,1,0,,1,1,20,3:51 PM,DISPATCH,3:54 PM,3/8/2013,Y,TX1230700,1948,,,33,8,2,4,22,64,42,1,3,1,21,21,123,339,,,FM,365,,,FM0365,,,,,,,,,,,,,,,Y,Y,N,5,7,N,FRI,,,,,,,,,,,,,,,,,,,,,,,,,,,,,,,,,,,,,,,,,,,,,,,,,,,,,,,,0,0,0,5,0,0,0,,,,
13303482,N,N,N,N,N,N,N,3/5/2013,8:31 PM,13257-13,,123,339,N,N,,,19,,,1,2100,,9TH,AVE,N,N,30,N,N,,Y,19,,,1,2100,,LOMBARDY,DR,,,,,,,11,4,3,,1,1,5,8:34 PM,DISPATCH,8:35 PM,3/6/2013,Y,1230700,1948,,,,8,2,1,21,64,54,1,5,1,21,21,123,339,29.91143472,-93.92545346,,,,,9TH AVE,2400,,,,,,,,,LOMBARDY DR,,,,,N,N,N,5,7,Y,TUE,,,,,,,,,,,,,,,,,,,,,,,,,,,,,,,,,,,,,,,,,,,,,,,,,,,,,,,,0,0,0,2,0,0,0,135,,,
13309378,N,N,N,N,N,N,N,1/1/2013,12:56 AM,B130005,1300011,130,41,N,Y,,,1,10,,3,31700,W,IH 10,,N,N,75,N,N,IH 10 W,N,,,,,,,NOT REPORTED,,0.25,M,W,543,IH 10 W MM 543,,2,4,3,2,1,2,1,12:56 AM,RADIO,1:06 AM,1/1/2013,Y,TX1300100,135,,253,65,8,10,2,1,1,1,3,1,2,21,21,130,41,29.76277329,-98.71426307,IH,10,,541.056,IH0010,,72,6,21.743,543,-0.25,US,87,,US0087,,,,,Y,Y,N,5,5,Y,TUE,5,0,4,10,96,2,4,330,76,48,4,0,0,2,8,5,2,20,5,,88,2,11,49029,2014,49029,2.3,8,10.4,,,,,,,,,,,,,,,,,,,,,,,,,,,0,0,0,2,0,0,0,28,,,
13313350,N,N,N,N,N,N,N,3/5/2013,12:22 AM,13-064011,,71,136,N,Y,31.7902,-106.50744,19,,,1,4100,N,MESA,ST,N,N,40,N,N,6 LANED ROADWAY DIVIDED BY RAISED,N,19,,,1,3800,,BRENTWOOD,AVE,,,,,,,11,4,0,2,4,1,1,1:17 AM,DISPATCHED,1:25 AM,3/5/2013,Y,TX0710200,1259,,,86,8,7,4,1,39,3,1,2,4,21,21,71,136,31.79238929,-106.5082422,SH,20,,17.322,SH0020,,1,2,17.416,326,-0.605,,,,,,,,,Y,Y,N,5,9,Y,TUE,3,0,0,0,24,2,6,120,68,68,4,1,1,1,0,0,1,0,0,1,24,4,14,29400,2014,29400,5.2,3.8,9.1,1,109,7,2,40,,,,,,,,,,,,,,,,,,,,,,0,0,0,1,1,0,0,66,,,
13341130,N,N,N,N,N,Y,N,2/7/2013,1:10 PM,13-023596,,43,336,N,Y,,,2,75,,1,6900,,NOT REPORTED,,N,N,60,N,N,,N,19,,,,100,W,LEGACY,DR,,,,,OVERPASS,,11,1,0,2,1,1,20,1:11 PM,POLICE RADIO/DISPATC,1:16 PM,2/7/2013,Y,TX0430600,1938,54,165,227,8,4,4,1,36,25,1,2,3,21,21,43,336,33.06374292,-96.69108651,US,75,,55.168,US0075,,47,6,9.003,248,0.839,,,,,,,,,Y,Y,N,1,9,Y,THU,5,0,12,10,28,3,6,300,116,72,5,0,0,2,24,5,2,20,5,2,4,4,12,174217,2014,174217,2.8,5.4,8.3,,,,,,,,,,,,,,,,,,,,,,,,,,,1,1,0,0,0,2,0,282,,,
13395239,N,N,N,N,N,N,N,1/24/2013,12:59 PM,1300406,,61,114,N,N,33.27599999,-97.131,19,,,7,1600,,LOWRY WOODS,LN,Y,N,15,N,N,,N,19,,,,1400,,OAKLAND,,,,,,,,11,1,0,,1,1,1,12:59 PM,VIA RADIO,1:00 PM,1/24/2013,Y,TX0611000,2264,188,12,294,8,2,4,10,64,3,7,9,5,33,21,61,114,,,,,,,LOWRY WOODS LN,,,,,,,,,,,,,,,N,N,N,2,8,N,THU,,,,,,,,,,,,,,,,,,,,,,,,,,,,,,,,,,,,,,,,,,,,,,,,,,,,,,,,0,1,1,1,0,2,0,,,,
13456757,N,Y,N,N,N,Y,N,2/4/2013,8:15 AM,2013-2912,,101,325,N,Y,,,3,225,,1,3500,,PASADENA FREEWAY,,N,N,60,N,N,,N,19,,,1,100,,PRESTON,,,,,,,,12,1,0,2,1,1,20,8:20 AM,ONVIEW,8:20 AM,2/4/2013,Y,TX1011500,1912,,2,94,8,8,4,1,98,54,1,2,1,21,21,101,325,29.71240796,-95.16828174,SH,225,,6.924,SH0225,,502,1,6.22,692,0.995,,,,,,,,,Y,Y,N,5,8,Y,MON,5,0,8,12,20,3,6,300,120,72,5,0,0,2,16,5,2,24,5,2,4,4,12,82851,2014,82851,5.1,7.4,12.4,,,,,,,,,,,,,,,,,,,,,,,,,,,0,0,0,3,0,0,0,15,,,
13495320,Y,N,N,N,N,Y,N,3/2/2013,2:55 AM,,13-030031,57,107,N,Y,,,2,175,,2,7400,,CF HAWN,FWY,N,N,40,N,N,EB,N,19,,,,,,ELAM,RD,,,,,,,11,3,0,2,4,1,20,2:55 AM,RADIO DISPATCHED,2:55 AM,10/15/2013,Y,TX0570000,1169,,179,22,8,10,4,1,30,54,2,2,2,21,21,57,107,32.72043776,-96.69444384,US,175,,6.406,US0175,,197,2,4.374,596,-0.049,,,,,,,,,Y,Y,N,4,9,Y,SAT,5,0,2,10,54,1,6,440,100,72,6,0,0,2,4,5,2,20,5,2,50,4,12,51212,2014,51212,3,3.2,6.2,,,,,,,,,,,,,,,,,,,,,,,,,,,1,2,0,0,0,3,1,282,,,
13588940,N,Y,N,N,N,N,N,1/2/2013,5:59 AM,001-13-048,,195,328,N,Y,,,19,,,1,100,E,PINEHURSTST,,N,N,30,N,N,,N,3,285,,,,,NOT REPORTED,,,,,,,,11,3,0,,1,1,1,5:59 AM,DISPATCHER,6:04 AM,1/2/2013,Y,TX1950200,1920,,,,8,2,4,30,64,54,1,5,1,21,21,195,328,31.4021347,-103.4847236,,,,,E PINEHURST ST,,,,,,,,,,,,,,,Y,N,N,5,4,Y,WED,,,,,,,,,,,,,,,,,,,,,,,,,,,,,,,,,,,,,,,,,,,,,,,,,,,,,,,,0,0,0,1,1,0,0,,,,
13672871,N,N,N,N,N,N,N,1/24/2013,11:12 AM,14-2601,,152,270,N,Y,,,19,,,1,3100,,31ST,ST,N,N,30,N,N,,N,19,,,1,3000,,ELGIN,AVE,,,,,ELGIN AVE,,11,1,0,,1,1,1,11:19 AM,DISPATCH,11:34 AM,1/24/2014,Y,TX1520200,1706,,,,8,4,4,1,64,54,1,5,1,21,21,152,270,33.56613434,-101.8795158,,,,,31ST ST,3020,,,,,,,,,,,,,,Y,N,N,0,8,Y,THU,,,,,,,,,,,,,,,,,,,,,,,,,,,,,,,,,,,,,,,,,,,,,,,,,,,,,,,,0,0,0,0,1,0,0,122,,,
14212854,N,N,N,N,N,N,N,1/29/2013,7:36 PM,13-9592,,220,156,N,N,32.72526,-97.44087,16,3229,,7,3229,,ALTA MERE,DR,Y,N,-1,N,N,PARKING LOT,N,17,,,,,,ALTA MERE,DR,,,,,,,2,3,98,,1,2,17,7:36 PM,INVOLVED,7:36 PM,1/29/2013,Y,TX2201200,1318,4,19,23,8,2,4,31,64,54,7,9,5,33,21,220,156,,,,,,,PR3229,,,,,,,,,,,,,,,N,Y,N,5,9,N,TUE,,,,,,,,,,,,,,,,,,,,,,,,,,,,,,,,,,,,,,,,,,,,,,,,,,,,,,,,0,0,0,5,0,0,0,,,,
14213759,N,N,N,N,N,Y,N,2/19/2013,1:00 AM,13-16652,ATTENTION TIU,220,156,N,Y,32.76345,-97.48965,19,,,1,9825,,JERICHO,LN,N,N,30,N,N,,N,19,,,,400,,WINDY,LN,,,,,,,11,3,0,,1,1,1,7:45 AM,DISPATCHER,7:55 AM,2/19/2013,N,TX2201200,1318,4,19,23,8,7,4,1,31,54,1,5,2,21,21,220,156,32.76345214,-97.48942564,,,,,JERICHO LN,9825,,,,,,,,,,,,,,Y,N,N,0,9,Y,TUE,,,,,,,,,,,,,,,,,,,,,,,,,,,,,,,,,,,,,,,,,,,,,,,,,,,,,,,,0,0,0,0,1,0,0,282,,,
14213832,N,N,N,N,N,N,N,2/13/2013,12:40 PM,13-14668,,220,156,N,Y,32.65336,-97.3627,19,,,7,6200,,FINBRO,DR,Y,N,-1,N,N,,N,19,,,,6200,,WESTCREEK,DR,,,,,,,11,1,2,,4,1,1,12:47 PM,DISPATCHED,12:52 PM,2/13/2013,N,TX2201200,1318,4,11,23,8,4,4,1,64,54,7,9,5,33,21,220,156,,,,,,,FINBRO DR,,,,,,,,,,,,,,,N,N,N,0,9,N,WED,,,,,,,,,,,,,,,,,,,,,,,,,,,,,,,,,,,,,,,,,,,,,,,,,,,,,,,,0,0,0,0,0,0,0,,,,
13173486,N,N,N,N,N,N,N,3/16/2013,8:44 AM,62021A,,57,107,N,Y,,,1,635,,2,5100,,LYNDON B JOHNSON,FWY,N,N,60,Y,N,SOUTH SERVICE RD,Y,19,,,1,12700,,INWOOD,RD,,,,,,,11,1,4,,1,1,20,8:48 AM,DISPATCHED,8:57 AM,3/16/2013,Y,TX0000006,2471,,,87,8,2,1,24,28,49,2,1,1,21,21,57,107,32.92744423,-96.82152256,,,,,I 635 W,,,,,,,,,,INWOOD RD,,,,,Y,N,N,2,9,Y,SAT,,,,,,,,,,,,,,,,,,,,,,,,,,,,,,,,,,,,,,,,,,,,,,,,,,,,,,,,0,3,0,0,0,3,0,282,,,
13173509,N,N,N,N,N,N,N,3/15/2013,1:16 PM,0031943613N,,101,208,N,Y,,,19,,,1,7000,,CORPORATE,DR,Y,N,5,N,N,,N,19,,,,9700,,BELLAIRE,BLVD,,,,,,,11,1,0,,1,1,20,1:39 PM,DISPATCHED,1:42 PM,3/16/2013,Y,TXHPD0000,2469,16,128,39,8,4,4,4,64,54,7,9,5,33,21,101,208,,,,,,,CORPORATE DR,,,,,,,,,,,,,,,N,N,N,5,9,N,FRI,,,,,,,,,,,,,,,,,,,,,,,,,,,,,,,,,,,,,,,,,,,,,,,,,,,,,,,,0,0,0,4,0,0,0,,,,
13173595,N,N,N,N,N,N,N,3/15/2013,1:54 PM,sapd13055649,2110,15,379,N,Y,,,19,,,1,100,,BROADWAY,ST,N,N,30,N,N,DRY SURFACE,N,19,,,,400,E,TRAVIS,ST,,,,,DRY SURFCAE,,11,1,0,,1,1,20,1:55 PM,DISPATCHER,2:11 PM,3/15/2013,N,TXSPD0000,2473,,3,122,8,2,4,22,64,42,1,5,1,21,21,15,379,29.42750357,-98.48761421,,,,,BROADWAY ST,189,,,,,,,,,,,,,,Y,N,N,3,9,Y,FRI,,,,,,,,,,,,,,,,,,,,,,,,,,,,,,,,,,,,,,,,,,,,,,,,,,,,,,,,0,0,5,1,2,5,0,28,,,
13173603,N,N,N,N,N,N,N,3/15/2013,1:55 PM,SAPD13055625,4130,15,379,N,Y,,,19,,,1,1200,E,CARSON,ST,N,N,30,N,N,CITY STREET,Y,19,,,1,400,,CALHOUN,ST,,,,,CITY STREET,,11,1,2,,1,1,8,2:01 PM,DISPATCH,2:05 PM,3/15/2013,Y,TXSPD0000,2473,,9,162,8,2,2,17,64,38,1,5,1,21,21,15,379,29.44157496,-98.45795232,,,,,CARSON ST,1298,,,,,,,,,CALHOUN ST,,,,,Y,N,N,5,9,Y,FRI,,,,,,,,,,,,,,,,,,,,,,,,,,,,,,,,,,,,,,,,,,,,,,,,,,,,,,,,0,0,0,1,1,0,0,28,,,
13173830,N,N,N,N,N,Y,N,3/16/2013,12:06 PM,0032379113A,,101,208,N,Y,,,19,,,1,5300,,FULTON,ST,N,N,30,N,N,BT,Y,19,,,1,100,,LINK,RD,,,,,,,11,1,0,,1,1,1,12:06 PM,DISPATCHED,12:06 PM,4/15/2013,Y,TXHPD0000,2469,24,121,33,8,2,2,22,64,38,1,5,1,21,21,101,208,29.80758479,-95.36940309,,,,,FULTON ST,,,,,,,,,,LINK RD,,,,,Y,N,N,3,9,Y,SAT,,,,,,,,,,,,,,,,,,,,,,,,,,,,,,,,,,,,,,,,,,,,,,,,,,,,,,,,0,0,5,1,0,5,0,15,,,
13173845,N,N,N,N,N,N,N,3/15/2013,6:54 AM,0031820113A,,101,208,N,Y,,,19,,,1,800,,PEASE,,N,N,30,N,N,,Y,19,,,1,,,MILAM,,,,,,,,11,2,0,,1,1,5,7:05 AM,HPD DISPATCHER,7:12 AM,3/17/2013,Y,TXHPD0000,2469,16,121,35,8,2,1,10,64,54,1,5,1,21,21,101,208,29.7527648,-95.37080309,,,,,PEASE ST,801,,,,,,,,,MILAM ST,,,,,Y,N,N,5,9,Y,FRI,,,,,,,,,,,,,,,,,,,,,,,,,,,,,,,,,,,,,,,,,,,,,,,,,,,,,,,,0,0,0,2,0,0,0,15,,,
13174120,N,Y,N,N,N,N,N,3/15/2013,5:10 PM,61479A,,57,107,N,N,,,19,,,1,4800,,DOLPHIN,RD,N,N,30,N,N,,N,19,,,,,,BEALL,ST,,,,,,,11,1,0,,1,1,11,5:21 PM,DISPATCHED,5:33 PM,3/15/2013,Y,TX0000006,2471,,,65,8,7,4,1,52,54,1,5,1,21,21,57,107,32.78239675,-96.73761827,,,,,DOLPHIN RD,4830,,,,,,,,,,,,,,N,N,N,5,9,Y,FRI,,,,,,,,,,,,,,,,,,,,,,,,,,,,,,,,,,,,,,,,,,,,,,,,,,,,,,,,0,0,0,4,0,0,0,282,,,
13174227,N,N,N,N,N,N,N,3/16/2013,2:28 AM,13-5880,2 Unit Major,57,218,N,Y,,,19,,,1,2200,,VALLEY VIEW,LN,N,N,45,N,N,,Y,3,183,,2,4900,W,AIRPORT,FWY,,,,,NORTH SERVICE ROAD,,11,4,4,2,2,1,5,2:30 AM,DISPATCHED,2:37 AM,3/16/2013,Y,TX0571500,1518,,,33,8,2,1,34,20,54,2,2,1,21,21,57,218,32.83702087,-97.01680756,SH,161,,6.546,SH0161,,2964,1,15.021,262,2.347,SH,183,,SH0183,,94,3,2.011,Y,Y,N,2,8,Y,SAT,5,0,30,10,100,2,6,350,152,72,5,0,0,2,60,5,2,20,5,3,40,4,12,76037,2014,76037,6.4,4,10.4,,,,,,,,,,,,,,,,,,,,,,,,,,,0,1,3,0,0,4,0,282,,,
13174590,N,N,N,N,N,N,N,3/16/2013,3:55 PM,13033183,,170,92,N,Y,,,1,45,,2,15258,SE,IH45 SOUTH,,N,N,55,N,N,,N,4,1488,,,100,,FM 1488,,,,,,,,11,1,3,2,1,1,20,4:00 PM,DISPATCH,4:07 PM,3/16/2013,Y,TX1700100,325,,,122,8,2,2,20,64,42,2,1,1,21,21,170,92,30.23589432,-95.45871741,IH,45,,81.572,IH0045,,110,4,8.791,81,0.206,FM,1488,,FM1488,,,,,Y,Y,N,5,7,Y,SAT,5,0,12,10,42,2,8,321,140,96,5,0,0,2,22,5,2,20,5,2,20,4,11,147113,2014,147113,5.5,4.6,10.1,1,101,1,2,8,,,,,,,,,,,,,,,,,,,,,,0,0,0,2,0,0,0,15,,,
13175362,N,N,N,N,N,N,N,3/16/2013,5:25 PM,,,26,1591,Y,Y,30.5113,-96.78332,19,,,1,,,ELM,DR,N,N,35,N,N,,N,19,,,,,,LAKEVIEW,DR,,,,,,,11,1,0,,4,1,1,5:27 PM,DISPATCHED,5:34 PM,3/18/2013,Y,,10000,12,15,1,8,7,4,1,33,54,1,4,2,21,21,26,1591,30.51695831,-96.78779182,,,,,ELM DR,,,,,,,,,,,,,,,Y,N,Y,5,0,Y,SAT,,,,,,,,,,,,,,,,,,,,,,,,,,,,,,,,,,,,,,,,,,,,,,,,,,,,,,,,0,0,0,1,0,0,0,,,,
13175589,N,N,N,N,N,N,N,3/16/2013,8:45 AM,0032336213N,,101,208,N,Y,,,19,,,1,5400,,CHIMNEY ROCK,RD,N,N,35,Y,N,CONCRETE ROADWAY,Y,19,,,2,5600,,SOUTHWEST,FWY,,,,,,,11,1,4,,1,1,5,9:05 AM,DISPATCH,9:19 AM,3/16/2013,Y,TXHPD0000,2469,16,125,55,8,2,1,34,64,49,1,2,1,21,21,101,208,29.72543481,-95.47656306,,,,,CHIMNEY ROCK RD,,,,,,,,,,SOUTHWEST FWY,,,,,Y,N,N,5,9,Y,SAT,,,,,,,,,,,,,,,,,,,,,,,,,,,,,,,,,,,,,,,,,,,,,,,,,,,,,,,,0,0,0,5,0,0,0,15,,,
13175698,N,N,N,N,N,N,N,3/18/2013,12:47 PM,1300016998,,220,141,N,Y,,,4,157,,1,200,S,INDUSTRIAL,BLVD,N,N,45,N,N,,N,3,183,,,1100,W,AIRPORT,FWY,,,,,SOUTH SERVICE ROAD,,11,1,98,2,1,1,20,12:49 PM,DISPATCHED,12:53 PM,3/18/2013,Y,TX2200900,1279,,212,24,8,2,3,38,64,14,2,3,1,32,21,220,141,32.83629988,-97.09984471,FM,157,,2.212,FM0157,,747,3,6.899,264,0.267,,,,,,,,,Y,Y,N,5,7,Y,MON,3,0,0,0,17,3,4,130,72,72,5,1,1,1,0,0,1,0,0,1,17,4,14,27915,2014,27915,2.3,0.6,2.9,,,,,,,,,,,,,,,,,,,,,,,,,,,0,0,0,2,0,0,0,282,,,
13175764,N,N,N,N,N,N,N,3/17/2013,8:10 PM,0033057213V,FSRA,101,208,N,Y,,,19,,,1,7500,,BELLAIRE,BLVD,N,N,35,N,N,CONCRETE,N,19,,,,6900,,FONDREN,RD,,,,,,,11,4,0,,1,1,5,8:16 PM,DISPATCH,8:25 PM,3/17/2013,Y,TXHPD0000,2469,14,106,54,8,2,4,20,64,54,1,5,1,21,21,101,208,29.70508087,-95.52165862,,,,,BELLAIRE BLVD,7706,,,,,,,,,,,,,,Y,N,N,5,9,Y,SUN,,,,,,,,,,,,,,,,,,,,,,,,,,,,,,,,,,,,,,,,,,,,,,,,,,,,,,,,0,0,0,2,0,0,0,15,,,
13175922,N,N,N,N,N,N,N,3/17/2013,9:00 PM,63574A,,57,107,N,Y,,,19,,,1,2735,,PARK ROW,AVE,N,N,35,N,N,,N,19,,,,2800,,SOUTH,BLVD,,,,,,,11,4,0,,1,1,1,9:00 PM,DISPATCHED,9:00 PM,3/18/2013,Y,TX0000006,2471,,,27,8,2,1,24,64,47,1,5,1,21,21,57,107,32.77020779,-96.77129925,,,,,PARK ROW AVE,2735,,,,,,,,,UNKNOWN,,,,,Y,N,N,5,9,Y,SUN,,,,,,,,,,,,,,,,,,,,,,,,,,,,,,,,,,,,,,,,,,,,,,,,,,,,,,,,0,0,0,1,2,0,0,282,,,
13176432,N,N,N,N,N,N,N,3/15/2013,6:58 AM,61040A,,57,107,N,Y,32.74006,-96.84049,19,,,1,600,S,WILLOMET,AVE,N,N,30,N,N,,N,19,,,,600,W,BROOKLYN,AVE,,,,,,,11,2,0,,1,1,1,7:33 AM,DISPATCHED,7:36 AM,3/15/2013,Y,TX0000006,2471,,,44,8,4,4,1,64,54,1,5,1,21,21,57,107,32.73954837,-96.8404883,,,,,S WILLOMET AVE,670,,,,,,,,,,,,,,Y,N,N,5,9,Y,FRI,,,,,,,,,,,,,,,,,,,,,,,,,,,,,,,,,,,,,,,,,,,,,,,,,,,,,,,,0,0,0,1,0,0,0,282,,,
13176630,N,N,N,N,N,N,N,3/17/2013,9:00 PM,0033081013Z,,101,208,N,Y,,,2,59,,1,500,N,EASTEX,FWY,N,N,60,N,N,DRY CONCRETE,N,19,,,,2100,,POLK,ST,,,,,,,11,3,0,,1,1,20,9:55 PM,DISPATCH,10:05 PM,3/18/2013,Y,TXHPD0000,2469,16,121,35,8,10,4,1,1,54,1,2,1,21,21,101,208,,,US,59,,,US0059,,,,,,,,,,,,,,,Y,Y,N,1,9,N,SUN,,,,,,,,,,,,,,,,,,,,,,,,,,,,,,,,,,,,,,,,,,,,,,,,,,,,,,,,1,0,0,0,0,1,0,,,,
13178328,N,N,N,N,N,N,N,3/17/2013,1:38 PM,,,86,1651,Y,Y,30.21502,-98.93732,3,16,,1,,,NOT REPORTED,,N,N,70,N,N,,N,,,,,,,NOT REPORTED,,0.4,M,S,494,,,11,1,0,3,4,1,12,1:39 PM,GILLESPIE CO SO,1:52 PM,3/17/2013,Y,,10000,7,92,1,8,2,4,30,64,3,1,2,1,21,21,86,1651,30.21431797,-98.93925962,SH,16,,263.444,SH0016,,291,1,6.402,494,0.4,,,,NOT REPORTED,,,,,Y,Y,Y,1,0,Y,SUN,2,0,0,0,0,2,4,100,44,44,4,0,0,1,0,0,1,0,0,0,0,1,6,5849,2014,5849,3.8,2.1,5.9,,,,,,,,,,,,,,,,,,,,,,,,,,,1,0,0,6,0,1,0,,,,