Crash_ID,Crash_Fatal_Fl,Cmv_Involv_Fl,Schl_Bus_Fl,Rr_Relat_Fl,Medical_Advisory_Fl,Amend_Supp_Fl,Active_School_Zone_Fl,Crash_Date,Crash_Time,Case_ID,Local_Use,Rpt_CRIS_Cnty_ID,Rpt_City_ID,Rpt_Outside_City_Limit_Fl,Thousand_Damage_Fl,Rpt_Latitude,Rpt_Longitude,Rpt_Rdwy_Sys_ID,Rpt_Hwy_Num,Rpt_Hwy_Sfx,Rpt_Road_Part_ID,Rpt_Block_Num,Rpt_Street_Pfx,Rpt_Street_Name,Rpt_Street_Sfx,Private_Dr_Fl,Toll_Road_Fl,Crash_Speed_Limit,Road_Constr_Zone_Fl,Road_Constr_Zone_Wrkr_Fl,Rpt_Street_Desc,At_Intrsct_Fl,Rpt_Sec_Rdwy_Sys_ID,Rpt_Sec_Hwy_Num,Rpt_Sec_Hwy_Sfx,Rpt_Sec_Road_Part_ID,Rpt_Sec_Block_Num,Rpt_Sec_Street_Pfx,Rpt_Sec_Street_Name,Rpt_Sec_Street_Sfx,Rpt_Ref_Mark_Offset_Amt,Rpt_Ref_Mark_Dist_Uom,Rpt_Ref_Mark_Dir,Rpt_Ref_Mark_Nbr,Rpt_Sec_Street_Desc,Rpt_CrossingNumber,Wthr_Cond_ID,Light_Cond_ID,Entr_Road_ID,Road_Type_ID,Road_Algn_ID,Surf_Cond_ID,Traffic_Cntl_ID,Investigat_Notify_Time,Investigat_Notify_Meth,Investigat_Arrv_Time,Report_Date,Investigat_Comp_Fl,ORI_Number,Investigat_Agency_ID,Investigat_Area_ID,Investigat_District_ID,Investigat_Region_ID,Bridge_Detail_ID,Harm_Evnt_ID,Intrsct_Relat_ID,FHE_Collsn_ID,Obj_Struck_ID,Othr_Factr_ID,Road_Part_Adj_ID,Road_Cls_ID,Road_Relat_ID,Phys_Featr_1_ID,Phys_Featr_2_ID,Cnty_ID,City_ID,Latitude,Longitude,Hwy_Sys,Hwy_Nbr,Hwy_Sfx,Dfo,Street_Name,Street_Nbr,Control,Section,Milepoint,Ref_Mark_Nbr,Ref_Mark_Displ,Hwy_Sys_2,Hwy_Nbr_2,Hwy_Sfx_2,Street_Name_2,Street_Nbr_2,Control_2,Section_2,Milepoint_2,Txdot_Rptable_Fl,Onsys_Fl,Rural_Fl,Crash_Sev_ID,Pop_Group_ID,Located_Fl,Day_of_Week,Hwy_Dsgn_Lane_ID,Hwy_Dsgn_Hrt_ID,Hp_Shldr_Left,Hp_Shldr_Right,Hp_Median_Width,Base_Type_ID,Nbr_Of_Lane,Row_Width_Usual,Roadbed_Width,Surf_Width,Surf_Type_ID,Curb_Type_Left_ID,Curb_Type_Right_ID,Shldr_Type_Left_ID,Shldr_Width_Left,Shldr_Use_Left_ID,Shldr_Type_Right_ID,Shldr_Width_Right,Shldr_Use_Right_ID,Median_Type_ID,Median_Width,Rural_Urban_Type_ID,Func_Sys_ID,Adt_Curnt_Amt,Adt_Curnt_Year,Adt_Adj_Curnt_Amt,Pct_Single_Trk_Adt,Pct_Combo_Trk_Adt,Trk_Aadt_Pct,Curve_Type_ID,Curve_Lngth,Cd_Degr,Delta_Left_Right_ID,Dd_Degr,Feature_Crossed,Structure_Number,I_R_Min_Vert_Clear,Approach_Width,Bridge_Median_ID,Bridge_Loading_Type_ID,Bridge_Loading_In_1000_Lbs,Bridge_Srvc_Type_On_ID,Bridge_Srvc_Type_Under_ID,Culvert_Type_ID,Roadway_Width,Deck_Width,Bridge_Dir_Of_Traffic_ID,Bridge_Rte_Struct_Func_ID,Bridge_IR_Struct_Func_ID,CrossingNumber,RRCo,Poscrossing_ID,WDCode_ID,Standstop,Yield,Incap_Injry_Cnt,Nonincap_Injry_Cnt,Poss_Injry_Cnt,Non_Injry_Cnt,Unkn_Injry_Cnt,Tot_Injry_Cnt,Death_Cnt,MPO_ID,Investigat_Service_ID,Investigat_DA_ID,Investigator_Narrative
13178372,N,N,N,N,N,Y,N,3/18/2013,11:30 AM,,,177,1742,Y,Y,32.46303,-100.58073,2,84,,1,,,NOT REPORTED,,N,N,75,N,N,EASTBOUND,N,,,,,,,NOT REPORTED,,0.3,M,SE,434,,,11,1,0,2,1,1,20,11:33 AM,DISPATCHED,11:41 AM,4/24/2013,Y,,10000,8,1,1,8,10,4,1,1,3,1,2,4,21,21,177,1742,32.46303226,-100.5804375,US,84,,179.973,US0084,,53,12,5.926,434,0.3,,,,NOT REPORTED,,,,,Y,Y,Y,1,0,Y,MON,3,0,0,8,76,2,4,200,70,48,4,0,0,1,4,0,3,18,5,3,72,1,2,9627,2014,9627,7,21.5,28.5,,,,,,,,,,,,,,,,,,,,,,,,,,,1,2,0,0,0,3,0,,,,
13178382,N,Y,N,N,N,N,N,3/19/2013,8:25 AM,SAPD13058486,2110,15,379,N,N,,,19,,,1,600,,SOLEDAD,,N,N,35,N,N,,N,19,,,,1300,,NAVARRO,,,,,,,,11,1,2,,2,1,11,8:15 AM,DISPATCHED,8:25 AM,3/19/2013,Y,TXSPD0000,2473,,3,122,8,2,4,22,64,3,1,5,1,21,21,15,379,29.43234988,-98.49335943,,,,,SOLEDAD ST,647,,,,,,,,,,,,,,N,N,N,5,9,Y,TUE,,,,,,,,,,,,,,,,,,,,,,,,,,,,,,,,,,,,,,,,,,,,,,,,,,,,,,,,0,0,0,2,0,0,0,28,,,
13178489,N,N,N,N,N,N,N,3/18/2013,4:50 PM,SAPD13058059,7140,15,379,N,Y,,,19,,,1,8600,,ABE LINCOLN,RD,N,N,35,N,N,,N,19,,,,8300,,ECKHERT,RD,,,,,,,11,1,2,,1,1,9,5:16 PM,DISP.,5:22 PM,3/18/2013,Y,TXSPD0000,2473,,61,123,8,2,2,22,64,42,1,5,1,21,21,15,379,29.51906221,-98.61732674,,,,,ABE LINCOLN RD,,,,,,,,,,ECKHERT RD,,,,,Y,N,N,3,9,Y,MON,,,,,,,,,,,,,,,,,,,,,,,,,,,,,,,,,,,,,,,,,,,,,,,,,,,,,,,,0,0,2,1,0,2,0,28,,,
13178989,N,N,N,N,N,N,N,3/19/2013,2:25 AM,64655A,,57,107,N,Y,,,1,635,,1,4700,,LYNDON B JOHNSON,FWY,N,N,60,Y,Y,,N,19,,,,13100,,MIDWAY,RD,,,,,,,11,4,0,2,2,1,20,2:33 AM,DISPATCHED,2:54 AM,3/20/2013,Y,TX0000006,2471,,,71,8,2,4,20,64,49,1,1,1,21,21,57,107,32.92555371,-96.83697504,IH,635,,24.034,IH0635,,2374,1,10.6,23,0.472,,,,,,,,,Y,Y,N,3,9,Y,TUE,5,1,2,10,12,2,8,800,140,88,5,0,0,2,4,5,2,20,5,2,8,4,11,195906,2014,195906,5.2,8.7,14,1,506,1,1,26,,,,,,,,,,,,,,,,,,,,,,0,0,1,1,0,1,0,282,,,
13179207,N,N,N,N,N,N,N,3/20/2013,4:45 AM,,,1,1566,Y,Y,31.76528,-95.68577,4,320,,1,,,NOT REPORTED,,N,N,55,N,N,,N,15,420,,,,,NOT REPORTED,,,,,,,,12,3,0,1,4,2,12,5:10 AM,ACSO PHONE,5:21 AM,3/20/2013,Y,TXDPS6401,10000,46,28,1,8,2,4,20,64,38,1,3,1,21,21,1,1566,31.76514783,-95.68440776,FM,320,,5.91,FM0320,2478,891,1,5.923,656,-0.087,,,,,,,,,Y,Y,Y,5,0,Y,WED,2,0,0,0,0,2,2,70,30,20,2,0,0,1,0,0,1,0,0,0,0,1,7,3233,2014,3233,3.5,2.9,6.3,1,80,5,,0,,,,,,,,,,,,,,,,,,,,,,0,0,0,2,0,0,0,,,,
13179584,N,N,N,N,N,N,N,3/15/2013,6:54 PM,,,212,1777,Y,Y,32.31548,-95.23888,4,2767,,1,,,NOT REPORTED,,N,N,60,N,N,,Y,15,387,,1,,,NOT REPORTED,,,,,,,,11,1,2,,5,1,12,6:59 PM,DPS COMMUNICATIONS,7:25 PM,3/19/2013,Y,TXDPS5500,10000,17,28,1,8,2,1,24,64,7,1,3,1,21,21,212,1777,,,FM,2767,,,FM2767,,,,,,,,,,CR0387,,,,,Y,Y,Y,5,0,N,FRI,,,,,,,,,,,,,,,,,,,,,,,,,,,,,,,,,,,,,,,,,,,,,,,,,,,,,,,,0,0,0,2,0,0,0,,,,
13179624,N,N,N,N,N,N,N,3/19/2013,8:35 AM,13026399,,220,156,N,Y,32.75724,-97.31909,1,35W,,1,600,,NORTH SOUTH,FWY,N,N,60,N,N,,N,14,280,,,1100,,SPUR 280,,,,,,,,11,1,0,2,2,1,20,8:40 AM,OFCR REQUESTED CALL,8:50 AM,3/19/2013,N,TX2201200,1318,885,3,120,8,2,4,20,64,9,1,1,1,21,21,220,156,32.75577529,-97.31928752,IH,35,W,51.412,IH0035W,,14,16,7.414,51,0.455,,,,,,,,,Y,Y,N,5,9,Y,TUE,5,0,10,10,40,3,8,300,136,96,5,0,0,2,20,5,2,20,5,2,20,4,11,170316,2014,170316,4.9,6.2,11.2,,,,,,,,,,,,,,,,,,,,,,,,,,,0,0,0,1,0,0,0,282,,,
13180015,N,N,N,N,N,N,N,3/20/2013,7:30 PM,66309A,,57,107,N,Y,,,19,,,1,2500,,PEARL,ST,N,N,30,N,N,,Y,19,,,1,2500,,MCKINNON,ST,,,,,,,11,4,4,,1,1,5,8:18 PM,DISPATCHED,8:29 PM,3/20/2013,Y,TX0000006,2471,,,35,8,2,1,10,64,54,1,5,1,21,21,57,107,32.79472425,-96.80780257,,,,,N PEARL ST,2898,,,,,,,,,MCKINNON ST,,,,,Y,N,N,5,9,Y,WED,,,,,,,,,,,,,,,,,,,,,,,,,,,,,,,,,,,,,,,,,,,,,,,,,,,,,,,,0,0,0,2,0,0,0,282,,,
13180022,N,N,N,N,N,N,N,3/17/2013,2:00 AM,0032739413P,FSGI,101,208,N,Y,,,19,,,1,7200,,FONDREN,RD,N,N,35,N,N,CONCRETE,Y,2,59,,2,7200,,SW,FWY,,,,,,,11,4,0,,1,1,5,2:30 AM,WALK IN,2:30 AM,3/17/2013,Y,TXHPD0000,2469,14,106,54,8,2,2,22,64,46,2,2,1,21,21,101,208,29.70240481,-95.52029305,,,,,FONDREN RD,7200,,,,,,,,,UNKNOWN,,,,,Y,N,N,5,9,Y,SUN,,,,,,,,,,,,,,,,,,,,,,,,,,,,,,,,,,,,,,,,,,,,,,,,,,,,,,,,0,0,0,2,0,0,0,15,,,
13180108,N,N,N,N,N,N,N,3/19/2013,8:50 AM,0033692813H,,101,208,N,Y,,,2,59,,1,200,S,SOUTHWEST,FWY,N,N,60,N,N,,N,2,288,,,,,SOUTH,FWY,,,,,,,11,1,0,2,1,1,20,8:52 AM,HPD DISPATCH,9:09 AM,3/19/2013,Y,TXHPD0000,2469,6,113,29,8,2,4,20,64,54,1,2,1,21,21,101,208,29.73667994,-95.36870735,US,59,,303.818,US0059,,27,13,1.238,512,0.478,,,,,,,,,Y,Y,N,5,9,Y,TUE,5,1,8,10,38,3,8,500,136,96,5,0,0,2,18,5,2,12,5,2,20,4,12,154301,2014,154301,2.9,6,8.9,1,34,1,2,1,,,,,,,,,,,,,,,,,,,,,,0,0,0,2,0,0,0,15,,,
13180131,N,Y,N,N,N,N,N,3/20/2013,8:45 AM,0034143313O,,101,208,N,Y,,,19,,,1,700,E,14TH,ST,N,N,30,N,N,,Y,19,,,1,1400,,STUDEWOOD,,,,,,,,12,1,4,,1,2,5,8:50 AM,DISPATCHED,9:06 AM,3/20/2013,Y,TXHPD0000,2469,18,121,33,8,2,1,10,64,54,1,5,1,21,21,101,208,29.79635479,-95.38793308,,,,,E 14TH ST,1198,,,,,,,,,STUDEWOOD ST,,,,,Y,N,N,5,9,Y,WED,,,,,,,,,,,,,,,,,,,,,,,,,,,,,,,,,,,,,,,,,,,,,,,,,,,,,,,,0,0,0,2,0,0,0,15,,,
13180151,N,N,N,N,N,N,N,3/20/2013,11:30 AM,0034209613B,FSGI,79,208,N,Y,,,12,,,1,7400,S,SOUTH SAM HOUSTON W,PKWY,N,Y,35,N,N,GOOD FLAT DRY,Y,19,,,1,,E,HILLCROFT,RD,,,,,,,11,1,3,,1,1,5,12:00 PM,DISP,12:07 PM,3/20/2013,Y,TXHPD0000,2469,18,125,81,8,2,2,14,64,54,2,5,1,21,21,79,208,,,,,,,S SOUTH SAM HOUSTON W PKWY,,,,,,,,,,E HILLCROFT RD,,,,,Y,N,N,5,9,N,WED,,,,,,,,,,,,,,,,,,,,,,,,,,,,,,,,,,,,,,,,,,,,,,,,,,,,,,,,0,0,0,1,1,0,0,,,,
13180307,N,N,N,N,N,N,N,3/16/2013,1:18 AM,13-00477,,227,250,N,Y,,,19,,,1,100,,HURST CREEK,RD,N,N,30,N,N,2 LANE ROADWAY,N,19,,,1,100,,EXPLORER,,,,,,2 LANE ROADWAY,,11,3,0,,4,1,20,1:18 AM,911,1:22 AM,3/16/2013,Y,TX2271100,1633,,,12,8,7,4,1,31,3,1,5,2,21,21,227,250,30.37059967,-97.9754521,,,,,HURST CREEK RD,228,,,,,,,,,,,,,,Y,N,N,5,5,Y,SAT,,,,,,,,,,,,,,,,,,,,,,,,,,,,,,,,,,,,,,,,,,,,,,,,,,,,,,,,0,0,0,1,0,0,0,90,,,
13180367,N,N,N,N,N,N,N,3/16/2013,4:36 AM,130300119,,20,278,N,Y,29.51545,-95.34082,15,89,,1,4815,,OLD CHOCOLATE BAYOU,RD,N,N,35,N,N,,N,19,,,1,,,SYLVIA,LN,,,,,,,11,3,0,,4,1,11,4:37 AM,RADIO DISPATCH,4:37 AM,3/16/2013,Y,TX0200900,1727,,,62,8,7,4,1,62,54,1,4,2,21,21,20,1585,29.51588567,-95.34749709,,,,,OLD CHOCOLATE BAYOU RD,4625,,,,,,,,,,,,,,Y,N,Y,5,0,Y,SAT,,,,,,,,,,,,,,,,,,,,,,,,,,,,,,,,,,,,,,,,,,,,,,,,,,,,,,,,0,0,0,1,0,0,0,15,,,
13180712,N,N,N,N,N,N,N,3/17/2013,2:52 PM,13-00049,,29,341,N,Y,,,19,,,1,1200,N,VIRGINIA ST,,N,N,30,N,N,,N,19,,,1,100,W,STANLEY LESTER ST,,,,,,,,11,1,2,,1,1,1,2:52 PM,OFFICER INITIATED,2:52 PM,3/17/2013,Y,TX0290200,1950,12,81,106,8,2,4,21,64,3,1,5,1,21,21,29,341,28.62412932,-96.63438969,,,,,N VIRGINIA ST,1208,,,,,,,,,,,,,,Y,N,N,5,5,Y,SUN,,,,,,,,,,,,,,,,,,,,,,,,,,,,,,,,,,,,,,,,,,,,,,,,,,,,,,,,0,0,0,5,0,0,0,,,,
13180810,N,N,N,N,N,N,N,3/15/2013,4:00 PM,T13-2131,,19,427,N,Y,,,2,82,,1,2800,,NEW BOSTON,RD,N,N,40,N,N,,N,19,,,1,1900,N,ROBISON,RD,,,,,,,11,1,0,,1,1,1,4:02 PM,DISPATCH,4:07 PM,3/15/2013,Y,TX0190500,2230,247,29,23,8,2,4,20,64,42,1,2,1,21,21,19,427,,,US,82,,,US0082,,,,,,,,,,,,,,,Y,Y,N,3,6,N,FRI,,,,,,,,,,,,,,,,,,,,,,,,,,,,,,,,,,,,,,,,,,,,,,,,,,,,,,,,0,0,1,2,0,1,0,,,,
13181223,N,N,N,N,N,N,N,3/17/2013,12:09 PM,13SP023888,,220,406,N,Y,32.94202,-97.11673,19,,,1,100,N,KIMBALL,AVE,N,N,35,N,N,,N,4,1709,,,2200,E,SOUTHLAKE,BLVD,,,,,,,12,1,0,,1,1,20,12:09 PM,DISPATCHED,12:19 PM,3/17/2013,Y,TX2203200,2154,,8,36,8,2,3,34,64,13,1,3,1,32,21,220,406,32.94167576,-97.1165086,,,,,N KIMBALL AVE,,,,,,,,,,,,,,,Y,N,N,5,6,Y,SUN,,,,,,,,,,,,,,,,,,,,,,,,,,,,,,,,,,,,,,,,,,,,,,,,,,,,,,,,0,0,0,2,0,0,0,282,,,
13181440,N,N,N,N,N,N,N,3/17/2013,12:50 PM,,,156,1721,Y,Y,32.13968,-101.80012,1,20,,1,,,NOT REPORTED,,N,N,75,N,N,,N,3,137,,,,,NOT REPORTED,,,,,,,,11,1,0,2,3,1,20,12:55 PM,DPS MIDLAND COMM,1:22 PM,3/20/2013,Y,TXDPS1800,10000,19,32,1,8,8,4,1,98,54,1,1,1,21,21,156,411,32.13874742,-101.8042457,IH,20,,156.136,IH0020,,5,4,6.575,156,-0.126,,,,,,,,,Y,Y,Y,5,3,Y,SUN,5,0,4,10,45,1,4,500,77,48,2,0,0,2,9,5,2,20,5,3,36,1,1,19565,2014,19565,14.3,20.1,34.4,,,,,,,,,,,,,,,,,,,,,,,,,,,0,0,0,2,0,0,0,,,,
13181708,N,N,N,N,N,N,N,3/19/2013,9:16 AM,,,205,1770,Y,Y,27.97639999,-97.674,1,37,,1,,,NOT REPORTED,,N,N,75,N,N,,N,,,,,,,NOT REPORTED,,0.1,M,S,23,,,11,1,0,2,1,1,20,9:17 AM,DISPATCH,9:32 AM,3/19/2013,Y,,10000,12,112,1,8,10,4,1,1,3,1,1,2,21,21,205,1770,27.97807156,-97.67477696,IH,37,,23.252,IH0037,,74,5,6.411,23,-0.1,,,,NOT REPORTED,,,,,Y,Y,Y,5,0,Y,TUE,5,0,4,10,72,2,4,450,76,48,4,0,0,2,8,5,2,20,5,2,64,1,1,24289,2014,24289,8.5,18.3,26.8,3,397,1,1,28,,,,,,,,,,,,,,,,,,,,,,0,0,0,1,0,0,0,,,,
13181724,N,N,N,N,N,N,N,3/20/2013,5:57 PM,P130790623,,79,1644,Y,Y,,,4,359,,1,,,NOT REPORTED,,N,N,55,N,N,,N,2,90,,,,,NOT REPORTED,,,,,,,,11,1,0,1,1,1,5,6:00 PM,ONVIEW,6:26 PM,3/20/2013,Y,TX0790000,1312,,,35,8,2,2,22,64,38,1,3,1,21,21,79,1644,29.59442257,-95.74202959,FM,359,,46.69,FM0359,,543,2,25.088,492,1.62,UA,90,,UA0090,,,,,Y,Y,Y,5,0,Y,WED,2,0,3,3,0,2,2,100,30,24,6,0,0,2,3,5,2,3,5,0,0,4,17,15360,2014,15360,10.6,12.8,23.4,,,,,,,,,,,,,,,,,,,,,,,,,,,0,0,0,4,0,0,0,15,,,
13181727,N,N,N,N,N,N,N,3/20/2013,3:34 PM,P130790481,,79,1644,Y,Y,,,4,1093,,1,23000,,NOT REPORTED,,N,N,45,N,N,,N,19,,,,6700,,GASTON,RD,,,,,,,11,1,0,,1,1,1,3:35 PM,DISPATCHED,3:37 PM,3/20/2013,Y,TX0790000,1312,,,35,8,2,4,22,64,42,1,3,1,21,21,79,1644,,,FM,1093,,,FM1093,,,,,,,,,,,,,,,Y,Y,Y,5,0,N,WED,,,,,,,,,,,,,,,,,,,,,,,,,,,,,,,,,,,,,,,,,,,,,,,,,,,,,,,,0,0,0,2,0,0,0,,,,
13181876,N,N,N,N,N,N,N,3/21/2013,11:50 AM,SAPD13060088,3170,15,379,N,N,,,17,,,7,1201,NE,1604,LOOP,Y,N,-1,N,N,PARKING LOT,N,19,,,,18700,,STONE OAK,PKWY,,,,,,,11,1,98,,1,1,1,11:58 AM,DISPATCHED,12:06 PM,3/21/2013,Y,TXSPD0000,2473,,29,131,8,4,4,4,64,12,7,9,5,33,21,15,379,,,,,,,NE 1604 LOOP,,,,,,,,,,,,,,,N,N,N,5,9,N,THU,,,,,,,,,,,,,,,,,,,,,,,,,,,,,,,,,,,,,,,,,,,,,,,,,,,,,,,,0,0,0,1,0,0,0,,,,
13181919,N,N,N,N,N,Y,N,3/16/2013,5:05 PM,,,107,1672,Y,Y,32.1992,-96.10121,15,,,1,,,ST MICHAELS,CIR,N,N,60,N,N,,N,15,,,,,,SUPERSTAR,DR,,,,,,,11,1,0,,1,8,1,5:08 PM,HCSO DISPATCH,5:30 PM,4/11/2013,Y,,10000,17,274,1,8,7,2,3,32,54,1,4,2,21,21,107,1672,32.19919584,-96.10123396,,,,,SAINT MICHAELS CIR,122,,,,,,,,,SUPERSTAR DR,,,,,Y,N,Y,2,0,Y,SAT,,,,,,,,,,,,,,,,,,,,,,,,,,,,,,,,,,,,,,,,,,,,,,,,,,,,,,,,0,1,0,0,0,1,0,,,,
13182040,N,N,N,N,N,N,N,3/19/2013,2:30 PM,65074A,,57,107,N,Y,,,2,67,,1,5000,,MARVIN D LOVE,FWY,N,N,60,N,N,,N,3,12,,,1700,W,LEDBETTER,DR,,,,,,,11,1,0,2,1,1,20,2:30 PM,ON VIEW,2:30 PM,3/21/2013,Y,TX0000006,2471,,,35,8,7,4,1,56,25,1,2,2,21,21,57,107,32.69154679,-96.84598687,US,67,,185.789,US0067,,261,3,1.615,408,0.9,,,,,,,,,Y,Y,N,2,9,Y,TUE,5,1,4,4,12,2,4,300,64,48,5,0,0,2,8,5,2,8,5,2,4,4,12,76243,2014,76243,3,3.2,6.2,,,,,,,,,,,,,,,,,,,,,,,,,,,0,1,0,0,0,1,0,282,,,
13183171,N,N,N,N,N,N,N,3/20/2013,11:55 AM,,,184,1749,Y,Y,32.70088,-97.82197,4,1884,,1,,,NOT REPORTED,,N,N,45,Y,Y,BETHEL ROAD,N,15,,,,,,BIELESS,LN,,,,,,,11,1,0,1,1,1,4,11:58 AM,DPS COMMUNICATIONS,12:06 PM,3/20/2013,Y,TXDPS1900,10000,12,118,1,8,7,4,1,38,50,1,3,1,20,21,184,1749,32.70006233,-97.82220912,FM,1884,,3.138,FM1884,3075,1601,2,7.189,274,-0.861,,,,,,,,,Y,Y,Y,5,0,Y,WED,2,0,6,6,0,2,2,80,36,24,2,0,0,3,6,5,3,6,5,0,0,1,7,6112,2014,6112,10.1,2.5,12.6,,,,,,,,,,,,,,,,,,,,,,,,,,,0,0,0,2,0,0,0,282,,,
13183191,N,N,N,N,N,N,N,3/18/2013,10:00 PM,,,139,699,N,Y,33.52499,-95.318,2,271,,1,,,NOT REPORTED,,N,N,55,N,N,,N,,,,,,,NOT REPORTED,,0.4,M,N,218,,,11,3,0,1,1,1,12,10:02 PM,LAMAR CO. DISPATCH,10:12 PM,3/19/2013,Y,,10000,8,103,1,8,6,4,1,64,54,1,2,1,21,21,139,699,33.52436332,-95.31673861,US,271,,31.57,US0271,,221,1,17.078,218,-0.4,,,,NOT REPORTED,,,,,Y,Y,Y,5,1,Y,MON,2,0,8,8,0,3,2,100,42,26,6,0,0,2,8,5,2,8,5,0,0,1,2,5103,2014,5103,7.1,15.5,22.7,,,,,,,,,,,,,,,,,,,,,,,,,,,0,0,0,2,0,0,0,,,,
13183243,N,N,N,N,N,N,N,3/20/2013,12:45 PM,SAPD13059339,2140,15,379,N,Y,,,19,,,1,,S,FLORES,,N,N,30,N,N,DRY ASPHALT,N,19,,,,,S,ALAMO,,,,,,DRY ASPHALT,,11,1,0,,1,1,20,12:50 PM,DISPATCH,1:00 PM,3/20/2013,N,TXSPD0000,2473,,3,122,8,2,3,14,64,14,1,5,1,32,21,15,379,29.41106272,-98.50064353,,,,,S FLORES ST,1323,,,,,,,,,,,,,,Y,N,N,5,9,Y,WED,,,,,,,,,,,,,,,,,,,,,,,,,,,,,,,,,,,,,,,,,,,,,,,,,,,,,,,,0,0,0,2,0,0,0,28,,,
13183253,N,N,N,N,N,N,N,3/21/2013,8:42 AM,SAPD13059966,5110,15,379,N,Y,,,19,,,1,1200,,GENERAL MCMULLEN,,N,N,45,N,N,,N,19,,,,400,,SYLVIA,,,,,,,,12,1,0,,1,1,1,8:31 AM,DISPATCHED,8:42 AM,3/21/2013,Y,TXSPD0000,2473,,19,148,8,2,3,14,64,14,1,5,1,32,21,15,379,29.41025307,-98.55672083,,,,,S GENERAL MCMULLEN DR,1227,,,,,,,,,,,,,,Y,N,N,2,9,Y,THU,,,,,,,,,,,,,,,,,,,,,,,,,,,,,,,,,,,,,,,,,,,,,,,,,,,,,,,,0,3,0,2,0,3,0,28,,,
13183263,N,N,N,N,N,N,N,3/20/2013,9:27 PM,2013-27036,,108,283,N,Y,,,4,2061,,1,2701,N,MCCOLL,,N,N,15,N,N,,N,19,,,,700,E,LA VISTA,AVE,,,,,LOCAL ROAD,,11,4,0,,1,1,8,9:27 PM,RADIO DISPATCH,9:40 PM,3/20/2013,Y,TX1080800,1753,,,35,8,2,3,17,64,13,1,3,2,32,21,108,283,,,FM,2061,,,FM2061,,,,,,,,,,,,,,,Y,Y,N,2,8,N,WED,,,,,,,,,,,,,,,,,,,,,,,,,,,,,,,,,,,,,,,,,,,,,,,,,,,,,,,,0,1,0,1,1,1,0,,,,
13183303,N,Y,N,N,N,N,N,3/21/2013,11:25 AM,SAPD13060077,7290,15,379,N,N,,,1,410,,2,2600,,LOOP 410NW,,Y,N,10,N,N,2602 LOOP 410NW,N,19,,,,,,VANCE JACKSON,,,,,,,,12,1,0,,1,1,1,11:45 AM,DISPATCHED,11:52 AM,3/21/2013,Y,TXSPD0000,2473,,61,123,9,2,3,27,64,14,7,9,5,32,1,15,379,,,IH,410,,,IH0410,,,,,,,,,,,,,,,N,Y,N,5,9,N,THU,,,,,,,,,,,,,,,,,,,,,,,,,,,,,,,,,,,,,,,,,,,,,,,,,,,,,,,,0,0,0,2,0,0,0,,,,
13183642,N,Y,N,N,N,N,N,3/20/2013,1:05 AM,,,161,245,N,Y,31.64602,-97.09795,1,35,,1,,,NOT REPORTED,,N,N,70,Y,N,,N,,,,,,,NOT REPORTED,,500,F,N,342,,,2,4,0,2,2,2,11,1:13 AM,DISPATCHED,1:58 AM,3/20/2013,Y,,10000,17,119,1,8,2,4,21,39,49,1,1,1,21,21,161,1726,31.64950316,-97.0997074,IH,35,,341.641,IH0035,,15,1,22.366,342,500,,,,NOT REPORTED,,,,,Y,Y,Y,3,0,Y,WED,5,0,6,10,48,2,4,300,80,48,4,0,0,2,12,5,2,20,5,2,36,3,11,56184,2014,56184,2.9,29.5,32.4,,,,,,,,,,,,,,,,,,,,,,,,,,,0,0,1,0,1,1,0,140,,,
13183748,N,N,N,N,N,N,N,3/20/2013,4:39 PM,SAPD13059516,2240,15,379,N,Y,,,1,35,,1,904,N,NOT REPORTED,,N,N,60,N,N,,N,2,281,,,1580,N,NOT REPORTED,,,,,,,,12,1,0,2,2,1,11,4:39 PM,DISPATCHED,4:55 PM,3/20/2013,Y,TXSPD0000,2473,,7,147,8,2,1,20,64,42,1,1,1,21,21,15,379,29.43887138,-98.47827911,IH,35,,157.389,IH0035,,17,10,24.383,158,-0.094,IH,37,,IH0037,,,,,Y,Y,N,5,9,Y,WED,5,0,2,6,7,9,6,300,87,72,5,0,0,2,4,5,2,11,5,2,3,4,11,153599,2014,153599,3.4,11.2,14.6,,,,,,,,,,,,,,,,,,,,,,,,,,,0,0,0,4,0,0,0,28,,,
13183925,N,Y,N,N,N,N,N,3/22/2013,8:49 AM,SAPD13060739,4230,15,379,N,Y,,,1,410,,4,2300,SE,NOT REPORTED,LOOP,N,N,40,N,N,,N,2,87,,,,E,NOT REPORTED,,,,,,,,12,1,98,2,1,2,9,8:49 AM,DISPATCHED,8:59 AM,3/22/2013,Y,TXSPD0000,2473,,9,162,8,2,2,10,64,54,4,1,1,21,21,15,379,29.3980535,-98.38929251,IH,410,,36.216,IH0410,,521,6,35.966,36,-0.34,US,87,,US0087,,,,,Y,Y,N,5,9,Y,FRI,5,0,4,10,55,2,4,300,76,48,2,0,0,2,14,5,2,14,5,3,41,4,11,65950,2014,65950,4.2,13.6,17.8,,,,,,,,,,,,,,,,,,,,,,,,,,,0,0,0,3,0,0,0,28,,,