Crash_ID,Crash_Fatal_Fl,Cmv_Involv_Fl,Schl_Bus_Fl,Rr_Relat_Fl,Medical_Advisory_Fl,Amend_Supp_Fl,Active_School_Zone_Fl,Crash_Date,Crash_Time,Case_ID,Local_Use,Rpt_CRIS_Cnty_ID,Rpt_City_ID,Rpt_Outside_City_Limit_Fl,Thousand_Damage_Fl,Rpt_Latitude,Rpt_Longitude,Rpt_Rdwy_Sys_ID,Rpt_Hwy_Num,Rpt_Hwy_Sfx,Rpt_Road_Part_ID,Rpt_Block_Num,Rpt_Street_Pfx,Rpt_Street_Name,Rpt_Street_Sfx,Private_Dr_Fl,Toll_Road_Fl,Crash_Speed_Limit,Road_Constr_Zone_Fl,Road_Constr_Zone_Wrkr_Fl,Rpt_Street_Desc,At_Intrsct_Fl,Rpt_Sec_Rdwy_Sys_ID,Rpt_Sec_Hwy_Num,Rpt_Sec_Hwy_Sfx,Rpt_Sec_Road_Part_ID,Rpt_Sec_Block_Num,Rpt_Sec_Street_Pfx,Rpt_Sec_Street_Name,Rpt_Sec_Street_Sfx,Rpt_Ref_Mark_Offset_Amt,Rpt_Ref_Mark_Dist_Uom,Rpt_Ref_Mark_Dir,Rpt_Ref_Mark_Nbr,Rpt_Sec_Street_Desc,Rpt_CrossingNumber,Wthr_Cond_ID,Light_Cond_ID,Entr_Road_ID,Road_Type_ID,Road_Algn_ID,Surf_Cond_ID,Traffic_Cntl_ID,Investigat_Notify_Time,Investigat_Notify_Meth,Investigat_Arrv_Time,Report_Date,Investigat_Comp_Fl,ORI_Number,Investigat_Agency_ID,Investigat_Area_ID,Investigat_District_ID,Investigat_Region_ID,Bridge_Detail_ID,Harm_Evnt_ID,Intrsct_Relat_ID,FHE_Collsn_ID,Obj_Struck_ID,Othr_Factr_ID,Road_Part_Adj_ID,Road_Cls_ID,Road_Relat_ID,Phys_Featr_1_ID,Phys_Featr_2_ID,Cnty_ID,City_ID,Latitude,Longitude,Hwy_Sys,Hwy_Nbr,Hwy_Sfx,Dfo,Street_Name,Street_Nbr,Control,Section,Milepoint,Ref_Mark_Nbr,Ref_Mark_Displ,Hwy_Sys_2,Hwy_Nbr_2,Hwy_Sfx_2,Street_Name_2,Street_Nbr_2,Control_2,Section_2,Milepoint_2,Txdot_Rptable_Fl,Onsys_Fl,Rural_Fl,Crash_Sev_ID,Pop_Group_ID,Located_Fl,Day_of_Week,Hwy_Dsgn_Lane_ID,Hwy_Dsgn_Hrt_ID,Hp_Shldr_Left,Hp_Shldr_Right,Hp_Median_Width,Base_Type_ID,Nbr_Of_Lane,Row_Width_Usual,Roadbed_Width,Surf_Width,Surf_Type_ID,Curb_Type_Left_ID,Curb_Type_Right_ID,Shldr_Type_Left_ID,Shldr_Width_Left,Shldr_Use_Left_ID,Shldr_Type_Right_ID,Shldr_Width_Right,Shldr_Use_Right_ID,Median_Type_ID,Median_Width,Rural_Urban_Type_ID,Func_Sys_ID,Adt_Curnt_Amt,Adt_Curnt_Year,Adt_Adj_Curnt_Amt,Pct_Single_Trk_Adt,Pct_Combo_Trk_Adt,Trk_Aadt_Pct,Curve_Type_ID,Curve_Lngth,Cd_Degr,Delta_Left_Right_ID,Dd_Degr,Feature_Crossed,Structure_Number,I_R_Min_Vert_Clear,Approach_Width,Bridge_Median_ID,Bridge_Loading_Type_ID,Bridge_Loading_In_1000_Lbs,Bridge_Srvc_Type_On_ID,Bridge_Srvc_Type_Under_ID,Culvert_Type_ID,Roadway_Width,Deck_Width,Bridge_Dir_Of_Traffic_ID,Bridge_Rte_Struct_Func_ID,Bridge_IR_Struct_Func_ID,CrossingNumber,RRCo,Poscrossing_ID,WDCode_ID,Standstop,Yield,Incap_Injry_Cnt,Nonincap_Injry_Cnt,Poss_Injry_Cnt,Non_Injry_Cnt,Unkn_Injry_Cnt,Tot_Injry_Cnt,Death_Cnt,MPO_ID,Investigat_Service_ID,Investigat_DA_ID,Investigator_Narrative
13190647,N,N,N,N,N,N,N,3/23/2013,6:03 PM,13-20376,,105,383,N,N,,,19,,,1,100,W,HOPKINS,ST,N,N,30,N,N,,N,19,,,,,,POST OFFICE ALLEY,,,,,,POST OFFICE ALLEY,,11,1,0,3,2,1,20,6:03 PM,OFFICER OBSERVED,6:03 PM,3/23/2013,Y,TX1050100,2084,,,19,8,2,4,20,64,3,1,2,1,21,21,105,383,29.88303965,-97.94140236,SH,80,,3.019,SH0080,100,286,1,29.64,466,-1.111,,,,,,,,,N,Y,N,5,7,Y,SAT,2,0,0,0,0,2,4,80,48,48,4,2,2,1,0,0,1,0,0,0,0,3,14,17700,2014,17700,2.2,3.8,6,,,,,,,,,,,,,,,,,,,,,,,,,,,0,0,0,2,0,0,0,90,,,
13190795,N,Y,N,N,N,N,N,3/17/2013,3:44 PM,2013-006474,,123,30,N,Y,,,2,90,,1,6500,,COLLEGE,ST,N,N,50,N,N,,N,19,,,1,100,,DOWLEN,,,,,,,,11,1,0,3,1,1,11,3:44 PM,DISPATCHED,3:54 PM,3/17/2013,Y,TX1230100,104,,,,8,2,3,13,64,14,1,2,1,32,21,123,30,30.06765469,-94.1709616,US,90,,732.08,US0090,,28,7,1.125,916,0.611,,,,,,,,,Y,Y,N,5,8,Y,SUN,2,0,0,0,0,3,6,116,72,72,5,2,2,1,0,0,1,0,0,0,0,3,14,25218,2014,25218,4.7,24.9,29.6,,,,,,,,,,,,,,,,,,,,,,,,,,,0,0,0,2,0,0,0,135,,,
13190973,N,N,N,N,N,N,N,3/26/2013,11:28 AM,13033615,,31,53,N,N,,,17,,,7,4670,,SOUTHMOST,RD,Y,N,5,N,N,,N,4,1419,,,4600,,SOUTHMOST,RD,,,,,,,11,1,0,,1,1,1,11:30 AM,DISPATCHED,11:42 AM,3/26/2013,Y,TX0310100,172,,125,29,8,4,4,4,64,12,7,9,5,33,21,31,53,,,,,,,SOUTHMOST RD,,,,,,,,,,,,,,,N,N,N,5,8,N,TUE,,,,,,,,,,,,,,,,,,,,,,,,,,,,,,,,,,,,,,,,,,,,,,,,,,,,,,,,0,0,0,1,0,0,0,,,,
13191078,N,N,N,N,N,N,N,3/18/2013,3:47 PM,SAPD13057961,5240,15,379,N,Y,,,19,,,1,3000,N,ZARZAMORA,ST,N,N,30,N,N,,Y,19,,,1,1600,W,SUMMIT,AVE,,,,,,,11,1,4,,1,1,8,2:58 PM,DISPATCH,3:05 PM,3/18/2013,Y,TXSPD0000,2473,,19,148,8,2,1,10,64,54,1,5,1,21,21,15,379,29.45914497,-98.5232023,,,,,N ZARZAMORA ST,2998,,,,,,,,,W SUMMIT AVE,,,,,Y,N,N,3,9,Y,MON,,,,,,,,,,,,,,,,,,,,,,,,,,,,,,,,,,,,,,,,,,,,,,,,,,,,,,,,0,0,1,1,0,1,0,28,,,
13191172,N,N,N,N,N,N,N,3/24/2013,3:10 PM,0036143013R,,101,208,N,Y,,,2,59,,2,16000,N,EASTEX,FWY,N,N,50,N,N,SERVICE ROAD,Y,19,,,1,,,GREENS,RD,,,,,,,11,1,0,2,1,1,5,3:20 PM,DISPATCHED,3:33 PM,3/25/2013,Y,TXHPD0000,2469,14,124,113,8,2,1,10,64,54,2,1,1,21,21,101,208,29.95235122,-95.29029731,IH,69,,39.193,IH0069,,177,7,6.347,135,10.498,SL,8,,SL0008,,,,,Y,Y,N,3,9,Y,SUN,5,1,10,0,42,8,10,417,196,144,5,0,0,2,10,5,1,10,0,2,32,4,11,145069,2014,145069,2.3,5.9,8.2,,,,,,,,,,,,,,,,,,,,,,,,,,,0,0,2,5,0,2,0,15,,,
13191196,N,N,N,N,N,N,N,3/26/2013,1:20 PM,2013-1180,,50,95,N,N,,,19,,,7,400,S,25TH,ST,Y,N,-1,N,N,PARKING LOT,N,19,,,,800,W,D,AVE,,,,,,,11,1,0,,2,1,1,1:20 PM,DISPATCHED,1:25 PM,3/27/2013,Y,TX0500100,1112,,,35,8,4,4,3,64,54,7,9,5,33,21,50,95,,,,,,,S 25TH ST,,,,,,,,,,,,,,,N,N,N,0,6,N,TUE,,,,,,,,,,,,,,,,,,,,,,,,,,,,,,,,,,,,,,,,,,,,,,,,,,,,,,,,0,0,0,0,0,0,0,,,,
13191242,N,N,N,N,N,N,Y,3/25/2013,7:35 AM,0036387613T,FSGI,101,208,N,Y,,,19,,,1,10700,,KIPP WAY,DR,N,N,20,N,N,,N,19,,,,9900,,BROOKLET,DR,,,,,,,11,1,0,,1,1,1,7:43 AM,DISPATCHED,7:52 AM,3/27/2013,Y,TXHPD0000,2469,14,128,39,8,4,4,5,64,54,1,5,1,21,21,101,208,29.67098483,-95.56421114,,,,,KIPP WAY DR,10550,,,,,,,,,,,,,,Y,N,N,0,9,Y,MON,,,,,,,,,,,,,,,,,,,,,,,,,,,,,,,,,,,,,,,,,,,,,,,,,,,,,,,,0,0,0,0,1,0,0,15,,,
13191276,N,N,N,N,N,N,N,3/20/2013,7:40 PM,SAPD13059685,6260,15,379,N,Y,,,19,,,1,600,SW,MILITARY,DR,N,N,-1,N,N,,N,19,,,,2300,,PLEASANTON,RD,,,,,,,12,1,2,2,1,1,5,7:52 PM,DISPATCH,8:07 PM,3/20/2013,Y,TXSPD0000,2473,,11,175,8,2,2,22,64,39,1,2,1,21,21,15,379,29.3566948,-98.50380799,SL,13,,9.005,SL0013,791,521,2,3.406,492,0.955,,,,PLEASANTON RD,,,,,Y,Y,N,5,9,Y,WED,3,0,0,0,1,9,6,100,70,70,6,0,0,1,0,0,1,0,0,3,1,4,14,25586,2014,25586,2.4,4.7,7,,,,,,,,,,,,,,,,,,,,,,,,,,,0,0,0,3,0,0,0,28,,,
13191418,N,N,N,N,N,N,N,3/26/2013,8:13 PM,0037130213J,,101,208,N,Y,,,17,,,7,2909,,HAYES,RD,Y,N,-1,N,N,CONCRETE,N,19,,,,2900,,HAYES,,,,,,,,11,4,0,,7,1,1,12:03 AM,RADIO DISPATCH,12:07 AM,3/27/2013,Y,TXHPD0000,2469,18,128,21,8,2,4,44,64,12,7,9,5,33,21,101,208,,,,,,,HAYES RD,,,,,,,,,,,,,,,N,N,N,5,9,N,TUE,,,,,,,,,,,,,,,,,,,,,,,,,,,,,,,,,,,,,,,,,,,,,,,,,,,,,,,,0,0,0,3,0,0,0,,,,
13191438,N,N,N,N,N,N,N,3/25/2013,7:28 PM,70839A,FLID - 70840A,57,107,N,Y,,,19,,,1,5300,,SINGLETON,BLVD,N,N,35,N,N,,Y,19,,,1,3000,,CLYMER,ST,,,,,,,11,5,4,,1,1,5,7:28 PM,DISPATCHED,8:08 PM,3/25/2013,N,TX0000006,2471,,,44,8,2,1,10,32,54,1,5,1,21,21,57,107,32.77851426,-96.90971254,,,,,SINGLETON BLVD,5400,,,,,,,,,CLYMER ST,,,,,Y,N,N,2,9,Y,MON,,,,,,,,,,,,,,,,,,,,,,,,,,,,,,,,,,,,,,,,,,,,,,,,,,,,,,,,0,1,1,0,1,2,0,282,,,
13191507,N,N,N,N,N,N,N,3/27/2013,11:23 PM,2013-BCSO-012280,C20,15,1580,Y,Y,29.34279,-98.69158,4,1604,,1,8400,W,NOT REPORTED,LOOP,N,N,60,N,N,PAVED ROAD GRASSY SHOULDER,N,19,,,,,,PUE,RD,,,,,PAVED ROAD GRASSY SHOULDER,,11,3,0,1,1,1,1,11:20 PM,DISPATCHED,11:30 PM,3/27/2013,Y,TX0150000,120,,,148,8,6,4,1,64,54,1,2,1,21,21,15,1580,29.35413528,-98.69156981,SL,1604,,13.378,SL1604,8711,2452,1,13.068,502,-0.611,,,,,,,,,Y,Y,Y,5,0,Y,WED,2,0,8,8,0,2,2,320,40,24,2,0,0,2,8,5,2,8,5,0,0,4,16,8322,2014,8322,3.1,9.7,12.8,,,,,,,,,,,,,,,,,,,,,,,,,,,0,0,0,1,0,0,0,28,,,
13191541,N,N,N,N,N,N,N,3/27/2013,10:24 AM,SAPD13064673,5340,15,379,N,Y,,,3,151,,2,8300,W,STATE HWY 151,HWY,N,N,55,N,N,PUBLIC ROAD,N,19,,,,1800,,CABLE RANCH,RD,,,,,PUBLIC ROAD,,12,1,2,2,1,1,20,10:31 AM,DISPATCH,10:31 AM,3/27/2013,Y,TXSPD0000,2473,,19,148,8,2,4,20,64,9,2,2,1,21,21,15,379,29.43618906,-98.65172236,SH,151,,5.194,SH0151,,3508,1,5.126,484,-0.912,,,,,,,,,Y,Y,N,5,9,Y,WED,5,0,4,10,48,2,4,350,76,48,4,0,0,2,8,5,2,20,5,3,40,4,12,74507,2014,74507,1.8,0.6,2.3,,,,,,,,,,,,,,,,,,,,,,,,,,,0,0,0,2,0,0,0,28,,,
13191801,N,N,N,N,N,N,N,3/18/2013,9:55 AM,13-5540,,161,442,N,Y,,,2,77,,1,400,,LASALLE,AVE,N,N,0,N,N,,Y,19,,,1,2000,S,4TH,ST,,,,,,,11,1,4,2,1,1,8,9:58 AM,DISPATCHED,10:02 AM,3/18/2013,Y,TX1551200,2372,,,100,8,2,1,10,36,54,1,2,1,21,21,161,442,31.54131164,-97.1115616,BU,77,L,8.075,BU0077L,,14,10,3.195,354,0.126,FM,434,,FM0434,,,,,Y,Y,N,2,8,Y,MON,3,0,0,10,28,9,6,150,103,83,3,1,0,1,0,0,2,20,5,3,28,3,14,13565,2014,13565,6.5,14.3,20.8,,,,,,,,,,,,,,,,,,,,,,,,,,,0,2,0,0,0,2,0,140,,,
13191963,N,N,N,N,N,N,N,3/17/2013,4:37 PM,P2013-35712,,188,12,N,N,,,19,,,1,,W,AMARILLO,BLVD,N,N,45,N,N,,N,19,,,1,,SW,9TH,AVE,,,,,,,11,1,0,2,1,1,1,4:37 PM,DISPATCH,4:37 PM,3/17/2013,Y,TX1880100,33,,,217,8,2,4,20,64,42,1,2,1,21,21,188,12,35.20676833,-101.9026568,BI,40,D,4.457,BI0040D,,90,6,16.653,296,0.431,,,,,,,,,N,Y,N,5,8,Y,SUN,3,0,4,10,39,2,4,200,76,48,4,1,1,2,8,5,2,20,5,3,31,3,14,24144,2014,24144,2.4,34.4,36.8,1,330,0,,0,,,,,,,,,,,,,,,,,,,,,,0,0,0,5,0,0,0,120,,,
13191982,N,N,N,N,N,N,N,3/19/2013,12:33 PM,13-6349,,68,315,N,N,,,19,,,7,4210,N,JOHN BEN SHEPPARD PARKWAY,BLVD,Y,N,0,N,N,,N,2,191,,7,5000,E,42ND,ST,,,,,,,11,1,0,,1,1,20,12:33 PM,DISPATCHED,12:36 PM,3/19/2013,N,680200,1873,,,,8,2,4,45,64,12,7,9,5,33,21,68,315,,,,,,,N JOHN BEN SHEPPARD PARKWAY BLVD,,,,,,,,,,,,,,,N,N,N,5,8,N,TUE,,,,,,,,,,,,,,,,,,,,,,,,,,,,,,,,,,,,,,,,,,,,,,,,,,,,,,,,0,0,0,1,3,0,0,,,,
13192078,N,N,N,N,N,N,N,3/21/2013,5:53 PM,13-9580,,152,270,N,N,,,19,,,1,6400,,4TH,ST,N,N,55,N,N,,N,19,,,1,300,,MILWAUKEE,AVE,,,,,,,6,1,0,3,1,1,1,6:04 PM,POLICE RADIO,6:08 PM,3/21/2013,Y,TX1520200,1706,,,,8,2,3,20,64,46,1,3,1,32,21,152,270,33.59228656,-101.9563285,FM,2255,,4.056,FM2255,6446,2256,1,4.056,288,-0.006,,,,,,,,,N,Y,N,5,8,Y,THU,2,0,2,2,0,2,4,100,56,52,2,0,0,3,2,5,3,2,5,0,0,4,14,14078,2014,14078,2.3,15.1,17.4,,,,,,,,,,,,,,,,,,,,,,,,,,,0,0,0,1,1,0,0,122,,,
13192082,N,N,N,N,N,N,N,3/21/2013,1:35 PM,13-9541,,152,270,N,Y,,,19,,,7,531,N,FULTON,AVE,N,N,30,N,N,,N,19,,,1,5800,,ERSKINE,ST,,,,,,,11,1,0,,1,1,1,1:52 PM,POLICE RADIO,2:00 PM,3/21/2013,Y,TX1520200,1706,,,,8,4,4,1,64,54,1,5,2,21,21,152,270,33.60670728,-101.9416028,,,,,N FULTON AVE,592,,,,,,,,,,,,,,Y,N,N,5,8,Y,THU,,,,,,,,,,,,,,,,,,,,,,,,,,,,,,,,,,,,,,,,,,,,,,,,,,,,,,,,0,0,0,2,0,0,0,122,,,
13192218,N,N,N,N,N,N,N,3/23/2013,3:46 PM,13-052970,,43,336,N,Y,,,19,,,1,4900,,14TH,ST,N,N,40,N,N,,N,19,,,,,E,PLANO,PKWY,,,,,,,12,1,0,,5,1,11,3:46 PM,DISPATCHED,3:51 PM,3/23/2013,Y,TX0430600,1938,,,368,8,7,4,1,32,54,1,5,4,21,21,43,336,33.00927195,-96.64189878,,,,,14TH ST,,,,,,,,,,,,,,,Y,N,N,0,9,Y,SAT,,,,,,,,,,,,,,,,,,,,,,,,,,,,,,,,,,,,,,,,,,,,,,,,,,,,,,,,0,0,0,0,1,0,0,282,,,
13193112,N,N,N,N,N,N,N,3/28/2013,9:03 AM,13003160,,61,114,N,Y,,,1,35,,1,4900,S,I35E,HWY,N,N,60,N,N,,N,19,,,,,,POST OAK,DR,,,,,,,11,1,0,2,1,1,20,9:06 AM,DISPATCH,9:13 AM,3/28/2013,Y,TX0610200,1196,,,411,8,2,4,22,64,42,1,1,1,21,21,61,114,33.16413779,-97.07678668,IH,35,E,90.529,IH0035E,,196,1,15.093,461,0.448,,,,,,,,,Y,Y,N,5,8,Y,THU,5,0,4,10,48,3,4,400,76,48,6,0,0,2,8,5,2,20,5,2,40,4,11,80623,2014,80623,3.2,6.1,9.3,,,,,,,,,,,,,,,,,,,,,,,,,,,0,0,0,3,0,0,0,282,,,
13193171,N,N,N,N,N,N,N,3/25/2013,10:55 AM,13-028546,,220,156,N,Y,32.67902,-97.39432,19,,,1,4600,S,HULEN,ST,N,N,40,N,N,,N,1,820,,,4500,,SOUTHWEST LOOP,,,,,,,,11,1,0,,1,1,20,11:11 AM,DISPATCHED,11:11 AM,3/25/2013,Y,TX2201200,1318,885,19,120,8,2,4,22,64,3,1,1,1,21,21,220,156,32.67961075,-97.39402812,,,,,S HULEN ST,,,,,,,,,,,,,,,Y,N,N,2,9,Y,MON,,,,,,,,,,,,,,,,,,,,,,,,,,,,,,,,,,,,,,,,,,,,,,,,,,,,,,,,0,1,0,1,0,1,0,282,,,
13193190,N,N,N,N,N,N,N,3/24/2013,12:20 AM,13-28158,,220,156,N,Y,32.83807,-97.06205,3,360,,1,4400,,SH 360 SB,,N,N,40,N,N,,N,3,183,,,14000,,SH 183 EB,,,,,,,,2,4,98,2,2,2,1,12:28 AM,DISPATCHED,12:33 AM,3/24/2013,Y,TX2201200,1318,885,9,120,8,2,4,20,64,42,3,2,1,21,21,220,156,32.83807224,-97.06119046,SH,360,,5.838,SH0360,,2266,2,5.998,262,-0.017,,,,,,,,,Y,Y,N,3,9,Y,SUN,5,0,12,10,24,3,6,350,128,84,5,0,0,2,22,5,2,22,5,2,2,4,12,164077,2014,164077,3.4,2.4,5.9,,,,,,,,,,,,,,,,,,,,,,,,,,,0,0,2,5,0,2,0,282,,,
13193258,N,N,N,N,N,N,N,3/22/2013,6:20 PM,0035289613L,,101,208,N,Y,,,19,,,1,4000,,RICHMOND,AVE,N,N,30,N,N,CONCRETE,N,19,,,,3700,,WESLAYAN,,,,,,,,11,1,0,,1,1,20,6:25 PM,DISPATCHED,6:29 PM,3/22/2013,Y,TXHPD0000,2469,14,121,35,8,2,3,10,64,14,1,5,1,32,21,101,208,29.73259242,-95.44086176,,,,,RICHMOND AVE,3958,,,,,,,,,,,,,,Y,N,N,3,9,Y,FRI,,,,,,,,,,,,,,,,,,,,,,,,,,,,,,,,,,,,,,,,,,,,,,,,,,,,,,,,0,0,1,1,0,1,0,15,,,
13193291,N,N,N,N,N,N,N,3/28/2013,12:10 PM,130008054,,57,177,N,Y,,,19,,,5,4000,E,JEFFERSON,ST,N,N,40,N,N,UNNAMED CONNECTOR STREET,N,19,,,,300,,IDLEWILD,RD,,,,,,,11,1,2,,2,1,1,12:17 PM,DISPATCH,12:26 PM,3/28/2013,Y,TX0571200,1372,,,35,8,2,4,22,64,47,5,5,1,14,21,57,177,32.74677931,-96.94139868,,,,,E JEFFERSON BLVD,4000,,,,,,,,,,,,,,Y,N,N,5,8,Y,THU,,,,,,,,,,,,,,,,,,,,,,,,,,,,,,,,,,,,,,,,,,,,,,,,,,,,,,,,0,0,0,2,0,0,0,282,,,
13193438,N,N,N,N,N,N,N,3/24/2013,4:00 AM,SAPD13062317,7330,15,379,N,Y,,,17,,,7,6802,,UTSA,BLVD,Y,N,-1,N,N,,N,19,,,,14500,,ROADRUNNER,,,,,,,,11,4,98,,1,1,1,4:11 AM,DISPATCH,4:15 AM,3/24/2013,Y,TXSPD0000,2473,,61,123,8,7,4,3,32,54,7,9,5,33,21,15,379,,,,,,,UTSA BLVD,,,,,,,,,,,,,,,N,N,N,5,9,N,SUN,,,,,,,,,,,,,,,,,,,,,,,,,,,,,,,,,,,,,,,,,,,,,,,,,,,,,,,,0,0,0,1,0,0,0,,,,
13193540,Y,N,N,N,N,Y,N,3/27/2013,2:55 PM,SAPD13064851,7290,15,379,N,Y,,,1,10,,1,5900,,IH 10 WEST,,N,N,65,N,N,DRY ASPHALT,N,19,,,,1300,,VANCE JACKSON,,,,,,DRY ASPHALT,,11,1,0,2,1,1,1,2:56 PM,DISPATCHED,2:59 PM,5/15/2013,N,TXSPD0000,2473,,109,138,8,2,4,22,1,3,1,1,1,21,21,15,379,29.48472401,-98.53339209,IH,10,,563.8,IH0010,,72,12,20.549,566,-0.429,,,,,,,,,Y,Y,N,4,9,Y,WED,5,0,3,10,18,9,10,450,155,120,5,1,1,2,15,5,2,20,5,,3,4,11,171290,2014,171290,1.9,2.8,4.7,1,393,2,2,41,,,,,,,,,,,,,,,,,,,,,,0,0,0,3,0,0,1,28,,,
13193591,N,N,N,N,N,N,N,3/17/2013,3:00 PM,13-080147,,71,136,N,Y,,,19,,,1,791,S,ZARAGOZA,RD,N,N,0,N,N,LOCAL ROAD,N,19,,,1,,,ZARAGOZA,RD,,,,,LOCAL ROAD,,11,1,98,,7,1,20,1:12 PM,PHONE,1:12 PM,3/21/2013,N,TX0710200,1259,,,,8,2,4,20,64,9,1,3,1,21,21,71,136,31.67679518,-106.335495,,,,,S ZARAGOZA RD,,,,,,,,,,,,,,,Y,N,N,5,9,Y,SUN,,,,,,,,,,,,,,,,,,,,,,,,,,,,,,,,,,,,,,,,,,,,,,,,,,,,,,,,0,0,0,8,0,0,0,66,,,
13193713,N,N,N,N,N,N,N,3/20/2013,7:45 AM,130037071,0,101,1666,Y,Y,,,4,2920,,1,28600,,NOT REPORTED,,N,N,55,N,N,,Y,19,,,1,20000,,GREAT LAKE,ST,,,,,,,12,1,2,,1,2,12,7:51 AM,DISPATCHED,8:36 AM,3/20/2013,Y,TX1010000,1419,2,4,5,8,2,2,20,64,46,1,3,1,21,21,101,1666,,,FM,2920,,,FM2920,,,,,,,,,,GREAT LAKE ST,,,,,Y,Y,Y,3,0,N,WED,,,,,,,,,,,,,,,,,,,,,,,,,,,,,,,,,,,,,,,,,,,,,,,,,,,,,,,,0,0,2,1,0,2,0,,,,
13193873,N,N,N,N,N,N,N,3/17/2013,7:09 AM,2013005694,,108,448,N,Y,,,19,,,1,1900,W,DALLAS,AVE,N,N,30,N,N,,N,19,,,,,,ANAQUA,ST,,,,,,,11,6,2,,1,1,1,7:09 AM,RADIO DISPATCHED,7:16 AM,3/17/2013,Y,TX1081400,2396,,,,8,4,4,1,64,54,1,5,1,21,21,108,448,26.17396259,-98.00972523,,,,,W DALLAS DR,1926,,,,,,,,,,,,,,Y,N,N,0,6,Y,SUN,,,,,,,,,,,,,,,,,,,,,,,,,,,,,,,,,,,,,,,,,,,,,,,,,,,,,,,,0,0,0,0,1,0,0,230,,,
13194229,N,N,N,N,N,N,N,3/21/2013,9:13 AM,13-6810,,101,325,N,Y,,,12,8,,2,4700,,SAM HOUSTON,PKWY,N,N,45,N,N,,N,19,,,1,5300,,CRENSHAW,RD,,,,,,,11,1,4,,1,1,20,9:23 AM,DISPATCH,9:26 AM,3/22/2013,Y,TX1011500,1912,,2,94,8,2,2,22,64,38,2,5,1,21,21,101,325,29.63953445,-95.16150485,,,,,E SAM HOUSTON PKWY S,,,,,,,,,,CRENSHAW RD,,,,,Y,N,N,5,8,Y,THU,,,,,,,,,,,,,,,,,,,,,,,,,,,,,,,,,,,,,,,,,,,,,,,,,,,,,,,,0,0,0,4,0,0,0,15,,,
13194345,N,N,N,N,N,N,N,3/24/2013,1:56 PM,13-9901,,152,270,N,Y,,,19,,,1,6000,,YORK,AVE,N,N,30,N,N,,Y,19,,,1,5100,,60TH,ST,,,,,,,11,1,4,,1,1,8,2:14 PM,POLICE RADIO,2:17 PM,3/24/2013,Y,TX1520200,1706,,,,8,2,1,10,64,54,1,5,1,21,21,152,270,33.53970434,-101.9201213,,,,,YORK AVE,5999,,,,,,,,,60TH ST,,,,,Y,N,N,3,8,Y,SUN,,,,,,,,,,,,,,,,,,,,,,,,,,,,,,,,,,,,,,,,,,,,,,,,,,,,,,,,0,0,3,0,0,3,0,122,,,
13194448,N,N,N,N,N,N,N,3/17/2013,2:50 PM,13-9054,,152,270,N,Y,,,19,,,1,1900,,76TH,ST,N,N,30,N,N,,N,19,,,1,7600,,SEGUIN,AVE,,,,,,,11,1,0,,1,1,1,3:12 PM,POLICE RADIO,3:21 PM,3/17/2013,Y,TX1520200,1706,,,,8,4,4,1,64,3,1,5,1,21,21,152,270,33.52586434,-101.8573913,,,,,76TH ST,1900,,,,,,,,,,,,,,Y,N,N,5,8,Y,SUN,,,,,,,,,,,,,,,,,,,,,,,,,,,,,,,,,,,,,,,,,,,,,,,,,,,,,,,,0,0,0,3,0,0,0,122,,,
13194601,N,N,N,N,N,N,N,3/17/2013,2:28 PM,13022366,,43,162,N,Y,,,3,289,,1,7600,,PRESTON,RD,N,N,45,N,N,,N,19,,,,,,STONEBROOK,PKWY,,,,,,,11,1,0,2,1,1,1,2:28 PM,DISPATCHED,2:36 PM,3/20/2013,Y,TX0430400,1331,,,,8,2,4,20,64,42,1,2,1,21,21,43,162,33.13892992,-96.80445426,SH,289,,51.711,SH0289,,91,5,20.43,244,0.769,,,,,,,,,Y,Y,N,5,8,Y,SUN,3,0,2,2,22,8,6,120,80,72,5,2,2,2,4,5,2,4,2,1,18,4,14,25917,2014,25917,1.5,6.8,8.3,,,,,,,,,,,,,,,,,,,,,,,,,,,0,0,0,3,1,0,0,282,,,
13194644,N,N,N,N,N,N,N,3/21/2013,9:50 AM,13023534,,43,162,N,Y,,,3,289,,1,7500,,PRESTON,RD,N,N,45,Y,Y,,N,19,,,,,,ROLATER,RD,,,,,,,12,1,0,,1,1,11,9:53 AM,DISPATCHED,9:57 AM,3/21/2013,Y,TX0430400,1331,,,,8,2,4,30,28,49,1,2,1,21,21,43,162,,,SH,289,,,SH0289,,,,,,,,,,,,,,,Y,Y,N,3,8,N,THU,,,,,,,,,,,,,,,,,,,,,,,,,,,,,,,,,,,,,,,,,,,,,,,,,,,,,,,,0,0,2,1,0,2,0,,,,
13194736,N,N,N,N,N,N,N,3/16/2013,12:00 PM,13-001752,,101,211,N,Y,,,4,1960,,7,9805,,NOT REPORTED,,Y,N,0,N,N,,N,19,,,1,19700,,WHITAKER,,,,,,HWY 59 SOUTH SERVICE,,11,1,0,,1,1,20,12:13 PM,DISPATCHED,12:14 PM,3/20/2013,Y,TX1010900,1496,,,,8,2,4,40,64,12,7,9,5,33,21,101,211,,,FM,1960,,,FM1960,,,,,,,,,,,,,,,N,Y,N,5,5,N,SAT,,,,,,,,,,,,,,,,,,,,,,,,,,,,,,,,,,,,,,,,,,,,,,,,,,,,,,,,0,0,0,3,0,0,0,,,,