Crash_ID,Crash_Fatal_Fl,Cmv_Involv_Fl,Schl_Bus_Fl,Rr_Relat_Fl,Medical_Advisory_Fl,Amend_Supp_Fl,Active_School_Zone_Fl,Crash_Date,Crash_Time,Case_ID,Local_Use,Rpt_CRIS_Cnty_ID,Rpt_City_ID,Rpt_Outside_City_Limit_Fl,Thousand_Damage_Fl,Rpt_Latitude,Rpt_Longitude,Rpt_Rdwy_Sys_ID,Rpt_Hwy_Num,Rpt_Hwy_Sfx,Rpt_Road_Part_ID,Rpt_Block_Num,Rpt_Street_Pfx,Rpt_Street_Name,Rpt_Street_Sfx,Private_Dr_Fl,Toll_Road_Fl,Crash_Speed_Limit,Road_Constr_Zone_Fl,Road_Constr_Zone_Wrkr_Fl,Rpt_Street_Desc,At_Intrsct_Fl,Rpt_Sec_Rdwy_Sys_ID,Rpt_Sec_Hwy_Num,Rpt_Sec_Hwy_Sfx,Rpt_Sec_Road_Part_ID,Rpt_Sec_Block_Num,Rpt_Sec_Street_Pfx,Rpt_Sec_Street_Name,Rpt_Sec_Street_Sfx,Rpt_Ref_Mark_Offset_Amt,Rpt_Ref_Mark_Dist_Uom,Rpt_Ref_Mark_Dir,Rpt_Ref_Mark_Nbr,Rpt_Sec_Street_Desc,Rpt_CrossingNumber,Wthr_Cond_ID,Light_Cond_ID,Entr_Road_ID,Road_Type_ID,Road_Algn_ID,Surf_Cond_ID,Traffic_Cntl_ID,Investigat_Notify_Time,Investigat_Notify_Meth,Investigat_Arrv_Time,Report_Date,Investigat_Comp_Fl,ORI_Number,Investigat_Agency_ID,Investigat_Area_ID,Investigat_District_ID,Investigat_Region_ID,Bridge_Detail_ID,Harm_Evnt_ID,Intrsct_Relat_ID,FHE_Collsn_ID,Obj_Struck_ID,Othr_Factr_ID,Road_Part_Adj_ID,Road_Cls_ID,Road_Relat_ID,Phys_Featr_1_ID,Phys_Featr_2_ID,Cnty_ID,City_ID,Latitude,Longitude,Hwy_Sys,Hwy_Nbr,Hwy_Sfx,Dfo,Street_Name,Street_Nbr,Control,Section,Milepoint,Ref_Mark_Nbr,Ref_Mark_Displ,Hwy_Sys_2,Hwy_Nbr_2,Hwy_Sfx_2,Street_Name_2,Street_Nbr_2,Control_2,Section_2,Milepoint_2,Txdot_Rptable_Fl,Onsys_Fl,Rural_Fl,Crash_Sev_ID,Pop_Group_ID,Located_Fl,Day_of_Week,Hwy_Dsgn_Lane_ID,Hwy_Dsgn_Hrt_ID,Hp_Shldr_Left,Hp_Shldr_Right,Hp_Median_Width,Base_Type_ID,Nbr_Of_Lane,Row_Width_Usual,Roadbed_Width,Surf_Width,Surf_Type_ID,Curb_Type_Left_ID,Curb_Type_Right_ID,Shldr_Type_Left_ID,Shldr_Width_Left,Shldr_Use_Left_ID,Shldr_Type_Right_ID,Shldr_Width_Right,Shldr_Use_Right_ID,Median_Type_ID,Median_Width,Rural_Urban_Type_ID,Func_Sys_ID,Adt_Curnt_Amt,Adt_Curnt_Year,Adt_Adj_Curnt_Amt,Pct_Single_Trk_Adt,Pct_Combo_Trk_Adt,Trk_Aadt_Pct,Curve_Type_ID,Curve_Lngth,Cd_Degr,Delta_Left_Right_ID,Dd_Degr,Feature_Crossed,Structure_Number,I_R_Min_Vert_Clear,Approach_Width,Bridge_Median_ID,Bridge_Loading_Type_ID,Bridge_Loading_In_1000_Lbs,Bridge_Srvc_Type_On_ID,Bridge_Srvc_Type_Under_ID,Culvert_Type_ID,Roadway_Width,Deck_Width,Bridge_Dir_Of_Traffic_ID,Bridge_Rte_Struct_Func_ID,Bridge_IR_Struct_Func_ID,CrossingNumber,RRCo,Poscrossing_ID,WDCode_ID,Standstop,Yield,Incap_Injry_Cnt,Nonincap_Injry_Cnt,Poss_Injry_Cnt,Non_Injry_Cnt,Unkn_Injry_Cnt,Tot_Injry_Cnt,Death_Cnt,MPO_ID,Investigat_Service_ID,Investigat_DA_ID,Investigator_Narrative
13200531,N,N,N,N,N,N,N,3/23/2013,9:57 AM,13000014,,28,1025,N,Y,,,3,142,,4,13000,W,NOT REPORTED,,N,N,50,N,N,,Y,3,80,,,16000,,NOT REPORTED,,,,,,,,12,1,4,3,4,1,9,9:57 AM,SELF,9:58 AM,3/23/2013,Y,TX0280900,1743,,,,8,2,2,22,64,38,4,2,1,21,21,28,1025,29.84551048,-97.84130096,SH,80,,9.796,SH0080,16963,286,2,4.986,472,0.064,SH,142,,SH0142,,384,1,0,Y,Y,Y,5,1,Y,SAT,2,0,1,1,0,2,4,100,50,48,2,0,0,2,1,5,2,1,5,0,0,3,16,7342,2014,7342,3.6,4.8,8.4,,,,,,,,,,,,,,,,,,,,,,,,,,,0,0,0,8,0,0,0,90,,,
13200647,N,Y,N,N,N,N,N,3/31/2013,1:40 PM,,,170,1735,Y,Y,30.12674,-95.44385,1,45,,2,,,NOT REPORTED,,N,N,45,N,N,,Y,15,,,1,,,SAWDUST,RD,,,,,,,11,1,2,2,1,1,20,1:54 PM,DPS HOUSTON,2:21 PM,3/31/2013,Y,,10000,3,52,1,8,2,1,28,64,54,2,1,1,21,21,170,1735,30.12686613,-95.44322678,IH,45,,74,IH0045,,110,4,1.231,74,-0.019,,,,SAWDUST RD,,,,,Y,Y,Y,5,0,Y,SUN,5,0,10,10,42,3,10,321,160,120,5,0,0,2,20,5,2,20,5,2,22,4,11,224537,2014,224537,5.5,4.6,10.1,,,,,,,,,,,,,,,,,,,,,,,,,,,0,0,0,4,0,0,0,15,,,
13200895,N,N,N,N,N,N,N,3/20/2013,6:28 PM,,,72,1637,Y,Y,32.2907,-98.12243,2,377,,1,,,NOT REPORTED,,N,N,70,N,N,,N,,,,,,,NOT REPORTED,,0.9,M,N,360,,,11,1,0,1,4,1,12,6:37 PM,ERATH CO. DISPATCH,6:48 PM,3/20/2013,Y,,10000,1,118,1,8,7,4,1,63,33,1,2,2,21,21,72,1637,32.28983988,-98.12304555,US,377,,150.951,US0377,,80,1,1.042,360,-0.9,,,,NOT REPORTED,,,,,Y,Y,Y,2,0,Y,WED,2,0,9,2,0,3,2,140,47,36,4,0,0,2,9,5,2,2,5,0,0,1,2,4264,2014,4264,9.5,5.7,15.2,1,230,1,2,12,,,,,,,,,,,,,,,,,,,,,,0,1,0,0,0,1,0,,,,
13200946,N,N,N,N,N,N,N,3/31/2013,12:00 PM,78888A,,57,107,N,Y,,,1,635,,1,10500,,LYNDON B JOHNSON,FWY,N,N,60,N,N,,N,19,,,,10100,,ROYAL,LN,,,,,,,12,1,0,,1,1,20,12:05 PM,DISPATCHED,12:20 PM,3/31/2013,Y,TX0000006,2471,,,33,8,2,4,21,64,9,1,1,1,21,21,57,107,,,IH,635,,,IH0635,,,,,,,,,,,,,,,Y,Y,N,5,9,N,SUN,,,,,,,,,,,,,,,,,,,,,,,,,,,,,,,,,,,,,,,,,,,,,,,,,,,,,,,,0,0,0,3,0,0,0,,,,
13200957,N,N,N,N,N,Y,N,3/30/2013,12:26 PM,1300019894,,220,141,N,Y,,,3,360,,2,3000,,HWY 360,,N,N,50,N,N,EAST SERVICE ROAD,Y,19,,,1,400,E,GLADE,RD,,,,,,,11,1,0,2,1,1,5,12:44 PM,RADIO/CAD,12:46 PM,4/12/2013,Y,TX2200900,1279,,210,24,8,2,1,10,64,3,2,2,1,21,21,220,141,32.88069417,-97.07564821,SH,360,,2.697,SH0360,,2266,2,2.833,258,0.801,,,,E GLADE RD,,,,,Y,Y,N,3,7,Y,SAT,5,0,10,10,83,3,4,450,88,48,5,0,0,2,20,5,2,20,5,2,63,4,12,62405,2014,62405,3.4,2.4,5.9,,,,,,,,,,,,,,,,,,,,,,,,,,,0,0,1,3,0,1,0,282,,,
13200988,N,N,N,N,N,N,N,3/30/2013,2:53 PM,78091A,,57,107,N,Y,,,19,,,1,8500,S,LANCASTER,RD,N,N,50,N,N,PUBLIC STREET,Y,19,,,1,2500,,CHERRY VALLEY,BLVD,,,,,PUBLIC STREET,,12,1,0,2,1,1,6,3:02 PM,DISPATCHED,3:09 PM,3/31/2013,Y,TX0000006,2471,,,113,8,2,1,20,64,42,1,2,1,21,21,57,107,32.64463185,-96.78020297,SH,342,,3.014,SH0342,,48,1,18.857,276,0.088,,,,CHERRY VALLEY BLVD,,,,,Y,Y,N,2,9,Y,SAT,3,0,0,0,14,3,6,100,66,66,6,1,1,1,0,0,1,0,0,1,14,4,14,28296,2014,28296,10.6,14.6,25.3,,,,,,,,,,,,,,,,,,,,,,,,,,,0,1,0,7,0,1,0,282,,,
13201091,N,N,N,N,N,N,N,4/2/2013,4:55 PM,SAPD13069617,5180,15,379,N,Y,,,19,,,1,300,,VALLEY HI,DR,N,N,35,N,N,,N,19,,,,1400,,CEDAR HURST,,,,,,,,11,1,2,,1,1,5,4:59 PM,DISPATCHED,5:14 PM,4/2/2013,Y,TXSPD0000,2473,,19,148,8,2,3,14,64,17,1,5,1,32,21,15,379,29.38168946,-98.63830263,,,,,VALLEY HI DR,340,,,,,,,,,,,,,,Y,N,N,5,9,Y,TUE,,,,,,,,,,,,,,,,,,,,,,,,,,,,,,,,,,,,,,,,,,,,,,,,,,,,,,,,0,0,0,2,0,0,0,28,,,
13201182,N,N,N,N,N,N,N,4/1/2013,4:40 PM,,,249,1814,Y,Y,33.0191,-97.71663,15,3690,,1,,,NOT REPORTED,,N,N,40,N,N,,N,15,3971,,,,,NOT REPORTED,,,,,,,,11,1,0,,1,1,1,4:44 PM,DISPATCH,5:09 PM,4/2/2013,Y,,10000,15,118,1,8,7,4,1,32,3,1,4,2,21,21,249,1814,33.01904478,-97.71662795,,,,,COUNTY ROAD 3690,1744,,,,,,,,,,,,,,Y,N,Y,5,0,Y,MON,,,,,,,,,,,,,,,,,,,,,,,,,,,,,,,,,,,,,,,,,,,,,,,,,,,,,,,,0,0,0,1,0,0,0,282,,,
13201411,N,N,N,N,N,N,N,3/29/2013,8:55 PM,0038478513Y,,101,208,N,Y,,,19,,,1,3700,S,SANDMAN,,N,N,35,N,N,CONCRETE,Y,19,,,1,2100,,PORTSMOUTH,,,,,,,,12,4,0,,1,1,8,9:04 PM,DISPATCHED,9:05 PM,3/29/2013,Y,TXHPD0000,2469,18,121,35,8,2,1,10,64,54,1,5,1,21,21,101,208,29.73340481,-95.41146308,,,,,S SANDMAN ST,3701,,,,,,,,,PORTSMOUTH ST,,,,,Y,N,N,5,9,Y,FRI,,,,,,,,,,,,,,,,,,,,,,,,,,,,,,,,,,,,,,,,,,,,,,,,,,,,,,,,0,0,0,2,0,0,0,15,,,
13201617,N,N,N,N,N,N,N,4/3/2013,8:12 AM,SAPD13069984,7260,15,379,N,Y,,,19,,,1,100,,ERROL,,N,N,30,N,N,,Y,19,,,1,400,W,SUNSET,,,,,,,,12,1,2,,1,1,8,8:14 AM,DISPATCHED,8:17 AM,4/3/2013,N,TXSPD0000,2473,,61,123,8,2,1,31,64,54,1,5,1,21,21,15,379,29.50790495,-98.47918231,,,,,ERROL DR,100,,,,,,,,,W SUNSET RD,,,,,Y,N,N,5,9,Y,WED,,,,,,,,,,,,,,,,,,,,,,,,,,,,,,,,,,,,,,,,,,,,,,,,,,,,,,,,0,0,0,1,1,0,0,28,,,
13201641,N,N,N,N,N,N,N,4/3/2013,10:22 AM,SAPD13070052,2330,15,379,N,Y,,,19,,,1,1600,W,COMMERCE,,N,N,35,N,N,,N,19,,,,100,N,SMITH,,,,,,,,11,1,0,,1,1,1,10:25 AM,DISPATCHED,10:35 AM,4/3/2013,Y,TXSPD0000,2473,,3,122,8,2,3,24,64,13,1,5,1,32,21,15,379,29.42679066,-98.51220492,,,,,W COMMERCE ST,1605,,,,,,,,,,,,,,Y,N,N,5,9,Y,WED,,,,,,,,,,,,,,,,,,,,,,,,,,,,,,,,,,,,,,,,,,,,,,,,,,,,,,,,0,0,0,3,0,0,0,28,,,
13201729,N,Y,N,N,N,N,N,3/22/2013,12:57 PM,13-012805,,108,331,N,N,,,19,,,7,500,E,CAPOTE CENTRAL,ST,Y,N,30,N,N,LOADING DOCK,N,19,,,1,10700,S,MATADOR,DR,,,,,,,11,1,0,,1,1,17,12:57 PM,RADIO DISPATCHED,1:09 PM,3/22/2013,Y,1081100,1926,36,67,282,8,4,4,4,64,54,7,9,5,33,21,108,331,,,,,,,E CAPOTE CENTRAL ST,,,,,,,,,,,,,,,N,N,N,5,7,N,FRI,,,,,,,,,,,,,,,,,,,,,,,,,,,,,,,,,,,,,,,,,,,,,,,,,,,,,,,,0,0,0,1,0,0,0,,,,
13201816,N,N,N,N,N,N,N,4/1/2013,6:35 AM,13-022774,,126,795,N,Y,,,3,171,,1,12000,,NOT REPORTED,,N,N,60,N,N,ASPHALT,N,15,1001,,,12000,,NOT REPORTED,,,,,,ASPHALT,,11,3,0,1,6,1,11,6:40 AM,RADIO,6:44 AM,4/1/2013,Y,TX1261300,1360,,8,17,8,6,4,1,64,54,1,2,1,21,21,126,1691,32.46706451,-97.55777507,SH,171,,25.86,SH0171,10367,365,3,6.593,296,-0.389,,,,,,,,,Y,Y,Y,5,0,Y,MON,2,0,8,8,0,2,2,100,42,26,2,0,0,2,8,5,2,8,5,0,0,1,6,5652,2014,5652,2.1,14.7,16.8,1,23,0,2,0,,,,,,,,,,,,,,,,,,,,,,0,0,0,1,0,0,0,282,,,
13201836,N,N,N,N,N,N,N,3/24/2013,2:10 AM,13030388,,133,880,N,Y,30.07584,-99.24574,19,,,1,,W,CHILD,ST,N,N,30,N,N,PAVED,N,19,,,1,,W,EDDINS,ST,,,,,PAVED,,12,3,4,,1,1,8,2:10 AM,KERR COUNTY SHERIFFS,2:12 AM,3/24/2013,N,TX1330500,1512,,,,8,4,4,1,64,3,1,5,2,21,21,133,880,30.07566969,-99.2457221,,,,,CHILDS DR W,305,,,,,,,,,,,,,,Y,N,Y,5,1,Y,SUN,,,,,,,,,,,,,,,,,,,,,,,,,,,,,,,,,,,,,,,,,,,,,,,,,,,,,,,,0,0,0,1,0,0,0,,,,
13201915,N,N,N,N,N,N,N,3/19/2013,3:26 PM,13-12315,,108,331,N,N,,,19,,,1,1100,E,EVANS,RD,N,N,30,N,N,,N,19,,,1,300,N,JUNIPER,RD,,,,,,,11,1,0,,1,1,1,3:26 PM,DISPATCHED,,3/19/2013,N,1081100,1926,77,34,48,8,4,4,1,64,54,1,5,1,21,21,108,331,26.19497611,-98.17108943,,,,,E EVANS ST,1112,,,,,,,,,,,,,,N,N,N,5,7,Y,TUE,,,,,,,,,,,,,,,,,,,,,,,,,,,,,,,,,,,,,,,,,,,,,,,,,,,,,,,,0,0,0,1,0,0,0,230,,,
13201925,N,N,N,N,N,N,N,3/20/2013,6:00 PM,2013-12501,,108,331,N,Y,,,2,83,,1,1300,W,EXPRESSWAY 83,EXPY,N,N,65,N,N,,N,,,,,,,NOT REPORTED,,0.5,M,W,866,,,11,1,0,,1,1,20,6:04 PM,DISPATCH,6:06 PM,3/20/2013,Y,TX1081100,1926,,,19,8,2,4,20,64,42,1,2,1,21,21,108,331,,,US,83,,,US0083,,,,,,,,,,NOT REPORTED,,,,,Y,Y,N,5,7,N,WED,,,,,,,,,,,,,,,,,,,,,,,,,,,,,,,,,,,,,,,,,,,,,,,,,,,,,,,,0,0,0,3,0,0,0,,,,
13201954,N,N,N,N,N,N,N,3/22/2013,1:38 PM,130016293,,220,19,N,Y,,,14,303,,1,1200,E,PIONEER,PKWY,N,N,0,N,N,,N,19,,,,,,DANIEL,DR,,,,,,,12,1,0,2,1,1,20,1:38 PM,DISPATCHED,1:41 PM,3/22/2013,Y,TX2200100,59,,8,105,8,7,4,1,29,3,1,2,2,21,21,220,19,32.70806029,-97.09105681,SS,303,,8.82,SS0303,,2208,1,18.804,568,0.812,,,,,,,,,Y,Y,N,1,9,Y,FRI,3,0,0,0,14,3,6,130,96,96,5,1,1,1,0,0,1,0,0,1,14,4,14,33211,2014,33211,2.5,0.4,2.9,1,314,1,1,16,,,,,,,,,,,,,,,,,,,,,,1,0,0,0,0,1,0,282,,,
13202033,N,N,N,N,N,N,N,3/18/2013,5:00 PM,13-0217,,161,198,N,Y,,,4,1695,,1,500,N,HEWITT,DR,N,N,45,N,N,,N,19,,,1,100,,JIM,,,,,,,,12,1,0,,1,1,1,5:06 PM,DISPATCHER,5:06 PM,3/18/2013,Y,TX1550400,1446,,,35,8,2,3,16,64,14,1,3,1,32,21,161,198,,,FM,1695,,,FM1695,,,,,,,,,,,,,,,Y,Y,N,5,5,N,MON,,,,,,,,,,,,,,,,,,,,,,,,,,,,,,,,,,,,,,,,,,,,,,,,,,,,,,,,0,0,0,2,0,0,0,,,,
13202048,N,N,N,N,N,N,N,3/15/2013,3:27 PM,13-001601,13-001601,59,197,N,Y,,,19,,,1,800,,IRVING,ST,N,N,30,N,N,,Y,19,,,1,1400,,13TH,ST,,,,,,,11,1,4,,1,1,8,3:27 PM,ADVISED VIA RADIO FR,3:27 PM,3/15/2013,Y,TX0590100,1445,,,,8,2,1,19,64,38,1,5,1,21,21,59,197,34.83095415,-102.3856411,,,,,IRVING ST,798,,,,,,,,,13TH ST,,,,,Y,N,N,5,5,Y,FRI,,,,,,,,,,,,,,,,,,,,,,,,,,,,,,,,,,,,,,,,,,,,,,,,,,,,,,,,0,0,0,4,0,0,0,,,,
13202236,N,N,N,N,N,N,N,3/29/2013,2:00 PM,201302276,201302276,201,195,N,Y,,,19,,,7,1400,,MORRIS,ST,N,N,0,N,N,ON GRAVEL IN GOOD CONDITION,N,19,,,1,100,,MILLARD,RD,,,,,OF INTERSECTION MORRIS/MILLARD,,12,1,2,,1,1,1,2:05 PM,DISPATCHED,2:09 PM,3/29/2013,Y,TX2010100,1443,,,35,8,7,3,3,36,13,1,5,2,32,21,201,195,32.17819295,-94.79923038,,,,,MORRIS AVE,1400,,,,,,,,,,,,,,Y,N,N,5,5,Y,FRI,,,,,,,,,,,,,,,,,,,,,,,,,,,,,,,,,,,,,,,,,,,,,,,,,,,,,,,,0,0,0,3,0,0,0,,,,
13202312,N,N,N,N,N,N,N,3/23/2013,3:45 PM,T13-02373,,19,427,N,Y,,,2,67,,1,700,W,7TH,ST,N,N,40,N,N,,Y,19,,,1,700,,SPRUCE,ST,,,,,,,2,1,2,3,1,2,8,3:46 PM,RADIO DISPATCH,3:53 PM,3/23/2013,Y,TX0190500,2230,228,8,42,8,2,1,10,34,54,1,2,1,21,21,19,427,33.42505948,-94.04941776,US,67,,0.407,US0067,,10,13,0.402,212,0.407,,,,SPRUCE ST,,,,,Y,Y,N,3,6,Y,SAT,0,0,0,0,0,1,7,140,90,86,6,2,2,1,0,0,1,0,0,4,0,3,14,14023,2014,14023,0.7,0.5,1.3,,,,,,,,,,,,,,,,,,,,,,,,,,,0,0,1,3,0,1,0,211,,,
13202322,N,N,N,N,N,N,N,3/27/2013,5:37 PM,T13-02480,,19,427,N,Y,,,2,67,,1,4400,W,7TH,ST,N,N,0,N,N,,N,19,,,,400,S,BISHOP,ST,,,,,,,11,1,0,3,1,1,20,5:37 PM,RADIO DISPATCH,6:11 PM,3/27/2013,Y,TX0190500,2230,15,100,71,8,2,2,22,64,38,1,2,1,21,21,19,427,33.41841037,-94.09845357,US,67,,3.313,US0067,4297,10,13,3.348,216,-0.658,,,,S BISHOP ST,,,,,Y,Y,N,5,6,Y,WED,2,0,0,0,0,9,4,120,62,48,5,1,1,1,0,0,1,0,0,0,0,3,14,13441,2014,13441,6.8,9.8,16.5,,,,,,,,,,,,,,,,,,,,,,,,,,,0,0,0,3,0,0,0,211,,,
13202360,N,N,N,N,N,N,N,3/26/2013,11:45 AM,,,101,208,N,Y,29.79135,-95.56397,12,,,2,1200,W,SAM HOUSTON,PKWY,N,Y,40,N,N,,N,19,,,,10700,,WESTVIEW,RD,,,,,,,11,1,0,1,1,1,20,12:03 PM,DROVE ON SCENE,12:03 PM,4/2/2013,Y,TXDPS1400,10000,8,15,1,8,2,2,22,64,38,2,2,1,21,21,101,208,29.78946546,-95.56319961,SL,8,,20.772,SL0008,,3256,1,11.589,700,0.851,,,,WESTVIEW DR,,,,,Y,Y,N,3,9,Y,TUE,1,0,0,0,0,9,3,300,36,36,5,1,1,1,0,0,1,0,0,0,0,4,14,33754,2014,33754,1.8,1.4,3.2,,,,,,,,,,,,,,,,,,,,,,,,,,,0,0,3,0,0,3,0,15,,,
13202519,N,N,N,N,N,N,N,4/4/2013,7:45 AM,13-03456,318,61,259,N,Y,,,19,,,5,300,E,CORPORATE,DR,N,N,35,N,N,,N,1,353,,,1900,S,NOT REPORTED,,,,,,,,11,1,0,,5,1,9,7:49 AM,DISPATCHED,7:58 AM,4/4/2013,Y,Tx0610600,1659,,,35,8,2,2,22,64,42,2,1,1,21,21,61,259,33.01681421,-96.98495253,,,,,E CORPORATE DR,300,,,,,,,,,UNKNOWN,,,,,Y,N,N,5,7,Y,THU,,,,,,,,,,,,,,,,,,,,,,,,,,,,,,,,,,,,,,,,,,,,,,,,,,,,,,,,0,0,0,2,0,0,0,282,,,
13202550,N,N,N,N,Y,N,N,3/15/2013,6:00 PM,130034951,0,101,1666,Y,Y,,,19,,,7,5702,,STRONG CREEK,DR,N,N,30,N,N,,N,15,,,,,,CREEK MOUNTAIN,LN,,,,,,,11,1,0,,1,1,1,6:07 PM,DISPATCHED,6:15 PM,3/15/2013,Y,TX1010000,1419,125,4,5,8,7,4,1,34,54,1,4,2,21,21,101,1666,29.85985085,-95.65972089,,,,,STRONG CREEK DR,5702,,,,,,,,,,,,,,Y,N,Y,2,0,Y,FRI,,,,,,,,,,,,,,,,,,,,,,,,,,,,,,,,,,,,,,,,,,,,,,,,,,,,,,,,0,1,0,0,0,1,0,15,,,
13202897,N,N,N,N,N,N,N,4/2/2013,2:10 PM,0040085713C,,101,208,N,Y,,,19,,,1,7200,,FONDREN,RD,N,N,30,N,N,CONCRETE,N,19,,,,7400,,SOUTHWEST,FWY,,,,,,,2,1,0,,1,2,1,2:26 PM,DISPATCH,2:29 PM,4/2/2013,Y,TXHPD0000,2469,14,106,54,8,2,4,20,64,54,1,5,1,21,21,101,208,29.70085423,-95.51856829,,,,,FONDREN RD,,,,,,,,,,,,,,,Y,N,N,3,9,Y,TUE,,,,,,,,,,,,,,,,,,,,,,,,,,,,,,,,,,,,,,,,,,,,,,,,,,,,,,,,0,0,2,1,0,2,0,15,,,
13202919,N,N,N,N,N,N,N,4/4/2013,11:59 AM,82346A,,57,107,N,Y,,,1,635,,1,5200,,LBJ,FWY,N,N,60,Y,Y,,N,12,,,,13000,,DALLAS NORTH TOLLWAY,,,,,,,,12,1,0,,1,1,1,12:00 PM,DISPATCHER,12:05 PM,4/4/2013,Y,TX0000006,2471,,,71,8,7,4,1,56,49,1,1,2,21,21,57,107,32.92737559,-96.81989425,,,,,I 635 W,5235,,,,,,,,,,,,,,Y,N,N,3,9,Y,THU,,,,,,,,,,,,,,,,,,,,,,,,,,,,,,,,,,,,,,,,,,,,,,,,,,,,,,,,0,0,1,0,0,1,0,282,,,
13202995,N,Y,N,N,N,N,N,3/22/2013,5:18 PM,0035252613F,,101,208,N,Y,,,2,59,,1,7400,N,EASTEX,FWY,N,N,60,N,N,,N,19,,,,,E,CROSSTIMBERS,,,,,,,,11,1,0,,1,1,1,5:18 PM,DISPATCHED,5:32 PM,3/22/2013,Y,TXHPD0000,2469,18,124,113,8,2,4,21,56,54,1,2,1,21,21,101,208,,,US,59,,,US0059,,,,,,,,,,,,,,,Y,Y,N,2,9,N,FRI,,,,,,,,,,,,,,,,,,,,,,,,,,,,,,,,,,,,,,,,,,,,,,,,,,,,,,,,0,1,0,1,0,1,0,,,,
13202998,N,N,N,N,N,N,N,4/2/2013,6:40 PM,13-31652,,220,156,N,N,32.72696,-97.24992,19,,,1,1600,,AMANDA,AVE,N,N,30,N,N,,N,19,,,,4900,,KATY,ST,,,,,,,12,1,0,,1,1,1,6:46 PM,DISPATCH,7:02 PM,4/2/2013,Y,TX2201200,1318,885,9,120,8,2,4,22,64,3,1,5,1,21,21,220,156,32.72762018,-97.24987674,,,,,AMANDA AVE,1629,,,,,,,,,,,,,,N,N,N,5,9,Y,TUE,,,,,,,,,,,,,,,,,,,,,,,,,,,,,,,,,,,,,,,,,,,,,,,,,,,,,,,,0,0,0,4,0,0,0,282,,,
13203092,N,N,N,N,N,N,N,3/15/2013,8:35 PM,13-025181,,220,156,N,Y,32.75099,-97.33614,19,,,1,800,W,7TH,ST,N,N,30,N,N,,Y,19,,,1,800,,MACON,ST,,,,,,,11,4,4,,1,1,5,8:38 PM,DISPATCHED,8:46 PM,3/15/2013,Y,TX2201200,1318,885,3,120,8,2,1,34,64,54,1,5,1,21,21,220,156,32.75097428,-97.33570244,,,,,W 7TH ST,799,,,,,,,,,MACON ST,,,,,Y,N,N,5,9,Y,FRI,,,,,,,,,,,,,,,,,,,,,,,,,,,,,,,,,,,,,,,,,,,,,,,,,,,,,,,,0,0,0,2,0,0,0,282,,,
13203162,N,N,N,N,N,N,N,3/28/2013,5:41 PM,0037948013X,,101,208,N,Y,,,19,,,1,7000,,WASHINGTON,AVE,N,N,30,N,N,DRY PAVEMENT,Y,19,,,3,6000,,KATY,FWY,,,,,,,11,1,0,,1,1,20,5:41 PM,DISPATCHED,5:41 PM,3/28/2013,Y,TXHPD0000,2469,14,121,33,8,2,2,22,64,38,1,1,1,21,21,101,208,29.7780548,-95.42978307,,,,,WASHINGTON AVE,7000,,,,,,,,,KATY FWY,,,,,Y,N,N,5,9,Y,THU,,,,,,,,,,,,,,,,,,,,,,,,,,,,,,,,,,,,,,,,,,,,,,,,,,,,,,,,0,0,0,3,0,0,0,15,,,
13203169,N,N,N,N,N,N,N,4/4/2013,4:20 PM,SAPD13071004,2360,15,379,N,N,,,1,35,,2,1400,S,IH 35,,N,N,60,N,N,SOUTHBOUND ACCESS ROAD OF IH 35,N,19,,,,1600,S,LAREDO,ST,,,,,,,11,1,0,2,1,1,1,4:22 PM,DISPATCHED,4:29 PM,4/4/2013,Y,TXSPD0000,2473,,3,122,8,2,2,22,64,38,2,1,1,21,21,15,379,29.41107161,-98.50796064,IH,35,,154.31,IH0035,,17,10,21.287,155,-0.208,,,,S LAREDO ST,,,,,N,Y,N,5,9,Y,THU,5,0,2,10,6,9,8,260,157,96,5,0,0,2,23,5,2,38,5,2,3,4,11,149360,2014,149360,3.4,11.2,14.6,1,125,1,2,13,,,,,,,,,,,,,,,,,,,,,,0,0,0,4,0,0,0,28,,,
13203194,N,N,N,N,N,N,N,4/4/2013,6:40 PM,SAPD13071161,3140,15,379,N,N,,,2,281,,7,13700,,US 281 N,HWY,Y,N,5,N,N,PARKING LOT,N,19,,,,800,,BITTERS,RD,,,,,,,11,1,0,,1,1,1,7:09 PM,DISPATCHED,7:18 PM,4/4/2013,N,TXSPD0000,2473,,29,131,8,4,4,4,64,12,7,9,5,33,21,15,379,,,US,281,,,US0281,,,,,,,,,,,,,,,N,Y,N,5,9,N,THU,,,,,,,,,,,,,,,,,,,,,,,,,,,,,,,,,,,,,,,,,,,,,,,,,,,,,,,,0,0,0,1,3,0,0,,,,
13203249,N,N,N,N,N,Y,N,4/4/2013,3:37 AM,SAPD13070621,2280,15,379,N,Y,,,19,,,1,900,N,FLORES,,N,N,35,N,N,,N,19,,,,200,W,ELMIRA,ST,,,,,,,12,4,0,,4,1,1,3:37 AM,DISPATCHED,3:45 AM,12/29/2015,Y,TXSPD0000,2473,,3,122,8,7,4,1,30,3,1,5,2,21,21,15,379,29.43418222,-98.49913907,,,,,N FLORES ST,908,,,,,,,,,,,,,,Y,N,N,2,9,Y,THU,,,,,,,,,,,,,,,,,,,,,,,,,,,,,,,,,,,,,,,,,,,,,,,,,,,,,,,,0,2,0,0,0,2,0,28,,,