Crash_ID,Crash_Fatal_Fl,Cmv_Involv_Fl,Schl_Bus_Fl,Rr_Relat_Fl,Medical_Advisory_Fl,Amend_Supp_Fl,Active_School_Zone_Fl,Crash_Date,Crash_Time,Case_ID,Local_Use,Rpt_CRIS_Cnty_ID,Rpt_City_ID,Rpt_Outside_City_Limit_Fl,Thousand_Damage_Fl,Rpt_Latitude,Rpt_Longitude,Rpt_Rdwy_Sys_ID,Rpt_Hwy_Num,Rpt_Hwy_Sfx,Rpt_Road_Part_ID,Rpt_Block_Num,Rpt_Street_Pfx,Rpt_Street_Name,Rpt_Street_Sfx,Private_Dr_Fl,Toll_Road_Fl,Crash_Speed_Limit,Road_Constr_Zone_Fl,Road_Constr_Zone_Wrkr_Fl,Rpt_Street_Desc,At_Intrsct_Fl,Rpt_Sec_Rdwy_Sys_ID,Rpt_Sec_Hwy_Num,Rpt_Sec_Hwy_Sfx,Rpt_Sec_Road_Part_ID,Rpt_Sec_Block_Num,Rpt_Sec_Street_Pfx,Rpt_Sec_Street_Name,Rpt_Sec_Street_Sfx,Rpt_Ref_Mark_Offset_Amt,Rpt_Ref_Mark_Dist_Uom,Rpt_Ref_Mark_Dir,Rpt_Ref_Mark_Nbr,Rpt_Sec_Street_Desc,Rpt_CrossingNumber,Wthr_Cond_ID,Light_Cond_ID,Entr_Road_ID,Road_Type_ID,Road_Algn_ID,Surf_Cond_ID,Traffic_Cntl_ID,Investigat_Notify_Time,Investigat_Notify_Meth,Investigat_Arrv_Time,Report_Date,Investigat_Comp_Fl,ORI_Number,Investigat_Agency_ID,Investigat_Area_ID,Investigat_District_ID,Investigat_Region_ID,Bridge_Detail_ID,Harm_Evnt_ID,Intrsct_Relat_ID,FHE_Collsn_ID,Obj_Struck_ID,Othr_Factr_ID,Road_Part_Adj_ID,Road_Cls_ID,Road_Relat_ID,Phys_Featr_1_ID,Phys_Featr_2_ID,Cnty_ID,City_ID,Latitude,Longitude,Hwy_Sys,Hwy_Nbr,Hwy_Sfx,Dfo,Street_Name,Street_Nbr,Control,Section,Milepoint,Ref_Mark_Nbr,Ref_Mark_Displ,Hwy_Sys_2,Hwy_Nbr_2,Hwy_Sfx_2,Street_Name_2,Street_Nbr_2,Control_2,Section_2,Milepoint_2,Txdot_Rptable_Fl,Onsys_Fl,Rural_Fl,Crash_Sev_ID,Pop_Group_ID,Located_Fl,Day_of_Week,Hwy_Dsgn_Lane_ID,Hwy_Dsgn_Hrt_ID,Hp_Shldr_Left,Hp_Shldr_Right,Hp_Median_Width,Base_Type_ID,Nbr_Of_Lane,Row_Width_Usual,Roadbed_Width,Surf_Width,Surf_Type_ID,Curb_Type_Left_ID,Curb_Type_Right_ID,Shldr_Type_Left_ID,Shldr_Width_Left,Shldr_Use_Left_ID,Shldr_Type_Right_ID,Shldr_Width_Right,Shldr_Use_Right_ID,Median_Type_ID,Median_Width,Rural_Urban_Type_ID,Func_Sys_ID,Adt_Curnt_Amt,Adt_Curnt_Year,Adt_Adj_Curnt_Amt,Pct_Single_Trk_Adt,Pct_Combo_Trk_Adt,Trk_Aadt_Pct,Curve_Type_ID,Curve_Lngth,Cd_Degr,Delta_Left_Right_ID,Dd_Degr,Feature_Crossed,Structure_Number,I_R_Min_Vert_Clear,Approach_Width,Bridge_Median_ID,Bridge_Loading_Type_ID,Bridge_Loading_In_1000_Lbs,Bridge_Srvc_Type_On_ID,Bridge_Srvc_Type_Under_ID,Culvert_Type_ID,Roadway_Width,Deck_Width,Bridge_Dir_Of_Traffic_ID,Bridge_Rte_Struct_Func_ID,Bridge_IR_Struct_Func_ID,CrossingNumber,RRCo,Poscrossing_ID,WDCode_ID,Standstop,Yield,Incap_Injry_Cnt,Nonincap_Injry_Cnt,Poss_Injry_Cnt,Non_Injry_Cnt,Unkn_Injry_Cnt,Tot_Injry_Cnt,Death_Cnt,MPO_ID,Investigat_Service_ID,Investigat_DA_ID,Investigator_Narrative
13203288,N,Y,N,N,N,N,N,4/4/2013,2:48 PM,13-08292,,227,1792,Y,Y,30.28576,-97.57714,12,130,,1,7800,N,NOT REPORTED,,N,Y,80,N,N,,N,19,,,,15300,,HOG EYE,RD,,,,,,,11,1,0,2,1,1,20,2:48 PM,DISPATCHED,2:53 PM,4/4/2013,Y,TX2270000,2292,,9,118,8,4,4,1,64,54,1,2,3,21,21,227,1792,30.28575727,-97.57744342,SH,130,,30.16,SH0130,,440,6,38.265,442,-0.206,,,,,,,,,Y,Y,Y,2,0,Y,THU,5,3,6,10,147,3,4,650,80,48,5,0,0,2,12,5,2,20,5,3,135,4,12,22216,2014,22216,11.4,5.9,17.3,,,,,,,,,,,,,,,,,,,,,,,,,,,0,3,0,1,0,3,0,90,,,
13203303,N,N,N,N,N,N,N,4/3/2013,8:35 PM,81941A,,43,107,N,Y,,,19,,,1,18000,,DAVENPORT,,N,N,35,N,N,,N,19,,,,,,FRANKFORD,RD,,,,,,,12,4,0,,1,1,5,8:42 PM,DISPATCHED,8:52 PM,4/5/2013,Y,TX0000006,2471,,,59,8,7,2,1,33,54,1,5,2,21,21,43,107,32.99779681,-96.79362323,,,,,DAVENPORT RD,18096,,,,,,,,,FRANKFORD RD,,,,,Y,N,N,5,9,Y,WED,,,,,,,,,,,,,,,,,,,,,,,,,,,,,,,,,,,,,,,,,,,,,,,,,,,,,,,,0,0,0,1,0,0,0,282,,,
13203700,N,N,N,N,N,N,N,3/31/2013,8:02 PM,130901489,LTS,227,22,N,N,,,19,,,1,1600,,NASH HERNANDEZ,RD,N,N,15,N,N,,N,19,,,,,,COMAL,ST,,,,,,,11,1,0,,1,1,1,8:02 PM,CALL,8:17 PM,3/31/2013,Y,TX2270100,74,36,67,282,8,2,4,30,64,54,1,5,1,21,21,227,22,,,,,,,NASH HERNANDEZ RD,,,,,,,,,,,,,,,Y,N,N,2,9,N,SUN,,,,,,,,,,,,,,,,,,,,,,,,,,,,,,,,,,,,,,,,,,,,,,,,,,,,,,,,0,1,0,1,0,1,0,,,,
13203846,N,N,N,N,N,N,N,4/2/2013,7:15 AM,80376A,F.L.I.D. 80377A,57,107,N,Y,,,2,75,,2,5800,N,CENTRAL,EXPY,N,N,35,N,N,,N,19,,,,5300,E,MOCKINGBIRD,LN,,,,,,,12,1,0,2,1,1,20,7:41 AM,DISPATCHED,7:50 AM,4/2/2013,N,TX0000006,2471,,,71,8,2,4,21,64,9,2,2,1,21,21,57,107,32.83741894,-96.77806174,US,75,,72.18,US0075,,47,7,11.408,268,-0.318,,,,,,,,,Y,Y,N,5,9,Y,TUE,5,0,10,10,24,3,8,300,136,96,5,0,0,2,20,5,2,20,5,2,4,4,12,265987,2014,265987,2.8,5.4,8.3,,,,,,,,,,,,,,,,,,,,,,,,,,,0,0,0,1,1,0,0,282,,,
13203910,N,N,N,N,N,N,N,3/27/2013,1:45 PM,,13-043208,57,107,N,Y,,,1,35,,5,11600,,STEMMONS,FWY,N,N,60,N,N,SB,N,1,635,,1,,,LYNDON B JOHNSON,FWY,,,,,,,11,1,0,2,5,1,11,2:20 PM,RADIO DISPATCHED,2:36 PM,3/27/2013,N,TX0570000,1169,,53,22,8,2,4,21,64,54,5,1,1,21,21,57,107,32.907361,-96.8977139,IH,35,E,69.11,IH0035E,,196,3,28.125,440,0.181,,,,,,,,,Y,Y,N,5,9,Y,WED,5,1,4,10,18,3,6,300,112,72,6,1,1,2,14,5,2,20,5,2,4,4,11,188761,2014,188761,3.2,6.1,9.3,,,,,,,,,,,,,,,,,,,,,,,,,,,0,0,0,1,1,0,0,282,,,
13203911,N,Y,N,N,N,N,N,3/26/2013,6:25 AM,,13-042281,57,107,N,Y,,,1,20,,1,700,,LYNDON B JOHNSON,HWY,N,N,60,N,N,,N,19,,,1,4000,,HOUSTON SCHOOL,RD,,,,,,,11,6,0,,1,1,11,6:30 AM,RADIO DISPATCHED,6:33 AM,3/27/2013,Y,TX0570000,1169,,64,22,8,2,4,20,64,31,1,1,1,21,21,57,107,,,IH,20,,,IH0020,,,,,,,,,,,,,,,Y,Y,N,5,9,N,TUE,,,,,,,,,,,,,,,,,,,,,,,,,,,,,,,,,,,,,,,,,,,,,,,,,,,,,,,,0,0,0,2,0,0,0,,,,
13204010,N,Y,N,N,N,N,N,3/28/2013,3:19 PM,2013A000768,29A,57,166,N,Y,32.85801999,-96.65174999,1,635,,1,13500,,LBJ GARLAND,,N,N,60,N,N,"DRY, FLAT",N,1,635,,4,13600,,LBJ,,,,,,"DRY, FLAT",,11,1,0,2,1,1,1,3:19 PM,DISPATCH,3:33 PM,3/28/2013,Y,TX0571100,1344,,,89,8,2,4,20,64,36,1,1,1,21,21,57,166,32.85795403,-96.6517915,IH,635,,11.696,IH0635,,2374,2,11.664,11,-0.077,,,,,,,,,Y,Y,N,5,8,Y,THU,5,1,10,12,28,2,8,320,140,96,5,0,0,2,20,5,2,24,5,2,8,4,11,190349,2014,190349,5.2,8.7,14,,,,,,,,,,,,,,,,,,,,,,,,,,,0,0,0,5,0,0,0,282,,,
13204032,N,N,N,N,N,N,N,3/25/2013,3:10 PM,130039607,0,101,1666,Y,Y,,,19,,,1,2900,,WATER POINT TL,,N,N,30,N,N,LOCAL ROADWAY,N,15,,,,20910,,WATER POINT RL,,,,,,LOCAL ROADWAY,,11,1,0,,1,1,1,3:17 PM,DISPATCHED,3:27 PM,3/25/2013,Y,TX1010000,1419,151,4,5,8,7,4,1,61,3,1,4,2,21,21,101,1666,,,,,,,WATER POINT TL,,,,,,,,,,,,,,,Y,N,Y,5,0,N,MON,,,,,,,,,,,,,,,,,,,,,,,,,,,,,,,,,,,,,,,,,,,,,,,,,,,,,,,,0,0,0,1,0,0,0,,,,
13204070,N,N,N,N,N,N,N,3/29/2013,4:08 PM,130041720,0,101,1666,Y,Y,,,19,,,7,13400,,SKINNER,RD,Y,N,0,N,N,,N,15,,,,,,BARKER CYPRESS,RD,,,,,,,12,1,2,,1,1,17,4:08 PM,DISPATCHED,4:08 PM,3/29/2013,Y,TX1010000,1419,110,4,5,8,4,4,4,64,54,7,9,5,33,21,101,1666,,,,,,,SKINNER RD,,,,,,,,,,,,,,,N,N,Y,5,0,N,FRI,,,,,,,,,,,,,,,,,,,,,,,,,,,,,,,,,,,,,,,,,,,,,,,,,,,,,,,,0,0,0,1,0,0,0,,,,
13204283,N,N,N,N,N,N,N,3/24/2013,2:31 AM,13-6708,,68,315,N,Y,,,19,,,1,3000,E,LOOP 338,LOOP,N,N,55,N,N,3000BLK E. LOOP 338,N,19,,,1,5000,E,UNIVERSITY,BLVD,200,F,N,NCL,,,11,4,2,2,1,1,20,2:31 AM,DISPATCHED,3:01 AM,3/24/2013,N,TX0680200,1873,,,,8,2,4,20,64,54,1,2,1,21,21,68,315,31.88394929,-102.3136679,SL,338,,23.503,SL0338,,2224,1,29.325,278,0.512,,,,,,,,,Y,Y,N,5,8,Y,SUN,3,0,0,10,16,2,4,150,72,52,4,1,0,1,0,0,2,20,5,1,16,3,14,19516,2014,19516,10.8,2.4,13.2,,,,,,,,,,,,,,,,,,,,,,,,,,,0,0,0,1,1,0,0,174,,,
13204382,N,N,N,N,N,N,N,3/18/2013,4:59 PM,C1301976,,178,97,N,Y,,,19,,,1,5900,,EVERHART,RD,N,N,35,N,N,,N,19,,,1,4800,,WOOLDRIDGE,RD,,,,,,,11,1,0,,1,1,5,5:04 PM,DISPATCHED,5:09 PM,3/18/2013,Y,TX1780200,1115,,,19,8,2,2,21,64,9,1,5,1,21,21,178,97,27.70073345,-97.39303307,,,,,EVERHART RD,5995,,,,,,,,,WOOLDRIDGE RD,,,,,Y,N,N,5,9,Y,MON,,,,,,,,,,,,,,,,,,,,,,,,,,,,,,,,,,,,,,,,,,,,,,,,,,,,,,,,0,0,0,6,0,0,0,96,,,
13204606,N,N,N,N,N,N,N,3/24/2013,7:25 AM,2013-0000765,,226,378,N,Y,,,19,,,1,900,N,N MAIN,ST,N,N,30,N,N,,N,19,,,1,400,E,E 8TH,ST,0.1,M,N,CURB,,,11,2,0,,1,1,1,7:29 AM,DISPATCHED,7:32 AM,3/24/2013,Y,TX2260100,2067,,,,8,2,4,34,64,54,1,5,1,21,21,226,378,,,,,,,N N MAIN ST,,,,,,,,,,,,,,,Y,N,N,5,7,N,SUN,,,,,,,,,,,,,,,,,,,,,,,,,,,,,,,,,,,,,,,,,,,,,,,,,,,,,,,,0,0,0,2,0,0,0,,,,
13204651,N,N,N,N,N,N,N,3/21/2013,12:40 PM,130037680,0,101,1666,Y,Y,,,2,59,,7,10600,,EASTEX,FWY,Y,N,0,N,N,PARKING LOT,N,19,,,,,,LITTLE YORK,,,,,,,,11,1,0,,1,1,1,12:51 PM,DISPATCHED,12:58 PM,3/21/2013,N,TX1010000,1419,117,4,5,8,4,4,4,64,12,7,9,5,33,21,101,1666,,,US,59,,,US0059,,,,,,,,,,,,,,,N,Y,Y,5,0,N,THU,,,,,,,,,,,,,,,,,,,,,,,,,,,,,,,,,,,,,,,,,,,,,,,,,,,,,,,,0,0,0,2,0,0,0,,,,
13204995,N,N,N,N,N,N,N,3/31/2013,8:02 PM,13034375,,31,53,N,Y,,,3,48,,1,6900,,PADRE ISLAND,HWY,N,N,55,N,N,,Y,19,,,1,1900,,LESTER,DR,,,,,,,11,4,2,3,1,1,8,8:06 PM,DISPATCHED,8:11 PM,3/31/2013,Y,TX0310100,172,,125,17,8,2,1,14,64,54,1,2,1,21,21,31,53,25.93870874,-97.43598864,SH,48,,5.205,SH0048,6926,220,5,5.228,564,-0.832,,,,LESTER DR,,,,,Y,Y,N,5,8,Y,SUN,2,0,8,8,0,2,4,100,76,60,4,0,0,2,8,5,2,8,5,0,0,4,14,17701,2014,17701,2.5,0.4,2.9,,,,,,,,,,,,,,,,,,,,,,,,,,,0,0,0,5,0,0,0,248,,,
13205167,N,N,N,N,N,N,N,4/4/2013,4:48 PM,,,152,1717,Y,Y,33.69386,-101.82069,4,1294,,1,,,NOT REPORTED,,N,N,70,N,N,,N,1,27,,,,,NOT REPORTED,,,,,,,,11,1,0,1,1,1,11,4:49 PM,LUBBOCK DISPACTCH,4:57 PM,4/4/2013,Y,,10000,17,17,1,8,2,3,24,64,13,1,3,1,32,21,152,1717,33.69394592,-101.8146072,FM,1294,,32.458,FM1294,1989,1866,1,20.851,300,-0.117,,,,,,,,,Y,Y,Y,5,0,Y,THU,2,0,0,0,0,2,2,100,24,24,2,0,0,1,0,0,1,0,0,0,0,1,7,1056,2014,1056,1.8,7,8.9,,,,,,,,,,,,,,,,,,,,,,,,,,,0,0,0,2,0,0,0,,,,
13205192,N,N,N,N,N,N,N,3/26/2013,3:55 PM,13-29039,,220,156,N,N,32.80362,-97.36428,19,,,1,3200,,ANGLE,AVE,N,N,40,N,N,,N,19,,,,3200,,COLUMBUS,AVE,,,,,,,11,1,98,,4,1,1,4:36 PM,DISPATCHED,4:42 PM,3/26/2013,Y,TX2201200,1318,885,29,120,8,2,4,21,64,9,1,5,1,21,21,220,156,32.80365026,-97.36432282,,,,,ANGLE AVE,3251,,,,,,,,,,,,,,N,N,N,5,9,Y,TUE,,,,,,,,,,,,,,,,,,,,,,,,,,,,,,,,,,,,,,,,,,,,,,,,,,,,,,,,0,0,0,6,0,0,0,282,,,
13205208,N,N,N,N,N,N,N,3/19/2013,3:07 PM,2013-14333,,108,132,N,Y,,,2,281,,2,2200,N,25 TH,LN,N,N,55,N,N,FRONTAGE,N,19,,,,1000,E,MILE 17 12,RD,,,,,,,11,1,2,3,1,1,20,3:07 PM,ON SITE,3:07 PM,3/20/2013,Y,TX1080400,1248,,,35,8,7,2,2,30,54,2,2,2,21,21,108,132,26.32279987,-98.15862203,BU,281,W,1.698,BU0281W,2202,255,11,2.722,716,-0.271,,,,E MILE 17 12 RD,,,,,Y,Y,N,2,7,Y,TUE,2,0,9,9,0,2,4,100,82,64,4,0,0,2,9,5,2,9,5,0,0,4,14,11216,2014,11216,2.3,2,4.3,,,,,,,,,,,,,,,,,,,,,,,,,,,0,1,1,0,0,2,0,230,,,
13205282,N,N,N,N,N,Y,N,4/4/2013,1:20 PM,130937PD,161,79,409,N,Y,,,2,59,,2,12100,,SOUTHWEST,FWY,N,N,45,N,N,SOUTHBOUND FEEDER ROAD,Y,19,,,1,11300,W,AIRPORT,BLVD,,,,,,,12,1,4,,1,1,5,1:26 PM,DISPATCH,1:29 PM,4/10/2013,Y,TX0790400,2173,,,35,8,2,1,10,29,3,2,2,1,21,21,79,409,29.64363483,-95.57585304,,,,,SOUTHWEST FWY,,,,,,,,,,W AIRPORT BLVD,,,,,Y,N,N,2,5,Y,THU,,,,,,,,,,,,,,,,,,,,,,,,,,,,,,,,,,,,,,,,,,,,,,,,,,,,,,,,0,1,2,1,0,3,0,15,,,
13205421,N,Y,N,N,N,N,N,3/31/2013,5:04 AM,,,195,1760,Y,Y,31.27309,-103.37647,2,285,,1,,,NOT REPORTED,,N,N,75,N,N,,N,,,,,,,NOT REPORTED,,0.34,M,S,382,,,11,3,0,1,1,1,20,5:09 AM,DISPATCHED,5:57 AM,3/31/2013,Y,,10000,3,32,1,8,2,3,20,64,46,1,2,1,32,21,195,1760,31.2716095,-103.3748133,US,285,,65.241,US0285,,139,6,65.297,382,0.34,,,,NOT REPORTED,,,,,Y,Y,Y,5,0,Y,SUN,2,0,8,8,0,1,2,120,40,24,2,0,0,2,8,5,2,8,5,0,0,1,2,4131,2014,4131,4.1,34.8,38.9,,,,,,,,,,,,,,,,,,,,,,,,,,,0,0,0,2,0,0,0,,,,
13205440,N,N,N,N,N,N,N,4/3/2013,2:47 PM,,,79,1644,Y,Y,29.51965,-95.55445,15,,,1,,,SIENNA RANCH,RD,N,N,45,N,N,,Y,15,,,1,,,OLD POINTE,,,,,,,,11,1,0,,1,1,11,2:55 PM,DISPATCHED,3:20 PM,4/4/2013,Y,,10000,16,52,1,8,2,1,34,64,54,1,4,1,21,21,79,1644,29.51965152,-95.55452121,,,,,SIENNA RANCH RD,,,,,,,,,,UNKNOWN,,,,,Y,N,Y,5,0,Y,WED,,,,,,,,,,,,,,,,,,,,,,,,,,,,,,,,,,,,,,,,,,,,,,,,,,,,,,,,0,0,0,2,0,0,0,15,,,
13205519,N,N,N,N,N,N,N,3/29/2013,6:20 AM,,,184,1749,Y,Y,32.64757,-97.79712,4,1708,,1,,,NOT REPORTED,,N,N,55,N,N,,N,15,,,,,,TIN TOP,RD,,,,,,,11,3,2,1,1,2,11,7:11 AM,DPS MINERAL WELLS,8:09 AM,3/30/2013,Y,TXDOT1900,10000,12,118,1,8,7,2,2,33,1,1,3,2,21,21,184,1749,32.64745865,-97.79722532,FM,1708,,0.037,FM1708,,1602,1,0.037,528,-0.005,,,,TIN TOP RD,,,,,Y,Y,Y,5,0,Y,FRI,2,0,4,4,0,2,2,80,26,18,2,0,0,3,4,5,3,4,5,0,0,1,8,2497,2014,2497,10.1,2.5,12.6,,,,,,,,,,,,,,,,,,,,,,,,,,,0,0,0,1,0,0,0,282,,,
13205626,N,N,N,N,N,N,N,4/4/2013,6:25 PM,82641A,3109,57,107,N,Y,,,19,,,1,4300,,WYCLIFFE,AVE,N,Y,35,N,N,,Y,19,,,1,4200,,OAK LAWN,AVE,,,,,,,11,1,4,,1,1,5,6:29 PM,DISPATCHED,6:41 PM,4/4/2013,Y,TX0000006,2471,,,71,8,2,1,10,64,54,1,5,1,21,21,57,200,32.81968425,-96.80237257,,,,,WYCLIFF AVE,4300,,,,,,,,,OAK LAWN AVE,,,,,Y,N,N,5,4,Y,THU,,,,,,,,,,,,,,,,,,,,,,,,,,,,,,,,,,,,,,,,,,,,,,,,,,,,,,,,0,0,0,2,0,0,0,282,,,
13205724,N,N,N,N,N,N,N,4/5/2013,1:00 PM,0041366213P,,101,208,N,Y,,,19,,,1,9000,,ALMEDA GENOA,RD,N,N,40,N,N,CONCRETE,Y,19,,,1,9600,,RADIO,RD,,,,,,,11,1,0,,1,1,1,1:01 PM,HPD DISPATCH,1:13 PM,4/5/2013,Y,TXHPD0000,2469,16,104,17,8,2,1,10,64,54,1,5,1,21,21,101,208,29.62690483,-95.25595312,,,,,ALMEDA GENOA RD,,,,,,,,,,RADIO RD,,,,,Y,N,N,5,9,Y,FRI,,,,,,,,,,,,,,,,,,,,,,,,,,,,,,,,,,,,,,,,,,,,,,,,,,,,,,,,0,0,0,3,0,0,0,15,,,
13205806,N,N,N,N,N,N,N,4/5/2013,12:00 PM,0041346813D,,101,208,N,Y,,,19,,,1,832,,YALE,,N,N,35,N,N,CONCRETE,N,19,,,,200,W,9TH,ST,,,,,,,11,1,0,,1,1,1,12:19 PM,HPD DISPATCH,12:26 PM,4/5/2013,Y,TXHPD0000,2469,18,121,33,8,7,4,1,61,54,1,5,2,21,21,101,208,29.7864166,-95.39887414,,,,,YALE ST,869,,,,,,,,,,,,,,Y,N,N,5,9,Y,FRI,,,,,,,,,,,,,,,,,,,,,,,,,,,,,,,,,,,,,,,,,,,,,,,,,,,,,,,,0,0,0,2,0,0,0,15,,,
13206178,N,Y,N,N,N,N,N,4/2/2013,10:19 AM,0040001713U,,101,208,N,Y,,,19,,,1,500,,ELGIN,ST,N,N,35,N,N,CONCRETE,N,19,,,,,,BRAZOS,ST,,,,,,,12,1,0,,1,1,20,10:24 AM,DISPATCHED,10:28 AM,4/7/2013,Y,TXHPD0000,2469,24,121,35,8,7,4,1,27,54,1,5,1,21,21,101,208,29.74420495,-95.38129888,,,,,ELGIN ST,508,,,,,,,,,,,,,,Y,N,N,5,9,Y,TUE,,,,,,,,,,,,,,,,,,,,,,,,,,,,,,,,,,,,,,,,,,,,,,,,,,,,,,,,0,0,0,1,0,0,0,15,,,
13206280,N,N,N,N,N,N,N,4/5/2013,9:15 PM,0041589113I,,101,208,N,Y,,,1,10,,1,3600,W,KATY,FWY,N,N,60,N,N,CONCRETE,N,19,,,,,,HEIGHT,,,,,,,,11,4,0,,1,1,20,9:21 PM,DISPATCHER,9:29 PM,4/6/2013,Y,TXHPD0000,2469,18,121,33,8,8,4,1,98,3,1,1,1,21,21,101,208,,,IH,10,,,IH0010,,,,,,,,,,,,,,,Y,Y,N,5,9,N,FRI,,,,,,,,,,,,,,,,,,,,,,,,,,,,,,,,,,,,,,,,,,,,,,,,,,,,,,,,0,0,0,2,0,0,0,,,,
13206281,N,N,N,N,N,N,N,4/5/2013,4:15 PM,0041448613H,,101,208,N,Y,,,1,10,,2,8100,E,EAST SER N,FWY,N,N,45,N,N,CONCRETE,N,19,,,,600,,PEARL,ST,,,,,,,11,1,0,,1,1,20,4:29 PM,DISPATCHER,4:44 PM,4/6/2013,Y,TXHPD0000,2469,24,124,71,8,2,1,14,64,9,2,1,1,21,21,101,208,,,IH,10,,,IH0010,,,,,,,,,,PEARL ST,,,,,Y,Y,N,2,9,N,FRI,,,,,,,,,,,,,,,,,,,,,,,,,,,,,,,,,,,,,,,,,,,,,,,,,,,,,,,,0,1,0,4,0,1,0,,,,
13206297,N,N,N,N,N,N,N,4/6/2013,7:31 PM,0041996413Z,,101,208,N,Y,,,19,,,1,2700,,HILLCROFT,,N,N,35,N,N,,N,19,,,,6400,,WESTHEIMER,RD,,,,,,,11,5,0,,1,1,20,8:01 PM,DISPATCHED,8:05 PM,4/6/2013,Y,TXHPD0000,2469,18,106,54,8,2,4,30,64,3,1,5,1,14,21,101,208,29.73704673,-95.50101257,,,,,HILLCROFT ST,,,,,,,,,,,,,,,Y,N,N,5,9,Y,SAT,,,,,,,,,,,,,,,,,,,,,,,,,,,,,,,,,,,,,,,,,,,,,,,,,,,,,,,,0,0,0,4,0,0,0,15,,,
13206327,N,N,N,N,N,N,N,4/5/2013,1:28 PM,13003459,,61,114,N,Y,,,19,,,1,100,E,PRAIRIE,ST,N,N,30,N,N,,Y,19,,,1,500,S,LOCUST,ST,,,,,,,11,1,4,,1,1,1,1:36 PM,DISPATCHED,1:41 PM,4/5/2013,Y,TX0610200,1196,,,411,8,2,1,10,64,54,1,2,1,21,21,61,114,33.21066419,-97.13248246,,,,,W PRAIRIE ST,100,,,,,,,,,S LOCUST ST,,,,,Y,N,N,5,8,Y,FRI,,,,,,,,,,,,,,,,,,,,,,,,,,,,,,,,,,,,,,,,,,,,,,,,,,,,,,,,0,0,0,3,0,0,0,282,,,
13206337,N,N,N,N,N,N,N,4/4/2013,8:20 PM,13003438,,61,114,N,Y,,,4,2181,,1,3200,,TEASLEY,LN,N,N,50,N,N,,Y,19,,,1,1900,,WIND RIVER,LN,,,,,,,11,5,0,,1,1,5,8:26 PM,DISPATCHED,8:28 PM,4/4/2013,Y,TX0610200,1196,,,411,8,2,1,34,64,54,1,3,1,21,21,61,114,,,FM,2181,,,FM2181,,,,,,,,,,WIND RIVER LN,,,,,Y,Y,N,5,8,N,THU,,,,,,,,,,,,,,,,,,,,,,,,,,,,,,,,,,,,,,,,,,,,,,,,,,,,,,,,0,0,0,2,0,0,0,,,,
13206340,N,N,N,N,N,N,N,4/5/2013,4:10 PM,SAPD13071797,6240,15,379,N,Y,,,19,,,1,200,E,GERALD,,N,N,35,N,N,,N,19,,,,1600,,PLEASANTON,RD,,,,,,,11,1,0,,1,1,1,4:13 PM,DISPATCHED,4:20 PM,4/5/2013,Y,TXSPD0000,2473,,11,175,8,2,4,22,64,36,1,5,1,21,21,15,379,29.36577184,-98.50560462,,,,,W GERALD AVE,188,,,,,,,,,,,,,,Y,N,N,3,9,Y,FRI,,,,,,,,,,,,,,,,,,,,,,,,,,,,,,,,,,,,,,,,,,,,,,,,,,,,,,,,0,0,1,3,0,1,0,28,,,
13206465,N,N,N,N,N,N,N,4/6/2013,10:07 PM,SAPD13072796,,15,379,N,Y,,,1,10,,4,12800,W,IH 10,HWY,N,N,65,N,N,HIGHWAY,N,19,,,,5300,,DEZAVALA,RD,,,,,LOCAL ROAD,,11,4,0,,1,1,11,10:07 PM,SITE,10:07 PM,4/6/2013,Y,TXSPD0000,2473,,7,147,8,2,4,22,64,42,4,1,1,21,21,15,379,,,IH,10,,,IH0010,,,,,,,,,,,,,,,Y,Y,N,3,9,N,SAT,,,,,,,,,,,,,,,,,,,,,,,,,,,,,,,,,,,,,,,,,,,,,,,,,,,,,,,,0,0,4,0,0,4,0,,,,
13206585,N,Y,N,N,N,N,N,3/23/2013,2:59 PM,13-0178,,114,39,N,N,,,7,20,,1,100,E,3RD,ST,N,N,30,N,N,,N,19,,,,300,S,RUNNELS,ST,,,,,,,11,1,0,3,1,1,20,2:59 PM,RADIO,3:01 PM,3/23/2013,Y,TX1140100,123,,,35,8,2,4,21,64,9,1,2,1,21,21,114,39,32.25232268,-101.4755283,BI,20,G,3.6,BI0020G,351,5,10,13.684,310,1.018,,,,,,,,,N,Y,N,5,6,Y,SAT,0,0,8,8,16,2,6,160,100,68,4,1,1,2,16,5,2,16,2,4,0,2,14,8900,2014,8900,3,42.1,45.1,,,,,,,,,,,,,,,,,,,,,,,,,,,0,0,0,2,0,0,0,,,,
13206632,N,N,N,N,N,N,N,3/29/2013,2:00 PM,13-0195,,114,39,N,Y,,,19,,,1,1500,S,SCURRY,ST,N,N,30,N,N,,Y,19,,,1,200,W,15TH,ST,,,,,,,11,1,4,,1,1,8,2:00 PM,RADIO,2:12 PM,3/29/2013,Y,TX1140100,123,,,27,8,2,1,10,64,54,1,5,1,21,21,114,39,32.24039455,-101.4724215,,,,,SCURRY ST,1499,,,,,,,,,UNKNOWN,,,,,Y,N,N,5,6,Y,FRI,,,,,,,,,,,,,,,,,,,,,,,,,,,,,,,,,,,,,,,,,,,,,,,,,,,,,,,,0,0,0,2,0,0,0,,,,