Crash_ID,Crash_Fatal_Fl,Cmv_Involv_Fl,Schl_Bus_Fl,Rr_Relat_Fl,Medical_Advisory_Fl,Amend_Supp_Fl,Active_School_Zone_Fl,Crash_Date,Crash_Time,Case_ID,Local_Use,Rpt_CRIS_Cnty_ID,Rpt_City_ID,Rpt_Outside_City_Limit_Fl,Thousand_Damage_Fl,Rpt_Latitude,Rpt_Longitude,Rpt_Rdwy_Sys_ID,Rpt_Hwy_Num,Rpt_Hwy_Sfx,Rpt_Road_Part_ID,Rpt_Block_Num,Rpt_Street_Pfx,Rpt_Street_Name,Rpt_Street_Sfx,Private_Dr_Fl,Toll_Road_Fl,Crash_Speed_Limit,Road_Constr_Zone_Fl,Road_Constr_Zone_Wrkr_Fl,Rpt_Street_Desc,At_Intrsct_Fl,Rpt_Sec_Rdwy_Sys_ID,Rpt_Sec_Hwy_Num,Rpt_Sec_Hwy_Sfx,Rpt_Sec_Road_Part_ID,Rpt_Sec_Block_Num,Rpt_Sec_Street_Pfx,Rpt_Sec_Street_Name,Rpt_Sec_Street_Sfx,Rpt_Ref_Mark_Offset_Amt,Rpt_Ref_Mark_Dist_Uom,Rpt_Ref_Mark_Dir,Rpt_Ref_Mark_Nbr,Rpt_Sec_Street_Desc,Rpt_CrossingNumber,Wthr_Cond_ID,Light_Cond_ID,Entr_Road_ID,Road_Type_ID,Road_Algn_ID,Surf_Cond_ID,Traffic_Cntl_ID,Investigat_Notify_Time,Investigat_Notify_Meth,Investigat_Arrv_Time,Report_Date,Investigat_Comp_Fl,ORI_Number,Investigat_Agency_ID,Investigat_Area_ID,Investigat_District_ID,Investigat_Region_ID,Bridge_Detail_ID,Harm_Evnt_ID,Intrsct_Relat_ID,FHE_Collsn_ID,Obj_Struck_ID,Othr_Factr_ID,Road_Part_Adj_ID,Road_Cls_ID,Road_Relat_ID,Phys_Featr_1_ID,Phys_Featr_2_ID,Cnty_ID,City_ID,Latitude,Longitude,Hwy_Sys,Hwy_Nbr,Hwy_Sfx,Dfo,Street_Name,Street_Nbr,Control,Section,Milepoint,Ref_Mark_Nbr,Ref_Mark_Displ,Hwy_Sys_2,Hwy_Nbr_2,Hwy_Sfx_2,Street_Name_2,Street_Nbr_2,Control_2,Section_2,Milepoint_2,Txdot_Rptable_Fl,Onsys_Fl,Rural_Fl,Crash_Sev_ID,Pop_Group_ID,Located_Fl,Day_of_Week,Hwy_Dsgn_Lane_ID,Hwy_Dsgn_Hrt_ID,Hp_Shldr_Left,Hp_Shldr_Right,Hp_Median_Width,Base_Type_ID,Nbr_Of_Lane,Row_Width_Usual,Roadbed_Width,Surf_Width,Surf_Type_ID,Curb_Type_Left_ID,Curb_Type_Right_ID,Shldr_Type_Left_ID,Shldr_Width_Left,Shldr_Use_Left_ID,Shldr_Type_Right_ID,Shldr_Width_Right,Shldr_Use_Right_ID,Median_Type_ID,Median_Width,Rural_Urban_Type_ID,Func_Sys_ID,Adt_Curnt_Amt,Adt_Curnt_Year,Adt_Adj_Curnt_Amt,Pct_Single_Trk_Adt,Pct_Combo_Trk_Adt,Trk_Aadt_Pct,Curve_Type_ID,Curve_Lngth,Cd_Degr,Delta_Left_Right_ID,Dd_Degr,Feature_Crossed,Structure_Number,I_R_Min_Vert_Clear,Approach_Width,Bridge_Median_ID,Bridge_Loading_Type_ID,Bridge_Loading_In_1000_Lbs,Bridge_Srvc_Type_On_ID,Bridge_Srvc_Type_Under_ID,Culvert_Type_ID,Roadway_Width,Deck_Width,Bridge_Dir_Of_Traffic_ID,Bridge_Rte_Struct_Func_ID,Bridge_IR_Struct_Func_ID,CrossingNumber,RRCo,Poscrossing_ID,WDCode_ID,Standstop,Yield,Incap_Injry_Cnt,Nonincap_Injry_Cnt,Poss_Injry_Cnt,Non_Injry_Cnt,Unkn_Injry_Cnt,Tot_Injry_Cnt,Death_Cnt,MPO_ID,Investigat_Service_ID,Investigat_DA_ID,Investigator_Narrative
13206660,N,N,N,N,N,N,N,3/24/2013,1:35 AM,13-0182,,114,39,N,N,,,19,,,1,1200,,UTAH,ST,N,N,0,N,N,,N,19,,,,3600,,AIRPORT,AVE,,,,,,,11,4,0,,1,1,8,1:35 AM,WALK-IN,1:35 AM,3/24/2013,Y,TX1140100,123,,,33,8,7,4,1,20,3,1,5,2,21,21,114,39,32.23407092,-101.5112403,,,,,UTAH RD,1298,,,,,,,,,,,,,,N,N,N,5,6,Y,SUN,,,,,,,,,,,,,,,,,,,,,,,,,,,,,,,,,,,,,,,,,,,,,,,,,,,,,,,,0,0,0,2,0,0,0,,,,
13206815,N,N,N,N,N,N,N,3/20/2013,12:13 AM,2013-05554,,239,48,N,Y,,,2,290,,1,2000,W,US HIGHWAY 290 W,HWY,N,N,65,N,N,,N,19,,,5,,N,OLD MILL CREEK,RD,,,,,,,12,3,0,2,4,1,20,12:13 AM,ON SIGHT,12:13 AM,3/20/2013,Y,TX2390100,156,,,,8,7,4,1,39,54,1,2,4,21,21,239,48,30.16191195,-96.42289812,US,290,,208.265,US0290,,186,6,25.711,672,0.265,,,,,,,,,Y,Y,N,5,5,Y,WED,3,0,4,10,40,2,4,300,76,48,4,0,0,2,8,5,2,20,5,3,32,2,14,17393,2014,17393,2.8,13.9,16.7,,,,,,,,,,,,,,,,,,,,,,,,,,,0,0,0,2,0,0,0,,,,
13206899,N,N,N,N,N,N,N,3/29/2013,5:20 AM,13-AC017,,199,192,N,Y,,,4,740,,1,1100,S,FM 740,,N,N,55,N,N,"WET, LEVEL AT CURVE",N,19,,,1,100,S,KING,RD,,,,,"WET, LEVEL, STRAIGHT",,2,3,2,,4,2,1,5:27 AM,DISPATCHED,5:33 AM,4/1/2013,Y,TX1990300,2756,,,,8,2,4,13,64,3,1,3,1,21,21,199,192,,,FM,740,,,FM0740,,,,,,,,,,,,,,,Y,Y,N,3,4,N,FRI,,,,,,,,,,,,,,,,,,,,,,,,,,,,,,,,,,,,,,,,,,,,,,,,,,,,,,,,0,0,2,1,0,2,0,,,,
13207257,N,N,N,N,N,N,N,4/5/2013,2:10 AM,,,221,1786,Y,Y,32.32132,-99.75158,2,83,,1,,,NOT REPORTED,,N,N,75,N,N,,Y,4,204,,1,,,NOT REPORTED,,,,,,,,11,4,4,2,1,1,8,2:20 AM,DISPATCH,2:37 AM,4/5/2013,Y,,10000,17,1,1,8,2,1,10,64,54,1,2,1,21,21,221,1786,32.32120132,-99.75190735,US,83,,322.358,US0083,,34,1,10.066,336,0.734,FM,204,,FM0204,,1655,3,0.007,Y,Y,Y,5,0,Y,FRI,3,0,4,10,44,2,4,200,78,48,4,0,0,2,8,5,2,20,5,3,36,1,2,12413,2014,12413,3.2,12.1,15.3,,,,,,,,,,,,,,,,,,,,,,,,,,,0,0,0,2,0,0,0,166,,,
13207317,N,Y,N,N,N,N,N,4/2/2013,12:30 AM,,,149,1714,Y,Y,28.42135,-98.17678,2,281,,1,,,NOT REPORTED,,N,N,70,N,N,,N,15,301,,,,,NOT REPORTED,,,,,,,,2,3,0,2,3,2,20,12:32 AM,DISPATCH,12:47 AM,4/2/2013,Y,,10000,1,112,1,8,9,4,1,3,1,1,2,4,21,21,149,1714,28.42096195,-98.17658062,US,281,,413.938,US0281,,254,1,17.475,624,0.188,,,,,,,,,Y,Y,Y,5,0,Y,TUE,3,0,4,10,33,2,4,225,76,48,4,0,0,2,8,5,2,18,5,3,25,1,2,12798,2014,12798,4.5,32.5,37,1,171,1,1,1,,,,,,,,,,,,,,,,,,,,,,0,0,0,1,0,0,0,,,,
13207534,N,N,N,N,N,N,N,4/6/2013,1:04 PM,84360A,,57,107,N,Y,,,19,,,1,8600,,FERNDALE,DR,N,N,35,N,N,PUBLIC ROADWAY,Y,19,,,1,10100,,SHOREVIEW,RD,,,,,PUBLIC ROADWAY,,11,1,2,,2,1,20,1:15 PM,DISPATCHED,1:20 PM,4/6/2013,Y,tx0000006,2471,,,33,8,2,1,10,64,54,1,5,1,21,21,57,107,32.86616423,-96.71072259,,,,,FERNDALE RD,,,,,,,,,,SHOREVIEW RD,,,,,Y,N,N,5,9,Y,SAT,,,,,,,,,,,,,,,,,,,,,,,,,,,,,,,,,,,,,,,,,,,,,,,,,,,,,,,,0,0,0,2,0,0,0,282,,,
13207547,N,N,N,N,N,N,N,4/8/2013,8:02 AM,0042613713K,,101,208,N,Y,,,19,,,1,6600,,TIDWELL,RD,N,N,40,N,N,"FOUR LANES, EAST/WEST",Y,19,,,1,9400,,SPAULDING,ST,,,,,,,11,1,4,,1,1,8,8:03 AM,DISPATCHED,8:03 AM,4/8/2013,Y,TXHPD0000,2469,16,124,42,8,2,1,13,64,54,1,5,1,21,21,101,208,29.84840478,-95.3034431,,,,,TIDWELL RD,6598,,,,,,,,,SPAULDING ST,,,,,Y,N,N,5,9,Y,MON,,,,,,,,,,,,,,,,,,,,,,,,,,,,,,,,,,,,,,,,,,,,,,,,,,,,,,,,0,0,0,5,0,0,0,15,,,
13208001,N,N,N,N,N,N,N,4/1/2013,4:58 PM,,,71,136,N,Y,31.73919,-106.2764,19,,,1,,E,VISTA DEL SOL,DR,N,N,35,N,N,,Y,19,,,1,,,PETER COOPER,DR,,,,,,,11,1,4,,1,1,5,4:58 PM,ON SCENE,4:58 PM,4/3/2013,Y,,10000,8,163,1,8,2,1,34,64,54,1,5,1,21,21,71,136,31.73951484,-106.2763004,,,,,VISTA DEL SOL DR,,,,,,,,,,PETER COOPER DR,,,,,Y,N,N,2,9,Y,MON,,,,,,,,,,,,,,,,,,,,,,,,,,,,,,,,,,,,,,,,,,,,,,,,,,,,,,,,0,2,0,1,0,2,0,66,,,
13208059,N,N,N,N,N,Y,N,4/7/2013,10:20 PM,0042499813P,FSGI,101,208,N,Y,,,19,,,1,12265,,FONDREN,RD,Y,N,5,N,N,CONCRETE,N,19,,,,6600,W,AIRPORT,BLVD,,,,,,,11,4,98,,1,1,17,10:35 PM,HPD DISPATCHER,10:39 PM,6/4/2013,Y,TXHPD0000,2469,6,125,55,8,2,4,11,64,12,7,9,5,33,21,101,208,,,,,,,FONDREN RD,,,,,,,,,,,,,,,N,N,N,5,9,N,SUN,,,,,,,,,,,,,,,,,,,,,,,,,,,,,,,,,,,,,,,,,,,,,,,,,,,,,,,,0,0,0,2,0,0,0,,,,
13208103,N,N,N,N,N,N,N,4/2/2013,10:28 PM,0040278613H,,101,208,N,Y,,,19,,,1,15400,,VICKERY,DR,N,N,35,N,N,CONCRETE,Y,19,,,1,5300,,WORLD HOUSTON,PKWY,,,,,,,2,4,0,,1,2,8,10:47 PM,DISPATCHED,11:37 PM,4/3/2013,Y,TXHPD0000,2469,14,124,113,8,2,1,10,64,1,1,5,1,21,21,101,208,29.94319476,-95.31573309,,,,,VICKERY DR,,,,,,,,,,WORLD HOUSTON PKWY,,,,,Y,N,N,5,9,Y,TUE,,,,,,,,,,,,,,,,,,,,,,,,,,,,,,,,,,,,,,,,,,,,,,,,,,,,,,,,0,0,0,4,0,0,0,15,,,
13208139,N,N,N,N,N,N,N,3/29/2013,1:30 PM,,,70,1636,Y,Y,32.46947,-96.83007,15,,,1,,,JANIS,LN,N,N,30,N,N,,N,2,77,,,,,NOT REPORTED,,,,,,,,11,1,0,,1,1,1,1:45 PM,ELLIS COUNTY SO,1:59 PM,3/30/2013,Y,TXDPS6408,10000,1,107,1,8,7,4,1,30,3,1,4,2,21,21,70,1636,32.46926876,-96.8296081,,,,,JANIS LN,158,,,,,,,,,,,,,,Y,N,Y,5,0,Y,FRI,,,,,,,,,,,,,,,,,,,,,,,,,,,,,,,,,,,,,,,,,,,,,,,,,,,,,,,,0,0,0,3,0,0,0,282,,,
13208141,N,N,N,N,N,N,N,3/22/2013,12:00 PM,,,70,1636,Y,Y,32.40153,-96.76837,15,,,1,,,BOYCE,RD,N,N,35,N,N,,N,15,,,,,,IKE,RD,,,,,,,11,1,0,,4,1,1,12:00 PM,ELLIS COUNTY SO,12:45 PM,3/30/2013,Y,TXDPS6408,10000,1,107,1,8,7,4,1,31,3,1,4,2,21,21,70,1636,32.40146803,-96.7683633,,,,,BOYCE RD,238,,,,,,,,,,,,,,Y,N,Y,5,0,Y,FRI,,,,,,,,,,,,,,,,,,,,,,,,,,,,,,,,,,,,,,,,,,,,,,,,,,,,,,,,0,0,0,1,0,0,0,282,,,
13208148,N,N,N,N,N,N,N,3/26/2013,7:55 AM,,,70,1636,Y,Y,32.45887,-96.81195,4,387,,1,,,NOT REPORTED,,N,N,55,N,N,,Y,15,,,1,,,WESTMINSTER,DR,,,,,,,11,1,4,1,1,1,8,7:59 AM,ECSO,8:06 AM,3/26/2013,Y,TXDPS6408,10000,1,107,1,8,2,1,13,64,54,1,3,1,21,21,70,1636,32.45909325,-96.81192266,FM,387,,1.972,FM0387,1300,3419,1,3.014,586,-0.21,,,,WESTMINSTER DR,,,,,Y,Y,Y,2,0,Y,TUE,2,0,0,0,0,2,2,100,24,24,4,0,0,1,0,0,1,0,0,0,0,4,16,3921,2014,3921,1.6,4.2,5.9,,,,,,,,,,,,,,,,,,,,,,,,,,,0,1,0,1,0,1,0,282,,,
13208217,N,N,N,N,N,N,N,4/5/2013,1:37 PM,2013-32750,,108,283,N,Y,,,2,83,,1,1200,E,JACKSON,RD,N,N,30,N,N,,N,4,2061,,,1000,S,JACKSON,RD,,,,,,,11,1,4,3,1,1,5,1:37 PM,DISPATCH,1:46 PM,4/5/2013,Y,TX1080800,1753,,,35,8,2,2,22,64,38,1,2,1,21,21,108,283,26.19899136,-98.20608331,BU,83,S,14.744,BU0083S,,39,3,9.107,512,0.772,FM,2061,,FM2061,,,,,Y,Y,N,2,8,Y,FRI,2,0,0,8,0,2,4,90,69,58,4,1,2,1,0,0,2,8,5,0,0,4,14,16973,2014,16973,1.3,0.2,1.5,,,,,,,,,,,,,,,,,,,,,,,,,,,0,1,0,5,0,1,0,230,,,
13208398,N,N,N,N,N,N,N,3/23/2013,12:22 PM,2.01E+11,,233,112,N,Y,,,2,90,,1,3700,,VETERANS,BLVD,N,N,50,N,N,,N,19,,,1,100,,KINGS WAY,,,,,,,,11,1,0,2,1,1,5,12:22 PM,DISPATCH,12:25 PM,3/23/2013,Y,TX2330100,1191,,,,8,2,2,20,64,42,1,2,1,21,21,233,112,29.40834859,-100.9045893,US,90,,300.186,US0090,3774,22,10,70.989,416,0.973,,,,KINGS WAY,,,,,Y,Y,N,5,6,Y,SAT,3,0,9,9,49,2,4,207,80,48,4,0,0,2,13,5,2,19,5,3,36,2,14,7664,2014,7664,3.3,11.3,14.7,,,,,,,,,,,,,,,,,,,,,,,,,,,0,0,0,9,0,0,0,,,,
13208437,N,N,N,N,N,N,N,3/27/2013,1:35 PM,13-5232,,92,268,N,Y,,,11,281,,1,3000,W,LOOP 281,,N,N,35,N,N,,N,2,80,,,,W,MARSHALL,AVE,,,,,,,11,1,0,3,1,1,5,1:36 PM,DROVE UPON/FLAGGED D,1:36 PM,3/27/2013,N,920500,1691,,,,8,2,2,22,64,38,1,2,1,21,21,92,268,32.50714541,-94.79703865,SL,281,,6.869,SL0281,3001,1763,2,7.977,714,1.039,US,80,,US0080,,,,,Y,Y,N,5,7,Y,WED,2,0,8,8,0,2,4,80,64,48,4,2,2,2,8,2,2,8,2,0,0,3,14,16039,2014,16039,1.4,1.1,2.4,,,,,,,,,,,,,,,,,,,,,,,,,,,0,0,0,2,1,0,0,361,,,
13208507,N,N,N,N,N,N,N,3/26/2013,7:52 AM,2013-00035619,,31,189,N,Y,,,2,77,,2,4400,W,FRONTAGE,RD,N,N,45,N,N,,Y,19,,,1,200,,OKLAHOMA,ST,,,,,,,12,1,2,3,3,1,11,7:52 AM,DISPATCH,8:00 AM,3/26/2013,Y,TX0310300,1417,,,217,8,2,4,22,64,42,2,2,1,21,21,31,189,26.17485271,-97.67517559,BU,77,X,8.493,BU0077X,1785,39,12,14.491,572,-0.178,,,,,,,,,Y,Y,N,3,7,Y,TUE,2,0,0,0,0,2,6,120,86,72,4,2,2,1,0,0,1,0,0,0,0,3,14,25258,2014,25258,1.3,0.2,1.5,,,,,,,,,,,,,,,,,,,,,,,,,,,0,0,1,1,0,1,0,201,,,
13208707,N,Y,N,N,N,N,N,3/26/2013,10:08 AM,13-5173,,92,268,N,N,,,1,20,,2,700,N,ACCESS,RD,N,N,35,N,N,,N,2,259,,,,S,EASTMAN,RD,,,,,,,11,1,0,2,4,1,5,10:08 AM,DISPATCHED,10:22 AM,3/26/2013,Y,920500,1691,,,,8,2,2,35,64,38,2,1,1,21,21,92,268,32.45007186,-94.70909431,IH,20,,595.2,IH0020,,495,7,16.47,596,0.462,US,259,,US0259,,,,,N,Y,N,5,7,Y,TUE,5,0,4,10,40,9,4,300,76,48,5,0,0,2,8,5,2,20,5,3,32,3,11,35226,2014,35226,3.4,35.2,38.5,,,,,,,,,,,,,,,,,,,,,,,,,,,0,0,0,6,0,0,0,361,,,
13208798,N,Y,N,N,N,N,N,3/25/2013,9:23 AM,130039438,0,101,1666,Y,Y,,,19,,,1,14900,,ALDINE WESTFIELD,RD,N,N,35,N,N,,N,4,525,,,,,NOT REPORTED,,,,,,,,12,1,0,,1,1,5,9:27 AM,DISPATCHED,9:32 AM,3/25/2013,Y,TX1010000,1419,205,33,5,8,2,2,23,64,54,1,3,1,21,21,101,1666,29.93062452,-95.30304891,,,,,ALDINE BENDER RD,,,,,,,FM,525,,FM0525,,,,,Y,N,Y,3,0,Y,MON,,,,,,,,,,,,,,,,,,,,,,,,,,,,,,,,,,,,,,,,,,,,,,,,,,,,,,,,0,0,2,1,0,2,0,15,,,
13208845,N,Y,N,N,N,N,N,3/28/2013,5:00 AM,,,33,1598,Y,Y,35.22093,-101.58569,1,40,,1,,,NOT REPORTED,,N,N,75,N,N,,N,,,,,,,NOT REPORTED,,0.4,M,E,85,,,11,3,0,2,1,1,11,5:13 AM,AMARILLO DPS,6:37 AM,3/28/2013,Y,,10000,22,130,1,8,10,4,1,1,35,1,1,4,21,21,33,1598,35.22073689,-101.5828941,IH,40,,85.482,IH0040,,275,2,2.531,85,0.4,,,,NOT REPORTED,,,,,Y,Y,Y,5,0,Y,THU,5,0,6,10,57,8,4,315,82,48,5,0,0,2,12,5,2,20,5,3,45,1,1,11240,2014,11240,6.4,44.8,51.2,,,,,,,,,,,,,,,,,,,,,,,,,,,0,0,0,1,0,0,0,,,,
13208883,N,N,N,N,N,N,N,3/24/2013,12:49 AM,C1302132,,178,97,N,Y,,,19,,,1,5500,,LEOPARD,ST,N,N,40,N,N,,Y,19,,,1,1900,N,PADRE ISLAND,DR,,,,,,,11,4,4,2,1,1,5,12:49 AM,DISPATCHED,12:51 AM,3/24/2013,Y,TX1780200,1115,,,51,8,2,2,22,64,38,1,2,1,21,21,178,97,27.7975521,-97.46785736,SH,358,,0.457,SH0358,,617,1,0.425,556,0.383,SS,407,,SS0407,,74,9,10.734,Y,Y,N,5,9,Y,SUN,5,0,10,10,22,2,6,300,112,72,4,0,0,2,20,5,2,20,5,2,2,4,12,43082,2014,43082,3.2,3,6.2,,,,,,,,,,,,,,,,,,,,,,,,,,,0,0,0,3,0,0,0,96,,,
13208957,N,N,N,N,N,N,N,3/23/2013,3:27 PM,13-009196,,240,254,N,N,,,19,,,1,3200,,EJIDO,AVE,N,N,30,N,N,,Y,19,,,1,,,PINE,,,,,,,,11,1,98,,1,1,8,3:28 PM,DISPATCHED,3:53 PM,3/23/2013,Y,TX2400100,1644,,,,8,2,2,35,64,38,1,5,1,21,21,240,254,27.48048539,-99.46231215,,,,,S EJIDO AVE,1899,,,,,,,,,PINE ST,,,,,N,N,N,5,8,Y,SAT,,,,,,,,,,,,,,,,,,,,,,,,,,,,,,,,,,,,,,,,,,,,,,,,,,,,,,,,0,0,0,1,1,0,0,205,,,
13208966,N,N,N,N,N,N,N,3/23/2013,8:08 PM,13-009222,,240,254,N,Y,,,19,,,1,100,,MANN,RD,N,N,30,N,N,,N,19,,,1,5901,,SAN DARIO,,,,,,,,11,4,0,,1,1,5,8:09 PM,MDT DISPATCH,8:20 PM,3/23/2013,Y,TX2400100,1644,,,21,8,2,2,23,64,54,1,5,1,21,21,240,254,27.55632756,-99.50421646,,,,,W MANN RD,,,,,,,IH,35,,IH0035,,,,,Y,N,N,5,8,Y,SAT,,,,,,,,,,,,,,,,,,,,,,,,,,,,,,,,,,,,,,,,,,,,,,,,,,,,,,,,0,0,0,4,0,0,0,205,,,
13209000,N,N,N,N,N,N,N,4/2/2013,8:15 AM,,13-045913,57,107,N,Y,,,1,35,,1,2200,,R L THORNTON,FWY,N,N,60,N,N,NB,N,19,,,1,,,ILLINOIS,AVE,,,,,,,12,1,0,,1,1,11,8:20 AM,RADIO DISPATCHED,8:37 AM,4/2/2013,Y,TX0570000,1169,,48,22,8,2,4,22,64,42,1,1,1,21,21,57,107,,,IH,35,,,IH0035,,,,,,,,,,,,,,,Y,Y,N,3,9,N,TUE,,,,,,,,,,,,,,,,,,,,,,,,,,,,,,,,,,,,,,,,,,,,,,,,,,,,,,,,0,0,1,4,0,1,0,,,,
13209104,N,N,N,N,N,N,N,4/1/2013,6:10 AM,13-000544,,84,118,N,Y,,,1,45,,2,3445,,BLK GULF,FWY,N,N,45,N,N,INTERSTATE HIGHWAY SERVICE ROAD NB,N,4,517,,1,100,E,FM 517,RD,,,,,FARM TO MARKET ROAD,,11,4,0,2,1,1,20,6:22 AM,DISPATCH,6:28 AM,4/1/2013,Y,TX0840200,1204,,,,8,2,4,21,64,7,2,1,1,21,21,84,118,29.44973912,-95.07753232,IH,45,,19.278,IH0045,,500,4,12.71,19,0.387,,,,,,,,,Y,Y,N,5,5,Y,MON,5,0,12,12,26,9,6,300,118,72,5,0,0,2,22,5,2,24,5,2,4,3,11,101614,2014,101614,2.3,2,4.3,,,,,,,,,,,,,,,,,,,,,,,,,,,0,0,0,1,1,0,0,15,,,
13209193,N,N,N,N,N,N,N,3/26/2013,8:09 AM,2.01E+11,,159,126,N,Y,,,9,277,,1,,,MAIN,ST,N,N,30,N,N,,Y,19,,,1,,,COMAL,ST,,,,,,,11,1,0,1,1,1,17,8:09 AM,VIA RADIO,8:09 AM,3/26/2013,Y,TX1620100,1227,,,25,8,2,1,10,64,21,1,2,1,21,21,159,126,28.70871504,-100.4909919,BU,277,N,2.765,BU0277N,1700,299,13,2.733,550,0.7,,,,COMAL ST,,,,,Y,Y,N,5,6,Y,TUE,2,0,8,8,0,2,2,60,44,28,4,0,0,2,8,2,2,8,2,0,0,2,14,4008,2014,4008,7.1,19.6,26.7,,,,,,,,,,,,,,,,,,,,,,,,,,,0,0,0,2,0,0,0,,,,
13209506,N,N,N,N,N,N,N,4/9/2013,6:35 AM,SAPD13074509,5160,15,379,N,Y,,,19,,,1,100,,VALLEY HI,DR,N,N,35,N,N,,N,19,,,,1800,,SPRINGVALE,,,,,,,,12,4,4,,1,1,5,6:54 AM,DISPATCHED,6:57 AM,4/9/2013,Y,TXSPD0000,2473,,19,148,8,2,3,14,64,14,1,5,1,32,21,15,379,29.38226215,-98.63593191,,,,,VALLEY HI DR,293,,,,,,,,,,,,,,Y,N,N,5,9,Y,TUE,,,,,,,,,,,,,,,,,,,,,,,,,,,,,,,,,,,,,,,,,,,,,,,,,,,,,,,,0,0,0,3,0,0,0,28,,,
13209949,N,N,N,N,N,N,N,3/29/2013,4:17 PM,13-57071,,43,336,N,Y,,,19,,,1,5000,,OLD SHEPARD,PL,N,N,30,N,N,,N,3,289,,,,,PRESTON,RD,,,,,,,12,1,0,,1,1,5,4:20 PM,RADIO DISPATCHED,4:29 PM,3/29/2013,Y,TX0430600,1938,54,161,31,8,2,2,22,64,38,1,2,1,21,21,43,336,33.02151421,-96.79520986,,,,,OLD SHEPARD PL,,,,,,,SH,289,,SH0289,,,,,Y,N,N,5,9,Y,FRI,,,,,,,,,,,,,,,,,,,,,,,,,,,,,,,,,,,,,,,,,,,,,,,,,,,,,,,,0,0,0,2,0,0,0,282,,,
13210000,N,N,N,N,N,N,N,3/25/2013,6:30 AM,130039398,0,101,1666,Y,Y,,,1,45,,1,20400,,NOT REPORTED,,N,N,65,N,N,,N,15,,,1,,,CYPRESSWOOD,DR,,,,,,,11,1,0,2,1,1,1,7:20 AM,DISPATCHED,7:30 AM,3/25/2013,N,TX1010000,1419,205,33,5,8,2,4,22,64,42,1,1,1,21,21,101,1666,30.05918378,-95.43309832,IH,45,,69.217,IH0045,,110,5,45.243,69,0.161,,,,,,,,,Y,Y,Y,5,0,Y,MON,5,0,10,10,45,9,8,390,180,120,5,0,0,2,20,5,2,20,5,2,25,4,11,187346,2014,187346,5.5,4.6,10.1,,,,,,,,,,,,,,,,,,,,,,,,,,,0,0,0,1,1,0,0,15,,,
13210031,N,N,N,N,N,N,N,3/30/2013,4:09 PM,2013-7667,13-7669,101,325,N,Y,,,19,,,1,1000,,JACKSON,AVE,N,N,30,N,N,,Y,19,,,1,900,,PASADENA,BLVD,,,,,,,11,1,2,,1,1,5,4:09 PM,DISPATCH,4:11 PM,3/30/2013,Y,TX1011500,1912,588,26,41,8,2,1,10,64,54,1,5,1,21,21,101,325,29.70539471,-95.20113992,,,,,JACKSON AVE,998,,,,,,,,,UNKNOWN,,,,,Y,N,N,5,8,Y,SAT,,,,,,,,,,,,,,,,,,,,,,,,,,,,,,,,,,,,,,,,,,,,,,,,,,,,,,,,0,0,0,4,0,0,0,15,,,
13210317,N,N,N,N,N,N,N,3/31/2013,6:25 PM,13-02238,,15,257,N,Y,,,14,421,,1,5500,,BANDERA,RD,N,N,45,N,N,,N,19,,,1,4700,,TIMCO WEST,,,,,,,,8,1,0,,2,2,20,6:25 PM,DISPATCHED,6:27 PM,3/31/2013,Y,TX0151000,1654,,,93,8,2,2,22,64,38,1,2,1,21,21,15,257,,,SS,421,,,SS0421,,,,,,,,,,TIMCO WEST,,,,,Y,Y,N,5,5,N,SUN,,,,,,,,,,,,,,,,,,,,,,,,,,,,,,,,,,,,,,,,,,,,,,,,,,,,,,,,0,0,0,2,0,0,0,,,,
13210441,N,N,N,N,N,N,N,3/24/2013,8:55 AM,,,56,1621,Y,Y,36.15947,-102.36488,2,54,,1,,,NOT REPORTED,,N,N,70,N,N,,N,,,,,,,NOT REPORTED,,0.6,M,NE,284,,,11,1,0,1,1,9,11,9:00 AM,DALHART DISPATCH,9:14 AM,3/24/2013,Y,TXDPS0200,10000,12,130,1,8,10,4,1,1,1,1,2,2,21,21,56,1621,36.15905254,-102.3653504,US,54,,72.195,US0054,,238,4,3.079,284,0.6,,,,NOT REPORTED,,,,,Y,Y,Y,5,0,Y,SUN,2,0,9,9,0,2,2,100,44,26,4,0,0,2,9,5,2,9,5,0,0,1,2,2510,2014,2510,3.6,50.5,54,,,,,,,,,,,,,,,,,,,,,,,,,,,0,0,0,4,0,0,0,,,,
13210657,N,N,N,N,N,N,N,4/9/2013,6:36 AM,SAPD13074508,3170,15,379,N,Y,,,19,,,1,13900,,BLANCO,,N,N,40,N,N,,Y,19,,,1,,,MELANIE CIRCLE,ST,,,,,,,12,4,0,2,1,1,1,6:36 AM,DISPATCHED,7:00 AM,4/9/2013,Y,TXSPD0000,2473,,29,131,8,2,1,22,64,40,1,3,1,21,21,15,379,29.57169033,-98.51671843,FM,2696,,6.334,FM2696,13900,2708,1,14.766,488,0.758,PA,1502,,PA1502,,,,,Y,Y,N,5,9,Y,TUE,3,0,0,0,12,2,4,120,48,48,4,1,1,1,0,0,1,0,0,3,12,4,14,25117,2014,25117,2.3,2,4.3,,,,,,,,,,,,,,,,,,,,,,,,,,,0,0,0,2,0,0,0,28,,,