Crash_ID,Crash_Fatal_Fl,Cmv_Involv_Fl,Schl_Bus_Fl,Rr_Relat_Fl,Medical_Advisory_Fl,Amend_Supp_Fl,Active_School_Zone_Fl,Crash_Date,Crash_Time,Case_ID,Local_Use,Rpt_CRIS_Cnty_ID,Rpt_City_ID,Rpt_Outside_City_Limit_Fl,Thousand_Damage_Fl,Rpt_Latitude,Rpt_Longitude,Rpt_Rdwy_Sys_ID,Rpt_Hwy_Num,Rpt_Hwy_Sfx,Rpt_Road_Part_ID,Rpt_Block_Num,Rpt_Street_Pfx,Rpt_Street_Name,Rpt_Street_Sfx,Private_Dr_Fl,Toll_Road_Fl,Crash_Speed_Limit,Road_Constr_Zone_Fl,Road_Constr_Zone_Wrkr_Fl,Rpt_Street_Desc,At_Intrsct_Fl,Rpt_Sec_Rdwy_Sys_ID,Rpt_Sec_Hwy_Num,Rpt_Sec_Hwy_Sfx,Rpt_Sec_Road_Part_ID,Rpt_Sec_Block_Num,Rpt_Sec_Street_Pfx,Rpt_Sec_Street_Name,Rpt_Sec_Street_Sfx,Rpt_Ref_Mark_Offset_Amt,Rpt_Ref_Mark_Dist_Uom,Rpt_Ref_Mark_Dir,Rpt_Ref_Mark_Nbr,Rpt_Sec_Street_Desc,Rpt_CrossingNumber,Wthr_Cond_ID,Light_Cond_ID,Entr_Road_ID,Road_Type_ID,Road_Algn_ID,Surf_Cond_ID,Traffic_Cntl_ID,Investigat_Notify_Time,Investigat_Notify_Meth,Investigat_Arrv_Time,Report_Date,Investigat_Comp_Fl,ORI_Number,Investigat_Agency_ID,Investigat_Area_ID,Investigat_District_ID,Investigat_Region_ID,Bridge_Detail_ID,Harm_Evnt_ID,Intrsct_Relat_ID,FHE_Collsn_ID,Obj_Struck_ID,Othr_Factr_ID,Road_Part_Adj_ID,Road_Cls_ID,Road_Relat_ID,Phys_Featr_1_ID,Phys_Featr_2_ID,Cnty_ID,City_ID,Latitude,Longitude,Hwy_Sys,Hwy_Nbr,Hwy_Sfx,Dfo,Street_Name,Street_Nbr,Control,Section,Milepoint,Ref_Mark_Nbr,Ref_Mark_Displ,Hwy_Sys_2,Hwy_Nbr_2,Hwy_Sfx_2,Street_Name_2,Street_Nbr_2,Control_2,Section_2,Milepoint_2,Txdot_Rptable_Fl,Onsys_Fl,Rural_Fl,Crash_Sev_ID,Pop_Group_ID,Located_Fl,Day_of_Week,Hwy_Dsgn_Lane_ID,Hwy_Dsgn_Hrt_ID,Hp_Shldr_Left,Hp_Shldr_Right,Hp_Median_Width,Base_Type_ID,Nbr_Of_Lane,Row_Width_Usual,Roadbed_Width,Surf_Width,Surf_Type_ID,Curb_Type_Left_ID,Curb_Type_Right_ID,Shldr_Type_Left_ID,Shldr_Width_Left,Shldr_Use_Left_ID,Shldr_Type_Right_ID,Shldr_Width_Right,Shldr_Use_Right_ID,Median_Type_ID,Median_Width,Rural_Urban_Type_ID,Func_Sys_ID,Adt_Curnt_Amt,Adt_Curnt_Year,Adt_Adj_Curnt_Amt,Pct_Single_Trk_Adt,Pct_Combo_Trk_Adt,Trk_Aadt_Pct,Curve_Type_ID,Curve_Lngth,Cd_Degr,Delta_Left_Right_ID,Dd_Degr,Feature_Crossed,Structure_Number,I_R_Min_Vert_Clear,Approach_Width,Bridge_Median_ID,Bridge_Loading_Type_ID,Bridge_Loading_In_1000_Lbs,Bridge_Srvc_Type_On_ID,Bridge_Srvc_Type_Under_ID,Culvert_Type_ID,Roadway_Width,Deck_Width,Bridge_Dir_Of_Traffic_ID,Bridge_Rte_Struct_Func_ID,Bridge_IR_Struct_Func_ID,CrossingNumber,RRCo,Poscrossing_ID,WDCode_ID,Standstop,Yield,Incap_Injry_Cnt,Nonincap_Injry_Cnt,Poss_Injry_Cnt,Non_Injry_Cnt,Unkn_Injry_Cnt,Tot_Injry_Cnt,Death_Cnt,MPO_ID,Investigat_Service_ID,Investigat_DA_ID,Investigator_Narrative
13210683,N,N,N,N,N,N,N,4/9/2013,12:45 PM,86872A,,57,107,N,N,,,19,,,7,8255,,PARK,LN,Y,N,-1,N,N,,N,19,,,,6900,,GREENVILLE,AVE,,,,,,,12,1,0,,7,1,1,12:50 PM,DISPATCH,1:00 PM,4/9/2013,Y,TX0000006,2471,,,71,8,2,4,40,64,12,7,9,5,33,21,57,107,,,,,,,PARK LN,,,,,,,,,,,,,,,N,N,N,5,9,N,TUE,,,,,,,,,,,,,,,,,,,,,,,,,,,,,,,,,,,,,,,,,,,,,,,,,,,,,,,,0,0,0,4,0,0,0,,,,
13210788,N,N,N,N,N,N,N,4/5/2013,4:52 PM,05 HIVELY,,102,1667,Y,Y,32.51218,-94.65826,15,3531,,1,,,PAGE,RD,N,N,30,N,N,,N,15,3536,,,,,TERESE,DR,,,,,,,11,1,0,,1,1,1,4:54 PM,HCSO DISPATCH,5:08 PM,4/5/2013,Y,TXDPS3100,10000,8,28,1,8,2,2,22,64,47,1,4,1,21,21,102,1667,,,,,,,CR3531,,,,,,,,,,CR3536,,,,,Y,N,Y,5,0,N,FRI,,,,,,,,,,,,,,,,,,,,,,,,,,,,,,,,,,,,,,,,,,,,,,,,,,,,,,,,0,0,0,3,0,0,0,,,,
13210813,N,N,N,N,N,N,N,4/8/2013,11:30 AM,13003587,,61,114,N,Y,,,19,,,1,1000,,BEATY,ST,N,N,30,N,N,,N,19,,,,1000,,FANNIN,,,,,,,,11,4,0,,1,1,1,8:11 AM,DISPATCHED,8:34 AM,4/9/2013,Y,TX0610200,1196,,,411,8,4,4,1,64,54,1,5,1,21,21,61,114,33.20590243,-97.14316688,,,,,BEATTY ST,956,,,,,,,,,,,,,,Y,N,N,0,8,Y,MON,,,,,,,,,,,,,,,,,,,,,,,,,,,,,,,,,,,,,,,,,,,,,,,,,,,,,,,,0,0,0,0,1,0,0,282,,,
13211234,N,N,N,N,N,N,N,3/28/2013,3:05 PM,13-1489,,84,255,N,N,,,4,518,,7,707,W,MAIN,ST,Y,N,0,N,N,PARKING-LOT,N,19,,,1,100,,INTERURBAN,,,,,,MAIN LANE,,11,1,0,,1,1,1,3:18 PM,POLICE DISPATCH,3:20 PM,3/28/2013,Y,TX0840800,1648,,,,8,2,4,40,64,12,7,9,5,33,21,84,255,,,FM,518,,,FM0518,,,,,,,,,,,,,,,N,Y,N,5,7,N,THU,,,,,,,,,,,,,,,,,,,,,,,,,,,,,,,,,,,,,,,,,,,,,,,,,,,,,,,,0,0,0,3,0,0,0,,,,
13211290,N,N,N,N,N,N,N,3/28/2013,3:40 PM,130041141,0,101,1666,Y,Y,,,19,,,1,1500,,LOUETTA LOOP EAST,,N,N,45,N,N,,N,1,45,,,,,NOT REPORTED,,,,,,,,11,1,0,,1,1,20,3:59 PM,FLAGGED DOWN,3:59 PM,3/28/2013,Y,TX1010000,1419,205,33,5,8,2,4,20,64,54,1,4,1,21,21,101,1666,30.06511009,-95.43807741,,,,,LOUETTA RD,1500,,,,,,,,,,,,,,Y,N,Y,5,0,Y,THU,,,,,,,,,,,,,,,,,,,,,,,,,,,,,,,,,,,,,,,,,,,,,,,,,,,,,,,,0,0,0,3,0,0,0,15,,,
13211524,N,N,N,N,N,N,N,3/21/2013,12:20 PM,C1302051,,178,97,N,Y,,,19,,,1,5600,,LIPES,BLVD,N,N,30,N,N,DRY ASPHALT,Y,19,,,1,7200,S,STAPLES,ST,,,,,DRY ASPHALT,,12,1,4,,1,1,5,12:21 PM,DISPATCHER,12:25 PM,3/21/2013,Y,TX1780200,1115,,,12,8,2,1,10,64,54,1,3,1,21,21,178,97,27.67283529,-97.39187266,,,,,LIPES BLVD,5598,,,,,,,,,S STAPLES ST,,,,,Y,N,N,1,9,Y,THU,,,,,,,,,,,,,,,,,,,,,,,,,,,,,,,,,,,,,,,,,,,,,,,,,,,,,,,,1,1,0,0,0,2,0,96,,,
13211581,N,N,N,N,N,N,N,4/4/2013,7:30 PM,13-0025,,184,866,N,Y,,,2,180,,1,2700,W,US HWY 180,,N,N,45,Y,N,,Y,19,,,1,100,,CINEMA DR,,,,,,,,12,1,0,2,2,1,20,7:30 PM,RADIO,7:33 PM,4/4/2013,Y,TX1840400,1492,,227,276,8,7,4,1,20,49,1,2,4,21,21,184,866,32.75700333,-97.71401252,US,180,,299.102,US0180,,8,3,6.706,552,0.894,,,,,,,,,Y,Y,Y,5,1,Y,THU,3,0,0,10,11,9,4,162,67,48,6,1,0,1,0,0,2,19,5,1,11,2,14,18810,2014,18810,2.1,1.6,3.7,,,,,,,,,,,,,,,,,,,,,,,,,,,0,0,0,1,0,0,0,282,,,
13211758,N,N,N,N,N,N,N,3/26/2013,9:27 PM,13-595721,,101,208,N,Y,,,17,,,1,4371,,WHEELER,ST,Y,N,5,N,N,UH PARKING LOT 6B,N,19,,,1,4371,,WHEELER,ST,,,,,UH PARKING LOT 6B,,11,4,98,,1,1,1,9:27 PM,DISPATCHED,9:28 PM,3/26/2013,Y,TX1013200,2318,,,,8,4,4,4,64,12,7,9,5,33,21,101,208,,,,,,,WHEELER ST,,,,,,,,,,,,,,,N,N,N,5,9,N,TUE,,,,,,,,,,,,,,,,,,,,,,,,,,,,,,,,,,,,,,,,,,,,,,,,,,,,,,,,0,0,0,2,0,0,0,,,,
13211856,N,N,N,N,N,N,N,3/30/2013,5:07 PM,1303301707,,31,380,N,N,,,8,77,,7,2195,W,NOT REPORTED,,Y,N,0,N,N,,N,8,77,,,2195,,NOT REPORTED,,,,,,,,11,1,98,,7,1,17,5:07 PM,BY DISPATCHER,5:12 PM,3/30/2013,Y,TX0310900,2075,,,35,8,1,4,4,64,12,7,9,5,33,21,31,380,,,,,,,BU0077,,,,,,,,,,,,,,,N,Y,N,2,5,N,SAT,,,,,,,,,,,,,,,,,,,,,,,,,,,,,,,,,,,,,,,,,,,,,,,,,,,,,,,,0,1,0,3,0,1,0,,,,
13211937,N,N,N,N,N,N,N,3/29/2013,1:38 PM,13-30063,,220,156,N,Y,,,1,30,,1,300,,WEST FREEWAY WB IH 30 WB RAMP,FWY,N,N,40,N,N,,N,19,,,,1100,,HENDERSON,ST,,,,,,,11,1,98,,5,1,1,1:47 PM,DISPATCHED,1:55 PM,3/29/2013,Y,TX2201200,1318,885,3,120,1,2,1,14,64,54,5,1,1,21,21,220,156,,,IH,30,,,IH0030,,,,,,,,,,HENDERSON ST,,,,,Y,Y,N,3,9,N,FRI,,,,,,,,,,,,,,,,,,,,,,,,,,,,,,,,,,,,,,,,,,,,,,,,,,,,,,,,0,0,4,4,0,4,0,,,,
13212077,N,N,N,N,N,N,N,4/8/2013,2:31 PM,13041021,,31,53,N,N,,,19,,,7,315,,JOSE MARTI,BLVD,Y,N,-1,N,N,,N,4,802,,,1300,,RUBEN M TORRES,BLVD,,,,,,,11,1,0,,1,1,1,2:39 PM,DISPATCHED,2:52 PM,4/8/2013,Y,TX0310100,172,,211,113,8,4,4,4,64,12,7,9,5,33,21,31,53,,,,,,,JOSE MARTI BLVD,,,,,,,,,,,,,,,N,N,N,5,8,N,MON,,,,,,,,,,,,,,,,,,,,,,,,,,,,,,,,,,,,,,,,,,,,,,,,,,,,,,,,0,0,0,2,0,0,0,,,,
13212082,N,N,N,N,N,N,N,4/9/2013,11:47 AM,130409015,,165,291,N,Y,,,19,,,1,2100,W,WADLEY,AVE,N,N,40,N,N,,N,19,,,,3200,N,GARFIELD,ST,,,,,,,11,1,0,,1,1,20,11:50 AM,DISPATCHED,12:00 PM,4/9/2013,Y,TX1650100,1782,,,127,8,2,3,14,64,14,1,5,1,32,21,165,291,32.02431862,-102.1058816,,,,,W WADLEY AVE,2044,,,,,,,,,,,,,,Y,N,N,5,8,Y,TUE,,,,,,,,,,,,,,,,,,,,,,,,,,,,,,,,,,,,,,,,,,,,,,,,,,,,,,,,0,0,0,2,0,0,0,174,,,
13212139,N,N,N,N,N,N,N,3/29/2013,8:09 PM,,,108,1673,Y,Y,26.2587,-97.86382,3,107,,1,,,NOT REPORTED,,N,N,65,N,N,,Y,4,1425,,1,,,NOT REPORTED,,,,,,,,11,3,4,1,4,1,8,8:22 PM,DPS WESLACO COMM.,8:47 PM,4/1/2013,Y,TXDPS5804,10000,7,127,1,8,2,1,10,64,54,1,2,1,21,21,108,1673,26.25917435,-97.86377716,SH,107,,36.967,SH0107,1000,342,2,19.793,542,-0.136,FM,1425,,FM1425,,1428,1,0.032,Y,Y,Y,3,0,Y,FRI,2,0,10,10,0,2,2,100,44,24,4,0,0,3,10,5,3,10,5,0,0,1,2,2503,2014,2503,2.5,0.4,2.9,1,330,2,1,42,,,,,,,,,,,,,,,,,,,,,,0,0,3,2,0,3,0,230,,,
13212355,N,N,N,N,N,N,N,4/9/2013,7:10 PM,0043358513W,,101,208,N,Y,,,19,,,1,200,,MILAM,,N,N,30,N,N,CONCRETE,Y,19,,,1,600,,CONGRESS,,,,,,,,12,1,4,,1,1,5,7:10 PM,HPD DISPATCH,7:11 PM,4/9/2013,Y,TXHPD0000,2469,16,121,35,8,2,1,10,64,54,1,5,1,21,21,101,208,29.7632948,-95.36245309,,,,,MILAM ST,299,,,,,,,,,CONGRESS ST,,,,,Y,N,N,5,9,Y,TUE,,,,,,,,,,,,,,,,,,,,,,,,,,,,,,,,,,,,,,,,,,,,,,,,,,,,,,,,0,0,0,2,0,0,0,15,,,
13212366,N,N,N,N,N,N,N,3/18/2013,6:58 AM,13-06711,,227,1792,Y,Y,30.31195,-97.61461,4,3177,,1,8500,,DECKER,LN,N,N,55,N,N,,N,19,,,,8500,,DAFFAN,LN,,,,,,,12,3,2,3,1,1,11,6:58 AM,DISPATCH,7:20 AM,4/10/2013,Y,TX2270000,2292,,9,118,8,2,2,14,64,3,1,3,1,21,21,227,1792,30.31061467,-97.61550143,FM,3177,,2.03,FM3177,8499,3277,1,3.076,436,0.006,,,,DAFFAN LN,,,,,Y,Y,Y,5,0,Y,MON,2,0,1,1,0,2,4,120,46,44,4,0,0,2,1,5,2,1,5,0,0,4,17,4221,2014,4221,7.7,2.9,10.6,,,,,,,,,,,,,,,,,,,,,,,,,,,0,0,0,4,0,0,0,90,,,
13212379,N,N,N,N,N,Y,N,4/6/2013,1:58 AM,,,170,1735,Y,Y,30.32574,-95.19676,15,,,1,,,LEE TURNER,RD,N,N,30,N,N,,N,3,105,,,,,NOT REPORTED,,,,,,,,11,3,0,,1,1,1,2:16 AM,SAN JACINTO SO,3:02 AM,5/7/2015,Y,,10000,12,58,1,8,2,4,20,62,54,1,4,1,21,21,170,1735,30.32482028,-95.19646738,,,,,LEE TURNER RD,75,,,,,,,,,,,,,,Y,N,Y,5,0,Y,SAT,,,,,,,,,,,,,,,,,,,,,,,,,,,,,,,,,,,,,,,,,,,,,,,,,,,,,,,,0,0,0,7,0,0,0,15,,,
13212506,N,N,N,N,N,N,N,4/2/2013,4:30 PM,,,212,1777,Y,Y,32.43033,-95.28018,4,14,,1,,,NOT REPORTED,,N,N,55,N,N,,N,15,330,,,,,NOT REPORTED,,,,,,,,12,1,0,1,1,1,11,4:33 PM,DPS COMMUNICATIONS,4:59 PM,4/2/2013,Y,TXDPS5500,10000,3,28,1,8,7,4,1,31,3,1,3,2,21,21,212,1777,32.43032463,-95.28054345,FM,14,,36.618,FM0014,11418,492,1,12.426,294,-0.444,,,,,,,,,Y,Y,Y,5,0,Y,TUE,2,0,3,3,0,2,2,80,28,22,4,0,0,2,3,5,2,3,5,0,0,1,6,5873,2014,5873,1.8,0.7,2.4,,,,,,,,,,,,,,,,,,,,,,,,,,,0,0,0,1,0,0,0,213,,,
13212515,N,N,N,N,N,Y,N,4/5/2013,11:50 AM,130008781,,57,177,N,Y,,,3,180,,1,200,W,MAIN,ST,N,N,35,N,N,,Y,19,,,1,100,NW,2ND,ST,,,,,,,11,1,4,3,1,1,5,11:59 AM,DISPATCH,11:59 AM,11/15/2015,Y,TX0571200,1372,,,35,8,2,1,34,64,54,1,2,1,21,21,57,177,32.74555356,-97.0019135,SH,180,,18.963,SH0180,201,8,8,1.971,640,-0.059,,,,NE 2ND ST,,,,,Y,Y,N,5,8,Y,FRI,2,0,13,13,0,3,4,100,82,56,6,2,2,2,13,1,2,13,1,0,0,4,14,13673,2014,13673,2.5,0.4,2.9,,,,,,,,,,,,,,,,,,,,,,,,,,,0,0,0,2,0,0,0,282,,,
13212560,N,N,N,N,N,N,N,4/6/2013,5:25 PM,0041943913U,,101,208,N,N,,,19,,,1,9700,,BELLAIRE,BLVD,N,N,35,Y,N,CONCRETE,Y,19,,,1,7900,,CORPORATE,DR,,,,,,,11,1,4,,1,1,5,5:29 PM,DISPATCHED,5:29 PM,4/8/2013,Y,TXHPD0000,2469,16,128,39,8,5,1,2,64,49,1,5,1,21,21,101,208,29.70490482,-95.55140304,,,,,BELLAIRE BLVD,,,,,,,,,,CORPORATE DR,,,,,Y,N,N,2,9,Y,SAT,,,,,,,,,,,,,,,,,,,,,,,,,,,,,,,,,,,,,,,,,,,,,,,,,,,,,,,,0,1,0,1,0,1,0,15,,,
13212566,N,N,N,N,N,N,N,4/9/2013,6:02 PM,13-7941,2 Unit Hit and Run,57,218,N,Y,,,3,114,,1,3300,E,JOHN CARPENTER,FWY,N,N,65,N,N,TWO WAY DIVIDED,N,19,,,,3000,E,GRAUWYLER,RD,,,,,TWO LANE NOT DIVIDED,,11,1,0,,2,1,11,7:20 PM,DISPATCHED,7:55 PM,4/10/2013,Y,TX0571500,1518,,,33,8,2,4,22,64,42,1,2,1,21,21,57,218,,,SH,114,,,SH0114,,,,,,,,,,,,,,,Y,Y,N,5,8,N,TUE,,,,,,,,,,,,,,,,,,,,,,,,,,,,,,,,,,,,,,,,,,,,,,,,,,,,,,,,0,0,0,1,1,0,0,,,,
13212572,N,N,N,N,N,N,N,4/10/2013,2:21 PM,0043670713Y,,101,208,N,Y,,,19,,,1,700,,JEFFERSON,ST,N,N,30,N,N,,Y,19,,,1,1700,,LOUISIANA,ST,,,,,,,12,1,4,,1,1,5,2:30 PM,HPD DISPATCH,2:36 PM,4/10/2013,Y,TXHPD0000,2469,16,121,35,8,2,1,10,64,54,1,5,1,21,21,101,208,29.7525648,-95.37227309,,,,,JEFFERSON ST,699,,,,,,,,,LOUISIANA ST,,,,,Y,N,N,3,9,Y,WED,,,,,,,,,,,,,,,,,,,,,,,,,,,,,,,,,,,,,,,,,,,,,,,,,,,,,,,,0,0,1,0,1,1,0,15,,,
13212624,N,N,N,N,N,N,N,4/10/2013,2:35 PM,0043669113I,,101,208,N,Y,,,19,,,1,15500,,ZABOLIO,LN,N,N,30,N,N,DRY LEVEL CONCRETE,Y,19,,,1,500,,EL DORADO,BLVD,,,,,,,12,1,0,,1,1,20,2:38 PM,DISPATCH,2:43 PM,4/10/2013,Y,TXHPD0000,2469,9,104,17,8,2,1,14,64,54,1,5,1,21,21,101,208,29.55879483,-95.14557315,,,,,ZABOLIO ST,,,,,,,,,,EL DORADO BLVD,,,,,Y,N,N,5,9,Y,WED,,,,,,,,,,,,,,,,,,,,,,,,,,,,,,,,,,,,,,,,,,,,,,,,,,,,,,,,0,0,0,2,0,0,0,15,,,
13212660,N,N,N,N,N,N,N,4/10/2013,5:40 PM,SAPD13075895,3210,15,379,N,Y,,,3,410,,2,800,NE,NOT REPORTED,,N,N,45,N,N,N.E. LOOP 410,N,19,,,,8500,,BROADWAY,,,,,,,,12,1,0,2,4,1,9,6:15 PM,DISPATCH,6:32 PM,4/10/2013,Y,TXSPD0000,2473,,29,131,8,2,2,22,64,42,2,1,1,21,21,15,379,29.51685982,-98.46421503,IH,410,,22.241,IH0410,,521,4,22.458,22,0.346,,,,BROADWAY ST,,,,,Y,Y,N,5,9,Y,WED,5,0,6,6,19,2,8,300,128,96,4,0,0,2,16,5,2,16,5,2,3,4,11,138695,2014,138695,2.9,1.9,4.7,1,234,1,1,15,,,,,,,,,,,,,,,,,,,,,,0,0,0,3,0,0,0,28,,,
13212666,N,N,N,N,N,N,N,4/8/2013,8:42 PM,SAPD13074395,7290,15,379,N,Y,,,19,,,1,2000,N,LA MANDA,BLVD,N,N,35,N,N,,N,19,,,,300,E,SALEM,DR,,,,,,,11,3,0,,1,1,11,11:24 PM,DISPATCHED,11:24 PM,4/8/2013,N,TXSPD0000,2473,,61,123,8,4,4,5,64,3,1,5,1,21,21,15,379,,,,,,,N LA MANDA BLVD,,,,,,,,,,,,,,,Y,N,N,5,9,N,MON,,,,,,,,,,,,,,,,,,,,,,,,,,,,,,,,,,,,,,,,,,,,,,,,,,,,,,,,0,0,0,1,1,0,0,,,,
13212843,N,N,N,N,N,N,N,4/2/2013,8:27 PM,2013-07950,,101,325,N,Y,29.67729,-95.20848,19,,,1,2300,,SHAVER,ST,N,N,35,N,N,,Y,19,,,1,200,,PAULINE,AVE,,,,,,,2,4,4,,1,2,5,8:29 PM,IN-PERSON,8:29 PM,4/2/2013,Y,TX1011500,1912,,,224,8,2,1,10,64,1,1,5,1,21,21,101,325,29.67731481,-95.20850313,,,,,SHAVER ST,2299,,,,,,,,,PAULINE AVE,,,,,Y,N,N,5,8,Y,TUE,,,,,,,,,,,,,,,,,,,,,,,,,,,,,,,,,,,,,,,,,,,,,,,,,,,,,,,,0,0,0,2,0,0,0,15,,,
13212874,N,N,N,N,N,N,N,4/2/2013,10:07 PM,13K0274,,170,1013,N,Y,,,4,1774,,1,200,,MAGNOLIA,BLVD,N,N,30,N,N,3 LANE PAVED ROADWAY,Y,19,,,1,32000,,NICHOLS SAWMILL,RD,,,,,2 LANE PAVED ROADWAY,,2,4,0,1,1,2,8,10:07 PM,CAME UPON,10:07 PM,4/3/2013,Y,TX1701000,1720,,,,8,2,1,10,64,54,1,3,1,21,21,170,1013,30.20809521,-95.74860817,FM,1774,,27.559,FM1774,208,1400,4,3.702,452,-0.499,,,,NICHOLS SAWMILL RD,,,,,Y,Y,Y,5,1,Y,TUE,2,0,8,8,0,2,2,60,40,24,4,0,0,2,8,5,2,8,5,0,0,4,17,11742,2014,11742,6.8,2.3,9.1,,,,,,,,,,,,,,,,,,,,,,,,,,,0,0,0,2,0,0,0,15,,,
13212895,N,N,N,N,N,N,N,4/5/2013,4:19 PM,2013-21810,,108,132,N,Y,,,2,281,,1,4800,S,NOT REPORTED,,N,N,75,N,N,,N,19,,,,500,E,TRENTON,RD,,,,,,,11,1,0,3,1,1,20,4:19 PM,DISPATCHED,4:23 PM,4/5/2013,Y,TX1080400,1248,,,35,8,7,4,1,56,54,1,2,2,21,21,108,132,26.26125524,-98.17275827,BU,281,W,5.996,BU0281W,4260,255,11,7.003,720,0.003,,,,,,,,,Y,Y,N,5,7,Y,FRI,2,0,0,0,0,2,4,100,69,65,4,0,0,1,0,0,1,0,0,0,0,4,14,17613,2014,17613,2.3,2,4.3,,,,,,,,,,,,,,,,,,,,,,,,,,,0,0,0,3,0,0,0,230,,,
13213082,N,N,N,N,N,N,N,4/1/2013,4:46 PM,130401-044,,165,291,N,Y,,,9,158,,1,3200,,ANDREWS,HWY,N,N,40,N,N,,N,19,,,1,1400,,BOEING,ST,,,,,,,11,1,0,3,1,1,20,4:49 PM,DISPATCHED,4:57 PM,4/1/2013,Y,TX165011N,1782,,,,8,2,4,22,64,42,1,2,1,21,21,165,291,32.00219877,-102.1176594,BS,158,B,2.143,BS0158B,,463,2,12.184,276,0.195,,,,,,,,,Y,Y,N,5,8,Y,MON,2,0,0,0,0,1,6,100,80,69,4,1,1,1,0,0,1,0,0,0,0,3,14,24284,2014,24284,2.3,1.2,3.4,,,,,,,,,,,,,,,,,,,,,,,,,,,0,0,0,2,0,0,0,174,,,
13213162,N,N,N,N,N,N,N,4/3/2013,3:28 AM,2013007017,,108,448,N,Y,,,19,,,1,300,S,BRIDGE,AVE,N,N,30,N,N,,N,8,83,,,,,NOT REPORTED,,,,,,,,11,4,2,,1,1,20,3:28 AM,RADIO DISPATCHED,3:30 AM,4/3/2013,Y,TX1081400,2396,,,,8,7,4,1,30,54,1,5,2,21,21,108,448,26.15874085,-97.9825835,,,,,S BRIDGE AVE,427,,,,,,,,,,,,,,Y,N,N,5,6,Y,WED,,,,,,,,,,,,,,,,,,,,,,,,,,,,,,,,,,,,,,,,,,,,,,,,,,,,,,,,0,0,0,1,0,0,0,230,,,
13213290,N,N,N,N,N,N,N,4/2/2013,2:10 PM,13-6563,,161,442,N,Y,,,19,,,1,2800,,LYLE,AVE,N,N,30,N,N,,Y,19,,,1,2500,N,28TH,ST,,,,,,,2,1,4,,1,2,8,2:13 PM,DISPATCHED,2:16 PM,4/2/2013,Y,TX1551200,2372,,,100,8,2,1,10,64,54,1,5,1,21,21,161,442,31.5618745,-97.17381254,,,,,LYLE AVE,2798,,,,,,,,,N 28TH ST,,,,,Y,N,N,2,8,Y,TUE,,,,,,,,,,,,,,,,,,,,,,,,,,,,,,,,,,,,,,,,,,,,,,,,,,,,,,,,0,1,0,2,0,1,0,140,,,
13213294,N,N,N,N,N,N,N,4/4/2013,8:25 PM,2013-0000878,,226,378,N,Y,,,9,67,,1,4300,,SHERWOOD WAY,,N,N,45,N,N,,N,19,,,1,2700,,SOUTHWEST,,,,,,,,11,4,0,2,1,1,21,8:25 PM,DISPATCHED,8:30 PM,4/4/2013,Y,TX2260100,2067,,,,8,2,2,22,64,38,1,2,1,21,21,226,378,31.44107232,-100.4994699,US,67,,442.117,US0067,,77,6,4.822,674,0.453,,,,SOUTHWEST BLVD,,,,,Y,Y,N,2,7,Y,THU,5,0,6,10,60,2,4,420,80,48,4,0,0,2,12,5,2,20,5,2,48,3,12,31845,2014,31845,4.4,4.4,8.8,,,,,,,,,,,,,,,,,,,,,,,,,,,0,1,0,4,0,1,0,208,,,
13213296,N,N,N,N,N,N,N,3/23/2013,4:51 PM,2013-0000759,,226,378,N,Y,,,19,,,1,2200,,KNICKERBOCKER,RD,N,N,40,N,N,,Y,19,,,1,2100,,INDUSTRIAL,AVE,,,,,,,11,1,0,3,1,1,8,4:52 PM,DISPATCHED,4:52 PM,3/23/2013,Y,TX2260100,2067,,,,8,2,1,14,64,54,1,3,1,21,21,226,378,31.42623548,-100.4620224,RM,584,,1.531,RM0584,2199,2574,1,2.593,360,-0.449,,,,INDUSTRIAL AVE,,,,,Y,Y,N,2,7,Y,SAT,2,0,0,0,0,2,6,120,84,72,4,1,1,1,0,0,1,0,0,0,0,3,14,17664,2014,17664,1.3,1.7,3,,,,,,,,,,,,,,,,,,,,,,,,,,,0,1,0,4,0,1,0,208,,,
13213306,N,N,N,N,N,N,N,4/2/2013,7:50 PM,,A2013-859,226,378,N,Y,,,8,67,,1,4200,,SHERWOOD WAY,,N,N,45,N,N,,N,19,,,,,,SOUTHWEST,BLVD,,,,,SOUTHWEST BLVD,,2,4,0,2,1,2,21,7:51 PM,RADIO DISPATCH,7:56 PM,4/2/2013,Y,,2067,,,,8,2,2,22,64,38,1,2,1,21,21,226,378,31.44132642,-100.499225,US,67,,442.094,US0067,,77,6,4.8,674,0.43,,,,SOUTHWEST BLVD,,,,,Y,Y,N,3,7,Y,TUE,5,0,6,10,60,2,4,420,80,48,4,0,0,2,12,5,2,20,5,2,48,3,12,31845,2014,31845,4.4,4.4,8.8,,,,,,,,,,,,,,,,,,,,,,,,,,,0,0,1,3,0,1,0,208,,,
13213385,N,N,N,N,N,N,N,3/18/2013,1:52 PM,13-0300666,,21,55,N,Y,,,4,1179,,1,900,W,VILLA MARIA,RD,N,N,45,N,N,,N,19,,,5,3200,,FINFEATHER,RD,,,,,,,11,1,0,,2,1,5,1:52 PM,DISPATCHED,1:53 PM,3/18/2013,Y,TX0210100,174,,,,8,2,2,22,64,42,1,3,1,21,21,21,55,,,FM,1179,,,FM1179,,,,,,,,,,FINFEATHER RD,,,,,Y,Y,N,3,7,N,MON,,,,,,,,,,,,,,,,,,,,,,,,,,,,,,,,,,,,,,,,,,,,,,,,,,,,,,,,0,0,1,1,0,1,0,,,,