Crash_ID,Crash_Fatal_Fl,Cmv_Involv_Fl,Schl_Bus_Fl,Rr_Relat_Fl,Medical_Advisory_Fl,Amend_Supp_Fl,Active_School_Zone_Fl,Crash_Date,Crash_Time,Case_ID,Local_Use,Rpt_CRIS_Cnty_ID,Rpt_City_ID,Rpt_Outside_City_Limit_Fl,Thousand_Damage_Fl,Rpt_Latitude,Rpt_Longitude,Rpt_Rdwy_Sys_ID,Rpt_Hwy_Num,Rpt_Hwy_Sfx,Rpt_Road_Part_ID,Rpt_Block_Num,Rpt_Street_Pfx,Rpt_Street_Name,Rpt_Street_Sfx,Private_Dr_Fl,Toll_Road_Fl,Crash_Speed_Limit,Road_Constr_Zone_Fl,Road_Constr_Zone_Wrkr_Fl,Rpt_Street_Desc,At_Intrsct_Fl,Rpt_Sec_Rdwy_Sys_ID,Rpt_Sec_Hwy_Num,Rpt_Sec_Hwy_Sfx,Rpt_Sec_Road_Part_ID,Rpt_Sec_Block_Num,Rpt_Sec_Street_Pfx,Rpt_Sec_Street_Name,Rpt_Sec_Street_Sfx,Rpt_Ref_Mark_Offset_Amt,Rpt_Ref_Mark_Dist_Uom,Rpt_Ref_Mark_Dir,Rpt_Ref_Mark_Nbr,Rpt_Sec_Street_Desc,Rpt_CrossingNumber,Wthr_Cond_ID,Light_Cond_ID,Entr_Road_ID,Road_Type_ID,Road_Algn_ID,Surf_Cond_ID,Traffic_Cntl_ID,Investigat_Notify_Time,Investigat_Notify_Meth,Investigat_Arrv_Time,Report_Date,Investigat_Comp_Fl,ORI_Number,Investigat_Agency_ID,Investigat_Area_ID,Investigat_District_ID,Investigat_Region_ID,Bridge_Detail_ID,Harm_Evnt_ID,Intrsct_Relat_ID,FHE_Collsn_ID,Obj_Struck_ID,Othr_Factr_ID,Road_Part_Adj_ID,Road_Cls_ID,Road_Relat_ID,Phys_Featr_1_ID,Phys_Featr_2_ID,Cnty_ID,City_ID,Latitude,Longitude,Hwy_Sys,Hwy_Nbr,Hwy_Sfx,Dfo,Street_Name,Street_Nbr,Control,Section,Milepoint,Ref_Mark_Nbr,Ref_Mark_Displ,Hwy_Sys_2,Hwy_Nbr_2,Hwy_Sfx_2,Street_Name_2,Street_Nbr_2,Control_2,Section_2,Milepoint_2,Txdot_Rptable_Fl,Onsys_Fl,Rural_Fl,Crash_Sev_ID,Pop_Group_ID,Located_Fl,Day_of_Week,Hwy_Dsgn_Lane_ID,Hwy_Dsgn_Hrt_ID,Hp_Shldr_Left,Hp_Shldr_Right,Hp_Median_Width,Base_Type_ID,Nbr_Of_Lane,Row_Width_Usual,Roadbed_Width,Surf_Width,Surf_Type_ID,Curb_Type_Left_ID,Curb_Type_Right_ID,Shldr_Type_Left_ID,Shldr_Width_Left,Shldr_Use_Left_ID,Shldr_Type_Right_ID,Shldr_Width_Right,Shldr_Use_Right_ID,Median_Type_ID,Median_Width,Rural_Urban_Type_ID,Func_Sys_ID,Adt_Curnt_Amt,Adt_Curnt_Year,Adt_Adj_Curnt_Amt,Pct_Single_Trk_Adt,Pct_Combo_Trk_Adt,Trk_Aadt_Pct,Curve_Type_ID,Curve_Lngth,Cd_Degr,Delta_Left_Right_ID,Dd_Degr,Feature_Crossed,Structure_Number,I_R_Min_Vert_Clear,Approach_Width,Bridge_Median_ID,Bridge_Loading_Type_ID,Bridge_Loading_In_1000_Lbs,Bridge_Srvc_Type_On_ID,Bridge_Srvc_Type_Under_ID,Culvert_Type_ID,Roadway_Width,Deck_Width,Bridge_Dir_Of_Traffic_ID,Bridge_Rte_Struct_Func_ID,Bridge_IR_Struct_Func_ID,CrossingNumber,RRCo,Poscrossing_ID,WDCode_ID,Standstop,Yield,Incap_Injry_Cnt,Nonincap_Injry_Cnt,Poss_Injry_Cnt,Non_Injry_Cnt,Unkn_Injry_Cnt,Tot_Injry_Cnt,Death_Cnt,MPO_ID,Investigat_Service_ID,Investigat_DA_ID,Investigator_Narrative
13213774,N,N,N,N,N,N,N,4/9/2013,6:50 AM,0043047113C,FSGI,101,208,N,Y,,,19,,,1,2100,,BLALOCK,RD,N,N,35,N,N,FOUR LANE DIVIDED,Y,19,,,1,9700,,HAMMERLY,BLVD,,,,,,,11,1,4,,1,1,5,7:03 AM,DISPATCHED,7:24 AM,4/9/2013,Y,TXHPD0000,2469,24,106,87,8,2,1,10,64,54,1,5,1,21,21,101,208,29.8097448,-95.52454305,,,,,BLALOCK RD,,,,,,,,,,HAMMERLY BLVD,,,,,Y,N,N,5,9,Y,TUE,,,,,,,,,,,,,,,,,,,,,,,,,,,,,,,,,,,,,,,,,,,,,,,,,,,,,,,,0,0,0,1,1,0,0,15,,,
13213807,N,N,N,N,N,N,N,3/27/2013,12:30 PM,2013-1660,2013-1660,184,23,N,Y,32.9054,-97.5522,19,,,1,700,,REDBUD,DR,N,N,30,N,N,,N,19,,,,700,,KERRY,LN,,,,,,,11,1,0,,1,1,1,12:32 PM,DISPATCHED,12:34 PM,3/27/2013,Y,,76,,,35,8,7,4,1,31,54,1,5,2,21,21,184,23,32.90710742,-97.55196698,,,,,REDBUD DR,784,,,,,,,,,,,,,,Y,N,N,3,5,Y,WED,,,,,,,,,,,,,,,,,,,,,,,,,,,,,,,,,,,,,,,,,,,,,,,,,,,,,,,,0,0,1,0,0,1,0,282,,,
13213993,N,N,N,N,N,N,N,3/23/2013,8:27 AM,2013-00418,,199,1764,Y,Y,,,4,550,,1,3700,,NOT REPORTED,,N,N,55,N,N,,N,19,,,1,100,,JONES,RD,,,,,,,2,3,2,1,4,2,12,8:27 AM,RADIO,8:41 AM,3/23/2013,Y,TX1990000,2035,,,58,8,7,4,1,33,54,1,3,2,21,21,199,1764,32.88816135,-96.34988959,FM,550,,9.353,FM0550,,1014,2,11.389,614,-0.727,,,,,,,,,Y,Y,Y,5,0,Y,SAT,2,0,1,1,0,2,2,80,22,20,4,0,0,2,1,5,2,1,5,0,0,4,17,1472,2014,1472,3.6,19.4,23,,,,,,,,,,,,,,,,,,,,,,,,,,,0,0,0,1,0,0,0,282,,,
13214008,N,N,N,N,N,N,N,3/28/2013,1:52 PM,2013-03793,,220,1785,Y,Y,32.67849,-97.49912,5,2871,,1,2099,,RM RD 2871,,N,N,60,N,N,,Y,15,,,1,10086,,ALEDO,RD,,,,,,,12,1,4,1,1,1,8,2:13 PM,DISPATCHED,2:30 PM,3/28/2013,Y,TX2200000,2213,,,59,8,2,1,10,64,3,1,3,1,21,21,220,1785,32.6784843,-97.49910026,RM,2871,,3.904,RM2871,7001,2855,1,13.844,274,-0.307,,,,ALEDO RD,,,,,Y,Y,Y,5,0,Y,THU,2,0,4,4,0,2,2,160,32,24,3,0,0,3,4,5,3,4,5,0,0,4,16,9384,2014,9384,2,0.9,2.9,,,,,,,,,,,,,,,,,,,,,,,,,,,0,0,0,4,0,0,0,282,,,
13214110,N,N,N,N,N,N,N,3/22/2013,4:58 PM,1300013239,,46,309,N,Y,,,1,35B,,1,200,N,35 BUS,HWY,N,N,40,N,N,,N,19,,,1,1100,S,SEGUIN,AVE,,,,,,,11,1,0,3,1,1,20,4:58 PM,DISPATCHED,5:04 PM,3/23/2013,Y,TX0460100,1841,,73,17,8,2,4,34,64,54,1,2,1,21,21,46,309,29.69375156,-98.11155884,BI,35,H,2.192,BI0035H,170,16,11,2.23,520,0.233,,,,,,,,,Y,Y,N,5,7,Y,FRI,2,0,4,4,0,2,4,120,70,54,4,0,0,2,4,5,2,4,5,0,0,4,14,13966,2014,13966,2.3,2.2,4.5,,,,,,,,,,,,,,,,,,,,,,,,,,,0,0,0,2,0,0,0,28,,,
13214223,N,N,N,N,N,N,N,4/1/2013,10:50 AM,13026850,,43,162,N,Y,,,3,289,,1,3500,,PRESTON,RD,N,N,45,Y,Y,,N,19,,,,9000,,WARREN,PKWY,,,,,,,11,1,0,2,1,1,11,10:53 AM,DISPATCHED,10:55 AM,4/1/2013,Y,TX0430400,1331,,,,8,2,4,20,64,49,1,2,1,21,21,43,162,33.10887484,-96.80566583,SH,289,,53.79,SH0289,,91,5,22.495,246,0.81,,,,,,,,,Y,Y,N,5,8,Y,MON,3,0,2,2,22,8,6,100,80,72,5,2,2,2,4,5,2,4,2,1,18,4,14,25917,2014,25917,1.5,6.8,8.3,,,,,,,,,,,,,,,,,,,,,,,,,,,0,0,0,3,0,0,0,282,,,
13214743,N,N,N,N,N,N,N,4/10/2013,1:35 PM,13-034463,,220,156,N,Y,32.72734,-97.41886,19,,,1,6300,,CAMP BOWIE,BLVD,N,N,35,N,N,,N,19,,,,,,BERNIE ANDERSON,AVE,,,,,,,2,1,0,2,1,2,20,1:40 PM,DISPATCHED,1:41 PM,4/10/2013,Y,TX2201200,1318,885,19,120,8,2,3,23,64,39,1,2,1,32,21,220,156,32.72649399,-97.42079028,US,377,,96.959,US0377,,8,4,11.106,302,-2.404,,,,,,,,,Y,Y,N,5,9,Y,WED,3,0,0,0,20,2,6,205,60,60,6,1,1,1,0,0,1,0,0,1,20,4,14,18995,2014,18995,2.5,0.4,2.9,,,,,,,,,,,,,,,,,,,,,,,,,,,0,0,0,2,0,0,0,282,,,
13214822,N,N,N,N,N,N,N,3/24/2013,3:39 PM,2013-BCSO-011808,C10,15,379,N,Y,,,19,,,1,,,MARBACH,RD,N,N,40,N,N,BLACK ASPHAULT,Y,19,,,1,,,BEAR SPRINGS,,,,,,BLACL ASPHAULT,,11,1,4,,1,1,8,3:39 PM,DISPATCHED,3:45 PM,3/27/2013,Y,TX0150000,120,,,148,8,2,1,14,64,54,1,5,1,21,21,15,379,,,,,,,MARBACH RD,,,,,,,,,,BEAR SPRINGS,,,,,Y,N,N,5,9,N,SUN,,,,,,,,,,,,,,,,,,,,,,,,,,,,,,,,,,,,,,,,,,,,,,,,,,,,,,,,0,0,0,1,1,0,0,,,,
13214840,N,N,N,N,N,N,N,4/10/2013,9:03 AM,2013-BCSO-014131,D10,15,1580,Y,Y,29.61779,-98.63712,19,,,1,19300,W,BABCOCK,RD,N,N,35,N,N,BLACK TOP,N,19,,,,7700,N,LUSKEY,BLVD,,,,,BLACK TOP,,2,1,2,,4,2,11,9:03 AM,DISPATCHED,9:14 AM,4/11/2013,Y,TX0150000,120,,,148,8,2,4,30,64,3,1,5,1,21,21,15,1580,29.62187227,-98.64066253,,,,,BABCOCK RD,19300,,,,,,,,,,,,,,Y,N,Y,5,0,Y,WED,,,,,,,,,,,,,,,,,,,,,,,,,,,,,,,,,,,,,,,,,,,,,,,,,,,,,,,,0,0,0,2,0,0,0,28,,,
13214942,N,N,N,N,N,N,N,4/5/2013,2:00 PM,SAPD13071732,3310,15,379,N,Y,,,2,281,,1,8600,,NOT REPORTED,,N,N,65,N,N,,N,1,410,,,200,,NOT REPORTED,,,,,,,,11,1,2,2,1,1,20,2:19 PM,DISPATCHED,2:41 PM,4/11/2013,Y,TXSPD0000,2473,,29,131,8,2,4,21,64,9,1,2,1,21,21,15,379,29.51826457,-98.47889293,US,281,,326.018,US0281,,73,8,19.839,530,0.612,,,,,,,,,Y,Y,N,5,9,Y,FRI,5,0,4,10,11,2,6,300,113,85,4,0,0,2,8,5,2,20,5,2,3,4,12,82490,2014,82490,1.8,0.6,2.3,,,,,,,,,,,,,,,,,,,,,,,,,,,0,0,0,2,0,0,0,28,,,
13214977,N,N,N,N,N,N,N,4/11/2013,12:57 AM,P131010016,,79,1644,Y,Y,,,19,,,1,1461,,CRABB RIVER,RD,N,N,45,N,N,,N,19,,,,6525,,SANSBURY,BLVD,,,,,,,2,4,4,,1,2,5,12:57 AM,FBCSO DISPATCH,1:02 AM,4/11/2013,Y,TX0790000,1312,,,33,8,2,2,22,64,38,1,5,1,21,21,79,1644,29.55241999,-95.69516044,,,,,CRABB RIVER RD,,,,,,,,,,SANSBURY BLVD,,,,,Y,N,Y,3,0,Y,THU,,,,,,,,,,,,,,,,,,,,,,,,,,,,,,,,,,,,,,,,,,,,,,,,,,,,,,,,0,0,1,1,0,1,0,15,,,
13215076,N,N,N,N,N,N,N,4/7/2013,8:15 PM,0042456213V,,101,208,N,Y,,,19,,,1,4350,,LANG,,N,N,30,N,N,,Y,19,,,1,6600,W,43RD,ST,,,,,,,11,4,4,,1,1,5,8:22 PM,DISPATCHED,8:27 PM,4/7/2013,Y,TXHPD0000,2469,16,152,27,8,2,1,10,64,54,1,5,1,21,21,101,208,29.83310479,-95.48886305,,,,,LANG RD,4350,,,,,,,,,W 43RD ST,,,,,Y,N,N,5,9,Y,SUN,,,,,,,,,,,,,,,,,,,,,,,,,,,,,,,,,,,,,,,,,,,,,,,,,,,,,,,,0,0,0,2,0,0,0,15,,,
13215090,N,N,N,N,N,N,N,4/11/2013,9:10 AM,SAPD13076193,5320,15,379,N,Y,,,11,410,,2,6300,NW,LOOP 410,,N,N,45,N,N,,N,19,,,,6600,,INGRAM,RD,,,,,,,11,1,98,2,2,1,20,9:14 AM,DISP,9:18 AM,4/11/2013,Y,TXSPD0000,2473,,19,148,8,2,4,21,64,9,2,1,1,21,21,15,379,29.46775073,-98.61738263,IH,410,,11.635,IH0410,,521,4,11.68,11,0.459,,,,,,,,,Y,Y,N,3,9,Y,THU,5,0,10,10,23,2,6,300,112,72,4,0,0,2,20,5,2,20,5,2,3,4,11,164650,2014,164650,2.9,1.9,4.7,1,648,0,2,25,,,,,,,,,,,,,,,,,,,,,,0,0,1,1,0,1,0,28,,,
13215101,N,N,N,N,N,N,N,4/3/2013,5:00 PM,,,31,1596,Y,Y,26.09903,-97.82331,4,506,,1,,,NOT REPORTED,,N,N,55,N,N,,Y,15,,,1,,,ZIMMERER,RD,,,,,,,11,1,0,1,1,1,8,5:08 PM,WESLACO DPS,5:32 PM,4/10/2013,Y,TXDPS5804,10000,7,127,1,8,2,1,10,64,54,1,3,1,21,21,31,1596,26.09903087,-97.8232346,FM,506,,18.643,FM0506,31756,872,4,10.272,732,0.795,FM,3067,,FM3067,,,,,Y,Y,Y,5,0,Y,WED,2,0,8,8,0,2,2,80,40,24,4,0,0,2,8,5,2,8,5,0,0,1,7,2247,2014,2247,14.8,25.2,40,,,,,,,,,,,,,,,,,,,,,,,,,,,0,0,0,2,0,0,0,201,,,
13215132,N,N,N,N,N,Y,N,4/11/2013,4:48 PM,13-6720,,221,2,N,Y,,,19,,,1,3500,,DUB WRIGHT,,N,N,55,N,N,,N,2,277,,,6000,,NOT REPORTED,,,,,,,,11,1,0,3,4,1,20,4:50 PM,DISPATCH,4:52 PM,4/16/2013,Y,TX2210100,10,,,113,8,2,2,13,64,54,1,3,1,21,21,221,2,32.40934118,-99.80841944,FM,3438,,4.424,FM3438,,2270,1,4.383,294,0.307,US,277,,US0277,,,,,Y,Y,N,5,8,Y,THU,2,0,0,0,0,2,4,100,57,57,4,0,1,1,0,0,1,0,0,0,0,3,14,8699,2014,8699,3.6,11,14.5,1,212,4,1,0,,,,,,,,,,,,,,,,,,,,,,0,0,0,7,0,0,0,166,,,
13215254,N,N,N,N,N,N,N,4/8/2013,2:56 PM,86138A,86139A,57,107,N,Y,,,19,,,1,600,E,KIEST,BLVD,N,N,35,N,N,LOCAL,Y,19,,,1,3200,S,MARSALIS,AVE,,,,,LOCAL,,12,1,4,,1,1,5,3:33 PM,DISPATCHED,3:40 PM,4/8/2013,N,TX0000006,2471,,,113,8,2,1,10,64,54,1,5,1,21,21,57,107,32.70588427,-96.81468257,,,,,E KIEST BLVD,,,,,,,,,,S MARSALIS AVE,,,,,Y,N,N,5,9,Y,MON,,,,,,,,,,,,,,,,,,,,,,,,,,,,,,,,,,,,,,,,,,,,,,,,,,,,,,,,0,0,0,1,1,0,0,282,,,
13215349,N,N,N,N,N,N,N,3/25/2013,5:00 PM,13-086202,,71,136,N,N,,,19,,,1,,,CINCINNATI,AVE,N,N,0,N,N,,Y,19,,,1,,N,N MESA ST,,,,,,,,0,0,98,,7,8,5,2:45 PM,PHONE,2:45 PM,3/27/2013,Y,TX0710200,1259,,,86,8,2,2,22,64,38,1,5,1,21,21,71,136,,,,,,,CINCINNATI AVE,,,,,,,,,,N N MESA ST,,,,,N,N,N,5,9,N,MON,,,,,,,,,,,,,,,,,,,,,,,,,,,,,,,,,,,,,,,,,,,,,,,,,,,,,,,,0,0,0,2,0,0,0,,,,
13215370,N,N,N,N,N,N,N,3/31/2013,4:52 AM,13-507863,,188,12,N,Y,,,19,,,1,3000,W,PLAINS,BLVD,N,N,35,N,N,,N,19,,,7,1000,S,VIRGINIA,ST,,,,,,,11,0,0,,1,1,20,4:22 AM,DISPATCH,4:32 AM,3/31/2013,N,TX1880100,33,,,152,8,7,4,1,36,54,1,5,2,21,21,188,12,35.20401337,-101.8704266,,,,,PLAINS BLVD,3046,,,,,,,,,,,,,,Y,N,N,0,8,Y,SUN,,,,,,,,,,,,,,,,,,,,,,,,,,,,,,,,,,,,,,,,,,,,,,,,,,,,,,,,0,0,0,0,1,0,0,120,,,
13215454,N,N,N,N,N,N,N,3/26/2013,2:00 PM,13-085234,,71,136,N,Y,,,19,,,1,10600,,VISTA DEL SOL,DR,N,N,35,N,N,2 WY DIV W/CTR TURN LANE RDWY,N,19,,,1,1200,N,YARBROUGH,DR,,,,,2 WY DIV PROT RDWY,,0,0,0,,8,0,1,3:48 PM,WALK IN TO PHRC CRC,3:48 PM,3/26/2013,Y,TX0710200,1259,,,136,8,2,3,34,64,13,1,5,1,32,21,71,136,31.75604987,-106.3417099,,,,,VISTA DEL SOL DR,10616,,,,,,,,,,,,,,Y,N,N,5,9,Y,TUE,,,,,,,,,,,,,,,,,,,,,,,,,,,,,,,,,,,,,,,,,,,,,,,,,,,,,,,,0,0,0,2,0,0,0,66,,,
13215544,N,N,N,N,N,N,N,4/2/2013,12:54 PM,130043468,0,101,1666,Y,Y,,,19,,,1,1130,,S MASON RD,,N,N,35,N,N,CONCRETE,N,15,,,,,,ROCK CANYON DR,,,,,,,,12,1,0,,1,1,11,12:54 PM,DISPATCHED,12:54 PM,4/2/2013,Y,TX1010000,1419,122,4,5,8,2,4,22,64,38,1,4,1,21,21,101,1666,29.76426941,-95.75170312,,,,,S MASON RD,,,,,,,,,,,,,,,Y,N,Y,2,0,Y,TUE,,,,,,,,,,,,,,,,,,,,,,,,,,,,,,,,,,,,,,,,,,,,,,,,,,,,,,,,0,1,0,1,0,1,0,15,,,
13215551,N,N,N,N,N,N,N,4/3/2013,9:50 AM,130043897,0,101,1666,Y,Y,,,19,,,1,,,MASON,RD,N,N,45,N,N,,Y,19,,,1,,,KATY BRIAR,LN,,,,,,,2,1,0,,1,2,8,10:02 AM,DISPATCHED,10:02 AM,4/3/2013,Y,TX1010000,1419,122,4,5,8,2,1,10,64,54,1,4,1,21,21,101,1666,29.8130248,-95.75224299,,,,,N MASON RD,,,,,,,,,,KATYBRIAR LN,,,,,Y,N,Y,5,0,Y,WED,,,,,,,,,,,,,,,,,,,,,,,,,,,,,,,,,,,,,,,,,,,,,,,,,,,,,,,,0,0,0,2,0,0,0,15,,,
13215676,N,N,N,N,N,N,N,3/29/2013,10:03 AM,130041516,0,101,1666,Y,Y,,,19,,,1,5100,,LAUDER,RD,N,N,30,N,N,,N,15,,,,,,CICITER,RD,,,,,,,11,1,0,,1,1,20,10:08 AM,DISPATCHED,10:09 AM,3/29/2013,Y,TX1010000,1419,117,4,5,8,2,1,10,64,14,1,4,1,32,21,101,1666,29.91079585,-95.3161332,,,,,LAUDER RD,5211,,,,,,,,,CICETER RD,,,,,Y,N,Y,2,0,Y,FRI,,,,,,,,,,,,,,,,,,,,,,,,,,,,,,,,,,,,,,,,,,,,,,,,,,,,,,,,0,1,0,1,0,1,0,15,,,
13215684,N,N,N,N,N,N,N,3/25/2013,7:50 AM,130039409,0,101,1666,Y,Y,,,19,,,1,7200,,ATASCOCITA,RD,N,N,45,N,N,"FIVE LANE, TWO WAY ROADWAY",Y,19,,,1,19000,,ATASCOCITA TRACE,DR,,,,,"FOUR LANE, TWO WAY ROADWAY",,11,1,0,,1,1,8,7:57 AM,FLAGGED DOWN,7:57 AM,3/25/2013,Y,TX1010000,1419,282,4,5,8,2,1,14,64,54,1,4,1,21,21,101,1666,29.99660475,-95.16805313,,,,,ATASCOCITA RD,7200,,,,,,,,,UNKNOWN,,,,,Y,N,Y,5,0,Y,MON,,,,,,,,,,,,,,,,,,,,,,,,,,,,,,,,,,,,,,,,,,,,,,,,,,,,,,,,0,0,0,3,0,0,0,15,,,
13215707,N,N,N,N,N,N,N,4/2/2013,4:15 PM,13-040131,,243,459,N,Y,33.90093,-98.49623,19,,,1,1500,,14TH,ST,N,N,30,N,N,,Y,19,,,1,1400,,HOLLIDAY,ST,,,,,,,2,1,0,,1,2,5,4:17 PM,DISPATCH,4:21 PM,4/2/2013,Y,TX2430500,2426,,,,8,2,1,10,64,54,1,2,1,21,21,243,459,33.90091412,-98.49627207,,,,,14TH ST,1501,,,,,,,,,HOLLIDAY ST,,,,,Y,N,N,5,8,Y,TUE,,,,,,,,,,,,,,,,,,,,,,,,,,,,,,,,,,,,,,,,,,,,,,,,,,,,,,,,0,0,0,2,0,0,0,151,,,
13215765,N,N,N,N,N,N,N,4/6/2013,3:45 PM,130961168,,227,22,N,Y,,,19,,,1,3412,,DAVIS,LN,N,N,0,N,N,,N,19,,,1,8900,,BRODIE,LN,,,,,INTERSECTION,,11,1,2,,2,1,8,3:20 PM,DISPATCH,3:50 PM,4/6/2013,Y,TX2270100,74,,,290,8,2,2,22,64,3,1,5,1,21,21,227,22,30.1945148,-97.84069244,,,,,DAVIS LN,3412,,,,,,,,,UNKNOWN,,,,,Y,N,N,3,9,Y,SAT,,,,,,,,,,,,,,,,,,,,,,,,,,,,,,,,,,,,,,,,,,,,,,,,,,,,,,,,0,0,1,1,0,1,0,90,,,
13215908,N,N,N,N,N,N,N,4/5/2013,11:10 AM,13-11468,,152,270,N,Y,,,19,,,1,7200,,QUAKER,AVE,N,N,40,N,N,,N,19,,,,4400,,74TH,ST,,,,,,,11,1,0,,1,1,1,11:10 AM,ON VIEW,11:10 AM,4/5/2013,Y,TX1520200,1706,,,,8,2,4,20,64,42,1,5,1,21,21,152,270,33.52874606,-101.9065216,,,,,QUAKER AVE,7078,,,,,,,,,,,,,,Y,N,N,5,8,Y,FRI,,,,,,,,,,,,,,,,,,,,,,,,,,,,,,,,,,,,,,,,,,,,,,,,,,,,,,,,0,0,0,2,0,0,0,122,,,
13216089,N,N,N,N,N,N,N,4/1/2013,3:00 PM,13-10991,,152,270,N,Y,,,2,84,,1,1700,E,SLATON,HWY,N,N,55,N,N,,Y,19,,,1,7300,,MLK,BLVD,,,,,,,11,1,4,,1,1,5,3:03 PM,DISPATCH,3:10 PM,4/1/2013,Y,TX1520200,1706,,,,8,2,1,34,64,54,1,2,1,21,21,152,270,,,US,84,,,US0084,,,,,,,,,,MLK BLVD,,,,,Y,Y,N,3,8,N,MON,,,,,,,,,,,,,,,,,,,,,,,,,,,,,,,,,,,,,,,,,,,,,,,,,,,,,,,,0,0,2,1,0,2,0,,,,
13216639,N,N,N,N,N,N,N,4/4/2013,1:32 PM,13-0940955,,227,22,N,Y,,,19,,,1,2900,W,45TH,ST,N,N,0,N,N,,Y,19,,,,4500,,PLACID,PL,,,,,,,12,1,2,,1,1,20,1:32 PM,ON SIGHT,1:32 PM,4/4/2013,Y,TX2270100,74,,,125,8,2,1,34,64,54,1,5,1,21,21,227,22,30.32092477,-97.75419246,,,,,W 45TH ST,2898,,,,,,,,,PLACID PL,,,,,Y,N,N,5,9,Y,THU,,,,,,,,,,,,,,,,,,,,,,,,,,,,,,,,,,,,,,,,,,,,,,,,,,,,,,,,0,0,0,2,0,0,0,90,,,
13216840,N,N,N,N,N,N,N,4/7/2013,12:21 PM,13-0970812,,227,22,N,Y,,,19,,,1,7000,,HART,LN,N,N,30,N,N,,N,19,,,,,,FAR WEST,BLVD,,,,,,,11,1,0,,1,1,20,12:23 PM,DISPATCH,12:24 PM,4/7/2013,Y,TX2270100,74,,,107,8,2,4,20,64,47,1,5,1,21,21,227,22,30.35466405,-97.7568912,,,,,HART LN,7082,,,,,,,,,,,,,,Y,N,N,5,9,Y,SUN,,,,,,,,,,,,,,,,,,,,,,,,,,,,,,,,,,,,,,,,,,,,,,,,,,,,,,,,0,0,0,5,0,0,0,90,,,
13216906,N,N,N,N,N,N,N,4/4/2013,6:18 PM,130941449,,227,22,N,Y,,,19,,,1,3900,S,CAPITAL OF TEXAS NB,HWY,N,N,45,N,N,,N,19,,,,,,SHEAGATE,DR,,,,,,,11,1,0,2,1,1,20,6:18 PM,DISPATCHED,6:27 PM,4/4/2013,Y,TX2270100,74,42,93,112,8,2,4,20,64,54,1,2,1,21,21,227,22,30.2415934,-97.80081169,SL,360,,13.217,SL0360,,113,13,24.217,444,1.188,,,,,,,,,Y,Y,N,5,9,Y,THU,5,0,4,8,56,2,5,350,84,60,4,1,1,2,8,5,2,16,5,3,48,4,12,69369,2014,69369,2.3,0.4,2.7,,,,,,,,,,,,,,,,,,,,,,,,,,,0,0,0,4,0,0,0,90,,,
13216909,N,N,N,N,N,N,N,4/4/2013,7:13 AM,13-0940379,,227,22,N,Y,,,19,,,1,4300,S,MOPAC NB,EXPY,N,N,65,N,N,,N,19,,,,,,GAINES RANCH,LOOP,,,,,,,12,1,0,2,2,1,20,7:14 AM,DISPATCHED,7:26 AM,4/4/2013,Y,TX2270100,74,1,105,112,8,2,4,22,64,42,1,2,1,21,21,227,22,30.24075829,-97.8152696,SL,1,,19.018,SL0001,,3136,1,19.08,444,-0.835,,,,,,,,,Y,Y,N,3,9,Y,THU,5,0,6,10,72,2,6,610,104,72,4,0,0,2,12,5,2,20,5,2,60,4,12,66738,2014,66738,1.3,0.3,1.6,,,,,,,,,,,,,,,,,,,,,,,,,,,0,0,1,2,0,1,0,90,,,
13216971,N,N,N,N,N,N,N,4/3/2013,1:53 PM,13-11224,,152,270,N,Y,,,2,84,,1,2100,,CLOVIS,RD,N,N,40,N,N,NORTH WEST BOUND LANES,N,19,,,1,200,N,U,AVE,,,,,LOCAL ROAD,,12,1,0,,1,1,1,1:57 PM,POLICE RADIO,2:00 PM,4/3/2013,Y,TX1520200,1706,,,,8,2,4,22,64,42,1,2,1,21,21,152,270,,,US,84,,,US0084,,,,,,,,,,,,,,,Y,Y,N,3,8,N,WED,,,,,,,,,,,,,,,,,,,,,,,,,,,,,,,,,,,,,,,,,,,,,,,,,,,,,,,,0,0,1,3,0,1,0,,,,
13217027,N,N,N,N,N,N,N,4/9/2013,1:40 PM,13041183,,31,53,N,N,,,4,802,,1,1200,W,RUBEN M TORRES,BLVD,N,N,45,N,N,,N,2,281,,,1300,,MILITARY,,,,,,,,11,1,0,3,1,1,5,1:41 PM,DISPATCHED,1:53 PM,4/9/2013,Y,TX0310100,172,,211,33,8,2,4,22,64,36,1,3,1,21,21,31,53,25.93988118,-97.53712428,FM,802,,0.001,FM0802,1399,1140,1,5.001,558,-0.052,,,,,,,,,N,Y,N,5,8,Y,TUE,2,0,8,8,0,2,4,120,80,60,4,2,2,2,8,3,2,8,3,0,0,4,14,10051,2014,10051,4.2,13.4,17.6,,,,,,,,,,,,,,,,,,,,,,,,,,,0,0,0,2,0,0,0,248,,,
13217119,N,N,N,N,N,N,N,3/28/2013,6:52 AM,,,57,107,N,Y,33.01003,-96.82951,12,,,4,,,PRESIDENT GEORGE BUSH TURNPIKE,,N,Y,70,N,N,,N,,,,,,,NOT REPORTED,,100,F,N,820,,,11,1,0,,5,1,10,6:59 AM,DISPATCH,7:05 AM,4/3/2013,Y,,10000,46,107,1,8,7,2,1,52,24,4,6,1,21,21,57,107,,,,,,,PRESIDENT GEORGE BUSH TURNPIKE,,,,,,,,,,NOT REPORTED,,,,,Y,N,N,3,9,N,THU,,,,,,,,,,,,,,,,,,,,,,,,,,,,,,,,,,,,,,,,,,,,,,,,,,,,,,,,0,0,1,1,0,1,0,,,,