Crash_ID,Crash_Fatal_Fl,Cmv_Involv_Fl,Schl_Bus_Fl,Rr_Relat_Fl,Medical_Advisory_Fl,Amend_Supp_Fl,Active_School_Zone_Fl,Crash_Date,Crash_Time,Case_ID,Local_Use,Rpt_CRIS_Cnty_ID,Rpt_City_ID,Rpt_Outside_City_Limit_Fl,Thousand_Damage_Fl,Rpt_Latitude,Rpt_Longitude,Rpt_Rdwy_Sys_ID,Rpt_Hwy_Num,Rpt_Hwy_Sfx,Rpt_Road_Part_ID,Rpt_Block_Num,Rpt_Street_Pfx,Rpt_Street_Name,Rpt_Street_Sfx,Private_Dr_Fl,Toll_Road_Fl,Crash_Speed_Limit,Road_Constr_Zone_Fl,Road_Constr_Zone_Wrkr_Fl,Rpt_Street_Desc,At_Intrsct_Fl,Rpt_Sec_Rdwy_Sys_ID,Rpt_Sec_Hwy_Num,Rpt_Sec_Hwy_Sfx,Rpt_Sec_Road_Part_ID,Rpt_Sec_Block_Num,Rpt_Sec_Street_Pfx,Rpt_Sec_Street_Name,Rpt_Sec_Street_Sfx,Rpt_Ref_Mark_Offset_Amt,Rpt_Ref_Mark_Dist_Uom,Rpt_Ref_Mark_Dir,Rpt_Ref_Mark_Nbr,Rpt_Sec_Street_Desc,Rpt_CrossingNumber,Wthr_Cond_ID,Light_Cond_ID,Entr_Road_ID,Road_Type_ID,Road_Algn_ID,Surf_Cond_ID,Traffic_Cntl_ID,Investigat_Notify_Time,Investigat_Notify_Meth,Investigat_Arrv_Time,Report_Date,Investigat_Comp_Fl,ORI_Number,Investigat_Agency_ID,Investigat_Area_ID,Investigat_District_ID,Investigat_Region_ID,Bridge_Detail_ID,Harm_Evnt_ID,Intrsct_Relat_ID,FHE_Collsn_ID,Obj_Struck_ID,Othr_Factr_ID,Road_Part_Adj_ID,Road_Cls_ID,Road_Relat_ID,Phys_Featr_1_ID,Phys_Featr_2_ID,Cnty_ID,City_ID,Latitude,Longitude,Hwy_Sys,Hwy_Nbr,Hwy_Sfx,Dfo,Street_Name,Street_Nbr,Control,Section,Milepoint,Ref_Mark_Nbr,Ref_Mark_Displ,Hwy_Sys_2,Hwy_Nbr_2,Hwy_Sfx_2,Street_Name_2,Street_Nbr_2,Control_2,Section_2,Milepoint_2,Txdot_Rptable_Fl,Onsys_Fl,Rural_Fl,Crash_Sev_ID,Pop_Group_ID,Located_Fl,Day_of_Week,Hwy_Dsgn_Lane_ID,Hwy_Dsgn_Hrt_ID,Hp_Shldr_Left,Hp_Shldr_Right,Hp_Median_Width,Base_Type_ID,Nbr_Of_Lane,Row_Width_Usual,Roadbed_Width,Surf_Width,Surf_Type_ID,Curb_Type_Left_ID,Curb_Type_Right_ID,Shldr_Type_Left_ID,Shldr_Width_Left,Shldr_Use_Left_ID,Shldr_Type_Right_ID,Shldr_Width_Right,Shldr_Use_Right_ID,Median_Type_ID,Median_Width,Rural_Urban_Type_ID,Func_Sys_ID,Adt_Curnt_Amt,Adt_Curnt_Year,Adt_Adj_Curnt_Amt,Pct_Single_Trk_Adt,Pct_Combo_Trk_Adt,Trk_Aadt_Pct,Curve_Type_ID,Curve_Lngth,Cd_Degr,Delta_Left_Right_ID,Dd_Degr,Feature_Crossed,Structure_Number,I_R_Min_Vert_Clear,Approach_Width,Bridge_Median_ID,Bridge_Loading_Type_ID,Bridge_Loading_In_1000_Lbs,Bridge_Srvc_Type_On_ID,Bridge_Srvc_Type_Under_ID,Culvert_Type_ID,Roadway_Width,Deck_Width,Bridge_Dir_Of_Traffic_ID,Bridge_Rte_Struct_Func_ID,Bridge_IR_Struct_Func_ID,CrossingNumber,RRCo,Poscrossing_ID,WDCode_ID,Standstop,Yield,Incap_Injry_Cnt,Nonincap_Injry_Cnt,Poss_Injry_Cnt,Non_Injry_Cnt,Unkn_Injry_Cnt,Tot_Injry_Cnt,Death_Cnt,MPO_ID,Investigat_Service_ID,Investigat_DA_ID,Investigator_Narrative
13217229,N,N,N,N,N,Y,N,4/7/2013,5:52 AM,194035,,143,1708,Y,Y,29.35358,-97.0615,4,318,,1,,,NOT REPORTED,,N,N,60,N,N,,N,15,374,,,,,NOT REPORTED,,,,,,,,11,3,0,1,1,1,20,6:17 AM,DPS SAN ANTONIO,7:07 AM,7/28/2013,Y,,10000,46,92,1,8,7,4,1,63,3,1,3,2,21,21,143,1708,29.35358008,-97.06150006,FM,318,,9.167,FM0318,9180,1696,2,10.169,514,-0.833,,,,,,,,,Y,Y,Y,1,0,Y,SUN,2,0,1,1,0,2,2,100,22,20,2,0,0,3,1,5,3,1,5,0,0,1,8,369,2014,369,9.7,7.4,17.1,,,,,,,,,,,,,,,,,,,,,,,,,,,1,1,0,0,0,2,0,,,,
13217328,N,N,N,N,N,Y,N,4/7/2013,9:04 PM,,,210,1775,Y,Y,31.7049,-93.91222,4,139,,1,,,NOT REPORTED,,N,N,55,N,N,,Y,4,3184,,1,,,NOT REPORTED,,,,,,,,11,3,3,1,4,1,11,9:05 PM,DISPATCHED,9:33 PM,11/19/2015,N,,10000,16,58,1,8,10,2,1,1,54,1,3,2,21,21,210,1775,31.7049427,-93.91244507,FM,139,,21.821,FM0139,21909,742,1,31.304,772,-0.669,FM,3184,,FM3184,,3535,1,1,Y,Y,Y,2,0,Y,SUN,2,0,1,1,0,2,2,132,24,22,2,0,0,2,1,5,2,1,5,0,0,1,7,295,2014,295,5.9,1.9,7.7,,,,,,,,,,,,,,,,,,,,,,,,,,,0,1,0,0,0,1,0,,,,
13217427,N,N,N,N,N,N,N,3/31/2013,3:49 PM,P130900413,,79,1644,Y,N,,,3,6,,7,9203,N,6,HWY,Y,N,-1,N,N,,N,19,,,,,,BISSONNET,ST,,,,,,,12,1,98,,7,1,17,4:10 PM,DISPATCHED,4:27 PM,3/31/2013,Y,TX0790000,1312,,,35,8,7,4,1,36,3,7,9,5,33,21,79,1644,,,SH,6,,,SH0006,,,,,,,,,,,,,,,N,Y,Y,5,0,N,SUN,,,,,,,,,,,,,,,,,,,,,,,,,,,,,,,,,,,,,,,,,,,,,,,,,,,,,,,,0,0,0,1,0,0,0,,,,
13217583,N,N,N,N,N,N,N,4/8/2013,11:34 AM,SAPD13073860,3130,15,379,N,Y,,,2,281,,2,,N,NOT REPORTED,,N,N,45,N,N,US HWY FRONTAGE RD,Y,19,,,1,,,THOUSAND OAKS,,,,,,LOCAL RD,,12,1,2,2,1,1,6,11:36 AM,DISPATCHED,11:50 AM,4/8/2013,Y,TXSPD0000,2473,,29,131,8,2,1,10,64,54,2,2,1,14,21,15,379,29.59271029,-98.47316741,US,281,,320.449,US0281,,253,4,10.104,524,1.064,,,,THOUSAND OAKS DR,,,,,Y,Y,N,3,9,Y,MON,5,0,8,8,14,2,8,300,130,108,4,0,0,2,11,5,2,11,5,2,3,4,12,151019,2014,151019,1.8,0.6,2.3,,,,,,,,,,,,,,,,,,,,,,,,,,,0,0,1,1,0,1,0,28,,,
13217629,N,N,N,N,N,N,N,4/12/2013,1:30 PM,SAPD13077218,7240,15,379,N,N,,,19,,,1,7016,N,BLANCO,,N,N,45,N,N,FOUR LANE ROADWAY,Y,1,410,,1,877,NW,LOOP 410,,,,,,SERVICE ROAD,,11,1,0,2,4,1,9,2:00 PM,1410,2:15 PM,4/12/2013,Y,TXSPD0000,2473,,61,123,8,2,2,22,64,42,1,1,1,21,21,15,379,29.52060698,-98.50666046,IH,410,,19.657,IH0410,,521,4,19.767,20,-0.338,FM,2696,,FM2696,,2708,1,18.595,N,Y,N,5,9,Y,FRI,5,0,8,8,21,2,9,300,144,108,4,0,0,2,18,5,2,18,5,2,3,4,11,212452,2014,212452,2.9,1.9,4.7,,,,,,,,,,,,,,,,,,,,,,,,,,,0,0,0,2,0,0,0,28,,,
13217701,N,N,N,N,N,N,N,4/12/2013,5:12 PM,1300009468,,3,272,N,Y,,,19,,,1,1300,,WILLIAMS,ST,N,N,30,N,N,,N,19,,,,1200,,CARVER,ST,,,,,,,11,1,4,,3,1,1,5:14 PM,DISPATCHED,5:15 PM,4/13/2013,N,TX0030400,1708,17,53,166,8,7,4,1,32,54,1,5,2,21,21,3,272,31.35160403,-94.73478638,,,,,WILLIAMS ST,1335,,,,,,,,,,,,,,Y,N,N,2,6,Y,FRI,,,,,,,,,,,,,,,,,,,,,,,,,,,,,,,,,,,,,,,,,,,,,,,,,,,,,,,,0,1,0,0,0,1,0,,,,
13217841,N,N,N,N,N,N,N,4/9/2013,11:55 AM,0043157313M,,101,208,N,Y,,,19,,,1,13300,,HEMPSTEAD,HWY,N,N,40,N,N,TWO-WAY,Y,19,,,1,8200,,PINEMONT,DR,,,,,,,11,1,0,,1,1,5,12:12 PM,DISPATCHED,12:14 PM,4/9/2013,Y,TXHPD0000,2469,18,106,87,8,2,1,34,64,54,1,2,1,21,21,101,208,29.84100479,-95.51508305,,,,,HEMPSTEAD HWY,13298,,,,,,,,,PINEMONT DR,,,,,Y,N,N,5,9,Y,TUE,,,,,,,,,,,,,,,,,,,,,,,,,,,,,,,,,,,,,,,,,,,,,,,,,,,,,,,,0,0,0,2,0,0,0,15,,,
13217842,N,N,N,N,N,N,N,4/13/2013,11:53 PM,SAPD13078397,2370,15,379,N,N,,,17,,,1,1001,,FRIO CITY,RD,Y,N,5,N,N,1001 FRIO CITY ROAD,N,19,,,,100,,DORRIS,ST,,,,,100 BLOCK DORRIS STREET,,11,4,98,,1,1,1,11:53 PM,DISPATCHED,11:58 PM,4/14/2013,Y,TXSPD0000,2473,,3,122,8,4,4,4,64,12,7,9,5,33,21,15,379,,,,,,,FRIO CITY RD,,,,,,,,,,,,,,,N,N,N,5,9,N,SAT,,,,,,,,,,,,,,,,,,,,,,,,,,,,,,,,,,,,,,,,,,,,,,,,,,,,,,,,0,0,0,1,0,0,0,,,,
13217911,N,N,N,N,N,N,N,4/12/2013,12:14 PM,130412023,HIT AND RUN,165,291,N,Y,,,3,349,,1,600,N,BIG SPRING,ST,N,N,30,N,N,,Y,19,,,1,400,W,LOUISIANA,AVE,,,,,,,11,1,4,3,1,1,5,12:17 PM,DISPATCHED,12:26 PM,4/12/2013,N,TX1650100,1782,,,629,8,2,1,10,64,54,1,2,1,21,21,165,291,32.00367253,-102.0782407,BS,349,C,6.613,BS0349C,,380,9,6.854,328,-0.02,,,,W LOUISIANA AVE,,,,,Y,Y,N,5,8,Y,FRI,2,0,0,0,0,1,4,80,61,49,2,1,1,1,0,0,1,0,0,0,0,3,14,18775,2014,18775,4.1,15.3,19.3,,,,,,,,,,,,,,,,,,,,,,,,,,,0,0,0,1,1,0,0,174,,,
13217936,N,N,N,N,N,N,N,4/11/2013,8:30 AM,0043979413R,FSGI,101,208,N,Y,,,19,,,1,5800,,WHEATLEY,ST,N,N,40,N,N,WET,Y,19,,,1,,,MANSFIELD,,,,,,,,2,1,4,,1,2,8,8:47 AM,DISPATCH,9:07 AM,4/11/2013,Y,TXHPD0000,2469,24,152,59,8,2,1,10,64,54,1,5,1,21,21,101,208,29.85140478,-95.42914307,,,,,WHEATLEY ST,,,,,,,,,,MANSFIELD ST,,,,,Y,N,N,5,9,Y,THU,,,,,,,,,,,,,,,,,,,,,,,,,,,,,,,,,,,,,,,,,,,,,,,,,,,,,,,,0,0,0,1,1,0,0,15,,,
13218068,N,N,N,N,N,N,N,4/10/2013,3:45 PM,0043706213P,,101,208,N,Y,,,19,,,1,7500,,OFFICE CITY,DR,N,N,30,N,N,,Y,19,,,1,2800,,GULF CREEK,DR,,,,,,,2,1,4,,1,2,8,3:55 PM,ONVIEWED,3:55 PM,4/10/2013,Y,TXHPD0000,2469,24,113,65,8,2,1,10,64,54,1,5,1,21,21,101,208,29.70037481,-95.28712311,,,,,OFFICE CITY DR,7598,,,,,,,,,GULF CREEK DR,,,,,Y,N,N,5,9,Y,WED,,,,,,,,,,,,,,,,,,,,,,,,,,,,,,,,,,,,,,,,,,,,,,,,,,,,,,,,0,0,0,2,0,0,0,15,,,
13218447,N,N,N,N,N,N,N,4/10/2013,4:40 PM,,,37,1602,Y,Y,31.8946,-95.15502,4,22,,1,,,NOT REPORTED,,N,N,55,N,N,,N,4,768,,,,,NOT REPORTED,,,,,,,,2,1,0,1,5,2,12,4:45 PM,CHEROKEE CO DISPATCH,4:55 PM,4/10/2013,Y,TXDPS5500,10000,1,28,1,8,7,4,1,62,54,1,3,2,21,21,37,782,31.89458584,-95.15253354,FM,22,,5.395,FM0022,520,634,1,5.367,688,-0.659,,,,,,,,,Y,Y,Y,3,1,Y,WED,2,0,2,2,0,2,2,80,24,20,2,0,0,5,2,5,5,2,5,0,0,1,7,569,2014,569,2.9,1,3.9,1,70,4,,0,,,,,,,,,,,,,,,,,,,,,,0,0,1,0,0,1,0,,,,
13218448,N,N,N,N,N,N,N,4/10/2013,7:25 AM,SAPD13075385,4160,15,379,N,Y,,,1,37,,1,600,,IH 37 S,FWY,N,N,65,N,N,MAIN LANES IH 37 S NORTHBOUND,N,19,,,,1000,E,CESAR CHAVEZ,BLVD,,,,,LOCAL UNDERPASS ROAD,,2,1,0,,1,2,20,7:31 AM,DISPATCH,8:01 AM,4/10/2013,Y,TXSPD0000,2473,,7,147,8,2,4,20,64,42,1,1,1,21,21,15,379,,,IH,37,,,IH0037,,,,,,,,,,,,,,,Y,Y,N,3,9,N,WED,,,,,,,,,,,,,,,,,,,,,,,,,,,,,,,,,,,,,,,,,,,,,,,,,,,,,,,,0,0,2,3,0,2,0,,,,
13218470,N,N,N,N,N,N,N,3/27/2013,8:03 AM,201312024,,139,324,N,Y,,,19,,,1,1700,E,MARTIN LUTHER KING,DR,N,N,30,N,N,,Y,19,,,1,1200,NE,17TH,ST,,,,,,,11,1,0,,1,1,8,8:11 AM,DISPATCH,8:16 AM,3/27/2013,Y,TX1390200,1907,,42,9,8,2,1,10,64,21,1,5,1,21,21,139,324,33.67230403,-95.53897284,,,,,MARTIN LUTHER KING JR DR,1665,,,,,,,,,17TH ST NE,,,,,Y,N,N,5,6,Y,WED,,,,,,,,,,,,,,,,,,,,,,,,,,,,,,,,,,,,,,,,,,,,,,,,,,,,,,,,0,0,0,4,0,0,0,,,,
13218633,N,N,N,N,N,N,N,4/7/2013,9:11 PM,,,150,8070,N,Y,30.86108,-98.43082,5,3014,,1,,E,NOT REPORTED,,N,N,55,N,N,,N,19,,,1,,,REDBUD,,,,,,,,11,4,98,1,4,1,8,9:11 PM,LLANO COUNTY DISPATC,9:27 PM,4/11/2013,Y,TX1500000,1681,,,,8,7,4,1,32,54,1,3,2,21,21,150,1715,30.86100398,-98.43073883,RM,3014,,2.357,RM3014,104,2209,2,2.358,494,0.372,,,,,,,,,Y,Y,Y,5,0,Y,SUN,2,0,0,0,0,2,2,94,20,20,4,0,0,1,0,0,1,0,0,0,0,1,7,820,2014,820,7.7,2.9,10.6,,,,,,,,,,,,,,,,,,,,,,,,,,,0,0,0,1,0,0,0,,,,
13218876,N,N,N,N,N,N,N,3/16/2013,10:24 AM,13CR106,,108,287,N,Y,,,19,,,1,,E,SECOND,ST,N,N,0,N,N,,Y,19,,,1,,,CHAPMAN,ST,,,,,,,11,1,0,1,1,1,1,10:24 AM,DISPATCHER,10:25 AM,3/16/2013,Y,TX1080900,1771,,,,8,2,1,14,64,54,1,2,1,21,21,108,287,26.15074289,-97.90457205,BU,83,S,33.862,BU0083S,598,39,4,17.642,532,-0.105,,,,CHAPMAN ST,,,,,Y,Y,N,0,5,Y,SAT,2,0,0,0,0,2,2,120,35,24,4,0,0,1,0,0,1,0,0,0,0,4,14,7406,2014,7406,1.3,0.2,1.5,1,146,1,2,0,,,,,,,,,,,,,,,,,,,,,,0,0,0,0,3,0,0,230,,,
13218927,N,N,N,N,N,N,N,4/6/2013,12:49 PM,130045508,0,101,1666,Y,Y,,,1,10,,2,20900,,KATY,FWY,N,N,45,N,N,W/B FEEDER,Y,19,,,1,1000,N,WESTGREEN,BLVD,,,,,,,11,1,98,2,1,1,20,12:51 PM,DISPATCHED,12:59 PM,4/6/2013,Y,TX1015000,2745,41,38,53,8,2,1,24,64,54,2,1,1,21,21,101,1666,29.78525467,-95.73584737,IH,10,,744.864,IH0010,,271,6,4.858,746,0.191,,,,N WESTGREEN BLVD,,,,,Y,Y,Y,5,0,Y,SAT,5,0,18,12,68,3,9,300,168,108,5,0,0,2,36,5,2,24,5,2,32,4,11,184991,2014,184991,4.3,5.2,9.5,,,,,,,,,,,,,,,,,,,,,,,,,,,0,0,0,3,0,0,0,15,,,
13219168,N,N,N,N,N,N,N,4/8/2013,10:18 AM,130009094,,220,177,N,Y,,,17,,,7,800,S,GREAT SOUTHWEST,PKWY,N,N,45,N,N,,N,19,,,,2600,,OSLER,,,,,,,,12,1,2,,2,1,1,10:35 AM,DISPATCHED,10:49 AM,4/8/2013,Y,TX0571200,1372,,,33,8,7,3,3,33,13,1,5,2,32,21,220,177,32.73172262,-97.04604414,,,,,S GREAT SOUTHWEST PKWY,,,,,,,,,,,,,,,Y,N,N,5,8,Y,MON,,,,,,,,,,,,,,,,,,,,,,,,,,,,,,,,,,,,,,,,,,,,,,,,,,,,,,,,0,0,0,2,0,0,0,282,,,
13219216,N,Y,N,N,N,N,N,4/9/2013,4:50 AM,,,114,1679,Y,Y,32.41817,-101.58707,2,87,,1,,,NOT REPORTED,,N,N,75,N,N,,N,,,,,,,NOT REPORTED,,1,M,N,366,,,11,3,0,2,1,1,11,5:00 AM,DISPATCH,5:27 AM,4/9/2013,Y,TXDPS1800,10000,19,32,1,8,7,4,1,22,32,1,2,2,21,21,114,1679,32.41772949,-101.5863293,US,87,,335.722,US0087,,68,8,9.042,366,-1,,,,NOT REPORTED,,,,,Y,Y,Y,2,0,Y,TUE,3,0,6,10,60,2,4,200,64,48,4,0,0,2,6,5,2,10,5,3,54,1,2,4672,2014,4672,2.7,21.9,24.6,,,,,,,,,,,,,,,,,,,,,,,,,,,0,1,0,0,0,1,0,,,,
13219316,N,N,N,N,N,N,N,4/7/2013,4:25 PM,,,141,1706,Y,Y,31.17027,-98.34493,2,183,,1,,,NOT REPORTED,,N,N,70,N,N,,N,15,2060,,,,,NOT REPORTED,,,,,,,,11,1,0,1,2,1,11,4:30 PM,PHONE,4:50 PM,4/7/2013,Y,,10000,1,119,1,8,7,4,1,22,54,1,2,2,21,21,141,1706,31.16494198,-98.33658092,US,183,,244.371,US0183,11079,272,6,15.167,436,-0.462,,,,,,,,,Y,Y,Y,5,0,Y,SUN,2,0,10,10,0,2,2,120,48,24,2,0,0,2,10,5,2,10,5,0,0,1,2,5034,2014,5034,9.4,6,15.4,1,707,0,2,18,,,,,,,,,,,,,,,,,,,,,,0,0,0,2,0,0,0,,,,
13219407,N,N,N,N,N,N,N,3/30/2013,12:21 AM,,,137,1702,Y,Y,27.1458,-97.90943,4,772,,1,,,NOT REPORTED,,N,N,55,N,N,,N,,,,,,,NOT REPORTED,,0.08,M,W,534,,,11,3,0,1,4,1,12,12:24 AM,RADIO,12:35 AM,4/9/2013,Y,,10000,19,112,1,8,7,4,1,36,54,1,3,2,21,21,137,1702,27.45205087,-97.89362771,FM,772,,2.04,FM0772,,1114,1,2.126,534,0.08,,,,NOT REPORTED,,,,,Y,Y,Y,0,0,Y,SAT,2,0,0,0,0,2,2,60,24,24,2,0,0,1,0,0,1,0,0,0,0,1,8,396,2014,396,8.2,1,9.2,,,,,,,,,,,,,,,,,,,,,,,,,,,0,0,0,0,1,0,0,,,,
13219491,N,N,N,N,N,N,N,4/9/2013,7:37 AM,,,141,901,N,Y,31.0788,-97.9857,4,2808,,1,,,NOT REPORTED,,N,N,60,N,N,,N,2,190,,,,,NOT REPORTED,,,,,,,,11,1,0,1,1,1,8,7:42 AM,DISPATCHED BY LCSO,7:54 AM,4/11/2013,Y,,10000,1,119,1,8,2,2,22,64,42,1,3,1,21,21,141,901,31.07890371,-97.98569934,FM,2808,,0.013,FM2808,67,2786,1,0.012,520,-0.029,US,190,,US0190,,,,,Y,Y,Y,5,1,Y,TUE,2,0,8,8,0,2,2,100,40,24,4,0,0,2,8,5,2,8,5,0,0,4,17,1724,2014,1724,7.8,3.7,11.5,,,,,,,,,,,,,,,,,,,,,,,,,,,0,0,0,2,0,0,0,277,,,
13219578,N,N,N,N,N,N,N,4/6/2013,3:50 PM,,,7,1572,Y,Y,28.91267,-98.43435,1,37,,1,,,NOT REPORTED,,N,N,75,N,N,,N,,,,,,,NOT REPORTED,,0.1,M,N,104,,,11,1,0,2,4,1,11,3:52 PM,ATASCOSA S.O.,3:58 PM,4/10/2013,Y,,10000,1,92,1,8,10,4,1,1,54,1,1,2,21,21,7,1572,28.90570308,-98.42932864,IH,37,,103.57,IH0037,,73,10,4.498,104,0.1,,,,NOT REPORTED,,,,,Y,Y,Y,3,0,Y,SAT,5,0,4,10,73,2,4,450,80,48,4,0,0,2,8,5,2,20,5,3,65,1,1,22191,2014,22191,4,24.4,28.4,1,490,2,2,51,,,,,,,,,,,,,,,,,,,,,,0,0,1,0,0,1,0,,,,
13219689,N,N,N,N,N,Y,N,4/4/2013,4:19 PM,130939PD,178,79,409,N,Y,,,4,1092,,1,13800,,MURPHY,RD,N,N,45,N,N,,N,2,90,,,3600,S,MAIN,ST,,,,,,,11,1,0,3,1,1,20,4:20 PM,DISPATCHED,4:22 PM,4/24/2013,N,TX0790400,2173,,,35,8,2,4,21,64,9,2,3,1,21,21,79,409,29.62248498,-95.56473724,FM,1092,,2.069,FM1092,,1257,1,2.124,480,-0.429,,,,,,,,,Y,Y,N,5,5,Y,THU,2,0,0,0,0,3,6,120,88,74,6,1,1,1,0,0,1,0,0,0,0,4,16,24262,2014,24262,3.9,1.4,5.2,1,157,0,,0,,,,,,,,,,,,,,,,,,,,,,0,0,0,3,0,0,0,15,,,
13219707,N,N,N,N,N,N,N,4/12/2013,5:45 PM,89605A,,57,107,N,Y,,,19,,,1,2300,,SECOND,AVE,N,N,30,N,N,,N,19,,,,3500,,METROPOLITAN,AVE,,,,,,,11,1,0,,1,1,20,5:48 PM,DISPATCHED,5:54 PM,4/12/2013,Y,TX0000006,2471,,,27,8,2,4,20,64,54,1,5,1,21,21,57,107,32.77007652,-96.75505829,,,,,S 2ND AVE,2308,,,,,,,,,,,,,,Y,N,N,3,9,Y,FRI,,,,,,,,,,,,,,,,,,,,,,,,,,,,,,,,,,,,,,,,,,,,,,,,,,,,,,,,0,0,2,1,0,2,0,282,,,
13219718,N,N,N,N,N,N,N,4/11/2013,12:24 AM,,,154,1719,Y,Y,30.995,-95.908,1,45,,1,,,NOT REPORTED,,N,N,75,N,N,,N,,,,,,,NOT REPORTED,,0.5,M,N,144,,,11,3,0,2,1,1,11,12:30 AM,MCSO,12:38 AM,4/12/2013,Y,,10000,1,15,1,8,6,4,1,64,54,1,1,1,21,21,154,1719,30.98922983,-95.90455554,IH,45,,144.282,IH0045,,675,5,10.853,144,0.5,,,,NOT REPORTED,,,,,Y,Y,Y,5,0,Y,THU,5,0,5,9,58,2,4,330,76,48,6,0,0,2,10,5,2,18,5,2,48,1,1,29425,2014,29425,3.9,36.5,40.4,,,,,,,,,,,,,,,,,,,,,,,,,,,0,0,0,3,0,0,0,,,,
13219720,N,N,N,N,N,N,N,4/10/2013,4:15 PM,0043723513G,,101,208,N,Y,,,19,,,1,6900,,WESTOVER,,N,N,30,N,N,CONCRETE,Y,19,,,1,6700,,SWALLOW,,,,,,,,12,1,0,,1,2,8,4:25 PM,DISPATCHER,4:30 PM,4/10/2013,Y,TXHPD0000,2469,24,104,28,8,2,1,10,64,54,1,5,1,21,21,101,208,29.66721481,-95.30845311,,,,,WESTOVER ST,6898,,,,,,,,,SWALLOW ST,,,,,Y,N,N,5,9,Y,WED,,,,,,,,,,,,,,,,,,,,,,,,,,,,,,,,,,,,,,,,,,,,,,,,,,,,,,,,0,0,0,4,0,0,0,15,,,
13219756,Y,N,N,N,N,Y,N,4/5/2013,6:10 PM,,,177,1742,Y,Y,32.24357,-100.47873,4,608,,1,,,NOT REPORTED,,N,N,70,N,N,,N,,,,,,,NOT REPORTED,,0.7,M,E,308,,,11,1,0,1,1,1,11,6:15 PM,DISPATCHED,6:36 PM,5/24/2013,Y,,10000,8,1,1,8,10,4,1,1,54,1,3,2,21,21,177,1742,32.24347673,-100.4789875,FM,608,,27.44,FM0608,,53,15,15.428,308,0.728,,,,NOT REPORTED,,,,,Y,Y,Y,4,0,Y,FRI,2,0,2,2,0,2,2,100,24,20,2,0,0,2,2,5,2,2,5,0,0,1,7,1288,2014,1288,21.5,24,45.5,,,,,,,,,,,,,,,,,,,,,,,,,,,1,0,0,2,0,1,2,,,,
13219782,N,N,N,N,N,N,N,4/10/2013,5:05 PM,13-34548,,220,156,N,Y,32.73002,-97.34376,19,,,1,1300,,8TH,AVE,N,N,45,N,N,,N,19,,,,1500,W,MAGNOLIA,AVE,,,,,,,11,1,0,,1,1,5,5:05 PM,DROVE UP ON IT,5:05 PM,4/10/2013,Y,TX2201200,1318,885,3,120,8,2,2,22,64,38,1,5,1,21,21,220,156,32.73105548,-97.34374243,,,,,8TH AVE,1253,,,,,,,,,W MAGNOLIA AVE,,,,,Y,N,N,2,9,Y,WED,,,,,,,,,,,,,,,,,,,,,,,,,,,,,,,,,,,,,,,,,,,,,,,,,,,,,,,,0,1,0,1,0,1,0,282,,,
13219877,N,N,N,N,N,N,N,4/4/2013,5:10 PM,124848,,116,1681,Y,Y,33.02522,-96.1964,1,30,,2,,,NOT REPORTED,,N,N,55,N,N,,Y,4,36,,1,,,NOT REPORTED,,,,,,,,11,1,2,2,1,1,11,5:19 PM,DISPATCHED,5:48 PM,4/4/2013,Y,TXDPS8600,10000,3,107,1,8,10,2,1,1,32,2,1,2,21,21,116,1681,33.01892471,-96.20503235,IH,30,,85.299,IH0030,,9,13,6.167,85,0.427,FM,36,,FM0036,,642,3,4.657,Y,Y,Y,5,0,Y,THU,5,0,5,10,50,9,4,300,78,48,6,0,0,2,10,5,2,20,5,3,40,1,1,36188,2014,36188,8.4,4.9,13.3,1,520,0,1,13,,,,,,,,,,,,,,,,,,,,,,0,0,0,2,0,0,0,282,,,
13220179,N,Y,N,N,N,N,N,4/5/2013,12:05 PM,13-010581,,240,254,N,Y,,,19,,,1,1100,E,SAUNDERS,,N,N,30,N,N,,N,19,,,1,3600,,MCCLELLAND,,,,,,MCCLELLAND,,11,1,98,3,1,1,11,12:08 PM,RADIO DISPATCHED,12:09 PM,4/5/2013,Y,TX2400100,1644,,,35,8,2,2,30,64,54,1,2,1,21,21,240,254,27.53059515,-99.48554396,BU,59,Z,1.097,BU0059Z,,542,1,45.097,826,-0.502,,,,MCCLELLAND AVE,,,,,Y,Y,N,3,8,Y,FRI,2,0,0,0,0,2,4,70,68,66,4,2,2,1,0,0,1,0,0,0,0,4,14,36039,2014,36039,5.1,19.7,24.8,,,,,,,,,,,,,,,,,,,,,,,,,,,0,0,1,2,0,1,0,205,,,
13220189,N,Y,N,N,N,N,N,4/1/2013,1:14 PM,13-010111,,240,254,N,N,,,3,359,,1,4400,,STATE HIGHWAY 359,,N,N,0,N,N,,N,19,,,1,100,,BOB BULLOCK,LOOP,,,,,,,11,1,0,3,1,1,1,1:17 PM,MCT DISPATCHED,1:24 PM,4/1/2013,Y,TX2400100,1644,,,17,8,2,4,21,64,9,1,2,1,21,21,240,254,27.49714463,-99.44769865,SH,359,,1.391,SH0359,4535,86,1,3.641,434,-0.23,,,,,,,,,N,Y,N,5,8,Y,MON,2,0,8,8,0,2,4,120,81,62,4,2,2,2,8,5,2,8,5,0,0,4,14,16637,2014,16637,3.3,6.2,9.4,,,,,,,,,,,,,,,,,,,,,,,,,,,0,0,0,3,0,0,0,205,,,