Crash_ID,Crash_Fatal_Fl,Cmv_Involv_Fl,Schl_Bus_Fl,Rr_Relat_Fl,Medical_Advisory_Fl,Amend_Supp_Fl,Active_School_Zone_Fl,Crash_Date,Crash_Time,Case_ID,Local_Use,Rpt_CRIS_Cnty_ID,Rpt_City_ID,Rpt_Outside_City_Limit_Fl,Thousand_Damage_Fl,Rpt_Latitude,Rpt_Longitude,Rpt_Rdwy_Sys_ID,Rpt_Hwy_Num,Rpt_Hwy_Sfx,Rpt_Road_Part_ID,Rpt_Block_Num,Rpt_Street_Pfx,Rpt_Street_Name,Rpt_Street_Sfx,Private_Dr_Fl,Toll_Road_Fl,Crash_Speed_Limit,Road_Constr_Zone_Fl,Road_Constr_Zone_Wrkr_Fl,Rpt_Street_Desc,At_Intrsct_Fl,Rpt_Sec_Rdwy_Sys_ID,Rpt_Sec_Hwy_Num,Rpt_Sec_Hwy_Sfx,Rpt_Sec_Road_Part_ID,Rpt_Sec_Block_Num,Rpt_Sec_Street_Pfx,Rpt_Sec_Street_Name,Rpt_Sec_Street_Sfx,Rpt_Ref_Mark_Offset_Amt,Rpt_Ref_Mark_Dist_Uom,Rpt_Ref_Mark_Dir,Rpt_Ref_Mark_Nbr,Rpt_Sec_Street_Desc,Rpt_CrossingNumber,Wthr_Cond_ID,Light_Cond_ID,Entr_Road_ID,Road_Type_ID,Road_Algn_ID,Surf_Cond_ID,Traffic_Cntl_ID,Investigat_Notify_Time,Investigat_Notify_Meth,Investigat_Arrv_Time,Report_Date,Investigat_Comp_Fl,ORI_Number,Investigat_Agency_ID,Investigat_Area_ID,Investigat_District_ID,Investigat_Region_ID,Bridge_Detail_ID,Harm_Evnt_ID,Intrsct_Relat_ID,FHE_Collsn_ID,Obj_Struck_ID,Othr_Factr_ID,Road_Part_Adj_ID,Road_Cls_ID,Road_Relat_ID,Phys_Featr_1_ID,Phys_Featr_2_ID,Cnty_ID,City_ID,Latitude,Longitude,Hwy_Sys,Hwy_Nbr,Hwy_Sfx,Dfo,Street_Name,Street_Nbr,Control,Section,Milepoint,Ref_Mark_Nbr,Ref_Mark_Displ,Hwy_Sys_2,Hwy_Nbr_2,Hwy_Sfx_2,Street_Name_2,Street_Nbr_2,Control_2,Section_2,Milepoint_2,Txdot_Rptable_Fl,Onsys_Fl,Rural_Fl,Crash_Sev_ID,Pop_Group_ID,Located_Fl,Day_of_Week,Hwy_Dsgn_Lane_ID,Hwy_Dsgn_Hrt_ID,Hp_Shldr_Left,Hp_Shldr_Right,Hp_Median_Width,Base_Type_ID,Nbr_Of_Lane,Row_Width_Usual,Roadbed_Width,Surf_Width,Surf_Type_ID,Curb_Type_Left_ID,Curb_Type_Right_ID,Shldr_Type_Left_ID,Shldr_Width_Left,Shldr_Use_Left_ID,Shldr_Type_Right_ID,Shldr_Width_Right,Shldr_Use_Right_ID,Median_Type_ID,Median_Width,Rural_Urban_Type_ID,Func_Sys_ID,Adt_Curnt_Amt,Adt_Curnt_Year,Adt_Adj_Curnt_Amt,Pct_Single_Trk_Adt,Pct_Combo_Trk_Adt,Trk_Aadt_Pct,Curve_Type_ID,Curve_Lngth,Cd_Degr,Delta_Left_Right_ID,Dd_Degr,Feature_Crossed,Structure_Number,I_R_Min_Vert_Clear,Approach_Width,Bridge_Median_ID,Bridge_Loading_Type_ID,Bridge_Loading_In_1000_Lbs,Bridge_Srvc_Type_On_ID,Bridge_Srvc_Type_Under_ID,Culvert_Type_ID,Roadway_Width,Deck_Width,Bridge_Dir_Of_Traffic_ID,Bridge_Rte_Struct_Func_ID,Bridge_IR_Struct_Func_ID,CrossingNumber,RRCo,Poscrossing_ID,WDCode_ID,Standstop,Yield,Incap_Injry_Cnt,Nonincap_Injry_Cnt,Poss_Injry_Cnt,Non_Injry_Cnt,Unkn_Injry_Cnt,Tot_Injry_Cnt,Death_Cnt,MPO_ID,Investigat_Service_ID,Investigat_DA_ID,Investigator_Narrative
13220423,N,N,N,N,N,N,N,4/2/2013,7:39 AM,13MP009429,,70,292,N,Y,,,2,287,,1,2800,E,287,HWY,N,N,55,N,N,,Y,19,,,,1100,,EASTGATE RD,RD,,,,,,,12,1,3,2,1,1,1,7:39 AM,DISPATCHED,7:45 AM,4/2/2013,Y,TX0700500,1783,139,70,34,8,2,1,20,64,42,1,2,1,21,21,70,292,32.46816177,-96.95392858,US,287,,465.565,US0287,,172,5,33.868,492,0.83,,,,EASTGATE DR,,,,,Y,Y,N,5,5,Y,TUE,3,0,4,10,75,2,4,400,76,48,4,0,0,2,8,5,2,20,5,3,67,4,12,27977,2014,27977,4.7,12.7,17.4,,,,,,,,,,,,,,,,,,,,,,,,,,,0,0,0,2,0,0,0,282,,,
13220440,N,N,N,N,N,N,N,4/7/2013,1:00 AM,85112A,85111A,57,107,N,Y,,,19,,,1,2800,S,LLEWELLYN,AVE,N,N,30,N,N,,N,19,,,,500,W,SANER,AVE,,,,,,,11,3,0,,1,1,1,10:45 AM,DISPATCHED,10:45 AM,4/7/2013,N,TX0000006,2471,,,44,8,4,4,5,64,54,1,5,1,21,21,57,107,32.71277466,-96.83123603,,,,,S LLEWELLYN AVE,,,,,,,,,,,,,,,Y,N,N,0,9,Y,SUN,,,,,,,,,,,,,,,,,,,,,,,,,,,,,,,,,,,,,,,,,,,,,,,,,,,,,,,,0,0,0,0,1,0,0,282,,,
13220622,N,N,N,N,N,N,N,3/25/2013,1:31 PM,2013-007262,,123,30,N,Y,,,1,10,,2,50,,IH 10,,N,N,70,N,N,,N,19,,,1,3200,,RUSK,ST,,,,,,,11,1,0,2,2,1,11,1:33 PM,DISPATCHED,1:37 PM,3/25/2013,Y,TX1230100,104,,,,8,2,2,13,64,54,2,1,1,21,21,123,30,30.07875797,-94.13576753,IH,10,,850.816,IH0010,,28,13,0.898,852,-0.162,,,,RUSK ST,,,,,Y,Y,N,5,8,Y,MON,5,0,4,10,16,9,14,350,224,168,5,1,1,2,8,5,2,20,5,2,8,3,11,96917,2014,96917,5,2.6,7.6,,,,,,,,,,,,,,,,,,,,,,,,,,,0,0,0,2,0,0,0,135,,,
13220688,N,N,N,N,N,N,N,4/6/2013,8:23 PM,13-010777,,240,254,N,Y,,,11,20,,1,2300,N,BOB BULLOCK,LOOP,N,N,50,N,N,,N,19,,,1,4400,E,CLARK,,,,,,,,11,3,2,,1,1,20,8:24 PM,MCT DISPATCH,8:27 PM,4/6/2013,Y,TX2400100,1644,,,,8,2,4,20,64,54,1,2,1,21,21,240,254,,,SL,20,,,SL0020,,,,,,,,,,,,,,,Y,Y,N,5,8,N,SAT,,,,,,,,,,,,,,,,,,,,,,,,,,,,,,,,,,,,,,,,,,,,,,,,,,,,,,,,0,0,0,3,0,0,0,,,,
13220709,N,N,N,N,N,N,N,3/25/2013,3:30 PM,130039621,0,101,1666,Y,N,,,19,,,1,8800,,ANTOINE,DR,N,N,0,N,N,,Y,19,,,1,6100,W,MOUNT HOUSTON,RD,,,,,,,11,1,0,,1,1,20,3:45 PM,DISPATCHED,3:45 PM,3/25/2013,N,TX1010000,1419,74,4,5,8,2,2,20,64,54,1,4,1,21,21,101,1666,29.89354478,-95.48011305,,,,,ANTOINE DR,,,,,,,,,,W MOUNT HOUSTON RD,,,,,N,N,Y,5,0,Y,MON,,,,,,,,,,,,,,,,,,,,,,,,,,,,,,,,,,,,,,,,,,,,,,,,,,,,,,,,0,0,0,2,1,0,0,15,,,
13220813,N,N,N,N,N,N,N,4/2/2013,5:45 PM,13-010258,,240,254,N,N,,,19,,,1,1300,,INTERNATIONAL,BLVD,N,N,30,N,N,,N,19,,,1,8700,N,MCPHERSON,RD,,,,,,,11,1,4,,1,1,5,6:24 PM,DROVE UPON,6:24 PM,4/2/2013,Y,TX2400100,1644,,,,8,2,2,22,64,38,1,5,1,21,21,240,254,27.58719904,-99.47643934,,,,,INTERNATIONAL BLVD,1301,,,,,,,,,MCPHERSON AVE,,,,,N,N,N,5,8,Y,TUE,,,,,,,,,,,,,,,,,,,,,,,,,,,,,,,,,,,,,,,,,,,,,,,,,,,,,,,,0,0,0,5,0,0,0,205,,,
13220949,N,N,N,N,N,N,N,3/29/2013,3:30 PM,13-5348,,92,268,N,Y,,,11,281,,1,1400,W,LOOP 281,,N,N,45,N,N,,N,19,,,,,,BALSAM,ST,,,,,,,11,1,0,2,1,1,20,3:40 PM,DISPATCHED,3:51 PM,3/29/2013,N,920500,1691,,,,8,7,4,1,21,35,1,2,2,21,21,92,268,32.52892488,-94.77679705,SL,281,,8.822,SL0281,1489,2642,1,1.854,716,0.864,,,,,,,,,Y,Y,N,5,7,Y,FRI,3,0,0,10,16,2,6,200,94,72,4,2,2,1,0,0,2,20,5,1,16,3,14,21399,2014,21399,3.3,6.2,9.6,,,,,,,,,,,,,,,,,,,,,,,,,,,0,0,0,1,1,0,0,361,,,
13220975,N,N,N,N,N,N,N,3/24/2013,1:31 PM,13-5079,,92,268,N,Y,,,19,,,1,800,,OWINGS,AVE,N,N,30,N,N,,Y,19,,,1,1400,,ONEAL,ST,,,,,,,11,1,4,,1,1,8,1:33 PM,DISPATCHED,1:40 PM,3/24/2013,Y,920500,1691,,,32,8,2,1,10,64,23,1,5,1,21,21,92,268,32.47577423,-94.72484312,,,,,E OWING AVE,799,,,,,,,,,S ONEAL ST,,,,,Y,N,N,5,7,Y,SUN,,,,,,,,,,,,,,,,,,,,,,,,,,,,,,,,,,,,,,,,,,,,,,,,,,,,,,,,0,0,0,3,0,0,0,361,,,
13221080,N,N,N,N,N,N,N,4/8/2013,4:08 PM,13-001686,,57,71,N,Y,,,4,1382,,1,700,E,BELT LINE,RD,N,N,45,N,N,,Y,19,,,1,100,S,JOE WILSON,RD,,,,,,,12,1,4,2,1,1,21,4:08 PM,DISPATCHED,4:15 PM,4/8/2013,Y,TX0570500,223,,,,8,2,1,34,64,54,1,3,1,21,21,57,71,32.5899128,-96.92544219,FM,1382,,12.937,FM1382,799,1047,2,12.902,280,0.95,,,,S JOE WILSON RD,,,,,Y,Y,N,5,6,Y,MON,3,0,1,1,40,8,4,120,52,48,5,1,2,2,2,5,2,2,5,1,38,4,14,20293,2014,20293,0.8,0.1,0.9,,,,,,,,,,,,,,,,,,,,,,,,,,,0,0,0,3,0,0,0,282,,,
13221126,N,N,N,N,N,N,N,4/2/2013,11:56 AM,13-003280,,20,326,N,Y,,,19,,,1,2050,,CULLEN,PKWY,N,N,45,N,N,,N,19,,,1,8300,,HUGHES RANCH,RD,,,,,,,12,1,0,2,1,1,20,11:56 AM,DISPATCHED,12:04 PM,4/2/2013,Y,TX0201000,1917,,,,8,2,3,10,64,14,1,3,1,32,21,20,326,29.5719665,-95.35072529,FM,865,,9.223,FM0865,,976,2,0.943,482,0.907,,,,,,,,,Y,Y,N,5,7,Y,TUE,3,0,0,0,14,3,4,100,48,48,5,1,2,1,0,0,1,0,0,1,14,4,14,18356,2014,18356,10.6,12.8,23.4,,,,,,,,,,,,,,,,,,,,,,,,,,,0,0,0,4,0,0,0,15,,,
13221144,N,N,N,N,N,N,N,3/29/2013,3:13 PM,13-00770,,101,447,N,Y,,,19,,,1,931,W,BAY AREA,BLVD,Y,N,35,N,N,JAMES AVERY,N,19,,,1,,,GATEBROOK,DR,,,,,,,12,1,0,,1,1,1,3:15 PM,DISPATCH,3:25 PM,3/29/2013,Y,TX1012500,2391,,,,8,2,4,45,64,12,7,9,5,33,21,101,447,,,,,,,W BAY AREA BLVD,,,,,,,,,,,,,,,N,N,N,5,5,N,FRI,,,,,,,,,,,,,,,,,,,,,,,,,,,,,,,,,,,,,,,,,,,,,,,,,,,,,,,,0,0,0,7,0,0,0,,,,
13221328,N,N,N,N,N,N,N,4/3/2013,5:09 PM,004-13-108,,195,328,N,Y,,,19,,,1,200,W,4TH,ST,N,N,30,N,N,,Y,19,,,1,300,S,CYPRESS,ST,,,,,,,11,1,0,,1,1,8,5:09 PM,DISPATCHED,5:13 PM,4/4/2013,Y,TX1950200,1920,,,,8,2,1,10,64,54,1,5,1,21,21,195,328,31.42419478,-103.495921,,,,,W 4TH ST,198,,,,,,,,,S CYPRESS ST,,,,,Y,N,N,5,4,Y,WED,,,,,,,,,,,,,,,,,,,,,,,,,,,,,,,,,,,,,,,,,,,,,,,,,,,,,,,,0,0,0,2,0,0,0,,,,
13221342,N,N,N,N,N,N,N,4/8/2013,2:46 PM,2013A000881,29B,57,166,N,Y,32.91406,-96.68296,19,,,1,100,N,JUPITER,RD,N,N,40,N,N,,N,19,,,1,3500,,EDGEWOOD,DR,,,,,,,12,1,0,,1,1,7,2:48 PM,DISPATCHED,2:50 PM,4/8/2013,Y,TX0571100,1344,,,104,8,2,2,22,64,38,1,5,1,21,21,57,166,32.91412533,-96.68287377,,,,,N JUPITER RD,105,,,,,,,,,EDGEWOOD DR,,,,,Y,N,N,1,8,Y,MON,,,,,,,,,,,,,,,,,,,,,,,,,,,,,,,,,,,,,,,,,,,,,,,,,,,,,,,,2,0,0,2,0,2,0,282,,,
13221543,N,N,N,N,N,N,N,3/31/2013,2:25 AM,2.01E+11,,233,112,N,N,,,19,,,1,400,W,9TH,ST,N,N,25,N,N,,Y,19,,,1,1000,,AVE P,,,,,,,,11,3,4,,1,1,8,2:28 AM,DISPATCHED,2:31 AM,3/31/2013,Y,TX2330100,1191,,,,8,10,1,1,1,54,1,5,1,21,21,233,112,29.37152506,-100.9090917,,,,,W 9TH ST,398,,,,,,,,,AVENUE P,,,,,Y,N,N,1,6,Y,SUN,,,,,,,,,,,,,,,,,,,,,,,,,,,,,,,,,,,,,,,,,,,,,,,,,,,,,,,,1,0,0,0,0,1,0,,,,
13221607,N,N,N,N,N,N,N,3/20/2013,1:18 PM,13-079142,,71,136,N,Y,,,19,,,1,,,GATEWAY EAST,BLVD,N,N,0,N,N,ROADWAY,Y,19,,,1,,,HAWKINS BLVD SB,BLVD,,,,,ROADWAY,,11,1,4,2,8,0,5,2:31 PM,PHONE,2:31 PM,3/20/2013,Y,TX0710200,1259,,,212,8,2,2,22,64,38,1,1,1,21,21,71,136,31.77149658,-106.3772861,IH,10,,26.605,IH0010,,2121,3,27.378,27,-0.358,,,,HAWKINS BLVD,,,,,Y,Y,N,5,9,Y,WED,5,0,10,10,42,8,8,300,136,96,5,0,1,2,20,5,2,20,5,2,22,4,11,112304,2014,112304,2.3,5.2,7.5,,,,,,,,,,,,,,,,,,,,,,,,,,,0,0,0,2,0,0,0,66,,,
13221668,N,N,N,N,N,N,N,3/19/2013,7:35 PM,13-078239,,71,136,N,Y,,,19,,,1,3700,,TIERRA DORADA,DR,N,N,35,N,N,2 LANES,N,19,,,1,,,TIERRA CREEL,,,,,,,,11,4,0,,1,1,1,7:59 PM,DISPATCHED,8:20 PM,3/19/2013,Y,TX0710200,1259,,,185,8,7,4,1,36,28,1,5,2,21,21,71,136,31.79958224,-106.2338806,,,,,TIERRA DORADA DR,,,,,,,,,,,,,,,Y,N,N,5,9,Y,TUE,,,,,,,,,,,,,,,,,,,,,,,,,,,,,,,,,,,,,,,,,,,,,,,,,,,,,,,,0,0,0,1,0,0,0,66,,,
13221674,N,N,N,N,N,N,N,4/5/2013,4:20 PM,2013-012060,,220,31,N,Y,,,19,,,1,1800,,CENTRAL,DR,N,N,40,N,N,,N,3,183,,2,2100,,NOT REPORTED,,,,,,,,11,1,0,,1,1,20,4:20 PM,DISPATCHED,4:25 PM,4/5/2013,Y,TX2200300,105,,,,8,2,3,14,64,14,1,5,1,32,21,220,31,32.83602118,-97.13335171,,,,,CENTRAL DR,1800,,,,,,,,,,,,,,Y,N,N,3,6,Y,FRI,,,,,,,,,,,,,,,,,,,,,,,,,,,,,,,,,,,,,,,,,,,,,,,,,,,,,,,,0,0,1,1,0,1,0,282,,,
13221720,N,N,N,N,N,N,N,4/6/2013,12:23 AM,13NP023346,,220,312,N,Y,,,19,,,1,7801,,MID CITIES,BLVD,N,N,40,N,N,,Y,19,,,1,6400,,SMITHFIELD,RD,,,,,,,11,0,2,,1,1,7,12:23 AM,DISPATCH,12:25 AM,4/6/2013,Y,TX2202100,1860,,,,8,2,1,10,64,54,1,5,1,21,21,220,312,32.86173426,-97.21211246,,,,,MID CITIES BLVD,,,,,,,,,,SMITHFIELD RD,,,,,Y,N,N,3,7,Y,SAT,,,,,,,,,,,,,,,,,,,,,,,,,,,,,,,,,,,,,,,,,,,,,,,,,,,,,,,,0,0,2,5,0,2,0,282,,,
13221771,N,N,N,N,N,N,N,3/25/2013,5:05 PM,130039689,0,101,1666,Y,N,,,19,,,1,1000,E,HUFSMITH,RD,N,N,30,N,N,TWO LANED PUBLIC ROADWAY,Y,19,,,1,24600,,STANOLIND,RD,,,,,TWO LANED PUBLIC ROADWAY,,11,1,2,,1,1,8,5:08 PM,DISPATCHED,5:19 PM,3/25/2013,Y,TX1014900,2744,250,5,6,8,2,1,34,64,54,1,4,1,21,21,101,1666,30.12484473,-95.59657301,,,,,HUFSMITH RD,11698,,,,,,,,,STANOLIND RD,,,,,Y,N,Y,2,0,Y,MON,,,,,,,,,,,,,,,,,,,,,,,,,,,,,,,,,,,,,,,,,,,,,,,,,,,,,,,,0,3,0,2,0,3,0,15,,,
13221963,N,N,N,N,N,N,N,3/23/2013,12:55 PM,13-082132,,71,136,N,Y,,,19,,,1,9000,,GATEWAY WEST,,N,N,45,Y,N,,N,19,,,1,,,LARRY MAHAN,,,,,,,,6,1,0,2,1,1,1,1:00 PM,DISPATCHED,1:18 PM,3/23/2013,Y,TX0710200,1259,,,,8,2,2,21,64,49,1,1,1,20,21,71,136,31.76633347,-106.3674932,IH,10,,27.281,IH0010,,2121,3,28.06,27,0.318,,,,LARRY MAHAN DR,,,,,Y,Y,N,3,9,Y,SAT,5,0,10,10,42,8,8,300,136,96,5,0,1,2,20,5,2,20,5,2,22,4,11,131071,2014,131071,2.3,5.2,7.5,,,,,,,,,,,,,,,,,,,,,,,,,,,0,0,1,4,0,1,0,66,,,
13222008,N,N,N,N,N,N,N,4/2/2013,10:54 PM,,13-2006,79,413,N,Y,,,3,90,,1,8000,,HWY 90A,HWY,N,N,50,N,N,,Y,19,,,1,100,,BROOKS STREET,ST,,,,,,,2,4,0,2,1,2,5,10:54 PM,DROVE UP ON,10:54 PM,4/2/2013,N,TX0790500,2189,,,,8,2,1,34,64,54,1,2,1,21,21,79,413,29.61995669,-95.63523521,UA,90,,150.57,UA0090,,27,8,26.888,676,0.975,,,,BROOKS ST,,,,,Y,Y,N,1,7,Y,TUE,3,0,0,0,56,9,4,140,58,58,6,1,1,1,0,0,1,0,0,3,56,4,12,35906,2014,35906,1.9,0.5,2.3,,,,,,,,,,,,,,,,,,,,,,,,,,,1,0,0,2,0,1,0,15,,,
13222069,N,N,N,N,N,N,N,3/27/2013,4:02 PM,13-00748,,101,447,N,Y,,,19,,,1,100,W,BAY AREA,BLVD,N,N,35,N,N,,N,3,3,,1,,,SH 3,HWY,,,,,,,11,1,0,,1,1,5,4:04 PM,DISPATCHED,4:09 PM,3/27/2013,Y,TX1012500,2391,,,,8,2,2,20,64,38,1,5,1,21,21,101,447,29.54873534,-95.12862249,,,,,W BAY AREA BLVD,101,,,,,,SH,3,,SH0003,,,,,Y,N,N,5,5,Y,WED,,,,,,,,,,,,,,,,,,,,,,,,,,,,,,,,,,,,,,,,,,,,,,,,,,,,,,,,0,0,0,3,0,0,0,15,,,
13222098,N,N,N,N,N,N,N,3/29/2013,10:52 AM,130041530,0,101,1666,Y,Y,,,17,,,7,14869,,BAMMEL NORTH HOUSTON,,N,N,20,N,N,,N,4,1960,,,4159,,WEST FM 1960,,,,,,,,11,1,98,,1,1,17,10:52 AM,DISPATCHED,10:52 AM,3/29/2013,Y,TX1010000,1419,80,4,5,8,2,3,23,64,14,1,5,1,32,21,101,1666,29.99085308,-95.4871307,,,,,BAMMEL NORTH HOUSTON RD,,,,,,,,,,,,,,,Y,N,Y,5,0,Y,FRI,,,,,,,,,,,,,,,,,,,,,,,,,,,,,,,,,,,,,,,,,,,,,,,,,,,,,,,,0,0,0,3,0,0,0,15,,,
13222223,N,N,N,N,N,N,N,4/8/2013,9:35 AM,130046357,0,101,1666,Y,Y,,,19,,,1,10600,,SHELDON,,N,N,40,N,N,,N,15,,,,,,BEAUMONT,HWY,,,,,,,11,1,0,,1,1,20,9:48 AM,DISPATCHED,10:05 AM,4/8/2013,Y,TX1010000,1419,205,33,5,8,7,4,1,27,3,1,4,1,21,21,101,1666,29.87220983,-95.12828964,,,,,SHELDON RD,10776,,,,,,,,,,,,,,Y,N,Y,0,0,Y,MON,,,,,,,,,,,,,,,,,,,,,,,,,,,,,,,,,,,,,,,,,,,,,,,,,,,,,,,,0,0,0,0,1,0,0,15,,,
13222263,N,N,N,N,N,N,N,4/8/2013,12:23 AM,2013A000876,29A,57,166,N,Y,32.85601,-96.57158,19,,,1,5000,,ROAN,RD,N,N,40,N,N,,Y,19,,,1,4000,,WATERHOUSE,BLVD,,,,,,,11,4,4,,1,1,6,12:23 AM,DISPATCH,12:26 AM,4/8/2013,Y,TX0571100,1344,,,190,8,2,1,10,64,54,1,5,1,21,21,57,166,32.85531423,-96.57165262,,,,,ROAN RD,,,,,,,,,,WATERHOUSE BLVD,,,,,Y,N,N,5,8,Y,MON,,,,,,,,,,,,,,,,,,,,,,,,,,,,,,,,,,,,,,,,,,,,,,,,,,,,,,,,0,0,0,3,0,0,0,282,,,
13222329,N,N,N,N,N,N,N,4/12/2013,3:57 PM,0044592413L,,101,208,N,Y,,,19,,,1,2200,S,HWY 6,,N,N,45,N,N,DRY CONCRETE,N,95,,,,2100,,BARKER OAKS,,,,,,,,11,1,0,2,1,1,20,4:46 PM,DISPATCH,4:56 PM,4/12/2013,Y,TXHPD0000,2469,51,128,21,8,2,4,20,64,54,1,2,1,21,21,101,208,29.74252088,-95.6443678,SH,6,,493.936,SH0006,2185,1685,5,13.512,676,0.649,,,,,,,,,Y,Y,N,5,9,Y,FRI,3,0,0,0,1,3,6,160,96,84,6,1,1,1,0,0,1,0,0,1,1,4,14,64053,2014,64053,3.9,1.4,5.2,1,74,1,1,5,,,,,,,,,,,,,,,,,,,,,,0,0,0,2,0,0,0,15,,,
13222392,N,N,N,N,N,N,N,4/5/2013,12:24 PM,13-003408,,20,326,N,Y,,,19,,,1,10800,,BROADWAY,,N,N,50,N,N,,N,3,288,,2,16500,,SH 288 FNTG,,,,,,,,11,1,0,3,1,1,9,12:24 PM,DISPATCHED,12:30 PM,4/5/2013,Y,TX0201000,1917,,,,8,2,2,22,64,36,2,3,1,21,21,20,326,29.5559063,-95.3877182,FM,518,,0.049,FM0518,,3416,1,0.998,680,-0.05,SH,288,,SH0288,,,,,Y,Y,N,5,7,Y,FRI,2,0,2,2,0,2,4,120,52,48,4,0,0,2,2,5,2,2,5,0,0,4,14,27113,2014,27113,3.9,1.4,5.2,,,,,,,,,,,,,,,,,,,,,,,,,,,0,0,0,2,0,0,0,15,,,
13223250,N,N,N,N,N,Y,N,4/6/2013,12:39 AM,437127,,116,1681,Y,Y,33.28332,-95.93177,3,11,,1,,,NOT REPORTED,,N,N,70,N,N,,N,3,50,,,,,NOT REPORTED,,,,,,,,11,3,98,1,1,1,11,12:39 AM,DISPATCHED,1:15 AM,6/22/2014,Y,,10000,3,107,1,8,7,2,1,20,54,1,2,2,21,21,116,1681,33.28316297,-95.93193943,SH,11,,49.223,SH0011,5647,2139,4,31.313,648,-0.678,SH,24,,SH0024,,,,,Y,Y,Y,5,0,Y,SAT,2,0,4,4,0,2,2,120,32,24,4,0,0,5,4,5,5,4,5,0,0,1,6,2337,2014,2337,5.3,20.3,25.6,,,,,,,,,,,,,,,,,,,,,,,,,,,0,0,0,1,0,0,0,282,,,
13223339,N,N,N,N,N,N,N,4/16/2013,4:00 PM,93218A,,57,107,N,Y,,,19,,,1,10400,,MAYLEE,BLVD,N,N,35,N,N,,Y,19,,,1,10800,,COTILLION,DR,,,,,,,11,1,4,,1,1,8,4:01 PM,DISPATCHED,4:06 PM,4/16/2013,Y,TX0000006,2471,,,71,8,2,1,10,64,54,1,5,1,21,21,57,107,32.83827424,-96.6613026,,,,,MAYLEE BLVD,,,,,,,,,,COTILLION DR,,,,,Y,N,N,3,9,Y,TUE,,,,,,,,,,,,,,,,,,,,,,,,,,,,,,,,,,,,,,,,,,,,,,,,,,,,,,,,0,0,2,3,0,2,0,282,,,
13223376,N,N,N,N,N,N,N,4/9/2013,7:00 PM,,,165,1730,Y,Y,31.96751,-101.98345,3,158,,1,,,NOT REPORTED,,N,N,75,N,N,,Y,15,1140,,1,,,NOT REPORTED,,,,,,,,11,1,4,3,1,1,1,7:10 PM,DPS MIDLAND,7:20 PM,4/10/2013,Y,TXDPS1800,10000,46,32,1,8,2,1,10,64,54,1,2,1,21,21,165,1730,31.96724927,-101.98336,SH,158,,47.383,SH0158,,463,3,10.725,292,0.427,,,,CR1140,,,,,Y,Y,Y,5,0,Y,TUE,2,0,8,8,0,1,4,124,64,48,2,0,0,3,8,5,3,8,5,0,0,1,2,14006,2014,14006,17.3,23.5,40.8,,,,,,,,,,,,,,,,,,,,,,,,,,,0,0,0,2,0,0,0,174,,,
13223525,N,N,N,N,N,N,N,4/16/2013,12:18 PM,SAPD1308,2370,15,379,N,Y,,,19,,,1,2300,S,CIBOLO,ST,N,N,30,N,N,,Y,19,,,1,100,,OBREGON,ST,,,,,,,11,1,4,,1,1,8,12:18 PM,DISPATCHED,12:23 PM,4/16/2013,Y,TXSPD0000,2473,,3,122,8,2,1,10,64,3,1,5,1,21,21,15,379,29.40321498,-98.52418231,,,,,S CIBOLO ST,2484,,,,,,,,,OBREGON ST,,,,,Y,N,N,5,9,Y,TUE,,,,,,,,,,,,,,,,,,,,,,,,,,,,,,,,,,,,,,,,,,,,,,,,,,,,,,,,0,0,0,3,0,0,0,28,,,
13224525,N,N,N,N,N,N,N,4/10/2013,3:18 PM,13-001529,,57,124,N,Y,,,19,,,1,700,W,CENTER,ST,N,N,30,N,N,,N,19,,,,100,N,CEDAR RIDGE,DR,,,,,,,12,1,0,,1,1,5,3:18 PM,POLICE DISPATCH,3:21 PM,4/10/2013,Y,TX0570900,1223,,53,284,8,2,2,20,64,5,1,5,1,21,21,57,124,32.65169428,-96.92571371,,,,,W CENTER ST,,,,,,,,,,S CEDAR RIDGE DR,,,,,Y,N,N,3,6,Y,WED,,,,,,,,,,,,,,,,,,,,,,,,,,,,,,,,,,,,,,,,,,,,,,,,,,,,,,,,0,0,1,1,0,1,0,282,,,
13224661,N,N,N,N,N,N,N,4/15/2013,7:00 AM,0045786513S,,101,208,N,Y,,,12,,,1,2,N,NORTH SAM HOUSTON E,PKWY,N,Y,55,N,N,,N,19,,,,,,GREENSPOINT,DR,,,,,,,12,1,0,,1,1,20,7:41 AM,DISPATCHED,8:05 AM,4/15/2013,Y,TXHPD0000,2469,14,152,59,8,2,4,20,64,42,1,6,1,21,21,101,208,29.94791132,-95.40646537,,,,,NORTHCHASE DR,,,,,,,,,,,,,,,Y,N,N,5,9,Y,MON,,,,,,,,,,,,,,,,,,,,,,,,,,,,,,,,,,,,,,,,,,,,,,,,,,,,,,,,0,0,0,2,0,0,0,15,,,