Crash_ID,Crash_Fatal_Fl,Cmv_Involv_Fl,Schl_Bus_Fl,Rr_Relat_Fl,Medical_Advisory_Fl,Amend_Supp_Fl,Active_School_Zone_Fl,Crash_Date,Crash_Time,Case_ID,Local_Use,Rpt_CRIS_Cnty_ID,Rpt_City_ID,Rpt_Outside_City_Limit_Fl,Thousand_Damage_Fl,Rpt_Latitude,Rpt_Longitude,Rpt_Rdwy_Sys_ID,Rpt_Hwy_Num,Rpt_Hwy_Sfx,Rpt_Road_Part_ID,Rpt_Block_Num,Rpt_Street_Pfx,Rpt_Street_Name,Rpt_Street_Sfx,Private_Dr_Fl,Toll_Road_Fl,Crash_Speed_Limit,Road_Constr_Zone_Fl,Road_Constr_Zone_Wrkr_Fl,Rpt_Street_Desc,At_Intrsct_Fl,Rpt_Sec_Rdwy_Sys_ID,Rpt_Sec_Hwy_Num,Rpt_Sec_Hwy_Sfx,Rpt_Sec_Road_Part_ID,Rpt_Sec_Block_Num,Rpt_Sec_Street_Pfx,Rpt_Sec_Street_Name,Rpt_Sec_Street_Sfx,Rpt_Ref_Mark_Offset_Amt,Rpt_Ref_Mark_Dist_Uom,Rpt_Ref_Mark_Dir,Rpt_Ref_Mark_Nbr,Rpt_Sec_Street_Desc,Rpt_CrossingNumber,Wthr_Cond_ID,Light_Cond_ID,Entr_Road_ID,Road_Type_ID,Road_Algn_ID,Surf_Cond_ID,Traffic_Cntl_ID,Investigat_Notify_Time,Investigat_Notify_Meth,Investigat_Arrv_Time,Report_Date,Investigat_Comp_Fl,ORI_Number,Investigat_Agency_ID,Investigat_Area_ID,Investigat_District_ID,Investigat_Region_ID,Bridge_Detail_ID,Harm_Evnt_ID,Intrsct_Relat_ID,FHE_Collsn_ID,Obj_Struck_ID,Othr_Factr_ID,Road_Part_Adj_ID,Road_Cls_ID,Road_Relat_ID,Phys_Featr_1_ID,Phys_Featr_2_ID,Cnty_ID,City_ID,Latitude,Longitude,Hwy_Sys,Hwy_Nbr,Hwy_Sfx,Dfo,Street_Name,Street_Nbr,Control,Section,Milepoint,Ref_Mark_Nbr,Ref_Mark_Displ,Hwy_Sys_2,Hwy_Nbr_2,Hwy_Sfx_2,Street_Name_2,Street_Nbr_2,Control_2,Section_2,Milepoint_2,Txdot_Rptable_Fl,Onsys_Fl,Rural_Fl,Crash_Sev_ID,Pop_Group_ID,Located_Fl,Day_of_Week,Hwy_Dsgn_Lane_ID,Hwy_Dsgn_Hrt_ID,Hp_Shldr_Left,Hp_Shldr_Right,Hp_Median_Width,Base_Type_ID,Nbr_Of_Lane,Row_Width_Usual,Roadbed_Width,Surf_Width,Surf_Type_ID,Curb_Type_Left_ID,Curb_Type_Right_ID,Shldr_Type_Left_ID,Shldr_Width_Left,Shldr_Use_Left_ID,Shldr_Type_Right_ID,Shldr_Width_Right,Shldr_Use_Right_ID,Median_Type_ID,Median_Width,Rural_Urban_Type_ID,Func_Sys_ID,Adt_Curnt_Amt,Adt_Curnt_Year,Adt_Adj_Curnt_Amt,Pct_Single_Trk_Adt,Pct_Combo_Trk_Adt,Trk_Aadt_Pct,Curve_Type_ID,Curve_Lngth,Cd_Degr,Delta_Left_Right_ID,Dd_Degr,Feature_Crossed,Structure_Number,I_R_Min_Vert_Clear,Approach_Width,Bridge_Median_ID,Bridge_Loading_Type_ID,Bridge_Loading_In_1000_Lbs,Bridge_Srvc_Type_On_ID,Bridge_Srvc_Type_Under_ID,Culvert_Type_ID,Roadway_Width,Deck_Width,Bridge_Dir_Of_Traffic_ID,Bridge_Rte_Struct_Func_ID,Bridge_IR_Struct_Func_ID,CrossingNumber,RRCo,Poscrossing_ID,WDCode_ID,Standstop,Yield,Incap_Injry_Cnt,Nonincap_Injry_Cnt,Poss_Injry_Cnt,Non_Injry_Cnt,Unkn_Injry_Cnt,Tot_Injry_Cnt,Death_Cnt,MPO_ID,Investigat_Service_ID,Investigat_DA_ID,Investigator_Narrative
13228616,N,N,N,N,N,N,N,4/19/2013,2:02 PM,SAPD13082612,3240,15,379,N,Y,,,19,,,1,14910,,NACOGDOCHES,RD,N,N,45,N,N,,N,19,,,,15000,,JUDSON,RD,,,,,,,11,1,0,3,1,1,20,2:02 PM,DISPATCH,2:30 PM,4/19/2013,Y,TXSPD0000,2473,,29,131,8,2,4,20,64,42,1,3,1,21,21,15,379,29.57573951,-98.37567486,FM,2252,,9.213,FM2252,14829,1433,1,13.626,494,-0.281,,,,,,,,,Y,Y,N,3,9,Y,FRI,2,0,0,0,0,3,4,100,60,60,4,1,1,1,0,0,1,0,0,0,0,4,14,17188,2014,17188,2.9,1.5,4.4,,,,,,,,,,,,,,,,,,,,,,,,,,,0,0,1,5,0,1,0,28,,,
13228727,N,N,N,N,N,N,N,4/18/2013,4:10 PM,95380A,,57,107,N,Y,,,19,,,1,12700,,COIT,RD,N,N,40,N,N,,Y,19,,,1,8000,,BANNER,DR,,,,,,,11,1,4,,1,1,5,6:30 PM,DISPATCHED,6:31 PM,4/18/2013,Y,TX0000006,2471,,,59,8,2,1,10,64,54,1,5,1,21,21,57,107,32.92123423,-96.76919257,,,,,COIT RD,,,,,,,,,,BANNER DR,,,,,Y,N,N,5,9,Y,THU,,,,,,,,,,,,,,,,,,,,,,,,,,,,,,,,,,,,,,,,,,,,,,,,,,,,,,,,0,0,0,2,0,0,0,282,,,
13228895,N,N,N,N,N,N,N,4/19/2013,12:58 PM,0047673313K,,101,208,N,Y,,,19,,,1,2500,,KELLEY,,N,N,30,N,N,MAIN AND PROPER LANE,Y,19,,,1,5900,,CHERRY,,,,,,,,11,1,4,,1,1,8,12:58 PM,DISPATCHED,1:13 PM,4/20/2013,Y,TXHPD0000,2469,24,124,113,8,2,1,10,64,54,1,5,1,21,21,101,208,29.81313479,-95.34538309,,,,,KELLEY ST,2500,,,,,,,,,CHERRY ST,,,,,Y,N,N,3,9,Y,FRI,,,,,,,,,,,,,,,,,,,,,,,,,,,,,,,,,,,,,,,,,,,,,,,,,,,,,,,,0,0,1,1,0,1,0,15,,,
13229108,N,N,N,N,N,N,N,4/18/2013,4:50 PM,SAPD13081968,6170,15,379,N,Y,,,19,,,1,1600,W,VILLARET,,N,N,30,N,N,,Y,19,,,1,9500,,POTEET JOURDANTON,FWY,,,,,,,11,1,4,2,1,1,5,4:50 PM,FLAGGED DOWN,4:50 PM,4/18/2013,Y,TXSPD0000,2473,,11,175,8,2,1,34,64,54,1,2,1,21,21,15,379,29.32540513,-98.55144794,SS,422,,1.302,SS0422,,613,1,2.52,506,1.294,,,,W VILLARET BLVD,,,,,Y,Y,N,5,9,Y,THU,4,0,4,10,30,2,4,230,76,48,4,0,0,2,8,5,2,20,5,3,22,4,12,19897,2014,19897,2.8,3.9,6.7,1,125,4,1,32,,,,,,,,,,,,,,,,,,,,,,0,0,0,2,0,0,0,28,,,
13229145,N,N,N,N,N,N,N,4/19/2013,10:20 PM,0047931613T,,101,208,N,Y,,,19,,,1,12300,,DORWAYNE,CT,N,N,30,N,N,DRY,N,19,,,,,,FEDERAL,RD,,,,,,,11,3,0,,4,1,20,12:11 AM,DISPATCHED,12:11 AM,4/20/2013,Y,TXHPD0000,2469,6,124,71,8,7,4,1,33,54,1,5,2,21,21,101,208,29.7646548,-95.22310313,,,,,DORWAYNE CT,12201,,,,,,,,,,,,,,Y,N,N,5,9,Y,FRI,,,,,,,,,,,,,,,,,,,,,,,,,,,,,,,,,,,,,,,,,,,,,,,,,,,,,,,,0,0,0,1,0,0,0,15,,,
13229274,N,N,N,N,N,N,N,4/19/2013,11:45 AM,0047649313E,,101,208,N,Y,,,19,,,1,,,HAMILTON,ST,N,N,30,N,N,,Y,19,,,1,,,GRAY,,,,,,,,11,1,4,,1,1,5,11:50 AM,SO DISPATCH,11:52 AM,4/20/2013,Y,TXHPD0000,2469,6,113,29,8,2,1,10,64,54,1,5,1,21,21,101,208,29.7440848,-95.36369309,,,,,HAMILTON ST,2099,,,,,,,,,GRAY ST,,,,,Y,N,N,3,9,Y,FRI,,,,,,,,,,,,,,,,,,,,,,,,,,,,,,,,,,,,,,,,,,,,,,,,,,,,,,,,0,0,1,1,0,1,0,15,,,
13229418,N,N,N,N,N,N,N,4/20/2013,2:15 PM,SAPD13083467,4110,15,379,N,Y,,,19,,,1,4500,,BINZ ENGLEMAN,RD,N,N,35,N,N,,N,4,78,,,4600,,FM 78,,,,,,,,11,1,0,,1,1,5,2:22 PM,DISPATCHED,2:25 PM,4/20/2013,Y,TXSPD0000,2473,,9,162,8,2,4,20,64,3,1,5,1,21,21,15,379,29.45926295,-98.40591682,,,,,BINZ ENGLEMAN RD,4500,,,,,,,,,,,,,,Y,N,N,5,9,Y,SAT,,,,,,,,,,,,,,,,,,,,,,,,,,,,,,,,,,,,,,,,,,,,,,,,,,,,,,,,0,0,0,5,0,0,0,28,,,
13229551,N,N,N,N,N,N,N,4/19/2013,2:20 PM,,,107,1672,Y,Y,32.19233,-95.91938,3,31,,1,,,NOT REPORTED,,N,N,70,N,N,,N,15,1405,,,,,NOT REPORTED,,,,,,,,11,1,0,2,2,1,11,4:25 PM,HCSO DISPATCH,4:33 PM,4/21/2013,Y,,10000,15,28,1,8,2,4,20,64,54,1,2,1,21,21,107,1672,32.19215355,-95.91988306,SH,31,,79.322,SH0031,,163,4,6.176,658,-0.35,,,,,,,,,Y,Y,Y,5,0,Y,FRI,3,0,6,10,69,3,4,205,80,48,4,0,0,2,14,5,2,18,5,3,55,1,2,11595,2014,11595,3.2,11.5,14.7,,,,,,,,,,,,,,,,,,,,,,,,,,,0,0,0,2,0,0,0,,,,
13229563,N,N,N,N,N,N,N,4/18/2013,6:00 PM,0047375713Y,,101,208,N,Y,,,2,59,,1,3100,S,SOUTHWEST,FWY,N,N,60,N,N,"PAVED, CONCRETE",N,19,,,,,,KIRBY,,,,,,,,12,1,0,,1,1,20,6:19 PM,DISPATCHER,6:28 PM,4/18/2013,Y,TXHPD0000,2469,18,121,35,8,2,4,20,64,54,1,2,1,21,21,101,208,,,US,59,,,US0059,,,,,,,,,,,,,,,Y,Y,N,5,9,N,THU,,,,,,,,,,,,,,,,,,,,,,,,,,,,,,,,,,,,,,,,,,,,,,,,,,,,,,,,0,0,0,2,0,0,0,,,,
13229600,N,N,N,N,N,N,N,4/19/2013,6:30 PM,0047922013B,,101,208,N,Y,,,1,10,,1,2300,W,KATY,FWY,N,N,60,N,N,,N,19,,,,,,TAYLOR,,,,,,,,11,1,2,,1,1,1,10:40 PM,DISPATCHER,10:47 PM,4/19/2013,Y,TXHPD0000,2469,6,121,33,8,2,4,21,1,54,1,1,1,21,21,101,208,,,IH,10,,,IH0010,,,,,,,,,,,,,,,Y,Y,N,3,9,N,FRI,,,,,,,,,,,,,,,,,,,,,,,,,,,,,,,,,,,,,,,,,,,,,,,,,,,,,,,,0,0,1,0,1,1,0,,,,
13229643,N,N,N,N,N,N,N,4/18/2013,9:40 PM,0047452613N,,101,208,N,Y,,,19,,,1,8300,,LOCKWOOD,DR,N,N,35,N,N,"FLAT,NO OBSTRUCTIONS",Y,19,,,1,4800,,BOSTIC,ST,,,,,,,12,4,0,,1,1,1,10:28 PM,DISPATCH,10:35 PM,4/18/2013,Y,TXHPD0000,2469,16,124,42,8,2,1,24,64,54,1,5,1,21,21,101,208,29.83562478,-95.3188931,,,,,LOCKWOOD DR,8298,,,,,,,,,BOSTIC ST,,,,,Y,N,N,5,9,Y,THU,,,,,,,,,,,,,,,,,,,,,,,,,,,,,,,,,,,,,,,,,,,,,,,,,,,,,,,,0,0,0,2,0,0,0,15,,,
13229699,N,N,N,N,N,Y,N,4/20/2013,10:46 PM,130419062,,165,291,N,Y,,,19,,,7,1300,,ATLANTA,ST,N,N,30,N,N,,N,19,,,,600,E,NEW JERSEY,,,,,,,,11,3,0,,1,1,1,10:46 PM,DISPATCHED,10:52 PM,5/2/2013,Y,TX1650100,1782,,,629,8,4,3,4,64,14,1,5,1,32,21,165,291,31.98700067,-102.0630399,,,,,S ATLANTA ST,1178,,,,,,,,,,,,,,Y,N,N,5,8,Y,SAT,,,,,,,,,,,,,,,,,,,,,,,,,,,,,,,,,,,,,,,,,,,,,,,,,,,,,,,,0,0,0,1,0,0,0,174,,,
13229844,N,N,N,N,N,N,N,4/17/2013,11:40 AM,0046769713W,,101,208,N,Y,,,1,610,,1,1000,W,WEST LP S,,N,N,60,N,N,,N,19,,,,,,WOODWAY,,,,,,,,12,1,0,,1,1,20,11:47 AM,DISPATCHED,11:56 AM,4/17/2013,Y,TXHPD0000,2469,24,106,54,8,2,4,20,64,54,1,1,1,21,21,101,208,,,IH,610,,,IH0610,,,,,,,,,,,,,,,Y,Y,N,3,9,N,WED,,,,,,,,,,,,,,,,,,,,,,,,,,,,,,,,,,,,,,,,,,,,,,,,,,,,,,,,0,0,1,2,1,1,0,,,,
13229932,N,N,N,N,N,N,N,4/8/2013,10:00 AM,13-0980607,,227,22,N,Y,,,19,,,1,7600,N,LAMAR,BLVD,N,N,40,N,N,,Y,19,,,,700,,MORROW,ST,,,,,,,12,1,0,,1,1,5,10:00 AM,DISPATCH,10:04 AM,4/8/2013,Y,TX2270100,74,22,139,95,8,2,1,34,20,54,1,2,1,21,21,227,22,30.34396476,-97.71495247,,,,,N LAMAR BLVD,,,,,,,,,,UNKNOWN,,,,,Y,N,N,2,9,Y,MON,,,,,,,,,,,,,,,,,,,,,,,,,,,,,,,,,,,,,,,,,,,,,,,,,,,,,,,,0,1,0,1,0,1,0,90,,,
13229946,N,N,N,N,N,N,N,4/7/2013,9:59 PM,130971681,FTSRA,227,22,N,Y,,,19,,,1,,E,SLAUGHTER,LN,N,N,45,N,N,,Y,1,35,,,,S,SVRD SB,,,,,,,,11,4,4,2,1,1,5,10:00 PM,DISPATCH,10:05 PM,4/8/2013,Y,TX2270100,74,,169,130,8,2,1,34,64,54,1,1,1,21,21,227,22,30.16744269,-97.78583689,IH,35,,226.471,IH0035,,15,13,10.007,227,-0.033,,,,E SLAUGHTER LN,,,,,Y,Y,N,2,9,Y,SUN,5,0,3,10,36,2,6,300,98,72,4,0,0,2,6,5,2,20,5,,30,4,11,142526,2014,142526,4.9,8,13,1,586,0,2,15,,,,,,,,,,,,,,,,,,,,,,0,2,0,2,0,2,0,90,,,
13230164,N,N,N,N,N,N,N,4/19/2013,3:35 AM,,,7,1572,Y,Y,28.91845,-98.59195,3,97,,1,,,NOT REPORTED,,N,N,70,N,N,,N,,,,,,,NOT REPORTED,,0.3,M,E,514,,,11,3,0,1,1,1,20,3:35 AM,ATASCOSA CO DISPATCH,3:50 AM,4/21/2013,Y,,10000,1,92,1,8,7,4,1,32,29,1,2,2,21,21,7,1572,28.92096943,-98.58241631,SH,97,,64.748,SH0097,,328,5,9.536,514,0.3,,,,NOT REPORTED,,,,,Y,Y,Y,5,0,Y,FRI,2,0,10,10,0,2,2,100,44,24,4,0,0,2,10,5,2,10,5,0,0,1,2,8154,2014,8154,2.5,10.9,13.4,,,,,,,,,,,,,,,,,,,,,,,,,,,0,0,0,1,0,0,0,,,,
13230435,N,N,N,N,N,N,N,4/14/2013,10:14 PM,13NP025438,,220,312,N,Y,,,19,,,1,6900,N,RUFE SNOW,DR,N,N,40,N,N,BLACKTOP MUNICIPAL ROAD,Y,19,,,1,6600,W,HIGHTOWER,DR,,,,,BLACKTOP MUNICIPAL ROAD,,11,4,4,,1,1,5,10:21 PM,DISPATCHED,10:23 PM,4/14/2013,Y,TX2202100,1860,,,87,8,2,1,34,64,54,1,5,1,21,21,220,312,32.87363426,-97.23792245,,,,,RUFE SNOW DR,6900,,,,,,,,,UNKNOWN,,,,,Y,N,N,5,7,Y,SUN,,,,,,,,,,,,,,,,,,,,,,,,,,,,,,,,,,,,,,,,,,,,,,,,,,,,,,,,0,0,0,1,1,0,0,282,,,
13230690,N,N,N,N,N,N,N,4/3/2013,7:52 AM,2013-00762,,20,11,N,Y,,,9,35,,1,,S,SH35,,N,N,55,N,N,CLEAN AND WET,N,19,,,1,,E,HOUSE,ST,,,,,CLEAN AND WET,,12,1,98,2,1,2,11,8:09 AM,DISPATCH,8:09 AM,4/3/2013,Y,TX0200100,30,,,,8,2,4,22,64,42,1,2,1,21,21,20,11,29.41617153,-95.22934505,SH,35,,20.587,SH0035,1399,178,3,3.377,496,-0.424,,,,,,,,,Y,Y,N,5,5,Y,WED,5,0,0,0,198,9,4,350,48,48,5,2,2,1,0,0,1,0,0,3,198,4,14,19959,2014,19959,2.4,8.7,11.1,1,236,1,2,12,,,,,,,,,,,,,,,,,,,,,,0,0,0,2,0,0,0,15,,,
13230760,N,N,N,N,N,N,N,4/8/2013,8:59 AM,13-010934,,240,254,N,Y,,,2,83,,1,2400,S,US HIGHWAY 83,,N,N,35,N,N,,N,19,,,1,2100,,SALTILLO,,,,,,,,11,1,0,2,1,1,1,9:00 AM,MCT DISPATCHED,9:03 AM,4/8/2013,Y,TX2400100,1644,,,,8,2,4,21,64,9,1,2,1,21,21,240,254,27.47575553,-99.47495666,US,83,,692.19,US0083,,38,1,3.03,720,1.1,,,,,,,,,Y,Y,N,5,8,Y,MON,3,0,0,9,4,2,4,120,86,48,4,0,2,1,0,0,2,18,5,1,4,4,14,31323,2014,31323,3.9,16.7,20.6,,,,,,,,,,,,,,,,,,,,,,,,,,,0,0,0,2,0,0,0,205,,,
13230826,N,Y,N,N,N,N,N,4/10/2013,1:40 PM,,,73,1638,Y,Y,31.27537,-97.07528,2,77,,1,,,NOT REPORTED,,N,N,70,N,N,,N,3,7,,,,,NOT REPORTED,,,,,,,,2,1,0,1,1,2,12,1:43 PM,DISPATCHED,2:10 PM,4/12/2013,Y,,10000,19,119,1,8,9,4,1,3,6,1,2,2,21,21,73,1638,31.27544624,-97.07522646,US,77,,156.357,US0077,3845,209,2,7.852,394,-0.837,,,,,,,,,Y,Y,Y,5,0,Y,WED,2,0,10,10,0,2,2,150,44,24,4,0,0,2,10,5,2,10,5,0,0,1,6,4945,2014,4945,6.5,14.3,20.8,,,,,,,,,,,,,,,,,,,,,,,,,,,0,0,0,1,0,0,0,,,,
13231118,N,N,N,N,N,N,N,3/31/2013,8:21 AM,13-507865,,188,12,N,Y,,,19,,,2,5500,W,INTERSTATE 40,,N,N,35,N,N,NORTH FRONTAL,N,19,,,1,1900,S,CEDAR,ST,,,,,INTERSECTION,,11,0,0,2,1,1,1,8:02 AM,DISPATCH,8:21 AM,3/31/2013,N,TX1880100,33,,,124,8,7,4,1,33,54,2,1,2,21,21,188,12,35.19081051,-101.898162,IH,40,,66.905,IH0040,,275,1,15.039,67,-0.133,,,,,,,,,Y,Y,N,0,8,Y,SUN,5,0,10,10,22,9,6,300,112,72,6,0,2,2,20,5,2,20,5,2,2,3,11,87330,2014,87330,2.3,9.9,12.1,,,,,,,,,,,,,,,,,,,,,,,,,,,0,0,0,0,1,0,0,120,,,
13231204,N,N,N,N,N,N,N,4/12/2013,8:15 AM,,13-050574,57,416,N,Y,,,2,80,,1,300,,US 80,HWY,N,N,60,N,N,,N,19,,,1,100,N,COLLINS,RD,,,,,,,11,1,0,2,1,1,11,8:19 AM,RADIO DISPATCHED,8:23 AM,4/12/2013,Y,TX0570000,1169,,,,8,2,4,22,64,42,1,2,1,21,21,57,416,32.78508081,-96.56363063,US,80,,7.04,US0080,,95,2,6.813,668,-0.289,,,,,,,,,Y,Y,N,3,4,Y,FRI,4,0,2,12,44,2,4,350,76,48,4,0,0,2,4,5,2,24,5,2,40,4,12,69586,2014,69586,6,11.8,17.8,1,178,0,2,4,,,,,,,,,,,,,,,,,,,,,,0,0,1,1,0,1,0,282,,,
13231373,N,N,N,N,N,N,N,4/14/2013,4:43 PM,13-36044,,220,156,N,Y,32.76793,-97.35822,19,,,1,900,N,UNIVERSITY,DR,N,N,40,N,N,,Y,19,,,1,1300,,JACKSBORO,HWY,,,,,,,11,1,0,2,1,1,5,4:45 PM,DISPATCHED,4:46 PM,4/15/2013,Y,TX2201200,1318,885,29,120,8,2,2,22,64,38,1,2,1,21,21,220,156,32.7687522,-97.3567469,SH,199,,51.178,SH0199,1303,171,5,14.745,570,-0.806,,,,N UNIVERSITY DR,,,,,Y,Y,N,5,9,Y,SUN,3,0,0,10,14,9,4,350,68,48,6,1,1,1,0,0,2,20,5,1,14,4,14,30137,2014,30137,2.1,1.6,3.7,,,,,,,,,,,,,,,,,,,,,,,,,,,0,0,0,5,0,0,0,282,,,
13231455,N,N,N,N,N,N,N,4/21/2013,1:25 PM,13-47075,,31,189,N,Y,,,4,801,,1,2000,N,ED CAREY,DR,N,N,35,N,N,,Y,19,,,1,2000,,JONES,DR,,,,,,,11,1,3,3,1,1,8,1:25 PM,OFFICER,1:25 PM,4/22/2013,Y,TX0310300,1417,,,23,8,2,1,14,64,54,1,2,1,21,21,31,189,26.17774555,-97.67049254,SL,499,,6.474,SL0499,2006,1137,2,7.548,550,0.484,,,,JONES ST,,,,,Y,Y,N,5,7,Y,SUN,2,0,8,8,0,2,4,100,78,48,4,2,2,2,8,5,2,8,2,0,0,3,14,16703,2014,16703,4.6,2.7,7.3,,,,,,,,,,,,,,,,,,,,,,,,,,,0,0,0,2,0,0,0,201,,,
13231466,N,N,N,N,N,N,N,4/6/2013,4:50 PM,0042083913Q,,101,208,N,Y,,,1,10,,2,12300,E,EAST SER N,FWY,N,N,45,N,N,,N,19,,,,1000,,MAE,DR,,,,,,,11,1,0,2,1,1,20,12:10 AM,DISPATCHER,12:17 AM,4/7/2013,Y,TXHPD0000,2469,6,124,71,8,2,3,20,64,46,2,1,1,32,21,101,208,29.7704543,-95.22077604,IH,10,,776.578,IH0010,,508,1,36.605,778,-0.111,,,,,,,,,Y,Y,N,5,9,Y,SAT,5,0,12,12,50,9,8,275,144,96,5,0,0,2,24,5,2,24,5,2,26,4,11,119814,2014,119814,4.1,7.6,11.8,,,,,,,,,,,,,,,,,,,,,,,,,,,0,0,0,1,1,0,0,15,,,
13231521,N,N,N,N,N,N,N,4/9/2013,8:01 AM,,,165,1730,Y,Y,32.02377,-101.91242,3,307,,1,,,NOT REPORTED,,N,N,60,N,N,,Y,15,1090,,1,,S,NOT REPORTED,,,,,,,,11,1,0,1,1,1,1,8:06 AM,DPS MIDLAND,8:26 AM,4/16/2013,Y,TXDOT1800,10000,46,32,1,8,2,1,10,64,54,1,3,1,21,21,165,1730,32.02385739,-101.9123796,FM,307,,9.09,FM0307,10000,887,1,19.079,388,-0.793,,,,CR1090,,,,,Y,Y,Y,5,0,Y,TUE,2,0,4,4,0,1,2,120,32,24,2,0,0,2,4,5,2,4,5,0,0,1,6,6962,2014,6962,21.1,27.2,48.3,,,,,,,,,,,,,,,,,,,,,,,,,,,0,0,0,3,0,0,0,174,,,
13231644,N,N,N,N,N,Y,N,4/21/2013,9:30 PM,98331A,,57,107,N,Y,,,19,,,1,9900,,MARSH,LN,N,N,35,N,N,,N,19,,,,,,WALNUT HILL,LN,,,,,,,11,4,0,,1,1,20,9:49 PM,DISPATCH,9:55 PM,12/1/2015,N,TX0000006,2471,,,87,8,7,4,1,29,54,1,5,2,21,21,57,107,32.88006305,-96.85628255,,,,,MARSH LN,,,,,,,,,,,,,,,Y,N,N,5,9,Y,SUN,,,,,,,,,,,,,,,,,,,,,,,,,,,,,,,,,,,,,,,,,,,,,,,,,,,,,,,,0,0,0,1,0,0,0,282,,,
13231678,N,N,N,N,N,N,N,4/17/2013,6:36 PM,13-37272,,220,156,N,Y,32.71797,-97.22626,1,820,,1,2700,E,IH 820,FWY,N,N,60,N,N,,N,19,,,,7800,,TRINITY,BLVD,,,,,,,11,1,0,2,1,1,20,6:38 PM,ROUTINE PATROL,6:38 PM,4/17/2013,Y,TX2201200,1318,885,9,120,8,2,4,20,64,42,1,1,1,21,21,220,156,32.71786911,-97.2260639,IH,820,,31.434,IH0820,,8,13,32.431,31,-0.156,,,,,,,,,Y,Y,N,3,9,Y,WED,5,0,6,10,62,3,4,350,80,48,6,0,0,2,16,5,2,16,5,2,46,4,11,94053,2014,94053,3.6,5,8.5,,,,,,,,,,,,,,,,,,,,,,,,,,,0,0,1,3,0,1,0,282,,,
13231818,N,N,N,N,N,N,N,4/20/2013,12:08 PM,13-18497,,108,331,N,Y,,,4,3072,,1,500,E,DICKER,RD,N,N,30,N,N,,N,19,,,,7300,S,SAINT MARIE,DR,,,,,,,11,1,0,,1,1,20,12:08 PM,RADIO-DISPATCHED,12:10 PM,4/20/2013,Y,TX1081100,1926,,,35,8,2,1,14,64,54,1,3,1,21,21,108,331,,,FM,3072,,,FM3072,,,,,,,,,,S SAINT MARIE DR,,,,,Y,Y,N,3,7,N,SAT,,,,,,,,,,,,,,,,,,,,,,,,,,,,,,,,,,,,,,,,,,,,,,,,,,,,,,,,0,0,1,1,0,1,0,,,,
13231990,N,N,N,N,N,N,N,4/22/2013,8:50 PM,130422053,,165,291,N,Y,,,19,,,1,2600,,WAKEFIELD,,N,N,30,N,N,,N,1,20,,,4800,W,I 20,,,,,,SOUTH SERVICE ROAD,,11,3,2,,1,1,1,8:57 PM,DISPATCH,9:10 PM,4/22/2013,Y,TX1650100,1782,,,629,8,2,2,17,64,38,2,1,1,21,21,165,291,31.95434819,-102.1317428,,,,,WAKEFIELD RD,2605,,,,,,IH,20,,IH0020,,,,,Y,N,N,2,8,Y,MON,,,,,,,,,,,,,,,,,,,,,,,,,,,,,,,,,,,,,,,,,,,,,,,,,,,,,,,,0,1,0,2,0,1,0,174,,,
13232013,N,N,N,N,N,N,N,4/22/2013,5:24 PM,99023A,,57,107,N,Y,,,19,,,1,2400,N,BECKLEY,AVE,N,N,35,N,N,,Y,19,,,3,100,W,COMMERCE,ST,,,,,,,11,1,2,,1,1,11,5:32 PM,DISPATCHED,5:47 PM,4/22/2013,Y,TX0000006,2471,,,71,8,2,1,34,64,54,3,5,1,21,21,57,107,32.77264426,-96.82284256,,,,,N BECKLEY AVE,2400,,,,,,,,,UNKNOWN,,,,,Y,N,N,5,9,Y,MON,,,,,,,,,,,,,,,,,,,,,,,,,,,,,,,,,,,,,,,,,,,,,,,,,,,,,,,,0,0,0,3,0,0,0,282,,,
13232014,N,N,N,N,N,N,N,4/22/2013,8:30 PM,SAPD13085336,3310,15,379,N,Y,,,19,,,1,1100,,PARKRIDGE,,N,N,30,N,N,,N,19,,,,8500,,EASTERN,AVE,,,,,,,11,4,0,,1,1,20,8:41 PM,DISPATCHED,8:45 PM,4/22/2013,Y,TXSPD0000,2473,,29,131,8,7,4,1,33,3,1,5,2,21,21,15,379,29.51761495,-98.47528285,,,,,PARKRIDGE DR,1179,,,,,,,,,,,,,,Y,N,N,5,9,Y,MON,,,,,,,,,,,,,,,,,,,,,,,,,,,,,,,,,,,,,,,,,,,,,,,,,,,,,,,,0,0,0,1,0,0,0,28,,,
13232016,N,N,N,N,N,N,N,4/20/2013,11:47 PM,SAPD13083855,4240,15,379,N,Y,,,19,,,1,900,,GLAMIS,AVE,N,N,30,N,N,,N,19,,,,4600,,STRINGFELLOW,DR,,,,,,,11,3,0,,1,1,1,12:02 AM,DISPATCH,12:05 AM,4/21/2013,N,TXSPD0000,2473,,9,162,8,4,4,1,64,3,1,5,1,21,21,15,379,29.37951853,-98.43634175,,,,,GLAMIS AVE,973,,,,,,,,,,,,,,Y,N,N,0,9,Y,SAT,,,,,,,,,,,,,,,,,,,,,,,,,,,,,,,,,,,,,,,,,,,,,,,,,,,,,,,,0,0,0,0,1,0,0,28,,,