Crash_ID,Crash_Fatal_Fl,Cmv_Involv_Fl,Schl_Bus_Fl,Rr_Relat_Fl,Medical_Advisory_Fl,Amend_Supp_Fl,Active_School_Zone_Fl,Crash_Date,Crash_Time,Case_ID,Local_Use,Rpt_CRIS_Cnty_ID,Rpt_City_ID,Rpt_Outside_City_Limit_Fl,Thousand_Damage_Fl,Rpt_Latitude,Rpt_Longitude,Rpt_Rdwy_Sys_ID,Rpt_Hwy_Num,Rpt_Hwy_Sfx,Rpt_Road_Part_ID,Rpt_Block_Num,Rpt_Street_Pfx,Rpt_Street_Name,Rpt_Street_Sfx,Private_Dr_Fl,Toll_Road_Fl,Crash_Speed_Limit,Road_Constr_Zone_Fl,Road_Constr_Zone_Wrkr_Fl,Rpt_Street_Desc,At_Intrsct_Fl,Rpt_Sec_Rdwy_Sys_ID,Rpt_Sec_Hwy_Num,Rpt_Sec_Hwy_Sfx,Rpt_Sec_Road_Part_ID,Rpt_Sec_Block_Num,Rpt_Sec_Street_Pfx,Rpt_Sec_Street_Name,Rpt_Sec_Street_Sfx,Rpt_Ref_Mark_Offset_Amt,Rpt_Ref_Mark_Dist_Uom,Rpt_Ref_Mark_Dir,Rpt_Ref_Mark_Nbr,Rpt_Sec_Street_Desc,Rpt_CrossingNumber,Wthr_Cond_ID,Light_Cond_ID,Entr_Road_ID,Road_Type_ID,Road_Algn_ID,Surf_Cond_ID,Traffic_Cntl_ID,Investigat_Notify_Time,Investigat_Notify_Meth,Investigat_Arrv_Time,Report_Date,Investigat_Comp_Fl,ORI_Number,Investigat_Agency_ID,Investigat_Area_ID,Investigat_District_ID,Investigat_Region_ID,Bridge_Detail_ID,Harm_Evnt_ID,Intrsct_Relat_ID,FHE_Collsn_ID,Obj_Struck_ID,Othr_Factr_ID,Road_Part_Adj_ID,Road_Cls_ID,Road_Relat_ID,Phys_Featr_1_ID,Phys_Featr_2_ID,Cnty_ID,City_ID,Latitude,Longitude,Hwy_Sys,Hwy_Nbr,Hwy_Sfx,Dfo,Street_Name,Street_Nbr,Control,Section,Milepoint,Ref_Mark_Nbr,Ref_Mark_Displ,Hwy_Sys_2,Hwy_Nbr_2,Hwy_Sfx_2,Street_Name_2,Street_Nbr_2,Control_2,Section_2,Milepoint_2,Txdot_Rptable_Fl,Onsys_Fl,Rural_Fl,Crash_Sev_ID,Pop_Group_ID,Located_Fl,Day_of_Week,Hwy_Dsgn_Lane_ID,Hwy_Dsgn_Hrt_ID,Hp_Shldr_Left,Hp_Shldr_Right,Hp_Median_Width,Base_Type_ID,Nbr_Of_Lane,Row_Width_Usual,Roadbed_Width,Surf_Width,Surf_Type_ID,Curb_Type_Left_ID,Curb_Type_Right_ID,Shldr_Type_Left_ID,Shldr_Width_Left,Shldr_Use_Left_ID,Shldr_Type_Right_ID,Shldr_Width_Right,Shldr_Use_Right_ID,Median_Type_ID,Median_Width,Rural_Urban_Type_ID,Func_Sys_ID,Adt_Curnt_Amt,Adt_Curnt_Year,Adt_Adj_Curnt_Amt,Pct_Single_Trk_Adt,Pct_Combo_Trk_Adt,Trk_Aadt_Pct,Curve_Type_ID,Curve_Lngth,Cd_Degr,Delta_Left_Right_ID,Dd_Degr,Feature_Crossed,Structure_Number,I_R_Min_Vert_Clear,Approach_Width,Bridge_Median_ID,Bridge_Loading_Type_ID,Bridge_Loading_In_1000_Lbs,Bridge_Srvc_Type_On_ID,Bridge_Srvc_Type_Under_ID,Culvert_Type_ID,Roadway_Width,Deck_Width,Bridge_Dir_Of_Traffic_ID,Bridge_Rte_Struct_Func_ID,Bridge_IR_Struct_Func_ID,CrossingNumber,RRCo,Poscrossing_ID,WDCode_ID,Standstop,Yield,Incap_Injry_Cnt,Nonincap_Injry_Cnt,Poss_Injry_Cnt,Non_Injry_Cnt,Unkn_Injry_Cnt,Tot_Injry_Cnt,Death_Cnt,MPO_ID,Investigat_Service_ID,Investigat_DA_ID,Investigator_Narrative
13236873,N,N,N,N,N,N,N,4/11/2013,5:10 PM,T13-03907,BM,19,427,N,Y,,,2,71,,1,4400,N,STATELINE,AVE,N,N,40,N,N,,Y,11,14,,1,4800,,TEXAS,BLVD,,,,,,,11,1,0,3,1,1,9,5:10 PM,RADIO DISPATCH,5:21 PM,4/11/2013,Y,TX0190500,2230,19,3,23,8,2,1,34,64,54,1,2,1,21,21,19,1584,33.46061298,-94.04310977,SL,14,,0.003,SL0014,,46,8,0.003,212,-0.059,US,71,,US0071,,,,,Y,Y,Y,3,0,Y,THU,2,0,8,8,0,3,4,100,67,51,4,1,1,2,8,3,2,8,3,0,0,3,14,12706,2014,12706,3.3,6.2,9.6,,,,,,,,,,,,,,,,,,,,,,,,,,,0,0,2,2,0,2,0,211,,,
13237033,N,N,N,N,N,N,N,4/11/2013,6:58 AM,13-00898,,101,447,N,Y,,,19,,,1,1600,,N TEXAS,AVE,N,N,40,N,N,,N,19,,,1,600,,W BAY AREA,BLVD,,,,,,,2,4,0,,1,2,11,6:59 AM,DISPATCHED,7:04 AM,4/11/2013,Y,TX1012500,2391,,,,8,2,3,23,64,13,1,5,1,32,21,101,447,,,,,,,N TEXAS AVE,,,,,,,,,,,,,,,Y,N,N,5,5,N,THU,,,,,,,,,,,,,,,,,,,,,,,,,,,,,,,,,,,,,,,,,,,,,,,,,,,,,,,,0,0,0,3,0,0,0,,,,
13237103,N,N,N,N,N,N,N,4/24/2013,5:35 PM,,,123,182,N,Y,29.93823,-93.93692,3,347,,1,,,NOT REPORTED,,N,N,40,N,N,,N,19,,,,,,46TH,ST,,,,,,,11,1,0,3,1,1,20,5:42 PM,LUFKIN DISPATCH,5:57 PM,4/24/2013,Y,,10000,17,58,1,8,2,4,20,64,54,1,2,1,21,21,123,1688,29.93826448,-93.93685634,SH,347,,9.358,SH0347,4765,667,1,9.353,458,-0.891,,,,,,,,,Y,Y,Y,5,0,Y,WED,2,0,0,0,0,3,6,120,72,72,6,0,0,1,0,0,1,0,0,0,0,3,14,17535,2014,17535,2.9,4.8,7.7,,,,,,,,,,,,,,,,,,,,,,,,,,,0,0,0,6,0,0,0,135,,,
13237128,N,N,N,N,N,N,N,4/16/2013,5:55 PM,130021167,,220,19,N,N,,,19,,,1,500,S,FIELDER,RD,N,N,40,N,N,,N,19,,,,1700,,NORWOOD,LN,,,,,,,12,1,0,,1,1,20,6:06 PM,DISPATCHED,8:50 PM,4/16/2013,N,TX2200100,59,,8,139,8,2,4,20,64,3,1,5,1,21,21,220,19,32.73089193,-97.1318873,,,,,S FIELDER RD,604,,,,,,,,,,,,,,N,N,N,5,9,Y,TUE,,,,,,,,,,,,,,,,,,,,,,,,,,,,,,,,,,,,,,,,,,,,,,,,,,,,,,,,0,0,0,1,1,0,0,282,,,
13237265,N,N,N,N,N,N,N,4/18/2013,1:07 PM,13-23933,,108,132,N,N,,,4,676,,1,2100,W,TRENTON,RD,N,N,45,N,N,,N,4,3362,,,4100,S,JACKSON,RD,,,,,,,11,1,4,,1,1,11,1:07 PM,DISPATCHED,1:16 PM,4/18/2013,Y,TX1080400,1248,,,35,8,2,3,10,64,14,1,3,1,32,21,108,132,,,FM,676,,,FM0676,,,,,,,,,,,,,,,N,Y,N,5,7,N,THU,,,,,,,,,,,,,,,,,,,,,,,,,,,,,,,,,,,,,,,,,,,,,,,,,,,,,,,,0,0,0,2,0,0,0,,,,
13237295,N,N,N,N,N,N,N,4/24/2013,4:45 AM,,,181,441,N,Y,30.12973,-93.97338,1,10,,1,,,NOT REPORTED,,N,N,75,N,N,,N,,,,,,,NOT REPORTED,,0.3,M,W,864,,,2,3,0,2,1,2,20,6:50 AM,DROVE UP ON CRASH,6:50 AM,4/24/2013,Y,,10000,7,58,1,8,7,4,1,56,1,1,1,2,21,21,181,441,30.12976282,-93.97277352,IH,10,,862.621,IH0010,,28,11,8.597,864,-0.3,,,,NOT REPORTED,,,,,Y,Y,N,5,5,Y,WED,5,0,4,10,37,2,4,290,76,48,5,0,0,2,8,5,2,20,5,3,29,3,11,50090,2014,50090,2.3,30.1,32.4,1,287,1,1,15,,,,,,,,,,,,,,,,,,,,,,0,0,0,1,0,0,0,135,,,
13237380,N,N,N,N,N,N,N,4/20/2013,12:45 PM,13-09436,,158,28,N,Y,,,19,,,1,3000,,4 TH,ST,N,N,30,N,N,,N,19,,,,2300,,NICHOLS,ST,,,,,,,11,1,4,,1,1,5,12:48 PM,TELEPHONE,12:52 PM,4/22/2013,Y,TX1610100,93,,,35,8,7,2,2,32,54,1,5,2,21,21,158,28,28.9802113,-95.95334392,,,,,4TH ST,3261,,,,,,,,,NICHOLS RD,,,,,Y,N,N,3,5,Y,SAT,,,,,,,,,,,,,,,,,,,,,,,,,,,,,,,,,,,,,,,,,,,,,,,,,,,,,,,,0,0,2,0,0,2,0,,,,
13237578,N,N,N,N,N,N,N,4/25/2013,12:45 PM,101382A,,57,107,N,Y,,,19,,,1,2500,,COMMERCE,ST,N,N,30,N,N,,Y,19,,,1,200,S,GOOD LATIMER,EXPY,,,,,,,11,1,4,,1,1,5,12:51 PM,DISPATCHED,12:58 PM,4/25/2013,Y,TX0000006,2471,,,35,8,2,1,10,64,54,1,5,1,21,21,57,107,32.78252425,-96.78650257,,,,,COMMERCE ST,,,,,,,,,,S GOOD LATIMER EXPY,,,,,Y,N,N,3,9,Y,THU,,,,,,,,,,,,,,,,,,,,,,,,,,,,,,,,,,,,,,,,,,,,,,,,,,,,,,,,0,0,1,1,0,1,0,282,,,
13237646,N,N,N,N,N,Y,N,4/18/2013,6:33 AM,,,109,1674,Y,Y,31.87862,-97.08202,1,35,,1,,,NOT REPORTED,,N,N,60,Y,N,,N,,,,,,,NOT REPORTED,,0.5,M,N,358,,,2,1,0,2,1,2,11,6:44 AM,ON VIEW,6:44 AM,6/27/2013,Y,,10000,12,119,1,8,7,4,1,39,49,1,1,1,21,21,109,1674,31.88400775,-97.08338153,IH,35,,357.997,IH0035,,14,7,3.085,358,0.5,,,,NOT REPORTED,,,,,Y,Y,Y,5,0,Y,THU,5,0,6,10,38,9,4,285,80,48,6,0,0,2,12,5,2,20,5,3,26,1,1,52686,2014,52686,2.9,29.5,32.4,1,534,1,1,28,,,,,,,,,,,,,,,,,,,,,,0,0,0,1,0,0,0,,,,
13237720,N,N,N,N,N,N,N,4/25/2013,5:05 PM,SAPD13087430,3350,15,379,N,N,,,19,,,1,5400,,CHARLES WINDHAM,,N,N,35,N,N,,N,19,,,,8000,,MIDCROWN,DR,,,,,,,11,1,0,,1,1,8,5:08 PM,DISPATCHER,5:20 PM,4/25/2013,N,TXSPD0000,2473,,29,131,8,2,2,35,64,38,1,5,1,21,21,15,379,29.47916494,-98.29630236,,,,,CHARLES W ANDERSON LOOP,5400,,,,,,,,,UNKNOWN,,,,,N,N,N,5,9,Y,THU,,,,,,,,,,,,,,,,,,,,,,,,,,,,,,,,,,,,,,,,,,,,,,,,,,,,,,,,0,0,0,3,1,0,0,28,,,
13237801,N,N,N,N,N,N,N,4/20/2013,7:10 PM,SAPD13083685,5310,15,379,N,Y,,,1,410,,1,5800,,NW LOOP 410,,N,N,65,N,N,,N,19,,,,5700,,BANDERA,,,,,,,,11,1,0,2,1,1,1,7:23 PM,DISPATCHED,7:32 PM,4/20/2013,Y,TXSPD0000,2473,,19,148,8,2,4,21,64,54,1,1,1,21,21,15,379,29.40442118,-98.38927641,IH,410,,35.776,IH0410,,521,6,35.547,35,0.26,,,,,,,,,Y,Y,N,5,9,Y,SAT,5,0,4,10,55,2,4,300,76,48,2,0,0,2,14,5,2,14,5,3,41,4,11,65950,2014,65950,4.2,13.6,17.8,,,,,,,,,,,,,,,,,,,,,,,,,,,0,0,0,6,0,0,0,28,,,
13237962,N,N,N,N,N,N,N,4/14/2013,5:32 PM,,20130017890,20,248,N,Y,,,3,332,,4,100,W,332,HWY,N,N,35,N,N,,N,3,332,,,100,E,332,HWY,,,,,,,12,1,98,,1,1,9,5:33 PM,DISPATCHED,5:39 PM,4/18/2013,Y,TX0200800,1627,,,35,8,2,2,22,64,38,4,2,1,21,21,20,248,,,SH,332,,,SH0332,,,,,,,SH,332,,SH0332,,,,,Y,Y,N,5,6,N,SUN,,,,,,,,,,,,,,,,,,,,,,,,,,,,,,,,,,,,,,,,,,,,,,,,,,,,,,,,0,0,0,2,0,0,0,,,,
13238136,N,Y,N,N,N,N,N,4/18/2013,10:34 AM,AC13-04-0015,,107,20,N,Y,32.22777,-95.85625,11,7,,1,200,NW,LOOP 7,LOOP,N,N,65,N,N,NW LOOP 7,N,3,19,,1,1600,N,PALESTINE,ST,,,,,N PALESTINE,,2,1,0,1,2,2,20,10:38 AM,RADIO,10:49 AM,4/18/2013,Y,TX1070100,67,,,13,8,2,4,24,1,54,1,2,1,21,21,107,20,32.16829944,-95.84624981,SL,7,,15.537,SL0007,,1099,5,32.227,644,-0.6,,,,,,,,,Y,Y,N,1,5,Y,THU,2,0,10,16,0,3,2,180,50,24,2,0,0,2,10,5,2,16,5,0,0,2,16,2427,2014,2427,10.6,0.8,11.4,,,,,,,,,,,,,,,,,,,,,,,,,,,1,1,0,0,0,2,0,,,,
13238221,N,N,N,N,N,N,N,4/6/2013,11:07 AM,2013007291,,108,448,N,Y,,,19,,,1,100,N,WESTGATE,BLVD,N,N,30,N,N,,N,19,,,1,1600,W,WESTMUNT,ST,,,,,,,11,1,0,,1,1,11,11:00 AM,RADIO DISPATCH,11:09 AM,4/6/2013,Y,TX1081400,2396,,,,8,2,4,22,64,42,1,5,1,21,21,108,448,26.16088563,-98.00674255,,,,,S WESTGATE DR,201,,,,,,,,,,,,,,Y,N,N,5,6,Y,SAT,,,,,,,,,,,,,,,,,,,,,,,,,,,,,,,,,,,,,,,,,,,,,,,,,,,,,,,,0,0,0,5,0,0,0,230,,,
13238378,N,N,N,N,N,N,N,4/25/2013,12:30 PM,0050415213Z,,101,208,N,Y,,,19,,,1,8400,,WESTPARK,,N,N,35,N,N,,N,19,,,,3900,,WESTHOLME,RD,,,,,,,11,1,2,,1,1,1,12:31 PM,DISPATCH,12:35 PM,4/25/2013,Y,TXHPD0000,2469,14,106,54,8,2,4,34,64,54,1,5,1,14,21,101,208,29.72211931,-95.51224014,,,,,WESTPARK DR,8395,,,,,,,,,,,,,,Y,N,N,3,9,Y,THU,,,,,,,,,,,,,,,,,,,,,,,,,,,,,,,,,,,,,,,,,,,,,,,,,,,,,,,,0,0,2,0,0,2,0,15,,,
13238717,N,N,N,N,N,N,N,4/17/2013,4:18 PM,13-13192,,152,270,N,Y,,,2,82,,2,2500,,MARSHA SHARP,FWY,N,N,45,N,N,ACCESS ROAD,Y,19,,,1,400,,UNIVERSITY,AVE,,,,,,,11,1,4,2,1,1,5,4:18 PM,POLICE RADIO,4:57 PM,4/17/2013,Y,TX1520200,1706,,,,8,2,1,10,64,54,2,2,1,21,21,152,270,33.59273583,-101.87057,US,82,,86.056,US0082,,380,1,15.985,310,-1.001,FM,2255,,FM2255,,,,,Y,Y,N,5,8,Y,WED,5,0,12,10,48,8,4,328,92,48,5,0,0,2,24,5,2,20,5,3,24,4,12,24350,2014,24350,8.2,6.4,14.6,,,,,,,,,,,,,,,,,,,,,,,,,,,0,0,0,3,0,0,0,122,,,
13238823,N,N,N,N,N,N,N,4/9/2013,4:00 PM,13-2169,,79,413,N,Y,,,19,,,1,5400,,COMMONWEALTH,BLVD,N,N,35,N,N,,N,19,,,1,5300,,DYNASTY,PL,,,,,,,11,1,0,,1,1,1,4:12 PM,RADIO DISPATCH,4:16 PM,4/11/2013,Y,TX0790500,2189,,,,8,2,4,20,64,36,1,5,1,21,21,79,413,29.55880473,-95.62646917,,,,,COMMONWEALTH BLVD,,,,,,,,,,,,,,,Y,N,N,5,7,Y,TUE,,,,,,,,,,,,,,,,,,,,,,,,,,,,,,,,,,,,,,,,,,,,,,,,,,,,,,,,0,0,0,2,0,0,0,15,,,
13238985,N,N,N,N,N,N,N,4/10/2013,3:30 PM,130047568,0,101,1666,Y,Y,,,19,,,1,18100,,IMPERIAL VALLEY DR,,N,N,35,N,N,,Y,19,,,1,600,,RANKIN RD,,,,,,,,2,4,4,,1,3,5,3:33 PM,ON VIEW,3:33 PM,4/10/2013,Y,TX1010000,1419,151,4,5,8,2,2,19,64,38,1,5,1,21,21,101,1666,29.95903477,-95.40140307,,,,,IMPERIAL VALLEY DR,18100,,,,,,,,,UNKNOWN,,,,,Y,N,Y,5,0,Y,WED,,,,,,,,,,,,,,,,,,,,,,,,,,,,,,,,,,,,,,,,,,,,,,,,,,,,,,,,0,0,0,2,0,0,0,15,,,
13239106,N,N,N,N,N,N,N,4/26/2013,6:49 AM,SAPD13087900,3310,15,379,N,Y,,,19,,,1,8103,,BROADWAY,,N,N,45,N,N,,N,19,,,,1700,W,LAWNDALE,DR,,,,,,,2,1,0,,3,2,5,6:50 AM,DISPATCHED,7:13 AM,4/26/2013,Y,TXSPD0000,2473,,29,131,8,2,2,22,64,38,1,5,1,21,21,15,379,29.50971866,-98.46619244,,,,,BROADWAY ST,8100,,,,,,,,,W LAWNDALE DR,,,,,Y,N,N,5,9,Y,FRI,,,,,,,,,,,,,,,,,,,,,,,,,,,,,,,,,,,,,,,,,,,,,,,,,,,,,,,,0,0,0,2,0,0,0,28,,,
13239125,N,N,N,N,N,N,N,4/25/2013,2:30 PM,13-40065,,220,156,N,Y,32.72382,-97.51619,1,30,,1,11200,,WEST FREEWAY,,N,N,60,N,N,,N,19,,,,2900,,CHAPEL CREEK,BLVD,,,,,,,11,1,0,2,1,1,1,2:30 PM,DISPATCH,2:30 PM,4/25/2013,Y,TX2201200,1318,885,19,120,8,2,4,20,64,45,1,1,1,21,21,220,156,32.72374682,-97.51615234,IH,30,,3.178,IH0030,,1068,1,11.957,3,0.041,,,,,,,,,Y,Y,N,1,9,Y,THU,5,0,4,4,80,3,4,350,76,48,6,0,0,2,8,5,2,8,5,2,72,4,11,51270,2014,51270,2.4,12,14.4,1,107,2,2,11,,,,,,,,,,,,,,,,,,,,,,1,0,0,3,0,1,0,282,,,
13239135,N,N,N,N,N,N,N,4/25/2013,11:27 AM,13-39997,,220,156,N,Y,32.72115,-97.24223,19,,,1,5200,,RAMEY,AVE,N,N,30,N,N,LOCAL ROAD,Y,19,,,1,2400,,DILLARD,ST,,,,,LOCAL ROAD,,11,1,0,,1,1,1,11:27 AM,WAVE DOWN,11:28 AM,4/25/2013,N,TX2201200,1318,885,9,120,8,7,4,1,29,35,1,5,2,21,21,220,156,32.72111428,-97.24282246,,,,,RAMEY AVE,5199,,,,,,,,,,,,,,Y,N,N,5,9,Y,THU,,,,,,,,,,,,,,,,,,,,,,,,,,,,,,,,,,,,,,,,,,,,,,,,,,,,,,,,0,0,0,1,0,0,0,282,,,
13239188,N,Y,N,N,N,N,N,4/24/2013,10:52 AM,13-39597,,220,156,N,Y,32.73789,-97.39358,19,,,1,4900,,CAMP BOWIE,BLVD,N,N,35,N,N,,Y,19,,,1,2200,,ELDRIDGE,ST,,,,,,,11,1,2,,2,1,8,10:57 AM,DISPATCHED,11:00 AM,4/24/2013,Y,TX2201200,1318,885,19,120,8,2,1,10,64,3,1,5,1,21,21,220,156,32.73798429,-97.39311242,,,,,CAMP BOWIE BLVD,4901,,,,,,,,,ELDRIDGE ST,,,,,Y,N,N,5,9,Y,WED,,,,,,,,,,,,,,,,,,,,,,,,,,,,,,,,,,,,,,,,,,,,,,,,,,,,,,,,0,0,0,2,0,0,0,282,,,
13239191,N,N,N,N,N,N,N,4/20/2013,7:32 PM,130021991,BEAT 240/ACCDWI,220,19,N,N,,,4,157,,1,1400,N,COLLINS,ST,N,N,35,N,N,,N,19,,,,900,E,COPELAND,RD,,,,,,,11,1,0,2,2,1,5,7:32 PM,ONVIEW,7:35 PM,4/20/2013,Y,TX2200100,59,,,272,8,2,2,22,64,38,1,3,1,21,21,220,19,32.75898949,-97.09714956,FM,157,,7.593,FM0157,,747,3,12.271,270,-0.413,,,,E COPELAND RD,,,,,N,Y,N,5,9,Y,SAT,3,0,0,0,10,3,4,100,64,64,4,1,0,1,0,0,1,0,0,1,10,4,14,34313,2014,34313,2.3,0.6,2.9,,,,,,,,,,,,,,,,,,,,,,,,,,,0,0,0,2,0,0,0,282,,,
13239272,N,N,N,N,N,N,N,4/7/2013,12:55 PM,0042307613R,,101,208,N,Y,,,19,,,1,1900,W,GRAY,ST,N,N,30,N,N,CONCRETE,N,19,,,,1400,,MCDUFFIE,ST,,,,,,,11,1,0,,1,1,11,1:35 PM,DISPATCHED,1:56 PM,4/7/2013,Y,TXHPD0000,2469,24,121,35,8,2,3,34,64,13,1,5,1,32,21,101,208,29.75304169,-95.40866443,,,,,W GRAY ST,2003,,,,,,,,,,,,,,Y,N,N,3,9,Y,SUN,,,,,,,,,,,,,,,,,,,,,,,,,,,,,,,,,,,,,,,,,,,,,,,,,,,,,,,,0,0,1,1,0,1,0,15,,,
13239537,N,N,N,N,N,N,N,4/26/2013,1:57 PM,13088115,3310,15,379,N,N,,,19,,,1,,N,NEW BRAUNFELS,AVE,N,N,30,N,N,,Y,19,,,1,,E,SUNSET,RD,,,,,,,12,1,4,,1,1,5,2:11 PM,DISPATCH,2:27 PM,4/26/2013,Y,TXSPD0000,2473,,29,131,8,5,1,3,64,54,1,5,1,21,21,15,379,29.50716495,-98.45900232,,,,,N NEW BRAUNFELS AVE,8100,,,,,,,,,E SUNSET RD,,,,,N,N,N,5,9,Y,FRI,,,,,,,,,,,,,,,,,,,,,,,,,,,,,,,,,,,,,,,,,,,,,,,,,,,,,,,,0,0,0,2,0,0,0,28,,,
13239555,N,Y,N,N,N,N,N,4/8/2013,3:43 PM,0042791713W,,101,208,N,Y,,,2,59,,1,2000,S,SOUTHWEST,FWY,N,N,65,N,N,,N,19,,,,3900,,SHEPHERD,,,,,,,,11,1,0,,1,1,20,3:50 PM,DISPATCHED,3:59 PM,4/26/2013,Y,TXHPD0000,2469,51,113,29,8,2,4,20,64,54,1,2,1,21,21,101,208,,,US,59,,,US0059,,,,,,,,,,,,,,,Y,Y,N,3,9,N,MON,,,,,,,,,,,,,,,,,,,,,,,,,,,,,,,,,,,,,,,,,,,,,,,,,,,,,,,,0,0,1,1,0,1,0,,,,
13239617,N,N,N,N,N,N,N,4/26/2013,6:50 PM,0051055313E,,101,208,N,Y,,,19,,,1,900,,GREENS,RD,N,N,30,N,N,MAIN LANE PROPER,N,19,,,,17000,,WAYFOREST,DR,,,,,,,11,1,2,,1,1,20,7:04 PM,DISPATCHED,7:11 PM,4/26/2013,Y,TXHPD0000,2469,52,152,59,8,2,4,21,64,3,1,5,1,21,21,101,208,29.9507465,-95.3930349,,,,,GREENS RD,,,,,,,,,,,,,,,Y,N,N,3,9,Y,FRI,,,,,,,,,,,,,,,,,,,,,,,,,,,,,,,,,,,,,,,,,,,,,,,,,,,,,,,,0,0,1,2,0,1,0,15,,,
13239720,N,N,N,N,N,N,N,4/27/2013,2:46 AM,SAPD13088693,7140,15,379,N,Y,,,19,,,1,9101,,GUILBEAU,RD,N,N,35,N,N,,N,19,,,,8300,,TEZEL,RD,,,,,,,11,4,3,,1,1,20,2:46 AM,DISPATCH,3:17 AM,4/27/2013,Y,TXSPD0000,2473,,61,123,8,2,4,21,64,54,1,5,1,21,21,15,379,29.51899867,-98.66408505,,,,,GUILBEAU RD,9214,,,,,,,,,,,,,,Y,N,N,3,9,Y,SAT,,,,,,,,,,,,,,,,,,,,,,,,,,,,,,,,,,,,,,,,,,,,,,,,,,,,,,,,0,0,1,1,1,1,0,28,,,
13239728,N,N,N,N,N,N,N,4/26/2013,10:21 PM,SAPD13088480,6130,15,379,N,N,,,19,,,1,3600,,NOGALITOS,ST,N,N,35,N,N,LOCAL ROAD,N,19,,,,100,,ILLG,,,,,,LOCAL ROAD,,12,4,0,3,1,1,20,10:38 PM,DISPATCHED,10:44 PM,4/26/2013,Y,TXSPD0000,2473,,11,175,8,2,3,20,64,46,1,2,1,32,21,15,379,29.38011909,-98.52941779,SL,353,,1.788,SL0353,3602,17,1,20.632,504,-0.291,,,,,,,,,N,Y,N,5,9,Y,FRI,2,0,5,5,0,2,4,80,72,62,2,1,1,2,5,3,2,5,3,0,0,4,14,13783,2014,13783,9,22.8,31.8,1,368,1,2,19,,,,,,,,,,,,,,,,,,,,,,0,0,0,4,1,0,0,28,,,
13239918,N,N,N,N,N,N,N,4/27/2013,11:54 AM,SAPD13088857,3260,15,379,N,N,,,19,,,1,11600,,OCONNOR,RD,N,N,40,N,N,,N,1,35,,,11700,N,NOT REPORTED,,,,,,,,12,1,0,,2,1,5,11:54 AM,DISPATCHED,12:00 PM,4/27/2013,Y,TXSPD0000,2473,,29,131,8,2,4,22,64,42,1,5,1,21,21,15,379,29.54579652,-98.36912596,,,,,OCONNOR RD,,,,,,,,,,,,,,,Y,N,N,3,9,Y,SAT,,,,,,,,,,,,,,,,,,,,,,,,,,,,,,,,,,,,,,,,,,,,,,,,,,,,,,,,0,0,1,3,0,1,0,28,,,
13239929,N,N,N,N,N,N,N,4/26/2013,4:08 PM,SAPD13088223,5230,15,379,N,Y,,,19,,,1,1500,,BABCOCK,RD,N,N,40,N,N,,N,19,,,,4300,NW,410,LOOP,,,,,,,2,1,4,,4,2,11,4:15 PM,DISPATCHED,4:20 PM,4/26/2013,Y,TXSPD0000,2473,,19,148,8,2,3,22,64,13,1,5,1,32,21,15,379,29.48953646,-98.5677719,,,,,BABCOCK RD,,,,,,,,,,,,,,,Y,N,N,3,9,Y,FRI,,,,,,,,,,,,,,,,,,,,,,,,,,,,,,,,,,,,,,,,,,,,,,,,,,,,,,,,0,0,2,1,0,2,0,28,,,
13240041,N,Y,N,N,N,N,N,4/16/2013,11:09 AM,,,235,1800,Y,Y,28.85542,-96.88377,2,59,,1,,,NOT REPORTED,,N,N,75,N,N,,N,,,,,,,NOT REPORTED,,50,F,N,631,,,11,1,0,2,1,1,11,11:13 AM,SGT. EDDIE LONGORIA,11:35 AM,4/16/2013,Y,,10000,22,119,225,8,2,4,21,64,9,1,2,1,21,21,235,1800,28.85550348,-96.88381396,US,59,,419.709,US0059,13950,89,1,8.686,630,-0.311,,,,NOT REPORTED,,,,,Y,Y,Y,5,0,Y,TUE,4,0,4,10,83,9,4,255,80,48,6,0,0,2,8,5,2,20,5,3,75,1,2,27112,2014,27112,6.4,14.6,21,,,,,,,,,,,,,,,,,,,,,,,,,,,0,0,0,2,0,0,0,363,,,
13240339,N,N,N,N,N,N,N,4/24/2013,2:00 AM,0049802113E,FSGI,101,208,N,Y,,,19,,,1,11800,,BRIAR FOREST,DR,N,N,40,N,N,"LEVEL, WET CONCRETE",N,19,,,,1600,S,KIRKWOOD,DR,,,,,,,2,4,0,,1,2,20,2:16 AM,HPD DISPATCH,2:23 AM,4/24/2013,Y,TXHPD0000,2469,6,128,21,8,2,2,22,64,38,1,5,1,21,21,101,208,29.74739306,-95.58668451,,,,,BRIAR FOREST DR,,,,,,,,,,KIRKWOOD DR,,,,,Y,N,N,5,9,Y,WED,,,,,,,,,,,,,,,,,,,,,,,,,,,,,,,,,,,,,,,,,,,,,,,,,,,,,,,,0,0,0,3,0,0,0,15,,,
13240360,N,N,N,N,N,N,N,4/27/2013,11:45 PM,103879A,,57,107,N,Y,,,2,67,,1,7900,,M D LOVE,FWY,N,N,60,N,N,,N,19,,,,,,WHEATLAND,RD,,,,,,,11,4,0,,1,1,11,12:10 AM,DISPATCHER,12:15 AM,4/28/2013,Y,TX0000006,2471,,,71,8,2,4,20,64,54,1,2,1,21,21,57,107,,,US,67,,,US0067,,,,,,,,,,,,,,,Y,Y,N,3,9,N,SAT,,,,,,,,,,,,,,,,,,,,,,,,,,,,,,,,,,,,,,,,,,,,,,,,,,,,,,,,0,0,2,5,0,2,0,,,,