Crash_ID,Crash_Fatal_Fl,Cmv_Involv_Fl,Schl_Bus_Fl,Rr_Relat_Fl,Medical_Advisory_Fl,Amend_Supp_Fl,Active_School_Zone_Fl,Crash_Date,Crash_Time,Case_ID,Local_Use,Rpt_CRIS_Cnty_ID,Rpt_City_ID,Rpt_Outside_City_Limit_Fl,Thousand_Damage_Fl,Rpt_Latitude,Rpt_Longitude,Rpt_Rdwy_Sys_ID,Rpt_Hwy_Num,Rpt_Hwy_Sfx,Rpt_Road_Part_ID,Rpt_Block_Num,Rpt_Street_Pfx,Rpt_Street_Name,Rpt_Street_Sfx,Private_Dr_Fl,Toll_Road_Fl,Crash_Speed_Limit,Road_Constr_Zone_Fl,Road_Constr_Zone_Wrkr_Fl,Rpt_Street_Desc,At_Intrsct_Fl,Rpt_Sec_Rdwy_Sys_ID,Rpt_Sec_Hwy_Num,Rpt_Sec_Hwy_Sfx,Rpt_Sec_Road_Part_ID,Rpt_Sec_Block_Num,Rpt_Sec_Street_Pfx,Rpt_Sec_Street_Name,Rpt_Sec_Street_Sfx,Rpt_Ref_Mark_Offset_Amt,Rpt_Ref_Mark_Dist_Uom,Rpt_Ref_Mark_Dir,Rpt_Ref_Mark_Nbr,Rpt_Sec_Street_Desc,Rpt_CrossingNumber,Wthr_Cond_ID,Light_Cond_ID,Entr_Road_ID,Road_Type_ID,Road_Algn_ID,Surf_Cond_ID,Traffic_Cntl_ID,Investigat_Notify_Time,Investigat_Notify_Meth,Investigat_Arrv_Time,Report_Date,Investigat_Comp_Fl,ORI_Number,Investigat_Agency_ID,Investigat_Area_ID,Investigat_District_ID,Investigat_Region_ID,Bridge_Detail_ID,Harm_Evnt_ID,Intrsct_Relat_ID,FHE_Collsn_ID,Obj_Struck_ID,Othr_Factr_ID,Road_Part_Adj_ID,Road_Cls_ID,Road_Relat_ID,Phys_Featr_1_ID,Phys_Featr_2_ID,Cnty_ID,City_ID,Latitude,Longitude,Hwy_Sys,Hwy_Nbr,Hwy_Sfx,Dfo,Street_Name,Street_Nbr,Control,Section,Milepoint,Ref_Mark_Nbr,Ref_Mark_Displ,Hwy_Sys_2,Hwy_Nbr_2,Hwy_Sfx_2,Street_Name_2,Street_Nbr_2,Control_2,Section_2,Milepoint_2,Txdot_Rptable_Fl,Onsys_Fl,Rural_Fl,Crash_Sev_ID,Pop_Group_ID,Located_Fl,Day_of_Week,Hwy_Dsgn_Lane_ID,Hwy_Dsgn_Hrt_ID,Hp_Shldr_Left,Hp_Shldr_Right,Hp_Median_Width,Base_Type_ID,Nbr_Of_Lane,Row_Width_Usual,Roadbed_Width,Surf_Width,Surf_Type_ID,Curb_Type_Left_ID,Curb_Type_Right_ID,Shldr_Type_Left_ID,Shldr_Width_Left,Shldr_Use_Left_ID,Shldr_Type_Right_ID,Shldr_Width_Right,Shldr_Use_Right_ID,Median_Type_ID,Median_Width,Rural_Urban_Type_ID,Func_Sys_ID,Adt_Curnt_Amt,Adt_Curnt_Year,Adt_Adj_Curnt_Amt,Pct_Single_Trk_Adt,Pct_Combo_Trk_Adt,Trk_Aadt_Pct,Curve_Type_ID,Curve_Lngth,Cd_Degr,Delta_Left_Right_ID,Dd_Degr,Feature_Crossed,Structure_Number,I_R_Min_Vert_Clear,Approach_Width,Bridge_Median_ID,Bridge_Loading_Type_ID,Bridge_Loading_In_1000_Lbs,Bridge_Srvc_Type_On_ID,Bridge_Srvc_Type_Under_ID,Culvert_Type_ID,Roadway_Width,Deck_Width,Bridge_Dir_Of_Traffic_ID,Bridge_Rte_Struct_Func_ID,Bridge_IR_Struct_Func_ID,CrossingNumber,RRCo,Poscrossing_ID,WDCode_ID,Standstop,Yield,Incap_Injry_Cnt,Nonincap_Injry_Cnt,Poss_Injry_Cnt,Non_Injry_Cnt,Unkn_Injry_Cnt,Tot_Injry_Cnt,Death_Cnt,MPO_ID,Investigat_Service_ID,Investigat_DA_ID,Investigator_Narrative
13244627,N,N,N,N,N,N,N,4/30/2013,4:08 PM,130430043,,165,291,N,Y,,,9,349,,1,800,N,BIG SPRING,ST,N,N,35,N,N,,N,19,,,,300,W,CUTHBERT,,,,,,,,11,1,0,3,1,1,20,4:12 PM,DISPATCHED,4:20 PM,4/30/2013,Y,TX1650100,1782,,,127,8,2,4,22,64,42,1,2,1,21,21,165,291,32.00697936,-102.0789664,BS,349,C,6.379,BS0349C,,380,9,6.621,328,-0.254,,,,,,,,,Y,Y,N,3,8,Y,TUE,2,0,0,0,0,1,4,80,61,49,2,1,1,1,0,0,1,0,0,0,0,3,14,18775,2014,18775,4.1,15.3,19.3,1,129,3,1,23,,,,,,,,,,,,,,,,,,,,,,0,0,1,3,0,1,0,174,,,
13244643,N,N,N,N,N,N,N,4/30/2013,3:14 PM,106217A,,57,107,N,Y,,,19,,,1,2700,,IRVING,BLVD,N,N,40,N,N,,N,19,,,,1200,,DOLTON,DR,,,,,,,11,1,0,,1,1,20,3:17 PM,DISPATCHED,3:17 PM,4/30/2013,Y,tx0000006,2471,,,71,8,2,3,34,64,13,1,5,1,32,21,57,107,32.80642405,-96.84599901,,,,,IRVING BLVD,,,,,,,,,,,,,,,Y,N,N,2,9,Y,TUE,,,,,,,,,,,,,,,,,,,,,,,,,,,,,,,,,,,,,,,,,,,,,,,,,,,,,,,,0,2,1,0,0,3,0,282,,,
13244708,N,N,N,N,N,N,N,4/29/2013,4:32 PM,0052444113I,,101,208,N,Y,,,1,610,,1,1300,N,NORTH LP,,N,N,60,N,N,,N,19,,,,3000,,AIRLINE,DR,,,,,,,12,1,0,,1,1,1,5:15 PM,DISPATCHED,5:19 PM,4/29/2013,Y,TXHPD0000,2469,14,152,27,8,2,4,20,64,54,1,1,1,21,21,101,208,,,IH,610,,,IH0610,,,,,,,,,,,,,,,Y,Y,N,5,9,N,MON,,,,,,,,,,,,,,,,,,,,,,,,,,,,,,,,,,,,,,,,,,,,,,,,,,,,,,,,0,0,0,3,0,0,0,,,,
13244882,N,N,N,N,Y,N,N,4/23/2013,10:53 PM,2013-38202,,108,283,N,Y,,,3,336,,1,1500,S,10TH,ST,N,N,35,N,N,,N,3,83,,,1000,W,EASTBOUND FRONTAGE,RD,,,,,FRONTAGE ROAD,,11,4,4,3,1,1,5,10:53 PM,ON VIEW,10:53 PM,4/23/2013,Y,TX1080800,1753,,,35,4,7,4,1,42,3,1,2,2,21,21,108,283,26.20371124,-98.23000895,SH,336,,7.324,SH0336,69,621,1,7.29,724,-0.713,,,,,,,,,Y,Y,N,3,8,Y,TUE,2,0,0,0,0,2,4,87,48,44,4,2,2,1,0,0,1,0,0,0,0,4,14,13571,2014,13571,2.3,2,4.3,,,,,,,,,,,,,,,,,,,,,,,,,,,0,0,1,0,0,1,0,230,,,
13245095,N,N,N,N,N,N,N,4/21/2013,4:16 AM,131110425,,227,22,N,Y,,,19,,,2,,,ED BLUESTEIN SVRD NB SVRD,BLVD,N,N,50,N,N,,Y,19,,,,,,MANOR,RD,,,,,,,11,6,0,2,1,1,5,6:40 AM,DISPATCH,7:00 AM,4/21/2013,Y,TX2270100,74,,34,48,8,2,2,20,64,47,2,2,1,21,21,227,22,30.31599659,-97.66311548,US,183,,321.894,US0183,,151,9,11.233,518,-1.103,US,290,,US0290,,,,,Y,Y,N,2,9,Y,SUN,5,0,6,10,86,2,4,300,80,48,4,0,0,2,16,5,2,16,5,3,70,4,12,63177,2014,63177,2.9,0.8,3.7,1,490,1,2,38,,,,,,,,,,,,,,,,,,,,,,0,3,0,1,0,3,0,90,,,
13245153,N,N,N,N,N,N,N,4/17/2013,11:53 AM,13-107-0904,,227,22,N,Y,,,19,,,1,4400,E,AIRPORT,BLVD,N,N,0,N,N,,Y,19,,,,,,CRESTWOOD,RD,,,,,,,12,1,98,,1,1,1,12:08 PM,DISPATCHED,12:20 PM,4/17/2013,Y,TX2270100,74,22,34,48,8,2,1,24,64,3,1,5,1,21,21,227,22,30.30038477,-97.71258247,,,,,AIRPORT BLVD,4339,,,,,,,,,CRESTWOOD RD,,,,,Y,N,N,5,9,Y,WED,,,,,,,,,,,,,,,,,,,,,,,,,,,,,,,,,,,,,,,,,,,,,,,,,,,,,,,,0,0,0,3,0,0,0,90,,,
13245277,N,Y,N,N,N,N,N,4/29/2013,8:23 AM,2013053097,,57,67,N,Y,,,19,,,1,4100,,WILLOWGATE,LN,N,N,30,N,N,,N,19,,,,2700,,KELLER SPRINGS,RD,,,,,,,11,1,4,,1,1,5,8:22 AM,DISPATCHED,8:25 AM,4/29/2013,Y,TX0570400,214,,,170,8,2,2,23,64,3,1,5,1,21,21,57,67,32.97010052,-96.86431218,,,,,WILLOWGATE LN,2196,,,,,,,,,KELLER SPRINGS RD,,,,,Y,N,N,5,8,Y,MON,,,,,,,,,,,,,,,,,,,,,,,,,,,,,,,,,,,,,,,,,,,,,,,,,,,,,,,,0,0,0,4,0,0,0,282,,,
13245400,N,N,N,N,N,N,N,4/23/2013,9:39 AM,13D327,,101,212,N,Y,,,19,,,1,634,,VOSS,RD,N,N,35,N,N,NO DEFECTS,N,19,,,,10800,,JAYCEE,LN,,,,,,,11,1,0,,1,1,20,9:35 AM,ON-VIEW,9:35 AM,4/23/2013,Y,TX1012400,1767,,,198,8,2,4,20,64,42,1,5,1,21,21,101,212,29.77321436,-95.50127818,,,,,VOSS RD,,,,,,,,,,,,,,,Y,N,Y,5,3,Y,TUE,,,,,,,,,,,,,,,,,,,,,,,,,,,,,,,,,,,,,,,,,,,,,,,,,,,,,,,,0,0,0,3,0,0,0,15,,,
13245931,N,N,N,N,N,N,N,4/10/2013,2:56 AM,13-011208,,240,254,N,N,,,19,,,1,2900,,LOMAS DEL SUR,,N,N,30,N,N,,Y,19,,,1,,,KATIANA,DR,,,,,,,11,4,2,,1,1,1,3:00 AM,DISPATCHED,3:10 AM,4/10/2013,Y,TX2400100,1644,,,40,8,7,4,1,21,54,1,5,2,21,21,240,254,27.46440539,-99.46581215,,,,,LOMAS DEL SUR,2899,,,,,,,,,,,,,,N,N,N,5,8,Y,WED,,,,,,,,,,,,,,,,,,,,,,,,,,,,,,,,,,,,,,,,,,,,,,,,,,,,,,,,0,0,0,1,0,0,0,205,,,
13245978,N,N,N,N,N,N,N,4/15/2013,8:48 AM,13-011774,,240,254,N,Y,,,19,,,1,11800,,SARA,RD,N,N,45,N,N,,N,19,,,1,8400,,MILO,RD,,,,,,,11,1,0,,1,1,1,8:53 AM,RADIO DISPATCHED,8:56 AM,4/15/2013,Y,TX2400100,1644,,,49,8,2,2,25,64,54,1,5,1,21,21,240,254,27.60918537,-99.50620214,,,,,SARA RD,11800,,,,,,,,,UNKNOWN,,,,,Y,N,N,5,8,Y,MON,,,,,,,,,,,,,,,,,,,,,,,,,,,,,,,,,,,,,,,,,,,,,,,,,,,,,,,,0,0,0,2,0,0,0,205,,,
13246158,N,N,N,N,N,N,N,4/19/2013,6:56 AM,,20130633,26,62,N,Y,,,19,,,1,,N,MAIN,ST,N,N,30,N,N,,N,19,,,1,,W,OLD SAN ANTONIO,RD,,,,,,,11,1,2,,4,1,8,6:57 AM,BCSO DISPATCH,6:59 AM,4/19/2013,Y,TX0260100,194,,,33,8,2,3,14,64,14,1,5,1,32,21,26,62,,,,,,,N MAIN ST,,,,,,,,,,,,,,,Y,N,Y,5,3,N,FRI,,,,,,,,,,,,,,,,,,,,,,,,,,,,,,,,,,,,,,,,,,,,,,,,,,,,,,,,0,0,0,2,0,0,0,,,,
13246169,N,N,N,N,N,N,N,4/20/2013,2:23 PM,130052525,0,101,447,N,N,,,19,,,7,700,W,BAY AREA,BLVD,N,N,0,N,N,,N,19,,,,,,TEXAS,AVE,,,,,,,11,1,0,,1,1,5,2:24 PM,DISPATCHED,2:24 PM,4/20/2013,Y,TX1015300,2747,25,38,137,8,2,2,22,64,38,1,5,1,21,21,101,447,29.54451061,-95.13471633,,,,,W BAY AREA BLVD,,,,,,,,,,N TEXAS AVE,,,,,N,N,N,5,5,Y,SAT,,,,,,,,,,,,,,,,,,,,,,,,,,,,,,,,,,,,,,,,,,,,,,,,,,,,,,,,0,0,0,2,0,0,0,15,,,
13246340,N,N,N,N,N,N,N,4/20/2013,3:15 PM,13-071428,,43,336,N,Y,,,19,,,1,2500,,14TH,ST,N,N,40,N,N,W/B 14TH ST AT HILLSIDE DR,Y,19,,,1,1400,,HILLSIDE,DR,,,,,,,11,1,4,,1,1,20,3:26 PM,DISPATCH,3:40 PM,4/20/2013,Y,TX0430600,1938,,,98,8,2,1,21,64,54,1,5,1,21,21,43,336,33.01810419,-96.68058259,,,,,14TH ST,2540,,,,,,,,,HILLSIDE DR,,,,,Y,N,N,5,9,Y,SAT,,,,,,,,,,,,,,,,,,,,,,,,,,,,,,,,,,,,,,,,,,,,,,,,,,,,,,,,0,0,0,1,1,0,0,282,,,
13246350,N,N,N,N,N,N,N,4/18/2013,3:55 PM,2.01E+11,,57,357,N,Y,,,19,,,1,100,S,COIT,RD,N,N,40,N,N,,N,19,,,1,1400,W,BELT LINE,RD,,,,,PRIVATE DR,,11,1,4,,1,1,1,3:59 PM,DISPATCHED,4:00 PM,4/18/2013,Y,TX0572000,2011,,7,42,8,2,3,14,64,14,1,5,1,32,21,57,357,32.95007185,-96.76882462,,,,,S COIT RD,101,,,,,,,,,,,,,,Y,N,N,3,8,Y,THU,,,,,,,,,,,,,,,,,,,,,,,,,,,,,,,,,,,,,,,,,,,,,,,,,,,,,,,,0,0,1,6,0,1,0,282,,,
13246486,N,N,N,N,N,N,N,4/28/2013,2:43 AM,13-41003,,220,156,N,N,32.78999,-97.36782,19,,,1,1600,NW,25TH,ST,N,N,40,N,N,,Y,19,,,1,2500,,ROOSEVELT,ST,,,,,,,11,4,0,,1,1,5,2:53 AM,DISPATCHED,2:54 AM,4/28/2013,Y,TX2201200,1318,885,29,120,8,7,2,1,29,3,1,5,2,21,21,220,156,32.78997428,-97.36837242,,,,,NW 25TH ST,1700,,,,,,,,,ROOSEVELT AVE,,,,,Y,N,N,1,9,Y,SUN,,,,,,,,,,,,,,,,,,,,,,,,,,,,,,,,,,,,,,,,,,,,,,,,,,,,,,,,1,0,0,0,0,1,0,282,,,
13246715,N,N,N,N,N,Y,N,4/14/2013,9:00 PM,0052842013J,FSGI,101,208,N,Y,,,19,,,1,4409,,JUNE,ST,N,N,30,N,N,DRY CONCRETE,N,19,,,,8100,,GLASS,ST,,,,,,,0,6,0,,1,0,1,3:00 PM,NORTHEAST DESK,3:00 PM,4/30/2013,Y,TXHPD0000,2469,16,124,42,8,4,4,1,64,7,1,5,1,21,21,101,208,29.83480478,-95.32575911,,,,,JUNE ST,4394,,,,,,,,,,,,,,Y,N,N,0,9,Y,SUN,,,,,,,,,,,,,,,,,,,,,,,,,,,,,,,,,,,,,,,,,,,,,,,,,,,,,,,,0,0,0,0,1,0,0,15,,,
13246803,N,N,N,N,N,N,N,4/25/2013,5:03 AM,,,88,1653,Y,Y,28.75355,-97.31528,4,622,,1,,,NOT REPORTED,,N,N,65,N,N,,N,,,,,,,NOT REPORTED,,0.9,M,E,564,,,11,3,0,1,2,1,11,5:05 AM,DISPATCH - GOLIAD,5:56 AM,4/25/2013,Y,,10000,12,92,1,8,6,4,1,64,54,1,3,1,21,21,88,1653,28.75212096,-97.31684346,FM,622,,4.787,FM0622,,943,4,4.867,564,0.9,,,,NOT REPORTED,,,,,Y,Y,Y,5,0,Y,THU,2,0,1,1,0,2,2,80,26,24,2,0,0,2,1,5,2,1,5,0,0,1,7,110,2014,110,9.7,7.4,17.1,,,,,,,,,,,,,,,,,,,,,,,,,,,0,0,0,1,0,0,0,,,,
13246923,N,N,N,N,N,N,N,4/21/2013,7:01 PM,,,170,1735,Y,N,30.4093,-95.42768,19,,,1,,,CAMP CREEK,WAY,N,N,25,N,N,,N,19,,,,,,CREEK,PKWY,,,,,,,11,1,0,,1,1,1,7:02 PM,DPS HOUSTON DISPATCH,7:15 PM,4/24/2013,Y,,10000,12,52,1,8,1,4,1,64,54,1,5,1,21,21,170,1735,30.40930868,-95.42761491,,,,,CAMP CREEK WAY,11268,,,,,,,,,,,,,,Y,N,Y,3,0,Y,SUN,,,,,,,,,,,,,,,,,,,,,,,,,,,,,,,,,,,,,,,,,,,,,,,,,,,,,,,,0,0,1,3,0,1,0,15,,,
13246962,N,N,N,N,N,N,N,4/26/2013,4:30 PM,130010851,,57,177,N,Y,,,1,30,,4,800,E,TOM LANDRY,FWY,N,N,60,N,N,,N,19,,,,900,N,BELTLINE,RD,,,,,DRY CLEAR OF DEBRI,,12,1,0,,1,1,20,4:43 PM,RADIO DISPATCH,4:58 PM,4/26/2013,Y,TX0571200,1372,,,35,8,7,4,1,58,31,4,1,2,21,21,57,177,,,IH,30,,,IH0030,,,,,,,,,,,,,,,Y,Y,N,5,8,N,FRI,,,,,,,,,,,,,,,,,,,,,,,,,,,,,,,,,,,,,,,,,,,,,,,,,,,,,,,,0,0,0,1,0,0,0,,,,
13247141,N,N,N,N,N,N,N,4/28/2013,4:53 PM,130428018,,165,291,N,Y,,,19,,,1,1900,N,MIDKIFF,RD,N,N,45,N,N,,N,,,,,,,NOT REPORTED,,50,F,S,SECL,,,11,1,0,,2,1,1,4:53 PM,DISPATCHED,4:58 PM,5/1/2013,Y,TX1650100,1782,,,629,8,2,4,20,64,54,1,5,1,21,21,165,291,32.00740464,-102.1208713,,,,,N MIDKIFF RD,1900,,,,,,,,,NOT REPORTED,,,,,Y,N,N,5,8,Y,SUN,,,,,,,,,,,,,,,,,,,,,,,,,,,,,,,,,,,,,,,,,,,,,,,,,,,,,,,,0,0,0,3,0,0,0,174,,,
13247144,N,N,N,N,N,N,N,4/27/2013,2:41 PM,130427028,,165,291,N,Y,,,19,,,1,4500,N,MIDLAND,DR,N,N,45,N,N,,N,11,250,,,4300,W,NOT REPORTED,,,,,,,,11,1,0,3,4,1,9,2:41 PM,DISPATCHED,2:46 PM,4/27/2013,Y,TX1650100,1782,,,629,8,2,2,22,64,38,2,3,1,21,21,165,291,32.02886581,-102.1455765,FM,868,,0.037,FM0868,,1188,1,1.037,318,0,SL,250,,SL0250,,,,,Y,Y,N,5,8,Y,SAT,2,0,0,0,0,1,4,200,77,48,2,1,1,1,0,0,1,0,0,0,0,3,16,20768,2014,20768,33,12,44.9,,,,,,,,,,,,,,,,,,,,,,,,,,,0,0,0,5,0,0,0,174,,,
13247393,N,N,N,N,N,N,N,4/21/2013,11:27 AM,13-13679,,152,270,N,Y,,,19,,,1,5100,,73RD,ST,N,N,30,N,N,,N,19,,,1,7300,,ZOAR,AVE,,,,,,,11,1,0,,1,1,11,11:27 AM,POLICE RADIO,11:36 AM,4/21/2013,Y,TX1520200,1706,,,,8,4,4,1,64,54,1,5,1,21,21,152,270,33.52741492,-101.9209535,,,,,73RD ST,5105,,,,,,,,,,,,,,Y,N,N,3,8,Y,SUN,,,,,,,,,,,,,,,,,,,,,,,,,,,,,,,,,,,,,,,,,,,,,,,,,,,,,,,,0,0,1,0,0,1,0,122,,,
13247563,N,N,N,N,N,N,N,4/24/2013,6:00 PM,2013-510278,,191,12,N,N,,,19,,,7,2900,S,BIRIMGHAM,ST,Y,N,0,N,N,REAR DRIVEWAY,N,19,,,1,2300,,LONGHORN,TRL,,,,,,,11,1,0,,1,1,1,8:19 PM,DISPATCHED,8:21 PM,4/24/2013,N,TX1880100,33,,,103,8,4,4,4,64,12,7,9,5,1,21,191,12,,,,,,,S BIRIMGHAM ST,,,,,,,,,,,,,,,N,N,N,0,8,N,WED,,,,,,,,,,,,,,,,,,,,,,,,,,,,,,,,,,,,,,,,,,,,,,,,,,,,,,,,0,0,0,0,1,0,0,,,,
13247718,N,N,N,N,N,N,N,4/22/2013,4:02 PM,13-13828,,152,270,N,Y,,,3,114,,1,3700,,STATE HWY 114,,N,N,45,N,N,,N,19,,,1,1800,,MEMPHIS,AVE,,,,,,,11,1,4,2,1,1,20,4:28 PM,POLICE RADIO,4:36 PM,4/22/2013,Y,TX1520200,1706,,,,8,2,2,20,64,42,1,2,1,21,21,152,270,33.57793858,-101.8965844,US,62,,230.719,US0062,3816,130,5,15.633,326,0.959,,,,MEMPHIS AVE,,,,,Y,Y,N,3,8,Y,MON,5,0,12,10,31,2,7,500,79,57,5,1,1,2,12,5,2,10,5,1,19,4,12,23857,2014,23857,8.2,6.4,14.6,,,,,,,,,,,,,,,,,,,,,,,,,,,0,0,1,4,0,1,0,122,,,
13247798,N,N,N,N,N,N,N,4/20/2013,2:37 PM,13-8764,,68,315,N,Y,,,19,,,1,900,N,PITTSBURG,AVE,N,N,30,N,N,,Y,19,,,1,700,E,9TH,ST,,,,,,,11,1,2,,1,1,1,2:50 PM,DISPATCH,2:57 PM,4/20/2013,Y,TX0680200,1873,,,,8,7,2,2,33,54,1,5,2,21,21,68,315,31.85558466,-102.3652013,,,,,PITTSBURG AVE,898,,,,,,,,,E 9TH ST,,,,,Y,N,N,5,8,Y,SAT,,,,,,,,,,,,,,,,,,,,,,,,,,,,,,,,,,,,,,,,,,,,,,,,,,,,,,,,0,0,0,1,0,0,0,174,,,
13247816,N,N,N,N,N,N,N,4/23/2013,8:00 PM,13-9013,,68,315,N,Y,,,8,20,,1,600,E,2ND,ST,N,N,0,N,N,,Y,19,,,,200,N,MUSKINGUM,ST,,,,,,,11,4,2,3,1,1,5,8:02 PM,DISPATCHED,8:10 PM,4/23/2013,Y,,1873,,,,8,2,1,10,64,54,1,2,1,21,21,68,315,31.84848166,-102.3623103,BI,20,E,4.765,BI0020E,,5,1,9.755,301,-0.489,,,,N MUSKINGUM AVE,,,,,Y,Y,N,5,8,Y,TUE,2,0,0,0,0,2,4,80,60,60,4,1,1,1,0,0,1,0,0,0,0,3,14,16927,2014,16927,2.2,3.4,5.7,,,,,,,,,,,,,,,,,,,,,,,,,,,0,0,0,3,0,0,0,174,,,
13248521,N,N,N,N,N,N,N,4/18/2013,9:00 AM,13-108082,,71,136,N,Y,31.71455,-106.36573,19,,,1,600,S,YARBROUGH,DR,N,N,0,Y,N,TWO WAY,N,19,,,1,,,INDEPENDENCE,ST,,,,,TWO WAY,,11,1,0,,1,1,11,9:00 AM,DISOPATCH,9:06 AM,4/18/2013,Y,TX0710200,1259,,,180,8,2,4,24,64,49,1,5,1,20,21,71,136,31.71286252,-106.3670119,,,,,S YARBROUGH DR,,,,,,,,,,,,,,,Y,N,N,3,9,Y,THU,,,,,,,,,,,,,,,,,,,,,,,,,,,,,,,,,,,,,,,,,,,,,,,,,,,,,,,,0,0,1,1,0,1,0,66,,,
13248592,N,N,N,N,N,N,N,4/16/2013,6:26 PM,1300006798,,220,377,N,Y,,,3,287,,1,500,S,SAGINAW,BLVD,N,N,40,N,N,STARIGHT LANE,Y,19,,,1,100,W,SOUTHERN,AVE,,,,,STRAIGHT LANE,,11,1,2,3,1,1,8,6:26 PM,DISPATCHED,6:26 PM,4/16/2013,Y,TX2202400,2063,,8,11,8,2,1,34,64,54,1,2,1,21,21,220,377,32.8555027,-97.36114012,BU,287,P,9.03,BU0287P,479,13,10,9.061,264,-0.907,,,,W SOUTHERN AVE,,,,,Y,Y,N,3,5,Y,TUE,2,0,10,10,0,2,4,120,84,64,4,0,0,2,10,5,2,10,5,0,0,4,14,26393,2014,26393,5.3,6.8,12.1,1,342,1,1,30,,,,,,,,,,,,,,,,,,,,,,0,0,1,0,1,1,0,282,,,
13248813,N,N,N,N,N,N,N,4/16/2013,6:05 PM,,,101,1666,Y,Y,,,15,,,1,,,BARKER CYPRESS,,N,N,45,N,N,,N,15,,,,,,WEST,RD,,,,,,,11,1,0,,1,1,11,6:17 PM,HARRIS CTY. S.O.,6:29 PM,4/29/2013,Y,TXDPS1400,10000,17,35,1,8,2,4,22,64,42,1,4,1,21,21,101,1666,29.90575718,-95.68571908,,,,,BARKER CYPRESS RD,,,,,,,,,,,,,,,Y,N,Y,5,0,Y,TUE,,,,,,,,,,,,,,,,,,,,,,,,,,,,,,,,,,,,,,,,,,,,,,,,,,,,,,,,0,0,0,3,0,0,0,15,,,
13248914,N,N,N,N,N,N,N,4/22/2013,2:00 PM,0049076013X,,101,208,N,Y,,,19,,,1,8900,,MANCHESTER,ST,N,N,35,N,N,CONCRETE,N,19,,,,900,,CONCRETE,DR,,,,,,,11,1,0,,1,1,1,2:33 PM,DISPATCH,2:43 PM,4/22/2013,Y,TXHPD0000,2469,24,113,65,8,2,4,20,64,3,1,5,1,21,21,101,208,29.71813354,-95.25300756,,,,,MANCHESTER ST,9733,,,,,,,,,,,,,,Y,N,N,5,9,Y,MON,,,,,,,,,,,,,,,,,,,,,,,,,,,,,,,,,,,,,,,,,,,,,,,,,,,,,,,,0,0,0,2,0,0,0,15,,,
13248937,N,N,N,N,N,N,N,4/19/2013,6:00 PM,,,145,1710,Y,Y,31.36952,-96.30178,15,368,,1,,,NOT REPORTED,,N,N,30,N,N,,N,17,,,,,,3195,,,,,,,,11,1,0,,1,10,1,6:04 PM,LCSO,6:30 PM,4/21/2013,Y,,10000,1,15,1,8,7,4,1,32,54,1,4,2,21,21,145,1710,31.3695154,-96.30177819,,,,,COUNTY ROAD 368,,,,,,,,,,,,,,,Y,N,Y,3,0,Y,FRI,,,,,,,,,,,,,,,,,,,,,,,,,,,,,,,,,,,,,,,,,,,,,,,,,,,,,,,,0,0,1,2,0,1,0,,,,
13249114,N,N,N,N,N,N,N,4/27/2013,9:28 AM,,,246,1811,Y,Y,30.497,-97.401,3,95,,1,,,NOT REPORTED,,N,N,65,N,N,,N,15,452,,,,,NOT REPORTED,,,,,,,,11,1,0,1,3,1,11,9:35 AM,WILCO DISPATCH,9:45 AM,4/27/2013,Y,,10000,12,22,1,8,7,4,1,23,3,1,2,2,21,21,246,1811,30.51388974,-97.39715053,SH,95,,39.741,SH0095,9688,321,1,5.072,426,0.249,,,,,,,,,Y,Y,Y,5,0,Y,SAT,2,0,0,10,0,2,2,120,34,24,4,0,0,1,0,0,2,10,5,0,0,1,6,3841,2014,3841,2.6,8,10.5,,,,,,,,,,,,,,,,,,,,,,,,,,,0,0,0,1,0,0,0,90,,,
13249131,N,N,N,N,N,N,N,5/1/2013,8:35 AM,20131747,,183,68,N,N,,,19,,,7,1100,S,ADAMS,ST,Y,N,-1,N,N,PANOLA APARTMENTS PARKING LOT,N,19,,,,600,,PHIFFER,ST,,,,,,,11,1,0,,1,1,1,8:35 AM,DISPATCHED,8:40 AM,5/1/2013,Y,TX1830100,216,,,35,8,4,4,4,64,12,7,9,5,33,21,183,68,,,,,,,S ADAMS ST,,,,,,,,,,,,,,,N,N,N,5,4,N,WED,,,,,,,,,,,,,,,,,,,,,,,,,,,,,,,,,,,,,,,,,,,,,,,,,,,,,,,,0,0,0,1,0,0,0,,,,
13249132,N,N,N,N,N,N,N,5/2/2013,4:32 PM,1300011422,,3,272,N,N,,,9,94,,1,1500,W,FRANK,AVE,N,N,40,N,N,,N,19,,,,100,,HILL,ST,,,,,,,12,1,98,,1,1,20,4:32 PM,DISPATCHED,4:42 PM,5/2/2013,Y,TX0030400,1708,17,53,166,8,2,2,32,64,36,1,2,1,21,21,3,272,,,,,,,BS0094,,,,,,,,,,HILL ST,,,,,N,Y,N,5,6,N,THU,,,,,,,,,,,,,,,,,,,,,,,,,,,,,,,,,,,,,,,,,,,,,,,,,,,,,,,,0,0,0,2,0,0,0,,,,
13249206,N,N,N,N,N,N,N,4/30/2013,5:50 PM,0052946513O,,101,208,N,Y,,,19,,,1,5800,,BELLAIRE,BLVD,N,N,35,N,N,"DRY, PAVED",Y,19,,,1,6800,,ATWELL,,,,,,,,11,1,4,,1,1,1,6:16 PM,DISPATCH,6:16 PM,4/30/2013,Y,TXHPD0000,2469,16,125,55,8,2,1,10,64,54,1,5,1,21,21,101,208,29.70546482,-95.48252306,,,,,BELLAIRE BLVD,5801,,,,,,,,,ATWELL DR,,,,,Y,N,N,2,9,Y,TUE,,,,,,,,,,,,,,,,,,,,,,,,,,,,,,,,,,,,,,,,,,,,,,,,,,,,,,,,0,1,0,2,0,1,0,15,,,