Crash_ID,Crash_Fatal_Fl,Cmv_Involv_Fl,Schl_Bus_Fl,Rr_Relat_Fl,Medical_Advisory_Fl,Amend_Supp_Fl,Active_School_Zone_Fl,Crash_Date,Crash_Time,Case_ID,Local_Use,Rpt_CRIS_Cnty_ID,Rpt_City_ID,Rpt_Outside_City_Limit_Fl,Thousand_Damage_Fl,Rpt_Latitude,Rpt_Longitude,Rpt_Rdwy_Sys_ID,Rpt_Hwy_Num,Rpt_Hwy_Sfx,Rpt_Road_Part_ID,Rpt_Block_Num,Rpt_Street_Pfx,Rpt_Street_Name,Rpt_Street_Sfx,Private_Dr_Fl,Toll_Road_Fl,Crash_Speed_Limit,Road_Constr_Zone_Fl,Road_Constr_Zone_Wrkr_Fl,Rpt_Street_Desc,At_Intrsct_Fl,Rpt_Sec_Rdwy_Sys_ID,Rpt_Sec_Hwy_Num,Rpt_Sec_Hwy_Sfx,Rpt_Sec_Road_Part_ID,Rpt_Sec_Block_Num,Rpt_Sec_Street_Pfx,Rpt_Sec_Street_Name,Rpt_Sec_Street_Sfx,Rpt_Ref_Mark_Offset_Amt,Rpt_Ref_Mark_Dist_Uom,Rpt_Ref_Mark_Dir,Rpt_Ref_Mark_Nbr,Rpt_Sec_Street_Desc,Rpt_CrossingNumber,Wthr_Cond_ID,Light_Cond_ID,Entr_Road_ID,Road_Type_ID,Road_Algn_ID,Surf_Cond_ID,Traffic_Cntl_ID,Investigat_Notify_Time,Investigat_Notify_Meth,Investigat_Arrv_Time,Report_Date,Investigat_Comp_Fl,ORI_Number,Investigat_Agency_ID,Investigat_Area_ID,Investigat_District_ID,Investigat_Region_ID,Bridge_Detail_ID,Harm_Evnt_ID,Intrsct_Relat_ID,FHE_Collsn_ID,Obj_Struck_ID,Othr_Factr_ID,Road_Part_Adj_ID,Road_Cls_ID,Road_Relat_ID,Phys_Featr_1_ID,Phys_Featr_2_ID,Cnty_ID,City_ID,Latitude,Longitude,Hwy_Sys,Hwy_Nbr,Hwy_Sfx,Dfo,Street_Name,Street_Nbr,Control,Section,Milepoint,Ref_Mark_Nbr,Ref_Mark_Displ,Hwy_Sys_2,Hwy_Nbr_2,Hwy_Sfx_2,Street_Name_2,Street_Nbr_2,Control_2,Section_2,Milepoint_2,Txdot_Rptable_Fl,Onsys_Fl,Rural_Fl,Crash_Sev_ID,Pop_Group_ID,Located_Fl,Day_of_Week,Hwy_Dsgn_Lane_ID,Hwy_Dsgn_Hrt_ID,Hp_Shldr_Left,Hp_Shldr_Right,Hp_Median_Width,Base_Type_ID,Nbr_Of_Lane,Row_Width_Usual,Roadbed_Width,Surf_Width,Surf_Type_ID,Curb_Type_Left_ID,Curb_Type_Right_ID,Shldr_Type_Left_ID,Shldr_Width_Left,Shldr_Use_Left_ID,Shldr_Type_Right_ID,Shldr_Width_Right,Shldr_Use_Right_ID,Median_Type_ID,Median_Width,Rural_Urban_Type_ID,Func_Sys_ID,Adt_Curnt_Amt,Adt_Curnt_Year,Adt_Adj_Curnt_Amt,Pct_Single_Trk_Adt,Pct_Combo_Trk_Adt,Trk_Aadt_Pct,Curve_Type_ID,Curve_Lngth,Cd_Degr,Delta_Left_Right_ID,Dd_Degr,Feature_Crossed,Structure_Number,I_R_Min_Vert_Clear,Approach_Width,Bridge_Median_ID,Bridge_Loading_Type_ID,Bridge_Loading_In_1000_Lbs,Bridge_Srvc_Type_On_ID,Bridge_Srvc_Type_Under_ID,Culvert_Type_ID,Roadway_Width,Deck_Width,Bridge_Dir_Of_Traffic_ID,Bridge_Rte_Struct_Func_ID,Bridge_IR_Struct_Func_ID,CrossingNumber,RRCo,Poscrossing_ID,WDCode_ID,Standstop,Yield,Incap_Injry_Cnt,Nonincap_Injry_Cnt,Poss_Injry_Cnt,Non_Injry_Cnt,Unkn_Injry_Cnt,Tot_Injry_Cnt,Death_Cnt,MPO_ID,Investigat_Service_ID,Investigat_DA_ID,Investigator_Narrative
13249238,N,N,N,N,N,N,N,3/27/2013,8:45 PM,0037585013H,FSGI,101,208,N,Y,,,17,,,7,8849,,BRAESMONT,DR,Y,N,10,N,N,PARKING LOT ASPHALT,N,19,,,,8800,,BRARSMONT,DR,,,,,,,11,3,0,,7,1,20,10:20 PM,HPD DISPATCH,10:20 PM,4/26/2013,Y,TXHPD0000,2469,16,125,40,8,4,4,4,64,3,7,9,5,33,21,101,208,,,,,,,BRAESMONT DR,,,,,,,,,,,,,,,N,N,N,0,9,N,WED,,,,,,,,,,,,,,,,,,,,,,,,,,,,,,,,,,,,,,,,,,,,,,,,,,,,,,,,0,0,0,0,1,0,0,,,,
13249248,N,N,N,N,N,N,N,4/29/2013,2:43 PM,,,49,163,N,Y,33.61305,-97.1492,1,35,,1,,,NOT REPORTED,,N,N,75,Y,Y,,N,,,,,,,NOT REPORTED,,0.21,M,N,496,,,11,1,0,2,4,1,20,2:44 PM,COOKE COUNTY S.O.,2:56 PM,4/29/2013,Y,TXDPS5526,10000,19,103,1,8,7,4,1,23,49,1,1,2,21,21,49,163,33.61334306,-97.14923013,IH,35,,495.527,IH0035,,195,1,13.491,496,0.21,,,,NOT REPORTED,,,,,Y,Y,N,1,5,Y,MON,5,0,4,10,44,9,4,260,86,48,5,0,0,2,8,5,2,20,5,2,36,2,11,38747,2014,38747,1.7,16.9,18.6,,,,,,,,,,,,,,,,,,,,,,,,,,,5,0,0,0,0,5,0,,,,
13249306,N,N,N,N,N,N,N,5/2/2013,7:27 PM,2013-17019,,101,29,N,Y,,,19,,,1,1700,N,ALEXANDER,DR,N,N,45,N,N,,N,19,,,,1000,,LACY,DR,,,,,,,11,1,4,2,1,1,11,7:29 PM,DISPATCH,7:29 PM,5/3/2013,N,TX1010100,100,,,59,8,7,4,1,32,54,1,2,4,21,21,101,29,29.74246584,-94.95183006,BS,146,E,2.113,BS0146E,,389,3,4.095,486,0.156,,,,,,,,,Y,Y,N,2,7,Y,THU,3,0,0,0,40,9,6,120,66,66,6,1,1,1,0,0,1,0,0,1,40,4,14,15726,2014,15726,2.9,7.1,10,,,,,,,,,,,,,,,,,,,,,,,,,,,0,1,0,0,0,1,0,15,,,
13249477,N,N,N,N,N,N,N,4/20/2013,7:10 PM,13-110210,,71,136,N,N,,,19,,,1,,,EXIT 29 TRANS MOUNTAIN RAMP,,N,N,55,N,N,,N,19,,,1,,,GATEWAY NORTH,BLVD,,,,,,,11,1,0,,1,1,1,7:10 PM,DISPATCHED,7:14 PM,4/20/2013,Y,TX0710200,1259,,,,8,2,4,20,64,36,1,5,1,21,21,71,136,,,,,,,EXIT 29 TRANS MOUNTAIN RAMP,,,,,,,,,,,,,,,N,N,N,5,9,N,SAT,,,,,,,,,,,,,,,,,,,,,,,,,,,,,,,,,,,,,,,,,,,,,,,,,,,,,,,,0,0,0,6,0,0,0,,,,
13249503,N,N,N,N,N,N,N,4/21/2013,12:13 PM,13-111100,,71,136,N,Y,31.67958,-106.31308,19,,,2,100,S,AMERICAS,AVE,N,N,45,N,N,"ONE WAY, 3 LANES",N,19,,,1,9400,,ALAMEDA,,,,,,"TWO WAY , 5 LANES",,11,1,98,2,1,1,20,12:14 PM,DISPATCHED,12:22 PM,4/21/2013,Y,TX0710200,1259,,,111,8,7,2,2,21,28,2,2,2,21,21,71,136,31.68011981,-106.3130356,SL,375,,35.163,SL0375,,2552,3,14.681,47,-0.306,SH,20,,SH0020,,,,,Y,Y,N,5,9,Y,SUN,5,0,4,10,53,2,4,370,88,48,4,0,0,2,8,5,2,20,5,2,45,4,12,70824,2014,70824,2.1,3.9,6,,,,,,,,,,,,,,,,,,,,,,,,,,,0,0,0,2,0,0,0,66,,,
13249585,N,N,N,Y,N,N,N,4/15/2013,11:20 AM,C-13-00038,,144,170,N,Y,,,19,,,7,300,W,HOUSTON,ST,N,N,30,N,N,LOCAL ROAD,N,19,,,7,300,N,WILLIAMSON,ST,,,,,LOCAL ROAD,763425V,11,1,98,,2,1,13,11:20 AM,911,11:25 AM,4/15/2013,Y,TX1440100,1352,17,2,102,8,3,4,1,10,3,1,5,1,17,21,144,170,30.18513848,-96.93898035,,,,,W HOUSTON ST,301,,,,,,,,,,,,,,Y,N,Y,3,3,Y,MON,,,,,,,,,,,,,,,,,,,,,,,,,,,,,,,,,,,,,,,,,,,,,,,,,,763425V,UP,,8,,,0,0,1,0,0,1,0,,,,
13249894,N,N,N,N,N,N,N,4/25/2013,7:45 PM,ACC13-0010,,126,1438,N,Y,,,4,157,,1,,,NORTH FM 157,,N,N,55,N,N,NORTH FM 157,N,15,502,,7,,,CR 502,,,,,,CR 502,,11,1,0,1,1,1,20,7:45 PM,RADIO,7:48 PM,4/25/2013,Y,TX1261200,2360,15,64,255,8,2,4,20,64,54,1,3,1,21,21,126,1438,32.44996272,-97.1137381,FM,157,,33.457,FM0157,1552,747,5,7.736,298,-0.568,,,,,,,,,Y,Y,Y,3,3,Y,THU,2,0,4,4,0,2,2,80,32,20,2,0,0,2,4,5,2,4,5,0,0,1,7,3726,2014,3726,4.1,1.4,5.5,,,,,,,,,,,,,,,,,,,,,,,,,,,0,0,2,0,1,2,0,282,,,
13249949,N,N,N,N,N,N,N,4/15/2013,3:40 PM,,,220,156,N,Y,32.72542,-97.3209,1,35,W,1,,,NOT REPORTED,,N,N,60,N,N,,N,19,,,,,,ALLEN,ST,,,,,,,11,1,0,2,1,1,20,3:41 PM,DRIVEN UPON,3:41 PM,4/17/2013,Y,,10000,19,118,1,8,2,4,21,64,3,1,1,1,21,21,220,156,32.72541131,-97.3204949,IH,35,W,49.312,IH0035W,,14,16,5.319,49,0.435,,,,,,,,,Y,Y,N,5,9,Y,MON,5,0,10,10,39,3,8,285,135,96,5,0,0,2,19,5,2,20,5,2,20,4,11,160853,2014,160853,4.9,6.2,11.2,,,,,,,,,,,,,,,,,,,,,,,,,,,0,0,0,4,0,0,0,282,,,
13249951,N,N,N,N,N,N,N,4/21/2013,4:09 PM,,,161,1726,Y,Y,31.79601,-97.10192,1,35,,1,,,NOT REPORTED,,N,N,60,Y,N,,N,,,,,,,NOT REPORTED,,0.4,M,N,352,,,11,1,0,2,1,1,11,4:16 PM,DISPATCHED,4:27 PM,4/22/2013,Y,,10000,22,119,1,8,2,4,20,64,49,1,1,1,21,21,161,1726,31.7979306,-97.10191819,IH,35,,351.892,IH0035,,14,8,7.492,352,0.4,,,,NOT REPORTED,,,,,Y,Y,Y,5,0,Y,SUN,5,0,6,10,48,9,4,274,80,48,6,0,2,2,12,5,2,20,5,2,36,1,1,52571,2014,52571,2.9,29.5,32.4,1,407,0,2,10,,,,,,,,,,,,,,,,,,,,,,0,0,0,3,0,0,0,140,,,
13250005,N,N,N,N,N,N,N,4/29/2013,4:31 PM,2013-010464,,123,30,N,Y,,,19,,,1,5000,,FOLSOM,,N,N,35,N,N,,Y,19,,,1,3600,,KIPLING,,,,,,,,11,1,4,,1,1,11,4:35 PM,DISPATCHED,4:57 PM,4/29/2013,Y,TX1230100,104,,,,8,2,2,22,64,47,1,5,1,21,21,123,30,30.11488469,-94.15766339,,,,,FOLSOM DR,4999,,,,,,,,,KIPLING DR,,,,,Y,N,N,3,8,Y,MON,,,,,,,,,,,,,,,,,,,,,,,,,,,,,,,,,,,,,,,,,,,,,,,,,,,,,,,,0,0,5,1,0,5,0,135,,,
13250983,N,N,N,N,N,N,N,5/3/2013,4:45 PM,SAPD13093551,5120,15,379,N,Y,,,2,90,,2,4300,,NOT REPORTED,,N,N,45,N,N,,N,19,,,,,,36TH,ST,,,,,,,11,1,0,2,1,1,20,4:53 PM,DISPATCHED,5:01 PM,5/3/2013,Y,TXSPD0000,2473,,7,147,8,2,4,22,64,42,2,2,1,21,21,15,379,29.40651528,-98.57563284,US,90,,449.906,US0090,,24,8,5.3,568,0.346,,,,,,,,,Y,Y,N,3,9,Y,FRI,5,0,4,10,11,9,9,300,136,108,6,0,0,2,8,5,2,20,5,2,3,4,12,62507,2014,62507,1.8,0.6,2.3,,,,,,,,,,,,,,,,,,,,,,,,,,,0,0,2,2,0,2,0,28,,,
13251005,N,N,N,N,N,N,N,4/28/2013,6:05 PM,sapd13089723,2150,15,379,N,Y,,,2,35,,1,1000,N,IH 35,,N,N,60,N,N,,N,19,,,,100,,LAREDO,ST,,,,,,,11,1,0,2,2,1,1,6:05 PM,DISPATCH,6:12 PM,5/2/2013,Y,TXSPD0000,2473,,3,122,8,7,2,1,36,3,1,1,4,21,21,15,379,29.42945158,-98.50069695,IH,35,,155.706,IH0035,,17,10,22.636,156,0.164,SS,536,,SS0536,,,,,Y,Y,N,5,9,Y,SUN,5,0,10,10,15,9,8,230,146,96,5,0,0,2,22,5,2,28,5,2,3,4,11,149360,2014,149360,3.4,11.2,14.6,,,,,,,,,,,,,,,,,,,,,,,,,,,0,0,0,4,0,0,0,28,,,
13251203,N,N,N,N,N,N,N,5/3/2013,8:30 AM,SAPD13093189,4210,15,379,N,Y,,,19,,,1,1000,S,WW WHITE,RD,Y,N,40,N,N,,N,19,,,,4500,,LORD,RD,,,,,,,11,1,0,,1,1,1,9:25 AM,DISPATCH,9:27 AM,5/3/2013,N,TXSPD0000,2473,,9,162,8,4,4,4,64,12,7,9,5,33,21,15,379,,,,,,,S WW WHITE RD,,,,,,,,,,,,,,,N,N,N,0,9,N,FRI,,,,,,,,,,,,,,,,,,,,,,,,,,,,,,,,,,,,,,,,,,,,,,,,,,,,,,,,0,0,0,0,1,0,0,,,,
13251412,N,N,N,N,N,N,N,4/26/2013,1:00 PM,SAPD13088063,3260,15,379,N,Y,,,1,35,,1,9400,,IH 35,,N,N,65,N,N,,N,19,,,,5700,,WALZEM,RD,,,,,,,11,1,0,2,1,1,1,1:00 PM,DISPATCH,1:05 PM,5/4/2013,Y,TXSPD0000,2473,,29,131,8,7,4,1,39,35,1,1,4,21,21,15,379,29.52436475,-98.39379904,IH,35,,166.52,IH0035,,17,10,33.543,167,0.061,,,,,,,,,Y,Y,N,5,9,Y,FRI,5,0,8,10,18,9,7,300,120,84,6,0,0,2,16,5,2,20,5,,2,4,11,134863,2014,134863,3.4,11.2,14.6,,,,,,,,,,,,,,,,,,,,,,,,,,,0,0,0,1,0,0,0,28,,,
13251416,N,N,N,N,N,N,N,5/4/2013,6:40 AM,SAPD13094034,3160,15,379,N,Y,,,2,281,,2,12500,N,NOT REPORTED,,N,N,45,N,N,US HWY FRONTAGE RD,N,19,,,,,E,NAKOMA,,,,,,LOCAL RD,,11,2,0,2,1,1,1,6:57 AM,DISPATCHED,7:02 AM,5/4/2013,Y,TXSPD0000,2473,,29,131,8,2,4,21,64,9,2,2,1,21,21,15,379,29.55223865,-98.48696881,US,281,,323.354,US0281,,253,4,13.007,528,-0.121,,,,,,,,,Y,Y,N,5,9,Y,SAT,5,0,4,10,17,3,7,300,136,96,4,0,0,2,14,5,2,26,5,2,3,4,12,155055,2014,155055,1.8,0.6,2.3,,,,,,,,,,,,,,,,,,,,,,,,,,,0,0,0,2,0,0,0,28,,,
13251453,N,N,N,N,N,N,N,5/4/2013,6:27 PM,13004593,898,61,114,N,Y,,,19,,,1,800,N,LOCUST,ST,N,N,30,N,N,,N,19,,,,100,,FERGUSON,ST,,,,,,,11,1,0,3,1,1,20,6:29 PM,DISPATCH,6:33 PM,5/4/2013,Y,TX0610200,1196,,,411,8,2,2,24,64,3,1,2,1,21,21,61,114,33.22190512,-97.13298151,US,77,,4.358,US0077,151,196,1,24.353,238,-0.293,,,,FERGUSON ST,,,,,Y,Y,N,5,8,Y,SAT,0,0,8,8,10,2,5,300,75,55,4,1,1,2,10,5,2,10,5,4,0,4,14,13989,2014,13989,1.8,17.8,19.6,,,,,,,,,,,,,,,,,,,,,,,,,,,0,0,0,2,0,0,0,282,,,
13251475,N,N,N,N,N,N,N,5/4/2013,7:34 PM,SAPD13094480,4250,15,379,N,N,,,19,,,1,500,,FAIR,AVE,N,N,40,N,N,,Y,1,37,,2,,S,IH 37 S NB ACCESS ROAD,,,,,,,,11,1,0,2,1,1,5,8:10 PM,DISPTCHED,8:12 PM,5/4/2013,N,TXSPD0000,2473,,9,162,8,2,2,22,64,38,2,1,1,21,21,15,379,29.38383172,-98.4690917,IH,37,,138.705,IH0037,,73,8,8.265,139,-0.092,,,,FAIR AVE,,,,,Y,Y,N,3,9,Y,SAT,5,0,10,10,60,9,8,360,136,96,6,0,0,2,20,5,2,20,5,2,40,4,11,121569,2014,121569,2.3,1.4,3.7,,,,,,,,,,,,,,,,,,,,,,,,,,,0,0,1,1,0,1,0,28,,,
13251767,N,N,N,N,N,N,N,5/2/2013,3:41 PM,13-10031,2 unit hit & run,57,218,N,Y,,,17,,,7,7979,N,MACARTHUR,BLVD,Y,N,5,N,N,,N,19,,,,7979,N,MACARTHUR,BLVD,,,,,,,11,1,0,,1,1,1,4:00 PM,DISPATCHED,4:05 PM,5/2/2013,N,TX0571500,1518,,,33,8,2,4,20,64,3,7,9,5,33,21,57,218,,,,,,,N MACARTHUR BLVD,,,,,,,,,,,,,,,N,N,N,5,8,N,THU,,,,,,,,,,,,,,,,,,,,,,,,,,,,,,,,,,,,,,,,,,,,,,,,,,,,,,,,0,0,0,1,1,0,0,,,,
13251908,N,N,N,N,N,N,N,4/23/2013,1:45 AM,0049339013B,,101,208,N,Y,,,1,45,,2,12000,N,NORTH SER E,FWY,N,N,45,N,N,,N,12,,,,100,N,SAM HOUSTON,PKWY,,,,,,,11,4,3,2,4,1,20,1:51 AM,DISPATCHED,1:55 AM,4/23/2013,Y,TXHPD0000,2469,52,152,59,8,7,4,1,33,54,2,1,2,21,21,101,208,29.93933024,-95.41351412,IH,45,,60.855,IH0045,,110,6,36.874,61,-0.191,,,,,,,,,Y,Y,N,3,9,Y,TUE,5,1,0,10,28,8,8,300,192,120,5,0,0,1,0,0,2,20,5,2,28,4,11,215390,2014,215390,5.5,4.6,10.1,,,,,,,,,,,,,,,,,,,,,,,,,,,0,0,1,0,0,1,0,15,,,
13251916,N,N,N,N,N,N,N,4/28/2013,4:05 AM,0051771113M,,101,208,N,Y,,,19,,,1,5900,,BINGLE,RD,N,N,40,N,N,,N,19,,,,6500,,PINE VISTA,LN,,,,,,,2,4,0,,1,2,1,4:07 AM,HPD DISPATCH,4:11 AM,4/28/2013,Y,TXHPD0000,2469,18,152,59,8,7,4,1,30,3,1,5,2,21,21,101,208,29.85452828,-95.48874305,,,,,BINGLE RD,,,,,,,,,,,,,,,Y,N,N,5,9,Y,SUN,,,,,,,,,,,,,,,,,,,,,,,,,,,,,,,,,,,,,,,,,,,,,,,,,,,,,,,,0,0,0,1,0,0,0,15,,,
13251969,N,N,N,N,N,N,N,5/5/2013,8:30 PM,SAPD13095223,3230,15,379,N,Y,,,19,,,7,14087,,OCONNOR,RD,Y,N,-1,N,N,,N,19,,,,13900,,NACOGDOCHES,RD,,,,,,,11,4,0,,7,1,1,9:56 PM,DISPATCH,10:10 PM,5/5/2013,N,TXSPD0000,2473,,29,131,8,4,4,5,64,3,7,9,5,33,21,15,379,,,,,,,OCONNOR RD,,,,,,,,,,,,,,,N,N,N,0,9,N,SUN,,,,,,,,,,,,,,,,,,,,,,,,,,,,,,,,,,,,,,,,,,,,,,,,,,,,,,,,0,0,0,0,1,0,0,,,,
13252264,N,N,N,N,N,N,N,4/26/2013,12:35 PM,2013-10044,,101,325,N,Y,,,19,,,1,3400,,RED BLUFF,RD,N,N,40,N,N,,N,19,,,1,1500,,ORREL,DR,,,,,,,11,1,4,,1,1,5,12:38 PM,DISPATCHED,12:47 PM,4/28/2013,Y,TX1011500,1912,,2,94,8,2,2,20,64,54,1,5,1,21,21,101,325,29.6889833,-95.16345865,,,,,RED BLUFF RD,3406,,,,,,,,,ORREL DR,,,,,Y,N,N,5,8,Y,FRI,,,,,,,,,,,,,,,,,,,,,,,,,,,,,,,,,,,,,,,,,,,,,,,,,,,,,,,,0,0,0,4,0,0,0,15,,,
13252335,N,N,N,N,N,N,N,4/24/2013,10:30 AM,130022646,HIT & RUN,220,19,N,Y,,,3,180,,1,300,E,DIVISION,ST,N,N,35,N,N,,N,19,,,,200,N,EAST,ST,,,,,,,11,1,0,,1,1,20,10:46 AM,DISPATCH,10:53 AM,4/24/2013,Y,TX2200100,59,,8,30,8,2,2,21,64,7,1,2,1,21,21,220,19,,,SH,180,,,SH0180,,,,,,,,,,N EAST ST,,,,,Y,Y,N,5,9,N,WED,,,,,,,,,,,,,,,,,,,,,,,,,,,,,,,,,,,,,,,,,,,,,,,,,,,,,,,,0,0,0,1,1,0,0,,,,
13252515,N,N,N,N,N,N,N,4/19/2013,6:14 PM,13-18394,,108,331,N,Y,,,4,2061,,1,200,S,JACKSON,RD,N,N,30,N,N,,N,8,83,,1,1500,W,BUSINESS 83,HWY,,,,,,,11,1,2,3,1,1,1,6:14 PM,TWO WAY RADIO,6:20 PM,4/19/2013,N,TX1081100,1926,42,93,112,8,2,2,20,64,54,1,3,1,21,21,108,331,26.19876599,-98.20408891,FM,3362,,7.406,FM3362,117,3468,1,11.109,718,1.396,FM,2061,,FM2061,,,,,Y,Y,N,5,7,Y,FRI,2,0,0,0,0,2,4,100,76,73,4,2,2,1,0,0,1,0,0,0,0,4,14,18507,2014,18507,1.7,0.7,2.4,,,,,,,,,,,,,,,,,,,,,,,,,,,0,0,0,1,1,0,0,230,,,
13252637,N,N,N,N,N,N,N,4/5/2013,10:30 PM,130045269,0,101,1666,Y,N,,,12,,,2,2500,N,SAM HOUSTON PW W,,N,N,50,N,N,,N,15,,,,,,VETERANS MEMORIAL,DR,,,,,,,11,3,0,,1,1,20,10:34 PM,DISPATCHED,10:38 PM,4/5/2013,Y,TX1010000,1419,55,33,5,8,2,4,22,64,36,2,6,1,21,21,101,1666,29.93806922,-95.46006676,,,,,N SAM HOUSTON PKWY W,,,,,,,,,,,,,,,Y,N,Y,3,0,Y,FRI,,,,,,,,,,,,,,,,,,,,,,,,,,,,,,,,,,,,,,,,,,,,,,,,,,,,,,,,0,0,4,2,0,4,0,15,,,
13252683,N,N,N,N,N,N,N,4/14/2013,3:11 AM,C1302710,,178,97,N,Y,,,19,,,1,4500,,TEAL,DR,N,N,30,N,N,,N,19,,,1,14800,,BEAL,DR,,,,,,,2,3,0,,1,2,1,3:18 AM,DISPATCH,3:28 AM,4/14/2013,N,TX1780200,1115,,,51,8,4,4,1,64,54,1,5,1,21,21,178,97,27.86804424,-97.65344203,,,,,TEAL DR,4585,,,,,,,,,,,,,,Y,N,N,0,9,Y,SUN,,,,,,,,,,,,,,,,,,,,,,,,,,,,,,,,,,,,,,,,,,,,,,,,,,,,,,,,0,0,0,0,1,0,0,96,,,
13252725,N,N,N,N,N,N,N,4/24/2013,3:35 PM,13-0247,,114,39,N,N,,,4,700,,1,500,E,MARCY,DR,N,N,45,N,N,,N,19,,,,2500,S,GOLIAD,ST,,,,,,,11,1,0,2,1,1,5,3:40 PM,PHONE,3:45 PM,4/24/2013,Y,TX1140100,123,,,27,8,2,2,22,64,38,1,3,1,21,21,114,39,32.23192957,-101.4634233,FM,700,,2.886,FM0700,,668,2,3.913,316,-0.53,,,,GOLIAD ST,,,,,N,Y,N,5,6,Y,WED,4,0,0,8,16,2,4,200,64,48,4,1,0,1,0,0,2,16,5,1,16,2,14,14830,2014,14830,3.6,11,14.5,,,,,,,,,,,,,,,,,,,,,,,,,,,0,0,0,4,0,0,0,,,,
13252779,N,N,N,N,N,N,N,5/3/2013,2:20 PM,13-S-002286,,11,1576,Y,Y,,,3,95,,1,1400,N,NOT REPORTED,,N,N,65,N,N,,Y,19,,,1,100,,SANDY OAK,LOOP,,,,,,,11,1,2,1,1,1,1,2:22 PM,DISPATCHED,2:23 PM,5/3/2013,Y,TX0110000,90,,,174,8,2,2,20,64,47,1,2,1,21,21,11,1576,30.21979829,-97.31542092,SH,95,,61.944,SH0095,101,322,1,8.534,450,0.964,FM,2336,,FM2336,,,,,Y,Y,Y,2,0,Y,FRI,2,0,10,10,0,2,2,100,44,24,4,0,0,2,10,5,2,10,5,0,0,1,6,7086,2014,7086,4.6,4.1,8.7,1,200,0,,0,,,,,,,,,,,,,,,,,,,,,,0,1,1,3,0,2,0,90,,,
13252897,N,N,N,N,N,N,N,5/1/2013,7:06 AM,2013-121-002,,246,169,N,Y,,,19,,,1,99,SE,INNER,LOOP,N,N,55,N,N,,Y,19,,,1,3700,S,AUSTIN,AVE,,,,,,,11,1,2,,2,1,8,7:08 AM,DISPTACH,7:13 AM,5/1/2013,Y,TX2460200,1351,42,93,112,8,2,2,22,64,38,1,5,1,21,21,246,169,30.60787471,-97.68489246,,,,,SE INNER LOOP,,,,,,,,,,S AUSTIN AVE,,,,,Y,N,N,5,7,Y,WED,,,,,,,,,,,,,,,,,,,,,,,,,,,,,,,,,,,,,,,,,,,,,,,,,,,,,,,,0,0,0,2,0,0,0,90,,,
13252995,N,N,N,N,N,N,N,4/17/2013,4:30 PM,,,192,1757,Y,Y,31.17282,-101.37058,2,67,,1,,E,NOT REPORTED,,N,N,70,N,N,,N,,,,,,,NOT REPORTED,,30,F,W,738,,,11,1,0,1,1,1,11,4:30 PM,DISPATCH,4:36 PM,4/17/2013,Y,TX1920000,1990,,,,8,7,4,1,33,54,1,2,2,21,21,192,1757,31.17374649,-101.3739564,US,67,,503.193,US0067,,77,1,5.975,738,30,,,,NOT REPORTED,,,,,Y,Y,Y,5,0,Y,WED,2,0,8,8,0,2,2,150,42,26,2,0,0,2,8,5,2,8,5,0,0,1,6,11909,2014,11909,3.7,6,9.7,,,,,,,,,,,,,,,,,,,,,,,,,,,0,0,0,1,0,0,0,,,,
13253051,N,N,N,N,N,N,N,4/26/2013,7:04 PM,2013-04119,,71,1635,Y,Y,,,19,,,1,3700,,JOHN HENRY,ST,N,N,30,N,N,,Y,19,,,1,14200,,SANTIESTEBAN,LN,,,,,,,11,1,4,,1,1,8,7:04 PM,DISPATCHED,7:08 PM,4/26/2013,Y,TX0710000,1260,,,,8,2,1,10,64,54,1,4,1,21,21,71,1635,31.80631483,-106.1835104,,,,,JOHN HENRY ST,3698,,,,,,,,,SANTIESTEBAN LN,,,,,Y,N,Y,3,0,Y,FRI,,,,,,,,,,,,,,,,,,,,,,,,,,,,,,,,,,,,,,,,,,,,,,,,,,,,,,,,0,0,1,3,0,1,0,66,,,
13253215,N,Y,N,N,N,N,N,4/29/2013,8:53 AM,13-2051,,220,179,N,Y,,,14,97,,3,1700,S,INTERNATIONAL,PKWY,N,Y,55,N,N,EXIT RAMP FROM SOUTH SERVICE ROAD,N,14,97,,4,2000,S,INTERNATIONAL,PKWY,,,,,EXIT RAMP TO TERMINAL A,,11,1,0,2,1,1,20,8:53 AM,DISPATCHED,8:56 AM,4/29/2013,Y,,1173,,,,8,2,2,22,64,42,3,2,1,21,21,220,179,32.96700031,-97.03426953,SH,121,,72.761,SH0121,,364,1,1.302,280,0.29,FM,2499,,FM2499,,,,,Y,Y,N,5,6,Y,MON,5,0,10,10,96,3,4,330,88,48,5,0,0,2,20,5,2,20,5,3,76,4,12,73027,2014,73027,3.3,3.2,6.5,,,,,,,,,,,,,,,,,,,,,,,,,,,0,0,0,2,0,0,0,282,,,