Crash_ID,Crash_Fatal_Fl,Cmv_Involv_Fl,Schl_Bus_Fl,Rr_Relat_Fl,Medical_Advisory_Fl,Amend_Supp_Fl,Active_School_Zone_Fl,Crash_Date,Crash_Time,Case_ID,Local_Use,Rpt_CRIS_Cnty_ID,Rpt_City_ID,Rpt_Outside_City_Limit_Fl,Thousand_Damage_Fl,Rpt_Latitude,Rpt_Longitude,Rpt_Rdwy_Sys_ID,Rpt_Hwy_Num,Rpt_Hwy_Sfx,Rpt_Road_Part_ID,Rpt_Block_Num,Rpt_Street_Pfx,Rpt_Street_Name,Rpt_Street_Sfx,Private_Dr_Fl,Toll_Road_Fl,Crash_Speed_Limit,Road_Constr_Zone_Fl,Road_Constr_Zone_Wrkr_Fl,Rpt_Street_Desc,At_Intrsct_Fl,Rpt_Sec_Rdwy_Sys_ID,Rpt_Sec_Hwy_Num,Rpt_Sec_Hwy_Sfx,Rpt_Sec_Road_Part_ID,Rpt_Sec_Block_Num,Rpt_Sec_Street_Pfx,Rpt_Sec_Street_Name,Rpt_Sec_Street_Sfx,Rpt_Ref_Mark_Offset_Amt,Rpt_Ref_Mark_Dist_Uom,Rpt_Ref_Mark_Dir,Rpt_Ref_Mark_Nbr,Rpt_Sec_Street_Desc,Rpt_CrossingNumber,Wthr_Cond_ID,Light_Cond_ID,Entr_Road_ID,Road_Type_ID,Road_Algn_ID,Surf_Cond_ID,Traffic_Cntl_ID,Investigat_Notify_Time,Investigat_Notify_Meth,Investigat_Arrv_Time,Report_Date,Investigat_Comp_Fl,ORI_Number,Investigat_Agency_ID,Investigat_Area_ID,Investigat_District_ID,Investigat_Region_ID,Bridge_Detail_ID,Harm_Evnt_ID,Intrsct_Relat_ID,FHE_Collsn_ID,Obj_Struck_ID,Othr_Factr_ID,Road_Part_Adj_ID,Road_Cls_ID,Road_Relat_ID,Phys_Featr_1_ID,Phys_Featr_2_ID,Cnty_ID,City_ID,Latitude,Longitude,Hwy_Sys,Hwy_Nbr,Hwy_Sfx,Dfo,Street_Name,Street_Nbr,Control,Section,Milepoint,Ref_Mark_Nbr,Ref_Mark_Displ,Hwy_Sys_2,Hwy_Nbr_2,Hwy_Sfx_2,Street_Name_2,Street_Nbr_2,Control_2,Section_2,Milepoint_2,Txdot_Rptable_Fl,Onsys_Fl,Rural_Fl,Crash_Sev_ID,Pop_Group_ID,Located_Fl,Day_of_Week,Hwy_Dsgn_Lane_ID,Hwy_Dsgn_Hrt_ID,Hp_Shldr_Left,Hp_Shldr_Right,Hp_Median_Width,Base_Type_ID,Nbr_Of_Lane,Row_Width_Usual,Roadbed_Width,Surf_Width,Surf_Type_ID,Curb_Type_Left_ID,Curb_Type_Right_ID,Shldr_Type_Left_ID,Shldr_Width_Left,Shldr_Use_Left_ID,Shldr_Type_Right_ID,Shldr_Width_Right,Shldr_Use_Right_ID,Median_Type_ID,Median_Width,Rural_Urban_Type_ID,Func_Sys_ID,Adt_Curnt_Amt,Adt_Curnt_Year,Adt_Adj_Curnt_Amt,Pct_Single_Trk_Adt,Pct_Combo_Trk_Adt,Trk_Aadt_Pct,Curve_Type_ID,Curve_Lngth,Cd_Degr,Delta_Left_Right_ID,Dd_Degr,Feature_Crossed,Structure_Number,I_R_Min_Vert_Clear,Approach_Width,Bridge_Median_ID,Bridge_Loading_Type_ID,Bridge_Loading_In_1000_Lbs,Bridge_Srvc_Type_On_ID,Bridge_Srvc_Type_Under_ID,Culvert_Type_ID,Roadway_Width,Deck_Width,Bridge_Dir_Of_Traffic_ID,Bridge_Rte_Struct_Func_ID,Bridge_IR_Struct_Func_ID,CrossingNumber,RRCo,Poscrossing_ID,WDCode_ID,Standstop,Yield,Incap_Injry_Cnt,Nonincap_Injry_Cnt,Poss_Injry_Cnt,Non_Injry_Cnt,Unkn_Injry_Cnt,Tot_Injry_Cnt,Death_Cnt,MPO_ID,Investigat_Service_ID,Investigat_DA_ID,Investigator_Narrative
13257416,N,N,N,N,N,N,N,4/28/2013,3:35 AM,2013A001046,29A,57,166,N,Y,32.90921,-96.68294,19,,,1,3500,,FOREST,LN,N,N,40,N,N,,Y,19,,,1,400,S,JUPITER,RD,,,,,,,11,4,0,,1,1,5,3:40 AM,DISPATCH,3:44 AM,4/28/2013,Y,TX0571100,1344,,,150,8,2,2,20,64,3,1,5,1,21,21,57,166,32.90915423,-96.68297259,,,,,FOREST LN,,,,,,,,,,S JUPITER RD,,,,,Y,N,N,5,8,Y,SUN,,,,,,,,,,,,,,,,,,,,,,,,,,,,,,,,,,,,,,,,,,,,,,,,,,,,,,,,0,0,0,5,0,0,0,282,,,
13257563,N,N,N,N,N,N,N,4/27/2013,10:24 AM,130055905,0,101,1666,Y,N,,,19,,,1,200,,BAMMEL WESTFIELD RD,,N,N,30,N,N,,N,15,,,,,,NORTH FW FEEDER,,,,,,,,11,1,98,,1,1,8,10:24 AM,DISPATCHED,10:24 AM,4/27/2013,N,TX1010000,1419,80,4,5,8,2,2,22,64,38,1,4,1,21,21,101,1666,30.01866161,-95.43249795,,,,,BAMMEL WESTFIELD RD,200,,,,,,,,,UNKNOWN,,,,,N,N,Y,5,0,Y,SAT,,,,,,,,,,,,,,,,,,,,,,,,,,,,,,,,,,,,,,,,,,,,,,,,,,,,,,,,0,0,0,2,0,0,0,15,,,
13257594,N,N,N,N,N,N,N,5/6/2013,5:40 PM,,,111,1676,Y,Y,32.40658,-97.7901,3,144,,1,,,NOT REPORTED,,N,N,35,N,N,,N,15,,,,,,CONTRARY CREEK,RD,,,,,,,11,1,2,1,1,1,10,5:48 PM,DISPATCH,5:53 PM,5/6/2013,Y,,10000,8,118,1,8,2,4,20,64,54,1,2,1,21,21,111,1676,32.40602249,-97.79059348,SH,144,,2.609,SH0144,3984,385,4,3.571,294,0.537,,,,,,,,,Y,Y,Y,5,0,Y,MON,2,0,0,0,0,3,3,100,54,54,4,1,1,1,0,0,1,0,0,0,0,2,16,16563,2014,16563,2.1,14.7,16.8,,,,,,,,,,,,,,,,,,,,,,,,,,,0,0,0,3,0,0,0,282,,,
13257628,N,N,N,N,N,N,N,4/23/2013,4:08 PM,130053990,0,101,1666,Y,N,,,3,6,,1,8100,S,NOT REPORTED,HWY,N,N,45,N,N,,N,15,,,,,,BEECHNUT,,,,,,,,11,1,2,2,1,1,20,4:09 PM,DISPATCHED,4:11 PM,4/23/2013,Y,TX1010000,1419,100,4,5,8,1,4,1,64,54,1,2,2,21,21,101,1666,29.69253546,-95.6437887,SH,6,,497.385,SH0006,,1685,5,16.922,680,-0.112,,,,,,,,,Y,Y,Y,2,0,Y,TUE,3,0,0,0,1,3,6,160,96,84,6,1,1,1,0,0,1,0,0,1,1,4,14,49113,2014,49113,3.9,1.4,5.2,,,,,,,,,,,,,,,,,,,,,,,,,,,0,1,0,1,0,1,0,15,,,
13257654,N,N,N,N,N,N,N,4/22/2013,3:31 PM,130053448,0,101,1666,Y,Y,,,19,,,1,2900,,FRY,RD,N,N,35,N,N,,N,19,,,,,,SUN GLEN,,,,,,,,11,1,0,,1,1,11,3:33 PM,DISPATCHED,3:34 PM,4/22/2013,Y,TX1010000,1419,100,4,5,8,2,4,22,64,36,1,4,1,21,21,101,1666,29.81064542,-95.720563,,,,,FRY RD,,,,,,,,,,,,,,,Y,N,Y,5,0,Y,MON,,,,,,,,,,,,,,,,,,,,,,,,,,,,,,,,,,,,,,,,,,,,,,,,,,,,,,,,0,0,0,5,0,0,0,15,,,
13257663,N,N,N,N,N,N,N,4/24/2013,4:51 PM,,,101,208,N,Y,29.7854,-95.7525,1,10,,1,"22,000",,NOT REPORTED,,N,N,65,N,N,,N,19,,,,,,MASON,RD,,,,,,,11,1,0,2,2,1,11,4:51 PM,DISPATCHED,5:07 PM,4/25/2013,Y,,10000,12,35,1,8,2,2,20,64,3,1,1,1,21,21,101,1666,29.78520709,-95.75210277,IH,10,,743.886,IH0010,,271,6,3.877,745,0.216,,,,S MASON RD,,,,,Y,Y,Y,5,0,Y,WED,5,0,24,12,80,3,9,300,180,108,5,0,0,2,48,5,2,24,5,2,32,4,11,184991,2014,184991,4.3,5.2,9.5,1,108,0,1,1,,,,,,,,,,,,,,,,,,,,,,0,0,0,3,0,0,0,15,,,
13257670,N,N,N,N,N,Y,N,3/26/2013,2:17 PM,130017111,HIT & RUN,220,19,N,N,,,4,157,,1,4200,,COOPER,ST,N,N,45,Y,Y,,N,19,,,,1700,,PLEASANT RIDGE,RD,,,,,,,11,1,0,2,1,1,5,2:17 PM,DISPATCHED,2:40 PM,4/23/2013,Y,TX2200100,59,,8,190,8,2,4,21,64,49,1,3,1,20,21,220,19,32.67903916,-97.1350435,FM,157,,14.471,FM0157,,747,4,19.176,276,0.411,,,,,,,,,N,Y,N,5,9,Y,TUE,3,0,6,10,22,3,4,120,80,48,5,1,0,2,12,5,2,20,5,1,10,4,14,47999,2014,47999,2.3,0.6,2.9,1,0,0,,0,,,,,,,,,,,,,,,,,,,,,,0,0,0,3,0,0,0,282,,,
13257693,N,N,N,N,N,N,N,4/23/2013,6:36 PM,,,101,1666,Y,Y,29.99032,-95.6532,19,,,1,,,TELGE,RD,N,N,45,N,N,,N,19,,,,,,SPRING CYPRESS,RD,,,,,,,12,1,0,,1,1,20,6:45 PM,DROVE ONTO SCENE,6:45 PM,4/23/2013,Y,,10000,12,35,1,8,2,4,22,64,42,1,4,1,21,21,101,1666,29.98556253,-95.65451827,,,,,TELGE RD,,,,,,,,,,,,,,,Y,N,Y,5,0,Y,TUE,,,,,,,,,,,,,,,,,,,,,,,,,,,,,,,,,,,,,,,,,,,,,,,,,,,,,,,,0,0,0,4,0,0,0,15,,,
13257819,N,N,N,N,N,N,N,4/13/2013,9:19 PM,13038939,,57,289,N,Y,,,2,80,,1,1100,,NOT REPORTED,,N,N,60,N,N,,N,19,,,,,N,GALLOWAY,AVE,,,,,,,11,4,0,2,3,1,1,9:19 PM,DISPATCH,9:23 PM,4/13/2013,Y,571800,1774,281,903,127,8,2,4,21,1,9,1,2,1,21,21,57,289,32.79262178,-96.61302364,US,80,,4.109,US0080,,95,2,3.886,664,0.786,,,,,,,,,Y,Y,N,2,8,Y,SAT,4,0,2,12,44,2,4,300,76,48,4,0,0,2,4,5,2,24,5,2,40,4,12,69586,2014,69586,6,11.8,17.8,,,,,,,,,,,,,,,,,,,,,,,,,,,0,1,0,7,0,1,0,282,,,
13257913,N,N,N,N,N,N,N,4/27/2013,10:44 PM,,,61,429,N,Y,33.05906,-96.90293,12,,,1,,,SAM RAYBURN TOLLWAY,,N,Y,70,N,N,,N,,,,,,,NOT REPORTED,,75,F,N,415,,,11,4,0,,1,1,20,10:47 PM,DISPATCHED,10:59 PM,5/2/2013,Y,,10000,12,107,1,8,10,4,1,1,3,1,6,2,21,21,61,259,33.05918023,-96.90298496,,,,,SAM RAYBURN TLWY,,,,,,,,,,NOT REPORTED,,,,,Y,N,N,5,7,Y,SAT,,,,,,,,,,,,,,,,,,,,,,,,,,,,,,,,,,,,,,,,,,,,,,,,,,,,,,,,0,0,0,1,0,0,0,282,,,
13257965,N,N,N,N,N,N,N,5/8/2013,8:30 AM,0056494413D,,101,208,N,Y,,,19,,,1,1500,N,SHEPHERD,DR,N,N,35,N,N,DRY ASPHALT,N,19,,,,,W,15TH,ST,,,,,,,11,1,0,,1,1,1,8:44 AM,DISPATCHED,8:50 AM,5/8/2013,Y,TXHPD0000,2469,18,121,33,8,2,4,21,64,9,1,5,1,21,21,101,208,29.79816886,-95.41003907,,,,,N SHEPHERD DR,1515,,,,,,,,,,,,,,Y,N,N,5,9,Y,WED,,,,,,,,,,,,,,,,,,,,,,,,,,,,,,,,,,,,,,,,,,,,,,,,,,,,,,,,0,0,0,2,0,0,0,15,,,
13258192,Y,N,N,N,N,N,N,4/27/2013,3:52 AM,,13-057882,57,107,N,Y,,,1,30,,1,600,E,R L THORNTON,FWY,N,N,55,N,N,EAST BOUND,N,19,,,,,,HOUSTON,ST,,,,,,,11,4,0,2,6,1,20,3:56 AM,RADIO DISPATCHED,4:00 AM,4/27/2013,Y,TX0570000,1169,,70,22,4,7,4,1,23,54,1,1,2,21,21,57,107,32.77055571,-96.8091386,IH,30,,45.136,IH0030,,1068,4,13.354,45,0.068,,,,,,,,,Y,Y,N,4,9,Y,SAT,5,1,4,10,14,9,6,300,102,72,4,0,0,2,10,5,2,20,5,2,4,4,11,108775,2014,108775,1.6,7.8,9.4,,,,,,,,,,,,,,,,,,,,,,,,,,,0,0,0,0,0,0,1,282,,,
13258340,N,N,N,N,N,N,N,5/7/2013,12:46 PM,13050954,,31,53,N,Y,,,19,,,1,0,E,EAGLE,DR,N,N,20,N,N,,N,19,,,,2600,E,PRICE,RD,,,,,,,11,1,2,,1,1,1,12:47 PM,DISPATCHED,12:55 PM,5/7/2013,Y,TX0310100,172,,125,42,8,2,4,21,64,1,1,5,1,21,21,31,53,25.93479404,-97.48393748,,,,,W EAGLE DR,297,,,,,,,,,,,,,,Y,N,N,5,8,Y,TUE,,,,,,,,,,,,,,,,,,,,,,,,,,,,,,,,,,,,,,,,,,,,,,,,,,,,,,,,0,0,0,3,0,0,0,248,,,
13258342,N,N,N,N,N,N,N,5/3/2013,6:12 PM,109206A,,57,107,N,Y,,,19,,,1,500,W,12TH,ST,N,N,35,N,N,,N,19,,,,500,S,ADAMS,AVE,,,,,,,11,1,0,,1,1,20,6:25 PM,DISPATCHED,6:35 PM,5/3/2013,Y,TX0000006,2471,,,44,8,2,4,21,29,9,1,5,1,21,21,57,107,32.74115426,-96.83024775,,,,,W 12TH ST,501,,,,,,,,,,,,,,Y,N,N,2,9,Y,FRI,,,,,,,,,,,,,,,,,,,,,,,,,,,,,,,,,,,,,,,,,,,,,,,,,,,,,,,,0,1,0,1,0,1,0,282,,,
13258606,N,N,N,N,Y,N,N,4/30/2013,11:35 PM,,,108,132,N,Y,26.27,-98.132,15,,,1,,,CANTON,RD,N,N,45,N,N,,N,15,,,,,,LINKS,ST,,,,,,,11,4,0,,1,2,1,12:10 AM,DPS WESLACO COMM.,12:31 AM,5/1/2013,Y,,10000,22,127,1,8,7,4,1,30,54,1,4,2,21,21,108,132,26.27102611,-98.13175651,,,,,E CANTON AVE,3344,,,,,,,,,,,,,,Y,N,N,5,7,Y,TUE,,,,,,,,,,,,,,,,,,,,,,,,,,,,,,,,,,,,,,,,,,,,,,,,,,,,,,,,0,0,0,1,0,0,0,230,,,
13258609,N,N,N,N,N,N,Y,5/6/2013,7:38 AM,P131260154,,79,1644,Y,N,,,19,,,1,23420,,CINCO RANCH,BLVD,N,N,20,N,N,,Y,19,,,1,2900,,COMMERCIAL CENTER,BLVD,,,,,,,11,1,0,,1,1,5,7:45 AM,FBCSO DISPATCH,7:55 AM,5/6/2013,Y,TX0790000,1312,,,35,8,2,1,22,64,14,1,5,1,32,21,79,1644,29.74324482,-95.77784298,,,,,CINCO RANCH BLVD,,,,,,,,,,COMMERCIAL CENTER BLVD,,,,,N,N,Y,5,0,Y,MON,,,,,,,,,,,,,,,,,,,,,,,,,,,,,,,,,,,,,,,,,,,,,,,,,,,,,,,,0,0,0,2,0,0,0,15,,,
13258610,N,N,N,N,N,N,N,5/6/2013,7:08 AM,p131260134,,79,1644,Y,Y,,,19,,,1,16622,,TRANQUIL,DR,N,N,30,N,N,,N,19,,,,2800,,SERENE PLACE,,,,,,,,12,1,0,,1,1,1,7:11 AM,DISPATCHED,7:21 AM,5/6/2013,Y,TX0790000,1312,,,35,8,4,4,1,64,3,1,5,1,21,21,79,1644,29.64220876,-95.6712072,,,,,TRANQUIL DR,16627,,,,,,,,,,,,,,Y,N,Y,5,0,Y,MON,,,,,,,,,,,,,,,,,,,,,,,,,,,,,,,,,,,,,,,,,,,,,,,,,,,,,,,,0,0,0,1,0,0,0,15,,,
13258832,N,N,N,N,N,Y,N,3/30/2013,2:13 AM,13-00137,,14,188,N,Y,,,8,190,,1,552,W,VETERANS MEMORIAL,BLVD,N,N,40,N,N,,N,19,,,1,100,S,ROY REYNOLDS,,,,,,,,11,4,0,,1,1,17,2:15 AM,DISPATCH,2:15 AM,3/30/2013,Y,TX0140300,1415,,,,8,2,4,24,64,3,1,2,1,21,21,14,188,,,,,,,BU0190,,,,,,,,,,,,,,,Y,Y,N,5,6,N,SAT,,,,,,,,,,,,,,,,,,,,,,,,,,,,,,,,,,,,,,,,,,,,,,,,,,,,,,,,0,0,0,4,2,0,0,,,,
13258839,N,N,N,N,N,N,N,5/3/2013,5:30 PM,2013-2468,2013-2468,220,23,N,Y,32.9,-97.543,4,730,,1,600,,BOYD,RD,N,N,35,N,N,,N,3,199,,,400,,NORTH WEST,,,,,,,,11,1,0,3,1,1,20,5:35 PM,IN PERSON,5:35 PM,5/3/2013,Y,TX2200200,76,,,35,8,2,3,34,64,13,1,3,1,32,21,220,23,32.90283567,-97.54356707,FM,730,,42.002,FM0730,,312,5,6.28,264,0.28,,,,,,,,,Y,Y,N,5,5,Y,FRI,2,0,12,12,0,3,4,130,86,62,4,1,1,2,12,5,2,12,5,0,0,4,16,20318,2014,20318,7.5,14,21.6,,,,,,,,,,,,,,,,,,,,,,,,,,,0,0,0,5,0,0,0,282,,,
13258900,N,N,N,N,N,N,N,4/2/2013,5:45 AM,13-0087/13-003708,13-04-0076,108,121,N,Y,,,19,,,1,1200,S,D SALINAS,,N,N,35,N,N,,N,19,,,1,1900,,STITES,,,,,,,,2,2,0,1,1,2,11,5:29 AM,RADIO,5:33 AM,4/2/2013,Y,TX1080200,1213,1,81,106,8,4,4,1,31,54,1,3,2,21,21,108,121,26.1556301,-98.04534964,FM,493,,23.495,FM0493,1274,863,1,23.948,728,-0.569,,,,,,,,,Y,Y,N,3,5,Y,TUE,2,0,8,8,0,2,2,80,40,24,4,0,0,2,8,5,2,8,5,0,0,4,16,9401,2014,9401,2.4,2.9,5.3,,,,,,,,,,,,,,,,,,,,,,,,,,,0,0,1,0,0,1,0,230,,,
13258903,N,N,N,N,N,N,N,5/6/2013,6:40 PM,13-31566,,105,383,N,Y,,,19,,,1,100,W,WONDER WORLD,,N,N,45,N,N,,N,19,,,,1900,,HUNTER,RD,,,,,,,11,1,4,3,1,1,5,6:40 PM,DISPATCH,6:40 PM,5/6/2013,Y,TX1050100,2084,,,116,8,2,2,22,64,42,1,3,1,21,21,105,383,29.8655781,-97.96323721,RM,12,,36.42,RM0012,100,3379,1,9.965,476,-0.035,FM,2439,,FM2439,,,,,Y,Y,N,5,7,Y,MON,2,0,4,4,0,8,4,100,56,48,3,0,0,2,4,5,2,4,5,0,0,3,14,23671,2014,23671,2.2,3.8,6,,,,,,,,,,,,,,,,,,,,,,,,,,,0,0,0,3,0,0,0,90,,,
13259183,N,N,N,N,N,N,Y,4/10/2013,8:19 AM,13-0060,,2,13,N,Y,,,19,,,1,1200,NE,4TH,PL,N,N,20,N,N,,N,19,,,1,400,NE,AVE K,,,,,,,,12,1,0,,1,1,1,8:15 AM,DISPATCHED,8:16 AM,4/10/2013,Y,TX0020100,40,202,26,41,8,4,4,1,64,7,1,5,1,21,21,2,13,32.32975458,-102.5551212,,,,,NW 4TH ST,1200,,,,,,,,,,,,,,Y,N,N,5,5,Y,WED,,,,,,,,,,,,,,,,,,,,,,,,,,,,,,,,,,,,,,,,,,,,,,,,,,,,,,,,0,0,0,2,0,0,0,,,,
13259206,N,N,N,N,N,N,N,4/28/2013,8:50 PM,1307416,,95,335,N,Y,,,19,,,1,3200,W,4TH,ST,N,N,30,N,N,ROADWAY,N,,,,,,,NOT REPORTED,,15,F,W,400,ENNIS,,11,3,2,,1,1,8,8:50 PM,,8:56 PM,4/28/2013,Y,950400,1937,,41,234,8,2,4,20,64,3,1,5,1,21,21,95,335,34.18281422,-101.7417713,,,,,W 4TH ST,3200,,,,,,,,,,,,,,Y,N,N,5,5,Y,SUN,,,,,,,,,,,,,,,,,,,,,,,,,,,,,,,,,,,,,,,,,,,,,,,,,,,,,,,,0,0,0,2,0,0,0,,,,
13259220,N,N,N,N,N,N,N,4/26/2013,11:46 AM,2013040741,,253,1818,Y,Y,26.86456,-99.252,2,83,,1,,,NOT REPORTED,,N,N,45,N,N,,N,19,,,,,,N SIESTA,LN,,,,,,,12,1,0,3,5,1,20,11:46 AM,VIA RADIO,11:48 PM,4/26/2013,N,TX2530000,2465,,,,8,2,1,10,4,54,1,2,1,21,21,253,1818,26.86444506,-99.25190686,US,83,,740.533,US0083,3033,38,4,34.201,770,0.216,,,,SIESTA LN,,,,,Y,Y,Y,3,0,Y,FRI,2,0,2,2,0,2,4,130,64,60,4,0,0,2,2,5,2,2,5,0,0,2,14,3413,2014,3413,3.9,16.7,20.6,1,599,2,1,0,,,,,,,,,,,,,,,,,,,,,,0,0,1,1,0,1,0,,,,
13259510,N,N,N,N,N,N,N,4/25/2013,9:15 PM,0050630613V,,101,208,N,Y,,,1,10,,1,2700,E,EAST,FWY,N,N,60,N,N,CONCRETE,N,2,59,,,,S,SOUTHWEST,FWY,,,,,,,11,4,0,2,1,1,20,9:15 PM,HOUSTON ISD DISPATCH,9:20 PM,5/9/2013,Y,TXHPD0000,2469,16,124,113,8,2,4,20,64,9,1,1,1,21,21,101,208,29.76934289,-95.34347289,IH,10,,769.019,IH0010,,508,1,0.953,770,0.36,,,,,,,,,Y,Y,N,1,9,Y,THU,5,0,0,10,28,9,6,200,96,76,6,1,0,1,8,0,2,10,5,2,20,4,11,144314,2014,144314,2.8,3.6,6.4,1,24,1,,0,,,,,,,,,,,,,,,,,,,,,,1,0,0,1,0,1,0,15,,,
13259606,N,Y,N,N,N,N,N,5/7/2013,11:42 AM,13-44433,,220,156,N,Y,32.74481,-97.32798,1,35,,1,100,,WEST,FWY,N,N,60,N,N,,N,1,35,,,,,NOT REPORTED,,,,,,,,11,1,0,2,1,1,11,11:50 AM,DISPATCHED,11:54 AM,5/7/2013,N,TX2201200,1318,885,3,120,8,2,4,21,64,9,1,1,1,21,21,220,156,32.7456015,-97.32255803,IH,30,,14.915,IH0030,,1068,1,23.688,15,0.052,,,,,,,,,Y,Y,N,5,9,Y,TUE,5,0,4,8,10,9,6,240,96,72,5,0,0,2,8,5,2,16,5,2,2,4,11,129911,2014,129911,2.4,12,14.4,,,,,,,,,,,,,,,,,,,,,,,,,,,0,0,0,1,1,0,0,282,,,
13259665,N,N,N,N,N,N,N,5/8/2013,2:45 PM,SAPD13097284,2270,15,379,N,Y,,,19,,,1,100,E,ELMIRA,ST,N,N,35,N,N,,Y,19,,,1,900,N,MAIN,AVE,,,,,,,11,1,0,2,1,1,5,2:56 PM,DISPATCH,2:58 PM,5/8/2013,Y,TXSPD0000,2473,,3,122,8,2,1,24,64,54,1,1,1,21,21,15,379,29.43590145,-98.49404288,IH,35,,156.337,IH0035,,17,10,23.273,157,-0.153,,,,N MAIN AVE,,,,,Y,Y,N,5,9,Y,WED,5,0,3,6,8,9,8,230,155,96,5,0,0,2,25,5,2,34,5,2,3,4,11,153599,2014,153599,3.4,11.2,14.6,,,,,,,,,,,,,,,,,,,,,,,,,,,0,0,0,4,0,0,0,28,,,
13259833,N,N,N,N,N,N,N,5/1/2013,5:40 AM,13m000237,,170,1735,Y,Y,,,1,45,,2,17000,,NOT REPORTED,,N,N,45,N,N,,N,19,,,,17000,,ST LUKES,WAY,,,,,,,11,3,0,2,1,1,20,3:44 PM,DISPATCHED,3:46 PM,5/1/2013,Y,TX1701200,2121,,,35,8,2,4,22,64,10,2,1,1,21,21,170,1735,30.19946182,-95.45504568,IH,45,,79.053,IH0045,,110,4,6.279,79,-0.012,,,,,,,,,Y,Y,Y,5,0,Y,WED,5,0,10,10,30,2,8,321,140,96,5,0,0,2,20,5,2,20,5,2,10,4,11,147113,2014,147113,5.5,4.6,10.1,,,,,,,,,,,,,,,,,,,,,,,,,,,0,0,0,2,0,0,0,15,,,
13259891,N,N,N,N,N,N,N,5/8/2013,5:10 AM,13--44709,,220,156,N,Y,32.97457,-97.30862,1,35,,1,13500,,NORTH,FWY,N,N,45,N,N,,N,19,,,,2400,,LEGACY CROSSING,RD,,,,,,,12,3,0,2,1,1,1,5:14 AM,DISPATCH,5:28 AM,5/8/2013,Y,TX2201200,1318,885,29,120,8,2,4,22,64,10,1,1,1,21,21,220,156,32.97453786,-97.30847798,IH,35,W,66.707,IH0035W,,81,12,5.785,67,-0.407,,,,,,,,,Y,Y,N,1,9,Y,WED,5,0,4,10,48,3,4,350,76,48,5,0,1,2,8,5,2,20,5,3,40,4,11,45304,2014,45304,3.2,11.8,15.1,,,,,,,,,,,,,,,,,,,,,,,,,,,1,1,0,1,0,2,0,282,,,
13259909,N,N,N,N,N,N,N,4/21/2013,12:29 PM,,,61,1626,Y,Y,33.32498,-97.14896,15,,,1,,,RECTOR,RD,N,N,30,N,N,,N,15,,,,,,NICHOLSON,RD,,,,,,,11,1,0,,1,1,1,12:54 PM,DENTON CO. S.O.,1:15 PM,4/21/2013,Y,,10000,3,118,1,8,10,2,3,1,54,1,4,2,21,21,61,1626,33.32432526,-97.14897848,,,,,RECTOR RD,11141,,,,,,,,,NICHOLSON RD,,,,,Y,N,Y,5,0,Y,SUN,,,,,,,,,,,,,,,,,,,,,,,,,,,,,,,,,,,,,,,,,,,,,,,,,,,,,,,,0,0,0,1,0,0,0,282,,,
13260082,N,N,N,N,N,N,N,4/29/2013,3:30 AM,0052185513W,FSGI,101,208,N,Y,,,19,,,1,8300,,CINNAMON,LN,N,N,35,N,N,,N,19,,,,10500,,BEECHNUT,,,,,,,,12,3,0,,1,1,20,3:39 AM,DISPATCH,3:43 AM,5/5/2013,Y,TXHPD0000,2469,16,128,39,8,4,4,1,64,54,1,5,1,21,21,101,208,29.68911807,-95.56557304,,,,,CINNAMON LN,8302,,,,,,,,,,,,,,Y,N,N,0,9,Y,MON,,,,,,,,,,,,,,,,,,,,,,,,,,,,,,,,,,,,,,,,,,,,,,,,,,,,,,,,0,0,0,0,1,0,0,15,,,
13260138,N,N,N,N,N,N,N,5/9/2013,5:58 AM,2013-1848,,50,95,N,N,,,19,,,1,200,W,REAGAN,AVE,N,N,30,N,N,,N,19,,,,700,,HACKBERRY,ST,,,,,,,11,3,0,,1,1,1,5:58 AM,DISPATCHED,6:00 AM,5/9/2013,N,TX0500100,1112,,,35,8,4,3,4,64,14,1,5,1,32,21,50,95,31.12970107,-97.90003284,,,,,W REAGAN AVE,219,,,,,,,,,,,,,,N,N,N,0,6,Y,THU,,,,,,,,,,,,,,,,,,,,,,,,,,,,,,,,,,,,,,,,,,,,,,,,,,,,,,,,0,0,0,0,1,0,0,277,,,
13260208,N,N,N,N,N,Y,N,5/9/2013,4:14 PM,13-11176,,212,434,N,Y,,,11,323,,1,1900,,LOOP 323,,N,N,45,N,N,E SE,N,3,110,,,3600,,TROUP,HWY,,,,,,,12,1,0,2,2,2,20,4:15 PM,DISPATCH,4:20 PM,5/16/2013,N,TX2120400,2316,,,170,8,2,4,22,64,42,1,2,1,21,21,212,434,32.31054166,-95.27459164,SL,323,,6.195,SL0323,2140,2075,2,1.697,680,0.124,,,,,,,,,Y,Y,N,5,8,Y,THU,3,0,2,0,20,2,6,198,80,72,4,2,2,2,4,5,1,0,0,1,16,3,14,37832,2014,37832,3,17.3,20.3,,,,,,,,,,,,,,,,,,,,,,,,,,,0,0,0,9,0,0,0,213,,,