Crash_ID,Crash_Fatal_Fl,Cmv_Involv_Fl,Schl_Bus_Fl,Rr_Relat_Fl,Medical_Advisory_Fl,Amend_Supp_Fl,Active_School_Zone_Fl,Crash_Date,Crash_Time,Case_ID,Local_Use,Rpt_CRIS_Cnty_ID,Rpt_City_ID,Rpt_Outside_City_Limit_Fl,Thousand_Damage_Fl,Rpt_Latitude,Rpt_Longitude,Rpt_Rdwy_Sys_ID,Rpt_Hwy_Num,Rpt_Hwy_Sfx,Rpt_Road_Part_ID,Rpt_Block_Num,Rpt_Street_Pfx,Rpt_Street_Name,Rpt_Street_Sfx,Private_Dr_Fl,Toll_Road_Fl,Crash_Speed_Limit,Road_Constr_Zone_Fl,Road_Constr_Zone_Wrkr_Fl,Rpt_Street_Desc,At_Intrsct_Fl,Rpt_Sec_Rdwy_Sys_ID,Rpt_Sec_Hwy_Num,Rpt_Sec_Hwy_Sfx,Rpt_Sec_Road_Part_ID,Rpt_Sec_Block_Num,Rpt_Sec_Street_Pfx,Rpt_Sec_Street_Name,Rpt_Sec_Street_Sfx,Rpt_Ref_Mark_Offset_Amt,Rpt_Ref_Mark_Dist_Uom,Rpt_Ref_Mark_Dir,Rpt_Ref_Mark_Nbr,Rpt_Sec_Street_Desc,Rpt_CrossingNumber,Wthr_Cond_ID,Light_Cond_ID,Entr_Road_ID,Road_Type_ID,Road_Algn_ID,Surf_Cond_ID,Traffic_Cntl_ID,Investigat_Notify_Time,Investigat_Notify_Meth,Investigat_Arrv_Time,Report_Date,Investigat_Comp_Fl,ORI_Number,Investigat_Agency_ID,Investigat_Area_ID,Investigat_District_ID,Investigat_Region_ID,Bridge_Detail_ID,Harm_Evnt_ID,Intrsct_Relat_ID,FHE_Collsn_ID,Obj_Struck_ID,Othr_Factr_ID,Road_Part_Adj_ID,Road_Cls_ID,Road_Relat_ID,Phys_Featr_1_ID,Phys_Featr_2_ID,Cnty_ID,City_ID,Latitude,Longitude,Hwy_Sys,Hwy_Nbr,Hwy_Sfx,Dfo,Street_Name,Street_Nbr,Control,Section,Milepoint,Ref_Mark_Nbr,Ref_Mark_Displ,Hwy_Sys_2,Hwy_Nbr_2,Hwy_Sfx_2,Street_Name_2,Street_Nbr_2,Control_2,Section_2,Milepoint_2,Txdot_Rptable_Fl,Onsys_Fl,Rural_Fl,Crash_Sev_ID,Pop_Group_ID,Located_Fl,Day_of_Week,Hwy_Dsgn_Lane_ID,Hwy_Dsgn_Hrt_ID,Hp_Shldr_Left,Hp_Shldr_Right,Hp_Median_Width,Base_Type_ID,Nbr_Of_Lane,Row_Width_Usual,Roadbed_Width,Surf_Width,Surf_Type_ID,Curb_Type_Left_ID,Curb_Type_Right_ID,Shldr_Type_Left_ID,Shldr_Width_Left,Shldr_Use_Left_ID,Shldr_Type_Right_ID,Shldr_Width_Right,Shldr_Use_Right_ID,Median_Type_ID,Median_Width,Rural_Urban_Type_ID,Func_Sys_ID,Adt_Curnt_Amt,Adt_Curnt_Year,Adt_Adj_Curnt_Amt,Pct_Single_Trk_Adt,Pct_Combo_Trk_Adt,Trk_Aadt_Pct,Curve_Type_ID,Curve_Lngth,Cd_Degr,Delta_Left_Right_ID,Dd_Degr,Feature_Crossed,Structure_Number,I_R_Min_Vert_Clear,Approach_Width,Bridge_Median_ID,Bridge_Loading_Type_ID,Bridge_Loading_In_1000_Lbs,Bridge_Srvc_Type_On_ID,Bridge_Srvc_Type_Under_ID,Culvert_Type_ID,Roadway_Width,Deck_Width,Bridge_Dir_Of_Traffic_ID,Bridge_Rte_Struct_Func_ID,Bridge_IR_Struct_Func_ID,CrossingNumber,RRCo,Poscrossing_ID,WDCode_ID,Standstop,Yield,Incap_Injry_Cnt,Nonincap_Injry_Cnt,Poss_Injry_Cnt,Non_Injry_Cnt,Unkn_Injry_Cnt,Tot_Injry_Cnt,Death_Cnt,MPO_ID,Investigat_Service_ID,Investigat_DA_ID,Investigator_Narrative
13260291,N,N,N,N,N,N,N,4/21/2013,2:38 AM,13-06005,,146,1711,Y,Y,,,15,2212,,1,,E,CR 2212,HWY,N,N,30,N,N,2 LANE NON DIVIDED,N,4,2518,,1,,,FM 2518,HWY,,,,,2 LANE DIVIDED LOCAL RD,,11,3,0,,1,1,3,2:43 AM,DISPATCH,2:52 AM,4/21/2013,Y,146,1662,,,27,8,7,4,1,20,3,1,4,2,21,21,146,1711,30.36636466,-94.97750178,,,,,COUNTY ROAD 2212,510,,,,,,,,,,,,,,Y,N,Y,2,0,Y,SUN,,,,,,,,,,,,,,,,,,,,,,,,,,,,,,,,,,,,,,,,,,,,,,,,,,,,,,,,0,2,0,0,0,2,0,15,,,
13260528,N,N,N,N,N,N,N,4/18/2013,8:11 AM,1300009930,,220,456,N,Y,,,14,341,,4,1700,S,341,,N,N,45,N,N,LEVEL ROADWAY,N,3,183,,3,900,,183,HWY,,,,,LEVEL ROADWAY,,2,1,98,2,4,2,1,8:11 AM,DISPATCHED,8:25 AM,4/19/2013,Y,TX2202900,2419,4,385,59,8,2,2,20,64,46,4,2,1,21,21,220,156,32.74107665,-97.44092566,SH,183,,5.543,SH0183,,94,5,1.598,558,-1.004,IH,30,,IH0030,,,,,Y,Y,N,5,9,Y,THU,3,0,8,8,18,9,4,171,79,46,6,0,0,2,16,5,2,16,5,2,2,4,14,23847,2014,23847,3.6,5,8.5,1,388,2,2,41,,,,,,,,,,,,,,,,,,,,,,0,0,0,2,0,0,0,282,,,
13260553,N,N,N,N,N,N,N,4/29/2013,8:43 PM,C1303127,,178,97,N,Y,,,1,37,,1,8700,,NOT REPORTED,FWY,N,N,75,N,N,,N,19,,,1,2100,N,CLARKWOOD,RD,,,,,,,2,3,0,2,4,3,20,8:43 PM,DISPATCHED,8:50 PM,4/29/2013,Y,TX1780200,1115,,,51,8,2,4,21,64,1,1,1,1,21,21,178,97,27.83429479,-97.547289,IH,37,,9.644,IH0037,,74,6,9.828,10,-0.096,,,,,,,,,Y,Y,N,5,9,Y,MON,5,0,15,10,27,2,6,375,117,72,4,0,0,2,25,5,2,20,5,2,2,4,11,64247,2014,64247,7.1,9.2,16.3,,,,,,,,,,,,,,,,,,,,,,,,,,,0,0,0,6,0,0,0,96,,,
13260613,N,N,N,N,N,N,N,4/27/2013,12:10 PM,13-041801,,243,459,N,Y,33.86306,-98.57042,19,,,1,4500,,CYPRESS,AVE,N,N,30,N,N,,Y,19,,,1,4600,,RAIDER,DR,,,,,,,11,1,2,,1,1,8,12:16 PM,DISPATCH,12:20 PM,4/27/2013,Y,TX2430500,2426,,,,8,2,2,22,64,3,1,5,1,14,21,243,459,33.86304413,-98.57049205,,,,,CYPRESS AVE,,,,,,,,,,RAIDER DR,,,,,Y,N,N,5,8,Y,SAT,,,,,,,,,,,,,,,,,,,,,,,,,,,,,,,,,,,,,,,,,,,,,,,,,,,,,,,,0,0,0,4,0,0,0,151,,,
13260652,N,N,N,N,N,N,N,4/18/2013,6:20 AM,,,205,1770,Y,Y,28.12377,-97.44155,2,77,,1,,,NOT REPORTED,,N,N,75,N,N,,N,,,,,,,NOT REPORTED,,0.6,M,S,638,,,11,2,0,2,1,1,1,7:14 AM,MOTORIST CONTACTED O,7:17 AM,4/19/2013,Y,,10000,12,112,1,8,7,4,1,39,29,1,2,4,21,21,205,1770,28.12475836,-97.44001753,US,77,,398.373,US0077,,371,4,1.646,638,0.6,,,,NOT REPORTED,,,,,Y,Y,Y,5,0,Y,THU,3,0,4,8,79,2,4,240,76,48,4,0,0,2,14,5,2,12,5,,65,1,2,11553,2014,11553,7.2,28.1,35.3,1,323,0,,0,,,,,,,,,,,,,,,,,,,,,,0,0,0,1,0,0,0,,,,
13260699,N,N,N,N,N,Y,N,4/9/2013,10:28 AM,13-00018,,107,183,N,Y,,,3,334,,1,735,W,MAIN,,N,N,45,N,N,,N,19,,,1,100,,WELCH,LN,,,,,,,11,1,2,,2,1,1,10:28 AM,RADIO,10:30 AM,5/2/2013,Y,TX1070700,1397,155,2,3,8,2,3,10,64,14,1,2,1,32,21,107,183,,,SH,334,,,SH0334,,,,,,,,,,,,,,,Y,Y,N,3,4,N,TUE,,,,,,,,,,,,,,,,,,,,,,,,,,,,,,,,,,,,,,,,,,,,,,,,,,,,,,,,0,0,2,0,0,2,0,,,,
13260851,N,N,N,N,N,N,N,4/14/2013,6:55 PM,,13-066,205,216,N,N,,,3,361,,1,,,NOT REPORTED,,N,N,30,N,N,,N,4,1069,,,,,NOT REPORTED,,,,,,,,11,1,0,3,1,1,11,6:47 PM,DISPATCHED,6:48 PM,4/14/2013,Y,TX2050100,1511,,,,8,2,2,22,64,38,1,2,1,21,21,205,216,27.88137605,-97.20926463,SH,361,,5.041,SH0361,2594,180,10,5.074,608,-0.937,FM,1069,,FM1069,,,,,N,Y,N,5,4,Y,SUN,2,0,0,0,0,2,4,100,62,62,4,2,2,1,0,0,1,0,0,0,0,2,16,15148,2014,15148,9.1,12,21.1,,,,,,,,,,,,,,,,,,,,,,,,,,,0,0,0,3,0,0,0,,,,
13261038,N,Y,N,N,N,N,N,5/1/2013,8:05 AM,13-004375,,20,326,N,Y,,,3,35,,1,1919,,MAIN,ST,Y,N,0,N,N,WALMART PUBLIC PARKING LOT,N,19,,,1,3900,E,ORANGE,ST,,,,,,,11,1,0,,1,1,1,8:09 AM,DISPATCH,8:14 AM,5/1/2013,Y,TX0201000,1917,,,,8,4,4,4,64,54,7,9,5,33,21,20,326,,,SH,35,,,SH0035,,,,,,,,,,,,,,,N,Y,N,5,7,N,WED,,,,,,,,,,,,,,,,,,,,,,,,,,,,,,,,,,,,,,,,,,,,,,,,,,,,,,,,0,0,0,1,0,0,0,,,,
13261149,N,N,N,N,N,N,N,5/10/2013,7:05 AM,SAPD13098605,3240,15,379,N,Y,,,19,,,1,13900,,NACOGDOCHES,RD,N,N,40,N,N,LOCAL ROAD,N,19,,,,13000,,OCONNOR,RD,,,,,LR,,2,1,0,3,2,2,11,7:09 AM,DISPATCHED,7:19 AM,5/10/2013,Y,txsdp0001,2473,,29,131,8,2,4,20,64,54,1,3,1,21,21,15,379,29.56780122,-98.38553862,FM,2252,,10.02,FM2252,13961,1433,1,14.442,494,0.526,,,,,,,,,Y,Y,N,5,9,Y,FRI,2,0,0,0,0,2,4,100,60,60,4,1,1,1,0,0,1,0,0,0,0,4,14,26463,2014,26463,1.2,0.4,1.6,,,,,,,,,,,,,,,,,,,,,,,,,,,0,0,0,2,0,0,0,28,,,
13261263,N,N,N,N,N,N,N,5/4/2013,4:28 PM,13050577,,31,53,N,N,,,4,802,,1,800,,RUBEN M TORRES,BLVD,N,N,45,Y,N,,N,19,,,,3200,,CENTRAL,BLVD,,,,,,,11,1,0,3,1,1,20,4:31 PM,DISPATCH,4:32 PM,5/4/2013,Y,TX0310100,172,,211,27,8,2,2,22,64,49,1,3,1,21,21,31,53,25.95089313,-97.51598421,FM,802,,1.557,FM0802,,1140,1,6.55,560,-0.505,,,,COUNTRY CLUB RD,,,,,Y,Y,N,3,8,Y,SAT,2,0,8,8,0,2,4,120,80,60,4,2,2,2,8,3,2,8,3,0,0,4,14,17646,2014,17646,4.2,13.4,17.6,,,,,,,,,,,,,,,,,,,,,,,,,,,0,0,1,2,0,1,0,248,,,
13261298,N,N,N,N,N,N,N,5/7/2013,7:59 AM,,,165,1730,Y,Y,31.75397,-102.17072,4,1788,,1,,,NOT REPORTED,,N,N,70,N,N,,N,,,,,,,NOT REPORTED,,1.3,M,S,338,,,11,1,0,1,1,1,1,8:04 AM,DPS COMMUNICATIONS,8:22 AM,5/8/2013,Y,TXDOT1800,10000,46,32,1,8,10,4,1,1,54,1,3,2,21,21,165,1730,31.75250789,-102.1647309,FM,1788,,72.367,FM1788,,1718,1,24.212,338,1.3,,,,NOT REPORTED,,,,,Y,Y,Y,2,0,Y,TUE,2,0,2,2,0,1,2,100,28,24,2,0,0,2,2,5,2,2,5,0,0,1,7,4865,2014,4865,5.3,34.1,39.4,1,49,0,,0,,,,,,,,,,,,,,,,,,,,,,0,1,0,0,0,1,0,,,,
13261314,N,N,N,N,N,N,N,5/10/2013,9:00 AM,SAPD13098666,7270,15,379,N,N,,,19,,,1,6800,,BLANCO,RD,N,N,35,N,N,BLANCO RD,N,19,,,,0,W,RECTOR,DR,,,,,W. RECTOR DR,,12,1,0,,2,2,20,9:11 AM,DISPATCHER,9:18 AM,5/10/2013,Y,TXSPD0000,2473,,61,123,8,1,3,3,64,14,1,5,1,32,21,15,379,29.51811202,-98.50679231,,,,,BLANCO RD,6724,,,,,,,,,,,,,,Y,N,N,2,9,Y,FRI,,,,,,,,,,,,,,,,,,,,,,,,,,,,,,,,,,,,,,,,,,,,,,,,,,,,,,,,0,1,0,1,0,1,0,28,,,
13261321,N,N,N,N,N,Y,N,5/9/2013,10:43 PM,13051278,,31,53,N,Y,,,19,,,1,1200,,LA POSADA,DR,N,N,25,N,N,,N,19,,,,1100,,DUKIE,ST,,,,,,,11,3,0,,1,1,20,10:45 PM,RADIO,10:56 PM,5/16/2013,Y,TX0310100,172,,125,65,8,4,4,1,64,54,1,5,1,21,21,31,53,25.88813871,-97.44829573,,,,,LA POSADA DR,1272,,,,,,,,,,,,,,Y,N,N,0,8,Y,THU,,,,,,,,,,,,,,,,,,,,,,,,,,,,,,,,,,,,,,,,,,,,,,,,,,,,,,,,0,0,0,0,1,0,0,248,,,
13261394,N,N,N,N,N,N,N,4/27/2013,6:20 PM,,,42,1607,Y,Y,32.07328,-99.19795,3,206,,1,,,NOT REPORTED,,N,N,70,N,N,,N,15,188,,,,,NOT REPORTED,,,,,,,,11,1,0,1,3,1,12,6:35 PM,DISPATCHED,6:50 PM,5/4/2013,Y,,10000,1,1,1,8,7,4,1,33,33,1,2,2,21,21,42,1607,32.07193708,-99.19964276,SH,206,,27.126,SH0206,253,2638,5,0.299,324,0.297,,,,,,,,,Y,Y,Y,5,0,Y,SAT,2,0,6,6,0,2,2,120,36,24,2,0,0,2,6,5,2,6,5,0,0,1,6,1112,2014,1112,4.5,19.7,24.2,,,,,,,,,,,,,,,,,,,,,,,,,,,0,0,0,1,0,0,0,,,,
13261457,N,N,N,N,N,N,N,5/5/2013,5:24 PM,P131250433,,79,1644,Y,Y,,,2,59,,1,24000,,NOT REPORTED,,N,N,60,N,N,4 LANE DIVIDED ROADWAY,N,4,762,,,3800,,THOMPSON,HWY,,,,,4 LANE UNDIVIDED ROADWAY,,11,1,0,,1,1,20,5:31 PM,DISPATCHED,5:43 PM,5/10/2013,Y,TX0790000,1312,,,35,8,2,4,20,64,42,1,2,1,21,21,79,1644,,,US,59,,,US0059,,,,,,,,,,,,,,,Y,Y,Y,2,0,N,SUN,,,,,,,,,,,,,,,,,,,,,,,,,,,,,,,,,,,,,,,,,,,,,,,,,,,,,,,,0,1,0,1,1,1,0,,,,
13261604,N,N,N,N,N,N,N,4/27/2013,8:39 PM,0051591313I,FSGI,101,208,N,Y,,,1,45,,1,2400,N,NORTH,FWY,N,N,60,N,N,CONCRETE,N,19,,,,300,,COTTAGE,ST,,,,,,,2,6,0,,2,2,20,8:41 PM,DISPATCHED,8:44 PM,4/27/2013,Y,TXHPD0000,2469,24,121,33,8,2,4,20,64,54,1,1,1,21,21,101,208,,,IH,45,,,IH0045,,,,,,,,,,,,,,,Y,Y,N,5,9,N,SAT,,,,,,,,,,,,,,,,,,,,,,,,,,,,,,,,,,,,,,,,,,,,,,,,,,,,,,,,0,0,0,1,1,0,0,,,,
13261767,N,N,N,N,N,N,N,5/10/2013,8:03 PM,1300012185,,3,272,N,Y,,,19,,,1,700,,CAIN,ST,N,N,30,N,N,,Y,19,,,1,700,,NORTH,ST,,,,,,,12,4,4,,1,1,8,8:03 PM,DISPATCH,8:10 PM,5/10/2013,Y,TX0030400,1708,17,53,166,8,2,1,14,64,54,1,5,1,21,21,3,272,31.35367445,-94.73317318,,,,,CAIN ST,1508,,,,,,,,,NORTH AVE,,,,,Y,N,N,5,6,Y,FRI,,,,,,,,,,,,,,,,,,,,,,,,,,,,,,,,,,,,,,,,,,,,,,,,,,,,,,,,0,0,0,4,0,0,0,,,,
13261933,N,N,N,N,N,N,N,5/11/2013,9:31 AM,SAPD13099599,6260,15,379,N,Y,,,19,,,1,100,SW,MILITARY,,N,N,35,N,N,,N,19,,,,7200,,BRIAIR,PL,,,,,,,11,1,0,2,1,1,1,9:31 AM,DISPATCHED,9:32 AM,5/11/2013,Y,TXSPD0000,2473,,11,175,8,7,4,1,39,35,1,2,4,21,21,15,379,29.35671389,-98.49313286,SL,13,,9.654,SL0013,197,521,2,4.057,494,-0.377,,,,,,,,,Y,Y,N,5,9,Y,SAT,3,0,0,0,1,9,6,100,70,70,6,0,0,1,0,0,1,0,0,3,1,4,14,25586,2014,25586,2.4,4.7,7,1,216,2,,0,,,,,,,,,,,,,,,,,,,,,,0,0,0,2,0,0,0,28,,,
13261942,N,N,N,N,N,N,N,5/11/2013,7:10 AM,SAPD13099552,3170,15,379,N,Y,,,2,281,,1,20700,N,US 281,HWY,N,N,65,N,N,,N,19,,,,100,E,EVANS,RD,,,,,,,11,1,0,2,1,1,9,7:24 AM,DISPATCHED,7:35 AM,5/11/2013,Y,TXSPD0000,2473,,29,131,8,2,2,13,64,54,1,2,1,21,21,15,379,29.63687472,-98.45652488,US,281,,317.238,US0281,,253,4,6.884,522,-0.222,,,,EVANS RD,,,,,Y,Y,N,5,9,Y,SAT,3,0,0,0,44,2,5,200,93,79,4,0,0,1,4,0,1,10,0,3,40,4,12,87314,2014,87314,2.5,1.5,4,,,,,,,,,,,,,,,,,,,,,,,,,,,0,0,0,2,0,0,0,28,,,
13262023,N,N,N,N,N,N,N,5/10/2013,4:26 PM,SAPD13099074,7330,15,379,N,Y,,,19,,,1,6100,,DE ZAVALA,RD,N,N,45,N,N,,N,19,,,,12400,,AUTUMN VISTA,,,,,,,,11,1,0,,1,1,1,4:28 PM,DISPATCH,4:40 PM,5/10/2013,Y,TXSPD0000,2473,,61,123,8,2,4,30,64,3,1,5,1,21,21,15,379,29.56299495,-98.60604228,,,,,DE ZAVALA RD,6100,,,,,,,,,,,,,,Y,N,N,3,9,Y,FRI,,,,,,,,,,,,,,,,,,,,,,,,,,,,,,,,,,,,,,,,,,,,,,,,,,,,,,,,0,0,1,3,0,1,0,28,,,
13262027,N,N,N,N,N,N,N,5/10/2013,1:20 PM,SAPD13098914,7310,15,379,N,Y,,,19,,,1,24100,,BOERNE STAGE,RD,N,N,-1,N,N,,N,19,,,,24200,,BAYWATER STAGE,,,,,,,,11,1,0,,1,1,20,1:57 PM,DISPATCHED,2:11 PM,5/10/2013,Y,TXSPD0000,2473,,61,123,8,2,4,20,64,42,1,5,1,21,21,15,379,29.66644493,-98.62981167,,,,,BOERNE STAGE RD,,,,,,,,,,,,,,,Y,N,N,3,9,Y,FRI,,,,,,,,,,,,,,,,,,,,,,,,,,,,,,,,,,,,,,,,,,,,,,,,,,,,,,,,0,0,2,2,0,2,0,28,,,
13262710,N,N,N,N,N,N,N,5/12/2013,9:59 PM,0058720013D,,101,208,N,Y,,,1,10,,1,5400,W,KATY,FWY,N,N,60,N,N,DRY CONCRETE,N,19,,,,400,,T C JESTER,BLVD,,,,,,,11,4,0,,1,1,20,10:07 PM,DISPATCH,10:07 PM,5/12/2013,Y,TXHPD0000,2469,14,121,33,8,2,4,22,64,45,1,1,1,21,21,101,208,,,IH,10,,,IH0010,,,,,,,,,,,,,,,Y,Y,N,2,9,N,SUN,,,,,,,,,,,,,,,,,,,,,,,,,,,,,,,,,,,,,,,,,,,,,,,,,,,,,,,,0,1,0,3,0,1,0,,,,
13262733,N,N,N,N,N,N,N,5/12/2013,8:03 AM,13-10861,1 UNIT 1 FIXED OBJ,57,218,N,Y,,,19,,,1,2400,W,NORTHGATE,DR,N,N,35,N,N,,N,19,,,,3600,N,COUNTRY CLUB,DR,,,,,,,11,1,0,,2,1,11,8:03 AM,DISPATCHED,8:04 AM,5/12/2013,N,TX0571500,1518,,,33,8,7,4,1,32,54,1,5,4,21,21,57,218,32.8552905,-96.97718729,,,,,W NORTHGATE DR,,,,,,,,,,,,,,,Y,N,N,5,8,Y,SUN,,,,,,,,,,,,,,,,,,,,,,,,,,,,,,,,,,,,,,,,,,,,,,,,,,,,,,,,0,0,0,1,0,0,0,282,,,
13262882,N,N,N,N,N,N,N,5/1/2013,3:11 PM,1300030378,,220,179,N,Y,,,19,,,1,1400,S,MAIN,ST,N,N,35,Y,Y,,N,3,114,,2,100,W,NOT REPORTED,,,,,,N OF WB SERV RD,,11,1,0,,4,1,9,3:14 PM,DISPATCHED,3:18 PM,5/1/2013,Y,TX2201300,1379,,,44,8,2,2,22,64,49,2,2,1,21,21,220,179,32.92405277,-97.07838325,,,,,S MAIN ST,1492,,,,,,SH,26,,SH0026,,,,,Y,N,N,5,6,Y,WED,,,,,,,,,,,,,,,,,,,,,,,,,,,,,,,,,,,,,,,,,,,,,,,,,,,,,,,,0,0,0,2,0,0,0,282,,,
13263316,N,N,N,N,N,N,N,4/7/2013,5:45 PM,130046301,0,101,1666,Y,Y,,,19,,,7,9400,W,SAM HOUSTON N,PKWY,Y,N,0,N,N,,N,15,,,,,,WEST,RD,,,,,,,11,1,98,,1,1,1,7:34 AM,DISPATCHED,8:01 AM,4/8/2013,N,TX1010000,1419,2,4,5,8,7,4,1,33,54,7,9,5,1,21,101,1666,,,,,,,W SAM HOUSTON N PKWY,,,,,,,,,,,,,,,N,N,Y,5,0,N,SUN,,,,,,,,,,,,,,,,,,,,,,,,,,,,,,,,,,,,,,,,,,,,,,,,,,,,,,,,0,0,0,1,0,0,0,,,,
13263365,N,N,N,N,N,N,N,3/17/2013,8:58 PM,B131873,1309137,130,41,N,Y,,,19,,,1,100,,OLD SAN ANTONIO,RD,N,N,35,N,N,,N,19,,,1,100,,INDUSTRIAL,DR,,,,,,,11,3,0,,1,1,20,8:58 PM,911,9:00 PM,3/18/2013,Y,TX1300100,135,,253,65,8,7,4,1,32,29,1,5,2,21,21,130,1695,29.76380378,-98.70944606,,,,,OLD SAN ANTONIO RD,128,,,,,,,,,,,,,,Y,N,Y,5,0,Y,SUN,,,,,,,,,,,,,,,,,,,,,,,,,,,,,,,,,,,,,,,,,,,,,,,,,,,,,,,,0,0,0,1,0,0,0,28,,,
13263380,N,N,N,N,N,N,N,4/13/2013,1:56 PM,13-003020,,84,428,N,Y,,,11,197,,1,3411,N,LOOP 197,,N,N,45,N,N,13-003053,Y,19,,,1,2445,N,34TH,ST,,,,,,,11,1,2,3,1,1,8,1:57 PM,RADIO,2:03 PM,4/15/2013,Y,TX0840900,2239,,,,8,2,1,14,64,54,1,2,1,21,21,84,428,29.40799132,-94.94828313,SL,197,,0.556,SL0197,3411,389,11,0.593,494,0.522,,,,34TH ST N,,,,,Y,Y,N,3,6,Y,SAT,2,0,0,0,0,9,4,100,52,52,5,2,2,1,0,0,1,0,0,0,0,3,14,13976,2014,13976,9.3,5.2,14.4,,,,,,,,,,,,,,,,,,,,,,,,,,,0,0,1,1,0,1,0,15,,,
13263508,N,N,N,N,N,N,N,5/13/2013,8:07 AM,130513010,,165,291,N,Y,31.97982,-102.11169,19,,,1,900,S,MIDKIFF,RD,N,N,40,N,N,,Y,7,20,,1,3600,W,WALL,ST,,,,,LOOP E,,11,1,4,2,4,1,5,8:09 AM,DISPATCHED,8:27 AM,5/13/2013,Y,TX1650100,1782,,,127,8,2,1,21,64,9,1,2,1,21,21,165,291,31.97998423,-102.1119867,BI,20,E,22.028,BI0020E,1001,5,2,12.136,318,0.48,SL,268,,SL0268,,,,,Y,Y,N,5,8,Y,MON,4,0,0,10,25,2,4,226,68,48,4,0,0,1,0,0,2,20,5,3,25,3,14,16060,2014,16060,2.3,1.2,3.4,,,,,,,,,,,,,,,,,,,,,,,,,,,0,0,0,2,0,0,0,174,,,
13263938,N,N,N,N,N,N,N,5/1/2013,8:38 PM,13-7427,,92,268,N,Y,,,14,63,,1,200,N,SPUR 63,,N,N,40,N,N,,N,2,80,,,,W,MARSHALL,AVE,,,,,,,12,3,0,3,1,2,3,8:38 PM,ON VIEW,8:38 PM,5/1/2013,Y,920500,1691,,,,8,2,4,20,64,38,1,2,1,21,21,92,268,32.49976569,-94.75086401,SS,63,,3.869,SS0063,,138,8,22.941,278,1.783,,,,,,,,,Y,Y,N,3,7,Y,WED,2,0,0,0,0,2,4,100,61,61,4,2,2,1,0,0,1,0,0,0,0,3,14,16991,2014,16991,2.9,7.1,10,,,,,,,,,,,,,,,,,,,,,,,,,,,0,0,2,1,0,2,0,361,,,
13263964,N,N,N,N,N,N,N,5/2/2013,7:40 AM,2013-9969,3012,199,369,N,N,,,1,30,,2,700,,NOT REPORTED,,N,N,45,N,N,,N,19,,,,,,MARKET CENTER,,,,,,,,2,1,0,,1,2,17,7:40 AM,POLICE DISPATCH,7:49 AM,5/2/2013,Y,TX1990100,2035,,,,8,7,4,1,31,54,2,1,2,21,21,199,369,,,IH,30,,,IH0030,,,,,,,,,,,,,,,N,Y,N,5,6,N,THU,,,,,,,,,,,,,,,,,,,,,,,,,,,,,,,,,,,,,,,,,,,,,,,,,,,,,,,,0,0,0,1,0,0,0,,,,
13264335,N,N,N,N,N,N,N,5/5/2013,7:07 PM,13-43811,,220,156,N,Y,32.87264,-97.3155,1,35,,2,7300,,NORTH FWY SR NB,,N,N,40,N,N,,Y,19,,,1,2900,,BASSWOOD,BLVD,,,,,,,11,1,2,,1,1,5,7:11 PM,DISPATCH,7:11 PM,5/5/2013,Y,TX2201200,1318,885,29,120,8,2,1,14,64,3,2,1,1,21,21,220,156,,,IH,35,,,IH0035,,,,,,,,,,BASSWOOD BLVD,,,,,Y,Y,N,1,9,N,SUN,,,,,,,,,,,,,,,,,,,,,,,,,,,,,,,,,,,,,,,,,,,,,,,,,,,,,,,,1,0,0,4,0,1,0,,,,
13264508,N,N,N,N,N,N,N,5/9/2013,4:22 PM,13-21083,,108,331,N,Y,,,4,2061,,1,6600,S,JACKSON,,Y,N,-1,N,N,,N,19,,,,1500,SW,THOMAS,,,,,,,,11,1,2,,1,1,1,4:22 PM,TWO WAY RADIO,4:25 PM,5/9/2013,Y,tx1081100,1926,,,35,8,2,4,40,64,12,7,9,5,33,21,108,331,,,FM,2061,,,FM2061,,,,,,,,,,,,,,,N,Y,N,5,7,N,THU,,,,,,,,,,,,,,,,,,,,,,,,,,,,,,,,,,,,,,,,,,,,,,,,,,,,,,,,0,0,0,5,0,0,0,,,,
13264630,N,N,N,N,N,N,N,5/3/2013,2:50 AM,,,108,1673,Y,Y,26.277,-98.149,15,,,1,,,HOEN,RD,N,N,30,N,N,,N,4,2812,,,,,NOT REPORTED,,,,,,,,11,3,0,,1,1,8,3:30 AM,DISPATCHED,3:50 AM,5/13/2013,Y,,10000,22,127,1,8,7,4,1,62,54,1,4,2,21,21,108,1673,,,,,,,HOEN RD,,,,,,,,,,,,,,,Y,N,Y,3,0,N,FRI,,,,,,,,,,,,,,,,,,,,,,,,,,,,,,,,,,,,,,,,,,,,,,,,,,,,,,,,0,0,1,0,0,1,0,,,,
13264648,N,N,N,N,N,N,N,5/13/2013,1:58 PM,SAPD13101236,7290,15,379,N,N,,,19,,,1,1300,,VANCE JACKSON,,N,N,45,N,N,SB/NB,Y,1,10,,2,,,IH 10 ACCESS,RD,,,,,EB/WB,,11,1,2,2,1,1,5,2:00 PM,DISPATCH,2:16 PM,5/13/2013,Y,TXSPD0000,2473,,61,123,8,2,2,22,64,5,2,1,1,21,21,15,379,29.48473167,-98.53499467,IH,10,,563.704,IH0010,,72,12,20.444,565,0.406,,,,VANCE JACKSON RD,,,,,Y,Y,N,2,9,Y,MON,5,0,3,10,18,9,10,450,167,132,5,1,1,2,15,5,2,20,5,,3,4,11,171290,2014,171290,1.9,2.8,4.7,,,,,,,,,,,,,,,,,,,,,,,,,,,0,1,0,2,0,1,0,28,,,