Crash_ID,Crash_Fatal_Fl,Cmv_Involv_Fl,Schl_Bus_Fl,Rr_Relat_Fl,Medical_Advisory_Fl,Amend_Supp_Fl,Active_School_Zone_Fl,Crash_Date,Crash_Time,Case_ID,Local_Use,Rpt_CRIS_Cnty_ID,Rpt_City_ID,Rpt_Outside_City_Limit_Fl,Thousand_Damage_Fl,Rpt_Latitude,Rpt_Longitude,Rpt_Rdwy_Sys_ID,Rpt_Hwy_Num,Rpt_Hwy_Sfx,Rpt_Road_Part_ID,Rpt_Block_Num,Rpt_Street_Pfx,Rpt_Street_Name,Rpt_Street_Sfx,Private_Dr_Fl,Toll_Road_Fl,Crash_Speed_Limit,Road_Constr_Zone_Fl,Road_Constr_Zone_Wrkr_Fl,Rpt_Street_Desc,At_Intrsct_Fl,Rpt_Sec_Rdwy_Sys_ID,Rpt_Sec_Hwy_Num,Rpt_Sec_Hwy_Sfx,Rpt_Sec_Road_Part_ID,Rpt_Sec_Block_Num,Rpt_Sec_Street_Pfx,Rpt_Sec_Street_Name,Rpt_Sec_Street_Sfx,Rpt_Ref_Mark_Offset_Amt,Rpt_Ref_Mark_Dist_Uom,Rpt_Ref_Mark_Dir,Rpt_Ref_Mark_Nbr,Rpt_Sec_Street_Desc,Rpt_CrossingNumber,Wthr_Cond_ID,Light_Cond_ID,Entr_Road_ID,Road_Type_ID,Road_Algn_ID,Surf_Cond_ID,Traffic_Cntl_ID,Investigat_Notify_Time,Investigat_Notify_Meth,Investigat_Arrv_Time,Report_Date,Investigat_Comp_Fl,ORI_Number,Investigat_Agency_ID,Investigat_Area_ID,Investigat_District_ID,Investigat_Region_ID,Bridge_Detail_ID,Harm_Evnt_ID,Intrsct_Relat_ID,FHE_Collsn_ID,Obj_Struck_ID,Othr_Factr_ID,Road_Part_Adj_ID,Road_Cls_ID,Road_Relat_ID,Phys_Featr_1_ID,Phys_Featr_2_ID,Cnty_ID,City_ID,Latitude,Longitude,Hwy_Sys,Hwy_Nbr,Hwy_Sfx,Dfo,Street_Name,Street_Nbr,Control,Section,Milepoint,Ref_Mark_Nbr,Ref_Mark_Displ,Hwy_Sys_2,Hwy_Nbr_2,Hwy_Sfx_2,Street_Name_2,Street_Nbr_2,Control_2,Section_2,Milepoint_2,Txdot_Rptable_Fl,Onsys_Fl,Rural_Fl,Crash_Sev_ID,Pop_Group_ID,Located_Fl,Day_of_Week,Hwy_Dsgn_Lane_ID,Hwy_Dsgn_Hrt_ID,Hp_Shldr_Left,Hp_Shldr_Right,Hp_Median_Width,Base_Type_ID,Nbr_Of_Lane,Row_Width_Usual,Roadbed_Width,Surf_Width,Surf_Type_ID,Curb_Type_Left_ID,Curb_Type_Right_ID,Shldr_Type_Left_ID,Shldr_Width_Left,Shldr_Use_Left_ID,Shldr_Type_Right_ID,Shldr_Width_Right,Shldr_Use_Right_ID,Median_Type_ID,Median_Width,Rural_Urban_Type_ID,Func_Sys_ID,Adt_Curnt_Amt,Adt_Curnt_Year,Adt_Adj_Curnt_Amt,Pct_Single_Trk_Adt,Pct_Combo_Trk_Adt,Trk_Aadt_Pct,Curve_Type_ID,Curve_Lngth,Cd_Degr,Delta_Left_Right_ID,Dd_Degr,Feature_Crossed,Structure_Number,I_R_Min_Vert_Clear,Approach_Width,Bridge_Median_ID,Bridge_Loading_Type_ID,Bridge_Loading_In_1000_Lbs,Bridge_Srvc_Type_On_ID,Bridge_Srvc_Type_Under_ID,Culvert_Type_ID,Roadway_Width,Deck_Width,Bridge_Dir_Of_Traffic_ID,Bridge_Rte_Struct_Func_ID,Bridge_IR_Struct_Func_ID,CrossingNumber,RRCo,Poscrossing_ID,WDCode_ID,Standstop,Yield,Incap_Injry_Cnt,Nonincap_Injry_Cnt,Poss_Injry_Cnt,Non_Injry_Cnt,Unkn_Injry_Cnt,Tot_Injry_Cnt,Death_Cnt,MPO_ID,Investigat_Service_ID,Investigat_DA_ID,Investigator_Narrative
13264717,N,N,N,N,N,N,N,5/4/2013,2:05 PM,SAPD13094245,4160,15,379,N,Y,,,19,,,1,300,N,NEW NRAUNFELS,,N,N,40,N,N,CLEAR AND DRY,Y,19,,,1,1500,,DAKOTA,,,,,,CLEAR AND DRY,,11,1,0,,1,1,11,2:05 PM,OBSERVED,2:06 PM,5/4/2013,Y,TXSPD0000,2473,,9,162,8,2,2,21,64,31,1,5,1,21,21,15,379,,,,,,,N NEW NRAUNFELS,,,,,,,,,,DAKOTA,,,,,Y,N,N,5,9,N,SAT,,,,,,,,,,,,,,,,,,,,,,,,,,,,,,,,,,,,,,,,,,,,,,,,,,,,,,,,0,0,0,3,0,0,0,,,,
13264737,N,N,N,N,N,N,N,5/9/2013,3:00 PM,0057111913Q,,101,208,N,Y,,,19,,,1,15900,,JOHN F KENNEDY,BLVD,N,N,50,N,N,3 LANE DIVIDED CONCRETE,N,19,,,,3700,,GREENS,RD,,,,,,,2,1,0,,1,2,20,3:00 PM,DISPATCHED,3:05 PM,5/13/2013,Y,TXHPD0000,2469,14,124,113,8,2,4,20,64,42,1,5,1,21,21,101,208,29.9486672,-95.33180309,,,,,JOHN F KENNEDY BLVD,,,,,,,,,,,,,,,Y,N,N,3,9,Y,THU,,,,,,,,,,,,,,,,,,,,,,,,,,,,,,,,,,,,,,,,,,,,,,,,,,,,,,,,0,0,1,1,0,1,0,15,,,
13264746,N,N,N,N,N,N,N,4/12/2013,9:00 PM,SAPD13077592,3130,15,379,N,Y,,,19,,,1,2400,,THOUSAND OAK,,N,N,35,N,N,"TWO WAY, FOUR LANE ROADWAY",Y,19,,,1,15600,,HENDERSON PASS,,,,,,TWO WAY TWO LANE ROADWAY,,11,1,4,,1,2,5,9:02 PM,DISPATCHED,9:12 PM,5/13/2013,N,TXSPD0000,2473,,29,131,8,2,2,22,64,38,1,5,1,21,21,15,379,29.58601494,-98.45118232,,,,,THOUSAND OAKS DR,2401,,,,,,,,,HENDERSON PASS,,,,,Y,N,N,5,9,Y,FRI,,,,,,,,,,,,,,,,,,,,,,,,,,,,,,,,,,,,,,,,,,,,,,,,,,,,,,,,0,0,0,1,1,0,0,28,,,
13264866,N,N,N,N,N,N,N,5/6/2013,2:54 AM,0055476613R,,101,208,N,Y,,,19,,,1,1000,,FEDERAL,RD,N,N,35,N,N,,N,1,10,,,,E,EAST SER N,FWY,,,,,,,11,4,0,2,1,1,5,3:06 AM,HPD DISPATCH,3:21 AM,5/6/2013,Y,TXHPD0000,2469,6,124,71,8,2,2,35,64,38,2,3,1,21,21,101,208,29.77067873,-95.21368971,FM,526,,4.789,FM0526,,980,2,3.353,468,0.611,IH,10,,IH0010,,,,,Y,Y,N,5,9,Y,MON,3,0,9,9,28,9,4,150,84,48,6,1,1,2,18,2,2,18,2,1,10,4,14,22425,2014,22425,3.9,1.4,5.2,,,,,,,,,,,,,,,,,,,,,,,,,,,0,0,0,2,0,0,0,15,,,
13264910,N,N,N,N,N,N,N,5/12/2013,2:45 AM,SAPD13100272,5180,15,379,N,Y,,,19,,,1,5400,,INDIAN PIPE,,N,N,30,N,N,,N,19,,,,8400,,RAIN DANCE,DR,,,,,,,11,3,0,,1,1,1,2:45 AM,DISPATCH,2:53 AM,5/12/2013,N,TXSPD0000,2473,,19,148,8,4,4,1,64,3,1,5,1,21,21,15,379,29.34466368,-98.60379996,,,,,INDIAN PIPE DR,5400,,,,,,,,,,,,,,Y,N,N,0,9,Y,SUN,,,,,,,,,,,,,,,,,,,,,,,,,,,,,,,,,,,,,,,,,,,,,,,,,,,,,,,,0,0,0,0,1,0,0,28,,,
13264971,N,N,N,N,N,N,N,5/13/2013,12:50 PM,13-9002,,221,2,N,Y,,,19,,,1,5100,S,7TH,,N,N,35,N,N,,Y,19,,,1,600,,ALMEDA,,,,,,,,11,1,4,,1,1,20,12:55 PM,DISPATCH,1:25 PM,5/13/2013,N,TX2210100,10,,,113,8,2,2,20,64,42,1,5,1,21,21,221,2,32.44388444,-99.78906184,,,,,S 7TH ST,5200,,,,,,,,,ALAMEDA RD,,,,,Y,N,N,5,8,Y,MON,,,,,,,,,,,,,,,,,,,,,,,,,,,,,,,,,,,,,,,,,,,,,,,,,,,,,,,,0,0,0,3,1,0,0,166,,,
13265509,N,N,N,N,N,N,N,4/16/2013,2:12 PM,130050516,0,101,208,N,N,,,12,,,1,200,N,BELTWAY 8 E,,N,N,65,N,N,EASTBOUND,N,1,45,,1,,,NORTH,FWY,,,,,,,11,1,0,,1,1,11,2:12 PM,ON VIEW,2:12 PM,4/16/2013,Y,TX1014900,2744,66,5,6,8,2,4,21,64,9,1,1,1,21,21,101,208,29.94028476,-95.40706307,,,,,BELTWAY 8,200,,,,,,,,,,,,,,N,N,N,5,9,Y,TUE,,,,,,,,,,,,,,,,,,,,,,,,,,,,,,,,,,,,,,,,,,,,,,,,,,,,,,,,0,0,0,2,0,0,0,15,,,
13265565,N,N,N,N,N,N,N,4/20/2013,1:46 PM,,,113,102,N,Y,,,2,19,,1,500,S,4TH,ST,N,N,35,N,N,,N,19,,,1,400,,BONHAM,ST,,,,,,,11,1,0,1,1,1,1,1:46 PM,HOUSTON CO. SO,1:49 PM,5/3/2013,Y,TX1130100,1147,,,,8,7,4,1,30,3,1,2,2,21,21,113,102,31.31348347,-95.45796152,SH,19,,180.373,SH0019,492,109,5,0.286,384,0.127,,,,,,,,,Y,Y,N,3,4,Y,SAT,2,0,0,0,0,9,2,60,27,24,6,1,1,1,0,0,1,0,0,0,0,2,16,4317,2014,4317,3.7,8.3,12,,,,,,,,,,,,,,,,,,,,,,,,,,,0,0,2,0,0,2,0,,,,
13265705,N,N,N,N,N,N,N,4/29/2013,3:15 PM,13-01067,,101,447,N,Y,,,1,45,,2,20600,,IH 45 W FR,FWY,N,N,55,N,N,,Y,4,528,,,,,FM 528,,,,,,W NASA PKWY,,12,1,4,2,1,1,9,3:18 PM,DISPATCH,3:20 PM,4/29/2013,Y,TX1012500,2391,,,,8,2,2,22,64,42,2,1,1,21,21,101,447,29.52862549,-95.13070679,IH,45,,25.601,IH0045,,500,3,1.644,26,-0.484,FM,528,,FM0528,,981,1,3.103,Y,Y,N,3,5,Y,MON,5,0,12,12,50,9,6,300,124,72,5,0,0,2,24,5,2,24,5,2,26,4,11,117628,2014,117628,5.5,4.6,10.1,,,,,,,,,,,,,,,,,,,,,,,,,,,0,0,1,1,0,1,0,15,,,
13265875,N,N,N,N,N,N,N,5/4/2013,2:50 AM,13008344,,221,2,N,Y,,,19,,,7,800,E,N 16TH,ST,N,N,30,N,N,,N,19,,,,1500,,WASHINGTON,BLVD,,,,,,,11,4,0,,1,1,20,2:52 AM,DISPATCHED,3:04 AM,5/4/2013,N,TX2210100,10,,,33,8,4,4,1,64,54,7,5,2,12,21,221,2,32.46577212,-99.70966443,,,,,E NORTH 16TH ST,805,,,,,,,,,,,,,,Y,N,N,0,8,Y,SAT,,,,,,,,,,,,,,,,,,,,,,,,,,,,,,,,,,,,,,,,,,,,,,,,,,,,,,,,0,0,0,0,1,0,0,166,,,
13265930,N,N,Y,N,N,N,N,5/7/2013,7:13 AM,2013-011095,,123,30,N,Y,,,1,10,,2,100,,IH 10 NORTH,,N,N,45,N,N,SERVICE ROAD,N,19,,,1,3300,,LAUREL,,,,,,LOCAL ROAD,,11,1,0,2,1,1,20,7:14 AM,DISPATCHED,7:21 AM,5/7/2013,Y,TX1230100,104,,,,8,2,4,22,64,48,2,1,1,21,21,123,30,30.08122549,-94.13583094,IH,10,,850.986,IH0010,,28,13,1.056,852,0.008,,,,,,,,,Y,Y,N,3,8,Y,TUE,5,0,4,10,20,9,14,300,224,168,5,0,0,2,8,5,2,20,5,2,12,3,11,96917,2014,96917,5,2.6,7.6,,,,,,,,,,,,,,,,,,,,,,,,,,,0,0,3,0,0,3,0,135,,,
13265938,N,N,N,N,N,N,N,5/6/2013,6:19 PM,13-82045,,43,336,N,Y,,,19,,,1,6100,,COIT,RD,N,N,40,N,N,CONCRETE,N,19,,,,,W,SPRING CREEK,PKWY,,,,,,,11,1,0,,1,1,5,6:22 PM,DISPATCHED,6:30 PM,5/6/2013,Y,TX0430600,1938,,,153,8,2,2,22,64,42,1,5,1,21,21,43,336,33.05601532,-96.77055256,,,,,COIT RD,,,,,,,,,,W SPRING CREEK PKWY,,,,,Y,N,N,5,9,Y,MON,,,,,,,,,,,,,,,,,,,,,,,,,,,,,,,,,,,,,,,,,,,,,,,,,,,,,,,,0,0,0,2,0,0,0,282,,,
13265946,N,N,N,N,N,N,N,5/7/2013,8:50 AM,13-82396,,43,336,N,Y,,,2,75,,1,1900,,NOT REPORTED,,N,N,60,N,N,,N,19,,,,,,PARK,BLVD,,,,,,,11,1,0,,1,1,20,8:52 AM,DISPATCH,8:59 AM,5/7/2013,Y,TX0430600,1938,39,155,150,8,2,4,20,64,42,1,2,1,21,21,43,336,,,US,75,,,US0075,,,,,,,,,,,,,,,Y,Y,N,5,9,N,TUE,,,,,,,,,,,,,,,,,,,,,,,,,,,,,,,,,,,,,,,,,,,,,,,,,,,,,,,,0,0,0,2,0,0,0,,,,
13266029,N,N,N,N,N,N,N,4/29/2013,10:24 PM,13-14697,,152,270,N,Y,,,19,,,1,4500,,50TH,ST,N,N,40,N,N,,N,19,,,1,4900,,QUAKER,AVE,,,,,,,11,3,0,,1,1,20,10:24 PM,DISPATCH,10:24 PM,4/29/2013,Y,TX1520200,1706,,,,8,2,4,21,64,9,1,5,1,21,21,152,270,33.54882207,-101.9067346,,,,,50TH ST,4476,,,,,,,,,,,,,,Y,N,N,3,8,Y,MON,,,,,,,,,,,,,,,,,,,,,,,,,,,,,,,,,,,,,,,,,,,,,,,,,,,,,,,,0,0,1,1,0,1,0,122,,,
13266233,N,N,N,N,N,N,N,4/15/2013,7:03 PM,13-00303,,108,382,N,Y,,,19,,,1,2600,S,STEWART,RD,N,N,45,N,N,,Y,19,,,1,600,E,HALLACRES,,,,,,,,11,1,4,1,1,1,8,7:06 PM,RADIO,7:08 PM,4/15/2013,Y,TX1081300,2083,,,33,8,2,1,10,64,54,1,3,1,21,21,108,382,26.16119694,-98.15148028,FM,2557,,2.344,FM2557,2599,1429,1,11.896,726,0.385,,,,E HALL ACRES RD,,,,,Y,Y,N,3,6,Y,MON,2,0,0,0,0,9,2,60,24,24,4,0,0,1,0,0,1,0,0,0,0,4,17,3991,2014,3991,4.1,28,32,,,,,,,,,,,,,,,,,,,,,,,,,,,0,0,3,0,0,3,0,230,,,
13266389,N,N,N,N,N,N,N,5/6/2013,4:17 PM,2013-9263,,116,180,N,Y,,,2,69,,1,700,S,JOE RAMSEY,BLVD,N,N,50,N,N,,Y,4,1570,,1,5900,,JACK FINNEY,BLVD,,,,,,,11,1,4,2,1,1,5,4:18 PM,GREENVILLE DISPATCH,4:21 PM,5/6/2013,Y,TX1160300,1383,30,87,5,8,2,2,20,64,54,1,2,1,21,21,116,180,33.11188507,-96.08992767,US,69,,61.258,US0069,698,9,15,7.224,256,-1.015,FM,1570,,FM1570,,2276,1,0.175,Y,Y,N,3,6,Y,MON,3,0,10,10,20,2,6,150,102,72,4,0,0,2,10,5,2,20,5,3,10,2,14,7655,2014,7655,2.7,7.8,10.4,1,152,3,1,23,,,,,,,,,,,,,,,,,,,,,,0,0,1,3,0,1,0,282,,,
13266402,N,N,N,N,N,N,N,5/5/2013,9:05 PM,13-12882,,126,78,N,Y,,,19,,,7,,,500 BLOCK OF DONAHO ST,,N,N,30,N,N,,N,19,,,1,,,1300 BLOCK OF E KILPATRICK,,,,,,,,11,3,2,,1,1,8,9:13 PM,RADIO,9:26 PM,5/5/2013,Y,TX1260300,284,79,2,102,8,7,2,2,33,54,1,5,2,21,21,126,78,,,,,,,500 BLOCK OF DONAHO ST,,,,,,,,,,1300 BLOCK OF E KILPATRICK,,,,,Y,N,N,5,6,N,SUN,,,,,,,,,,,,,,,,,,,,,,,,,,,,,,,,,,,,,,,,,,,,,,,,,,,,,,,,0,0,0,1,0,0,0,,,,
13266484,N,N,N,N,N,N,N,4/13/2013,4:15 PM,13010550,,236,213,N,N,,,1,45,,2,300,,IH 45 WFR,,N,N,30,N,N,,N,19,,,1,,,SMITHER,DR,,,,,,,11,1,2,2,5,1,8,4:22 PM,RADIO,4:25 PM,4/13/2013,Y,TX2360100,1502,,,19,8,2,2,22,64,38,2,1,1,21,21,236,213,30.70523006,-95.56110463,IH,45,,115.693,IH0045,,675,7,14.869,116,-0.256,,,,SMITHER DR,,,,,N,Y,N,5,6,Y,SAT,5,0,8,10,61,8,4,400,84,48,6,0,0,2,16,5,2,20,5,2,45,2,11,33884,2014,33884,2.8,19.2,22,,,,,,,,,,,,,,,,,,,,,,,,,,,0,0,0,3,0,0,0,,,,
13266502,N,N,N,N,N,N,N,4/11/2013,2:05 PM,13010320,,236,213,N,Y,,,3,75,,1,2000,,SAM HOUSTON,AVE,N,N,30,N,N,,N,19,,,1,1200,,19TH,ST,,,,,,,11,1,0,1,1,1,1,2:05 PM,RADIO,2:13 PM,4/12/2013,Y,TX2360100,1502,,,51,8,2,4,22,64,42,1,2,1,21,21,236,213,30.71275204,-95.55120371,SH,75,,102.12,SH0075,1979,110,1,0.842,430,-0.442,,,,,,,,,Y,Y,N,5,6,Y,THU,2,0,8,8,0,2,2,60,40,24,4,1,1,2,8,2,2,8,2,0,0,2,16,10149,2014,10149,7.7,2.9,10.6,1,68,7,2,25,,,,,,,,,,,,,,,,,,,,,,0,0,0,4,0,0,0,,,,
13266821,N,N,N,N,N,N,N,5/4/2013,11:15 PM,13-43553,,220,156,N,Y,32.71807,-97.28344,19,,,1,2900,,CRENSHAW,AVE,N,N,30,N,N,,Y,19,,,1,2700,,THRALL,ST,,,,,,,11,3,4,,1,1,8,11:19 PM,FLAGGED DOWN,11:19 PM,5/4/2013,Y,TX2201200,1318,885,3,120,8,2,2,20,64,54,1,5,1,21,21,220,156,32.71804429,-97.28371245,,,,,CRENSHAW AVE,2901,,,,,,,,,THRALL ST,,,,,Y,N,N,3,9,Y,SAT,,,,,,,,,,,,,,,,,,,,,,,,,,,,,,,,,,,,,,,,,,,,,,,,,,,,,,,,0,0,2,1,0,2,0,282,,,
13266833,N,N,N,N,Y,N,N,5/9/2013,5:50 PM,114833A,,57,107,N,Y,,,11,12,,1,2700,N,BUCKNER,BLVD,N,N,35,N,N,,N,19,,,,1700,,GROSS,RD,,,,,,,12,1,0,2,1,2,20,5:52 PM,DISPATCHED,5:55 PM,5/9/2013,Y,TX0000006,2471,,,33,1,7,3,1,41,14,1,2,2,32,21,57,107,32.8130519,-96.68651889,SL,12,,32.031,SL0012,2738,581,1,4.135,616,0.388,,,,,,,,,Y,Y,N,3,9,Y,THU,3,0,0,0,14,3,6,100,66,66,6,1,1,1,0,0,1,0,0,1,14,4,14,43520,2014,43520,2.3,0.4,2.7,,,,,,,,,,,,,,,,,,,,,,,,,,,0,0,3,0,0,3,0,282,,,
13266871,N,N,N,N,N,N,N,5/9/2013,7:00 PM,114908A,114912A,57,107,N,Y,,,14,244,,7,10677,E,NORTHWEST,HWY,Y,N,-1,N,N,,N,19,,,,8500,,PLANO,RD,,,,,,,12,1,0,,1,1,1,7:22 PM,DISPATCHED,7:45 PM,5/9/2013,N,TX0000006,2471,,,33,8,4,4,4,64,12,7,9,5,33,21,57,107,,,SS,244,,,SS0244,,,,,,,,,,,,,,,N,Y,N,0,9,N,THU,,,,,,,,,,,,,,,,,,,,,,,,,,,,,,,,,,,,,,,,,,,,,,,,,,,,,,,,0,0,0,0,1,0,0,,,,
13266959,N,N,N,N,N,N,N,5/6/2013,7:40 AM,13-43972,,220,156,N,Y,32.73476,-97.42142,1,30,,1,6300,,WEST,FWY,N,N,60,N,N,MULTI-LANE DIVIDED FREEWAY,N,19,,,,2700,,BRYANT IRVIN,RD,,,,,MULTI-LANE LOCAL STREET,,11,1,0,2,1,1,20,7:50 AM,DISPATCHED,8:00 AM,5/6/2013,Y,TX2201200,1318,885,19,120,8,2,4,22,64,42,1,1,1,21,21,220,156,32.73467237,-97.42141981,IH,30,,8.953,IH0030,,1068,1,17.72,9,-0.014,,,,,,,,,Y,Y,N,5,9,Y,MON,5,0,4,10,14,3,6,200,110,76,5,0,0,2,12,5,2,20,5,2,2,4,11,101028,2014,101028,2.4,12,14.4,,,,,,,,,,,,,,,,,,,,,,,,,,,0,0,0,3,0,0,0,282,,,
13266961,N,N,N,N,N,N,N,5/6/2013,7:49 AM,13-43977,,220,156,N,Y,32.76225,-97.30621,19,,,1,2800,,GALVEZ,AVE,N,N,30,N,N,,Y,19,,,1,400,S,JUDKINS,ST,,,,,,,11,1,4,,1,1,8,7:49 AM,RADIO DISPATCH,7:51 AM,5/6/2013,Y,TX2201200,1318,885,3,120,8,2,1,10,64,3,1,5,1,21,21,220,156,32.76222428,-97.30525244,,,,,GALVEZ AVE,2899,,,,,,,,,S JUDKINS ST,,,,,Y,N,N,5,9,Y,MON,,,,,,,,,,,,,,,,,,,,,,,,,,,,,,,,,,,,,,,,,,,,,,,,,,,,,,,,0,0,0,5,0,0,0,282,,,
13267005,N,N,N,N,N,Y,N,5/6/2013,1:29 PM,13-44095,,220,156,N,Y,32.7637,-97.21918,19,,,1,6600,,BRIDGE,ST,N,N,-1,N,N,,Y,19,,,1,1000,,BRIDGEWOOD,DR,,,,,,,11,1,4,,3,1,5,1:33 PM,DISPATCH,1:40 PM,5/6/2013,Y,TX2201200,1318,885,9,120,8,2,1,10,64,3,1,5,1,21,21,220,156,32.76403428,-97.21880246,,,,,BRIDGE ST,6600,,,,,,,,,UNKNOWN,,,,,Y,N,N,3,9,Y,MON,,,,,,,,,,,,,,,,,,,,,,,,,,,,,,,,,,,,,,,,,,,,,,,,,,,,,,,,0,0,2,4,0,2,0,282,,,
13267051,N,N,N,N,N,N,N,5/11/2013,1:08 PM,,,209,1774,Y,Y,32.75943,-99.1097,2,180,,1,,,NOT REPORTED,,N,N,75,N,N,,N,,,,,,,NOT REPORTED,,1.3,M,E,464,,,11,1,0,1,4,1,10,1:12 PM,DISPATCHED,1:27 PM,5/13/2013,Y,,10000,17,1,1,8,7,4,1,28,52,1,2,2,21,21,209,1774,32.76070562,-99.11515962,US,180,,212.461,US0180,,11,6,41.432,464,1.3,,,,NOT REPORTED,,,,,Y,Y,Y,5,0,Y,SAT,2,0,9,9,0,2,2,150,42,24,4,0,0,2,9,5,2,9,5,0,0,1,6,2325,2014,2325,4.2,17.6,21.8,,,,,,,,,,,,,,,,,,,,,,,,,,,0,0,0,2,0,0,0,,,,
13267069,N,N,N,N,N,Y,N,5/14/2013,11:40 AM,119152A,,57,107,N,Y,,,19,,,1,1400,,INWOOD,RD,N,N,-1,N,N,,N,3,356,,,,,IRVING,BLVD,,,,,,,11,1,0,,1,1,20,11:42 AM,DISPATCHED,11:45 AM,12/25/2015,Y,TX0000006,2471,,,87,8,2,4,21,64,9,1,5,1,21,21,57,107,32.80734425,-96.85173255,,,,,INWOOD RD,1400,,,,,,,,,,,,,,Y,N,N,3,9,Y,TUE,,,,,,,,,,,,,,,,,,,,,,,,,,,,,,,,,,,,,,,,,,,,,,,,,,,,,,,,0,0,2,3,0,2,0,282,,,
13267089,N,N,N,N,N,N,N,5/7/2013,4:30 PM,0056210513Y,,101,208,N,Y,,,19,,,1,1300,,JEFFERSON,ST,N,N,30,N,N,,Y,19,,,1,1800,,AUSTIN,ST,,,,,,,11,1,4,,1,1,5,4:30 PM,HPD DISPATCH,4:33 PM,5/14/2013,Y,TXHPD0000,2469,16,121,35,8,2,1,10,36,54,1,5,1,21,21,101,208,29.7488748,-95.36616309,,,,,JEFFERSON ST,1399,,,,,,,,,AUSTIN ST,,,,,Y,N,N,5,9,Y,TUE,,,,,,,,,,,,,,,,,,,,,,,,,,,,,,,,,,,,,,,,,,,,,,,,,,,,,,,,0,0,0,4,0,0,0,15,,,
13267124,N,N,N,N,N,N,N,5/14/2013,1:52 PM,119282A,,57,107,N,Y,,,19,,,1,9800,,MARSH,LN,N,N,35,N,N,,Y,19,,,1,3600,,PARK,LN,,,,,,,11,1,4,,1,1,8,1:59 PM,DISPATCHED,1:59 PM,5/14/2013,Y,TX0000006,2471,,,87,8,2,1,34,32,54,1,5,1,21,21,57,107,32.87484424,-96.85626255,,,,,MARSH LN,,,,,,,,,,PARK LN,,,,,Y,N,N,2,9,Y,TUE,,,,,,,,,,,,,,,,,,,,,,,,,,,,,,,,,,,,,,,,,,,,,,,,,,,,,,,,0,1,0,2,0,1,0,282,,,
13267162,N,N,N,N,N,N,N,5/13/2013,4:30 PM,0059107313C,,101,208,N,Y,,,19,,,1,4500,,IDAHO,,N,N,30,N,N,CONCRETE,Y,19,,,1,6900,,LONDON,ST,,,,,,,11,1,0,,1,1,20,4:30 PM,WALK IN,5:00 PM,5/13/2013,Y,TXHPD0000,2469,16,104,49,8,2,1,10,64,54,1,5,1,21,21,101,208,29.68787481,-95.3532831,,,,,IDAHO ST,4529,,,,,,,,,LONDON ST,,,,,Y,N,N,5,9,Y,MON,,,,,,,,,,,,,,,,,,,,,,,,,,,,,,,,,,,,,,,,,,,,,,,,,,,,,,,,0,0,0,2,0,0,0,15,,,
13267171,N,N,N,N,N,N,N,5/8/2013,10:30 PM,,,63,1628,Y,Y,33.61663,-100.71246,2,82,,1,,,NOT REPORTED,,N,N,75,N,N,,N,,,,,,,NOT REPORTED,,0.1,M,E,380,,,11,3,0,2,5,1,11,10:33 PM,DISPACHED,11:17 PM,5/12/2013,Y,,10000,22,17,1,8,10,4,1,1,54,1,2,2,21,21,63,1628,33.61643833,-100.7115278,US,82,,156.5,US0082,,132,1,8.297,380,0.1,,,,NOT REPORTED,,,,,Y,Y,Y,5,0,Y,WED,3,0,6,10,37,2,4,290,78,48,4,0,0,2,10,5,2,20,5,3,27,1,2,1317,2014,1317,4.3,20.7,25,1,124,2,1,13,,,,,,,,,,,,,,,,,,,,,,0,0,0,1,0,0,0,,,,
13267284,N,N,N,N,N,N,N,5/14/2013,3:20 PM,0059483613V,,101,208,N,Y,,,19,,,1,3000,,NORTHPARK,DR,N,N,40,N,N,,N,19,,,,2800,,BROOKDALE,,,,,,,,11,1,4,,1,1,5,3:32 PM,HPD DISPATCHER,3:38 PM,5/14/2013,Y,TXHPD0000,2469,24,124,58,8,2,4,30,64,54,7,9,5,33,21,101,208,,,,,,,NORTHPARK DR,,,,,,,,,,,,,,,N,N,N,5,9,N,TUE,,,,,,,,,,,,,,,,,,,,,,,,,,,,,,,,,,,,,,,,,,,,,,,,,,,,,,,,0,0,0,2,0,0,0,,,,
13267433,N,N,N,N,N,N,N,5/14/2013,6:07 PM,SAPD13102211,7310,15,379,N,Y,,,11,1604,,1,5400,N,1604,LOOP,N,N,70,N,N,,N,19,,,,,,LOCKHILL SELMA,RD,,,,,,,11,1,0,2,1,1,20,6:09 PM,DISPATCHER,6:25 PM,5/14/2013,Y,TXSPD0000,2473,,61,123,8,2,4,20,64,3,1,2,1,21,21,15,379,29.5932797,-98.57863424,SL,1604,,34.463,SL1604,,2452,2,6.329,522,0.386,,,,,,,,,Y,Y,N,5,9,Y,TUE,4,0,4,8,48,2,4,300,72,48,4,0,0,2,8,5,2,16,5,3,40,4,12,104314,2014,104314,1.9,8.7,10.7,1,859,1,2,45,,,,,,,,,,,,,,,,,,,,,,0,0,0,4,0,0,0,28,,,
13267630,N,N,N,N,N,N,N,5/1/2013,11:12 AM,131210758,,227,22,N,Y,,,19,,,1,1200,,BARBARA JORDAN,BLVD,N,N,35,N,N,,N,1,35,,,4900,,NOT REPORTED,,,,,,,,11,1,4,,1,1,1,11:12 AM,DISPATCH,11:25 AM,5/1/2013,Y,TX2270100,74,22,34,48,8,2,4,34,64,54,1,5,1,14,21,227,22,30.30695604,-97.70976052,,,,,BARBARA JORDAN BLVD,,,,,,,,,,,,,,,Y,N,N,2,9,Y,WED,,,,,,,,,,,,,,,,,,,,,,,,,,,,,,,,,,,,,,,,,,,,,,,,,,,,,,,,0,1,0,1,0,1,0,90,,,