Crash_ID,Crash_Fatal_Fl,Cmv_Involv_Fl,Schl_Bus_Fl,Rr_Relat_Fl,Medical_Advisory_Fl,Amend_Supp_Fl,Active_School_Zone_Fl,Crash_Date,Crash_Time,Case_ID,Local_Use,Rpt_CRIS_Cnty_ID,Rpt_City_ID,Rpt_Outside_City_Limit_Fl,Thousand_Damage_Fl,Rpt_Latitude,Rpt_Longitude,Rpt_Rdwy_Sys_ID,Rpt_Hwy_Num,Rpt_Hwy_Sfx,Rpt_Road_Part_ID,Rpt_Block_Num,Rpt_Street_Pfx,Rpt_Street_Name,Rpt_Street_Sfx,Private_Dr_Fl,Toll_Road_Fl,Crash_Speed_Limit,Road_Constr_Zone_Fl,Road_Constr_Zone_Wrkr_Fl,Rpt_Street_Desc,At_Intrsct_Fl,Rpt_Sec_Rdwy_Sys_ID,Rpt_Sec_Hwy_Num,Rpt_Sec_Hwy_Sfx,Rpt_Sec_Road_Part_ID,Rpt_Sec_Block_Num,Rpt_Sec_Street_Pfx,Rpt_Sec_Street_Name,Rpt_Sec_Street_Sfx,Rpt_Ref_Mark_Offset_Amt,Rpt_Ref_Mark_Dist_Uom,Rpt_Ref_Mark_Dir,Rpt_Ref_Mark_Nbr,Rpt_Sec_Street_Desc,Rpt_CrossingNumber,Wthr_Cond_ID,Light_Cond_ID,Entr_Road_ID,Road_Type_ID,Road_Algn_ID,Surf_Cond_ID,Traffic_Cntl_ID,Investigat_Notify_Time,Investigat_Notify_Meth,Investigat_Arrv_Time,Report_Date,Investigat_Comp_Fl,ORI_Number,Investigat_Agency_ID,Investigat_Area_ID,Investigat_District_ID,Investigat_Region_ID,Bridge_Detail_ID,Harm_Evnt_ID,Intrsct_Relat_ID,FHE_Collsn_ID,Obj_Struck_ID,Othr_Factr_ID,Road_Part_Adj_ID,Road_Cls_ID,Road_Relat_ID,Phys_Featr_1_ID,Phys_Featr_2_ID,Cnty_ID,City_ID,Latitude,Longitude,Hwy_Sys,Hwy_Nbr,Hwy_Sfx,Dfo,Street_Name,Street_Nbr,Control,Section,Milepoint,Ref_Mark_Nbr,Ref_Mark_Displ,Hwy_Sys_2,Hwy_Nbr_2,Hwy_Sfx_2,Street_Name_2,Street_Nbr_2,Control_2,Section_2,Milepoint_2,Txdot_Rptable_Fl,Onsys_Fl,Rural_Fl,Crash_Sev_ID,Pop_Group_ID,Located_Fl,Day_of_Week,Hwy_Dsgn_Lane_ID,Hwy_Dsgn_Hrt_ID,Hp_Shldr_Left,Hp_Shldr_Right,Hp_Median_Width,Base_Type_ID,Nbr_Of_Lane,Row_Width_Usual,Roadbed_Width,Surf_Width,Surf_Type_ID,Curb_Type_Left_ID,Curb_Type_Right_ID,Shldr_Type_Left_ID,Shldr_Width_Left,Shldr_Use_Left_ID,Shldr_Type_Right_ID,Shldr_Width_Right,Shldr_Use_Right_ID,Median_Type_ID,Median_Width,Rural_Urban_Type_ID,Func_Sys_ID,Adt_Curnt_Amt,Adt_Curnt_Year,Adt_Adj_Curnt_Amt,Pct_Single_Trk_Adt,Pct_Combo_Trk_Adt,Trk_Aadt_Pct,Curve_Type_ID,Curve_Lngth,Cd_Degr,Delta_Left_Right_ID,Dd_Degr,Feature_Crossed,Structure_Number,I_R_Min_Vert_Clear,Approach_Width,Bridge_Median_ID,Bridge_Loading_Type_ID,Bridge_Loading_In_1000_Lbs,Bridge_Srvc_Type_On_ID,Bridge_Srvc_Type_Under_ID,Culvert_Type_ID,Roadway_Width,Deck_Width,Bridge_Dir_Of_Traffic_ID,Bridge_Rte_Struct_Func_ID,Bridge_IR_Struct_Func_ID,CrossingNumber,RRCo,Poscrossing_ID,WDCode_ID,Standstop,Yield,Incap_Injry_Cnt,Nonincap_Injry_Cnt,Poss_Injry_Cnt,Non_Injry_Cnt,Unkn_Injry_Cnt,Tot_Injry_Cnt,Death_Cnt,MPO_ID,Investigat_Service_ID,Investigat_DA_ID,Investigator_Narrative
13271507,N,Y,N,N,N,N,N,5/15/2013,12:26 PM,2013060369,,57,67,N,Y,,,19,,,1,3300,,WILEY POST,DR,N,N,30,N,N,,Y,19,,,1,1900,,CHENAULT,DR,,,,,,,11,1,0,,1,1,20,12:31 PM,DISPATCHED,12:38 PM,5/15/2013,Y,TX0570400,214,,,170,8,2,2,24,64,7,1,5,1,21,21,57,67,32.96049422,-96.84486255,,,,,WILEY POST RD,3325,,,,,,,,,CHENNAULT DR,,,,,Y,N,N,5,8,Y,WED,,,,,,,,,,,,,,,,,,,,,,,,,,,,,,,,,,,,,,,,,,,,,,,,,,,,,,,,0,0,0,1,1,0,0,282,,,
13271639,N,N,N,N,N,N,N,5/4/2013,8:21 PM,T13-04583,,19,427,N,Y,,,19,,,1,2300,,MAGNOLIA,ST,N,N,30,N,N,,Y,19,,,1,200,W,23RD,ST,,,,,,,11,3,4,,1,1,2,8:22 PM,RADIO DISPATCH,8:29 PM,5/4/2013,Y,TX0190500,2230,34,9,23,8,2,1,10,64,54,1,5,1,21,21,19,427,33.43885401,-94.04416325,,,,,MAGNOLIA ST,2300,,,,,,,,,W 23RD ST,,,,,Y,N,N,2,6,Y,SAT,,,,,,,,,,,,,,,,,,,,,,,,,,,,,,,,,,,,,,,,,,,,,,,,,,,,,,,,0,1,0,2,0,1,0,211,,,
13271656,N,N,N,N,N,N,N,5/12/2013,5:45 AM,T13-4789,,19,427,N,Y,,,3,93,,1,1900,,SUMMERHILL,RD,N,N,40,N,N,,Y,2,82,,1,1800,,NEW BOSTON,RD,,,,,,,11,2,4,3,1,1,21,5:45 AM,OFFICER,5:45 AM,5/12/2013,Y,TX0190500,2230,49,29,23,8,2,1,10,64,3,1,2,1,21,21,19,427,33.43498611,-94.06281281,US,82,,563.586,US0082,1718,46,6,12.81,800,-0.82,SH,93,,SH0093,,945,1,8.698,Y,Y,N,2,6,Y,SUN,2,0,0,0,0,9,4,70,51,51,6,2,2,1,0,0,1,0,0,0,0,3,14,15372,2014,15372,0.7,0.5,1.3,,,,,,,,,,,,,,,,,,,,,,,,,,,0,1,0,1,0,1,0,211,,,
13271692,N,N,N,N,N,N,N,5/8/2013,6:40 PM,2013-0001190,,226,378,N,Y,,,19,,,1,4800,,GREEN VALLEY,TRL,N,N,30,N,N,,Y,19,,,1,3200,,BRIARGROVE,LN,,,,,,,11,1,4,,1,1,9,6:44 PM,DISPATCHED,6:48 PM,5/8/2013,Y,TX2260100,2067,,,,8,2,1,10,64,54,1,5,1,21,21,226,378,31.41637466,-100.4987717,,,,,GREEN VALLEY TRL,5400,,,,,,,,,BRIARGROVE LN,,,,,Y,N,N,5,7,Y,WED,,,,,,,,,,,,,,,,,,,,,,,,,,,,,,,,,,,,,,,,,,,,,,,,,,,,,,,,0,0,0,2,0,0,0,208,,,
13271728,N,N,N,N,N,N,N,5/8/2013,12:57 PM,13-002950,,101,211,N,Y,,,2,59,,2,20100,S,NOT REPORTED,,N,N,40,N,N,,Y,4,1960,,1,10000,W,NOT REPORTED,,,,,,,,11,1,0,2,1,1,5,12:57 PM,DISPATCHED,1:05 PM,5/8/2013,Y,TX1010900,1496,,,,8,2,1,24,64,54,2,1,1,21,21,101,211,30.0049529,-95.26807148,IH,69,,43.056,IH0069,,177,6,1.414,135,14.361,FM,1960,,FM1960,,,,,Y,Y,N,5,5,Y,WED,5,1,10,6,44,3,8,360,152,120,5,0,0,2,16,5,2,16,5,2,28,4,11,86457,2014,86457,2.3,5.9,8.2,,,,,,,,,,,,,,,,,,,,,,,,,,,0,0,0,2,0,0,0,15,,,
13271846,N,N,N,N,N,N,N,5/12/2013,5:15 PM,2013-0001231,,226,378,N,Y,,,19,,,1,1500,,AUSTIN,ST,N,N,30,N,N,,Y,19,,,1,700,W,L,AVE,,,,,,,11,1,2,,1,1,8,6:29 PM,DISPATCHED,6:45 PM,5/12/2013,Y,TX2260100,2067,,,,8,2,1,24,64,54,1,5,1,21,21,226,378,31.44614465,-100.4446917,,,,,AUSTIN ST,1500,,,,,,,,,UNKNOWN,,,,,Y,N,N,3,7,Y,SUN,,,,,,,,,,,,,,,,,,,,,,,,,,,,,,,,,,,,,,,,,,,,,,,,,,,,,,,,0,0,1,3,0,1,0,208,,,
13272034,N,N,N,N,N,N,N,5/8/2013,5:40 PM,130061863,0,101,1666,Y,Y,,,19,,,1,3600,,SPRING STUEBNER RD,RD,N,N,45,N,N,,N,15,,,,,,ROSEVILLE DR,DR,,,,,,,11,1,0,,1,1,11,5:44 PM,DISPATCHED,6:05 PM,5/8/2013,Y,TX1010000,1419,74,4,5,8,2,4,22,64,42,1,5,1,21,21,101,1666,30.08263247,-95.47213945,,,,,SPRING STUEBNER RD,3610,,,,,,,,,,,,,,Y,N,Y,3,0,Y,WED,,,,,,,,,,,,,,,,,,,,,,,,,,,,,,,,,,,,,,,,,,,,,,,,,,,,,,,,0,0,1,4,0,1,0,15,,,
13272326,N,N,N,N,N,N,N,5/16/2013,12:45 PM,SAPD13103624,5320,15,379,N,Y,,,19,,,1,6301,NW,LOOP 410,,N,N,15,N,N,,N,19,,,,4000,,TIMBERHILL,,,,,,,,11,1,0,2,4,1,11,1:06 PM,DISP,1:08 PM,5/16/2013,Y,TXSPD0000,2473,,19,148,8,2,3,34,64,3,1,1,1,32,21,15,379,29.4286816,-98.64915199,IH,410,,8.33,IH0410,,521,4,8.509,8,0.259,,,,,,,,,Y,Y,N,2,9,Y,THU,5,0,8,10,21,2,6,300,112,72,4,0,0,2,18,5,2,22,5,2,3,4,11,63247,2014,63247,2.9,1.9,4.7,1,449,1,2,35,,,,,,,,,,,,,,,,,,,,,,0,1,1,1,0,2,0,28,,,
13272567,N,N,N,N,N,N,N,5/14/2013,8:48 AM,13-3622,,220,214,N,Y,32.8239,-97.2058,1,820,,1,800,,NOT REPORTED,,N,N,50,Y,Y,LOOP 820,N,19,,,,1400,W,PIPELINE,,,,,,,,11,1,0,2,1,1,20,8:50 AM,DISPATCHED,9:00 AM,5/14/2013,Y,TX2201600,1503,,,35,8,2,4,20,64,49,1,1,1,21,21,220,214,32.82370601,-97.2055571,IH,820,,23.965,IH0820,,8,13,25.025,23,0.173,,,,,,,,,Y,Y,N,5,6,Y,TUE,5,0,10,22,34,3,4,350,136,72,5,0,0,2,32,5,2,32,5,2,2,4,11,160725,2014,160725,3.6,5,8.5,,,,,,,,,,,,,,,,,,,,,,,,,,,0,0,0,2,0,0,0,282,,,
13272583,N,Y,N,N,N,N,N,5/16/2013,1:35 PM,0060391313Y,,101,208,N,Y,,,1,610,,1,100,E,EAST LP N,,N,N,60,N,N,DRY ROADWAY,N,19,,,,,,MARKET,,,,,,,,12,1,98,,1,1,20,1:45 PM,HOUSTON DISPATCHER,1:50 PM,5/16/2013,Y,TXHPD0000,2469,16,124,71,8,2,4,21,64,9,1,1,1,21,21,101,208,,,IH,610,,,IH0610,,,,,,,,,,,,,,,Y,Y,N,5,9,N,THU,,,,,,,,,,,,,,,,,,,,,,,,,,,,,,,,,,,,,,,,,,,,,,,,,,,,,,,,0,0,0,2,0,0,0,,,,
13272646,N,N,N,N,N,N,N,5/17/2013,10:40 AM,121995A,,57,107,N,Y,,,19,,,1,7100,,GASTON,AVE,N,N,30,N,N,,N,19,,,,2200,,LOVING,ST,,,,,,,11,1,4,,3,1,20,10:43 AM,DROVE UP ON,10:43 AM,5/17/2013,Y,TX0000006,2471,,,35,8,8,2,1,50,54,1,5,1,21,21,57,107,32.81425603,-96.73490204,,,,,GASTON AVE,,,,,,,,,,LOVING AVE,,,,,Y,N,N,5,9,Y,FRI,,,,,,,,,,,,,,,,,,,,,,,,,,,,,,,,,,,,,,,,,,,,,,,,,,,,,,,,0,0,0,1,0,0,0,282,,,
13272818,N,N,N,N,N,N,N,5/17/2013,6:04 PM,SAPD13104746,3130,15,379,N,Y,,,11,1604,,1,4500,N,ANDERSON,LOOP,N,N,-1,N,N,,N,19,,,,17300,,OCONNOR,RD,,,,,,,11,1,0,2,3,1,20,6:15 PM,DISPATCHED,6:27 PM,5/17/2013,Y,TXSPD0000,2473,,29,131,8,2,4,20,64,42,1,2,1,21,21,15,379,29.60179669,-98.40439478,SL,1604,,45.292,SL1604,,2452,3,32.274,534,-0.439,,,,,,,,,Y,Y,N,5,9,Y,FRI,4,0,4,10,48,2,4,280,76,48,4,0,0,2,8,5,2,20,5,3,40,4,12,73838,2014,73838,1.9,8.7,10.7,,,,,,,,,,,,,,,,,,,,,,,,,,,0,0,0,7,0,0,0,28,,,
13272899,N,N,N,N,N,N,N,5/17/2013,12:30 AM,0060657613J,,101,208,N,Y,,,3,288,,2,6800,,SOUTH SER W,FWY,N,N,30,N,N,,N,19,,,,3200,,YELLOWSTONE,BLVD,,,,,,,11,4,2,,1,1,5,12:36 AM,DISPATCH,12:40 AM,5/17/2013,Y,TXHPD0000,2469,9,113,29,8,7,2,3,29,54,2,2,2,21,21,101,208,,,SH,288,,,SH0288,,,,,,,,,,YELLOWSTONE BLVD,,,,,Y,Y,N,5,9,N,FRI,,,,,,,,,,,,,,,,,,,,,,,,,,,,,,,,,,,,,,,,,,,,,,,,,,,,,,,,0,0,0,1,0,0,0,,,,
13272975,N,N,N,N,N,N,N,5/4/2013,6:38 AM,130504015,,165,291,N,Y,,,3,191,,1,11000,,NOT REPORTED,HWY,N,N,75,N,N,,N,4,1788,,,,,NOT REPORTED,,,,,,,,11,2,3,2,5,1,20,6:42 AM,DISPATCHED,6:52 AM,5/10/2013,Y,TX1650100,1782,,,629,8,10,4,1,1,54,1,2,2,21,21,165,291,31.97095573,-102.2515914,SH,191,,12.635,SH0191,,2296,2,4.592,272,-0.344,,,,,,,,,Y,Y,N,2,8,Y,SAT,4,0,5,10,77,1,4,403,78,48,4,0,0,2,10,5,2,20,5,3,67,3,12,30547,2014,30547,0.8,0.1,1,,,,,,,,,,,,,,,,,,,,,,,,,,,0,1,1,0,0,2,0,174,,,
13273004,N,N,N,N,N,N,N,5/17/2013,8:35 AM,0060749213P,,101,208,N,Y,,,19,,,1,14000,,SPACE CENTER,BLVD,N,N,35,N,N,,N,19,,,,2400,,CLEAR LAKE CITY,BLVD,,,,,,,12,1,4,,1,1,5,8:43 AM,DISPATCHED,8:45 AM,5/17/2013,Y,TXHPD0000,2469,14,104,17,8,2,4,13,64,54,1,5,1,21,21,101,208,29.59219186,-95.13831162,,,,,SPACE CENTER BLVD,,,,,,,,,,,,,,,Y,N,N,5,9,Y,FRI,,,,,,,,,,,,,,,,,,,,,,,,,,,,,,,,,,,,,,,,,,,,,,,,,,,,,,,,0,0,0,3,0,0,0,15,,,
13273039,N,N,N,N,N,N,N,5/18/2013,5:40 AM,13-11881,,212,434,N,Y,,,2,69,,1,5000,S,BROADWAY,AVE,N,N,45,N,N,,Y,19,,,1,100,,RICE,RD,,,,,,,12,2,4,2,1,1,5,5:43 AM,DISPATCH,5:47 AM,5/18/2013,Y,TX2120400,2316,,,170,8,2,1,10,64,54,1,2,1,21,21,212,434,32.29487658,-95.30176568,US,69,,138.693,US0069,,191,1,3.433,336,-0.191,,,,RICE RD,,,,,Y,Y,N,5,8,Y,SAT,3,0,4,2,12,2,6,130,84,72,3,2,2,2,6,5,2,6,5,1,6,3,14,32797,2014,32797,1.2,2.5,3.7,,,,,,,,,,,,,,,,,,,,,,,,,,,0,0,0,2,0,0,0,213,,,
13273167,N,N,N,N,N,N,N,5/17/2013,3:23 PM,0060901313C,,101,208,N,Y,,,19,,,1,4900,,SAN JACINTO,,N,N,45,N,N,,Y,19,,,1,1200,,ROSEDALE,,,,,,,,11,1,0,,1,1,20,3:43 PM,DISPATCH,4:00 PM,5/17/2013,Y,TXHPD0000,2469,9,113,29,8,2,2,20,64,54,1,5,1,21,21,101,208,29.72936481,-95.38424309,,,,,SAN JACINTO ST,4899,,,,,,,,,ROSEDALE ST,,,,,Y,N,N,5,9,Y,FRI,,,,,,,,,,,,,,,,,,,,,,,,,,,,,,,,,,,,,,,,,,,,,,,,,,,,,,,,0,0,0,3,0,0,0,15,,,
13273355,N,N,N,N,N,N,N,5/18/2013,10:42 PM,13-12494,,227,1792,Y,Y,30.28322,-97.83404,19,,,1,1306,,QUAKER RIDGE,DR,N,N,30,N,N,TWO WAY DIVIDED UNPROTECTED,Y,19,,,1,1400,,BAY HILL,DR,,,,,TWO WAY DIVIDED UNPROTECTED,,11,4,0,,2,1,11,10:42 PM,DISPATCH,10:44 PM,5/19/2013,Y,TX2270000,2292,,29,117,8,4,1,1,64,54,1,5,1,21,21,227,1792,30.28320478,-97.83401244,,,,,QUAKER RIDGE DR,1399,,,,,,,,,BAY HILL DR,,,,,Y,N,Y,2,0,Y,SAT,,,,,,,,,,,,,,,,,,,,,,,,,,,,,,,,,,,,,,,,,,,,,,,,,,,,,,,,0,1,0,0,0,1,0,90,,,
13273363,N,N,N,N,N,N,N,5/17/2013,9:30 AM,0061099513I,,101,208,N,Y,,,19,,,1,5400,,CRANE,ST,N,N,35,N,N,,Y,19,,,1,400,,LOCKWOOD,DR,,,,,,,11,4,0,,1,1,5,9:42 PM,DISPATCHED,9:47 PM,5/18/2013,Y,TXHPD0000,2469,24,124,113,8,2,1,34,64,54,1,5,1,21,21,101,208,29.79699479,-95.3169131,,,,,CRANE ST,5398,,,,,,,,,LOCKWOOD DR,,,,,Y,N,N,2,9,Y,FRI,,,,,,,,,,,,,,,,,,,,,,,,,,,,,,,,,,,,,,,,,,,,,,,,,,,,,,,,0,1,0,2,0,1,0,15,,,
13273420,N,N,N,N,N,N,N,5/18/2013,12:27 PM,123117A,,57,107,N,Y,,,2,75,,1,7900,N,CENTRAL,EXPY,N,N,60,N,N,,N,19,,,,5500,,CARUTH HAVEN,LN,,,,,,,11,1,0,2,1,1,20,12:32 PM,DISPATCHED,12:33 PM,5/18/2013,Y,TX0000006,2471,,,59,8,2,4,22,64,10,1,2,1,21,21,57,107,32.86075977,-96.77032351,US,75,,70.488,US0075,,47,7,9.739,266,-0.018,,,,,,,,,Y,Y,N,3,9,Y,SAT,5,0,10,10,24,3,8,300,136,96,5,0,0,2,20,5,2,20,5,2,4,4,12,265987,2014,265987,2.8,5.4,8.3,,,,,,,,,,,,,,,,,,,,,,,,,,,0,0,1,4,0,1,0,282,,,
13273506,N,N,N,N,N,N,N,5/16/2013,1:58 PM,0060400513M,,101,208,N,Y,,,19,,,1,2400,,MCKEE,ST,N,N,30,N,N,CONCRETE,Y,19,,,1,1600,,MORRIS,,,,,,,,11,1,4,,1,1,8,2:40 PM,DISPATCHED,2:44 PM,5/16/2013,Y,TXHPD0000,2469,16,121,33,8,2,1,10,64,54,1,5,1,21,21,101,208,29.7843148,-95.35222309,,,,,MCKEE ST,2498,,,,,,,,,MORRIS ST,,,,,Y,N,N,5,9,Y,THU,,,,,,,,,,,,,,,,,,,,,,,,,,,,,,,,,,,,,,,,,,,,,,,,,,,,,,,,0,0,0,2,0,0,0,15,,,
13273675,N,N,N,N,N,N,N,5/8/2013,1:15 PM,,,149,1714,Y,Y,28.25808,-98.10999,2,281,,1,,,NOT REPORTED,,N,N,75,N,N,,N,,,,,,,NOT REPORTED,,0.7,M,S,636,,,11,1,0,2,1,1,20,4:00 PM,ON SIGHT,4:00 PM,5/8/2013,Y,,10000,15,112,225,8,6,4,1,64,3,1,2,1,21,21,149,1714,28.25858106,-98.10983664,US,281,,426.221,US0281,,254,1,29.843,636,0.7,,,,NOT REPORTED,,,,,Y,Y,Y,5,0,Y,WED,3,0,4,10,90,2,4,180,76,48,4,0,0,2,8,5,2,20,5,3,82,1,2,7681,2014,7681,4.5,32.5,37,,,,,,,,,,,,,,,,,,,,,,,,,,,0,0,0,1,0,0,0,,,,
13273856,N,N,N,N,N,N,N,5/18/2013,11:00 AM,13053340,,170,92,N,Y,,,11,336,,1,1400,N,LOOP 3336 W,,N,N,45,N,N,,N,1,45,,,2100,N,IH 45,,,,,,SERVICE ROAD,,11,1,0,2,1,1,5,11:03 AM,DISPATCHED,11:09 AM,5/18/2013,Y,TX1700100,325,,,122,8,2,3,10,1,14,1,2,1,32,21,170,92,30.27934689,-95.45910541,SL,336,,0.1,SL0336,,338,11,4.501,674,0.04,,,,,,,,,Y,Y,N,5,7,Y,SAT,3,0,0,0,16,2,6,338,78,78,5,1,2,1,0,0,1,0,0,1,16,4,14,16960,2014,16960,5.8,8.1,13.9,,,,,,,,,,,,,,,,,,,,,,,,,,,0,0,0,7,0,0,0,15,,,
13274085,N,N,N,N,N,N,Y,5/6/2013,7:53 AM,20130432,,100,398,N,N,,,19,,,1,1200,N,5TH,ST,N,N,35,N,N,,Y,4,418,,1,100,,FM 418,,,,,,,,11,1,4,3,1,1,5,7:55 AM,DISPATCHED,7:57 AM,5/6/2013,Y,TX1000200,2127,,,33,8,2,2,22,64,38,1,3,1,21,21,100,398,30.36078453,-94.17353821,FM,92,,38.24,FM0092,1300,703,2,11.635,428,-0.464,FM,418,,FM0418,,784,1,10.395,N,Y,N,5,4,Y,MON,2,0,8,8,0,2,4,117,78,48,2,0,0,2,8,5,2,8,5,0,0,2,16,13803,2014,13803,7.2,1.7,8.9,,,,,,,,,,,,,,,,,,,,,,,,,,,0,0,0,2,0,0,0,135,,,
13274097,N,N,N,N,N,N,N,5/3/2013,1:56 PM,2.01E+11,,233,112,N,Y,,,19,,,1,500,W,8TH,ST,N,N,25,N,N,,Y,19,,,1,900,,AVE Q,,,,,,,,11,1,4,,1,1,9,2:04 PM,RADIO,2:06 PM,5/6/2013,Y,TX2330100,1191,,,,8,2,1,10,64,3,1,5,1,21,21,233,112,29.37023506,-100.9097217,,,,,W 8TH ST,500,,,,,,,,,AVENUE Q,,,,,Y,N,N,5,6,Y,FRI,,,,,,,,,,,,,,,,,,,,,,,,,,,,,,,,,,,,,,,,,,,,,,,,,,,,,,,,0,0,0,2,0,0,0,,,,
13274175,N,N,N,N,N,N,N,5/9/2013,11:15 AM,130062215,0,101,1666,Y,Y,,,4,1960,,1,13200,W,FM 1960,RD,N,N,40,N,N,,N,2,290,,,,,NORTHWEST,FWY,,,,,,,12,1,0,3,1,1,20,11:18 AM,DISPATCHED,11:18 AM,5/9/2013,Y,TX1010000,1419,2,4,5,8,2,4,20,64,54,1,3,1,21,21,101,1666,29.91687855,-95.61553281,FM,1960,,0,FM1960,,1685,1,1.288,666,-0.031,,,,,,,,,Y,Y,Y,5,0,Y,THU,2,0,0,0,0,9,6,100,86,70,5,0,0,1,0,0,1,0,0,0,0,4,14,51519,2014,51519,3.5,1,4.6,,,,,,,,,,,,,,,,,,,,,,,,,,,0,0,0,4,0,0,0,15,,,
13274244,N,N,N,N,N,N,N,5/6/2013,10:53 AM,2013-10845,,101,325,N,Y,,,19,,,1,3100,,RED BLUFF,RD,N,N,40,N,N,4 LANE/UNDIVIDED,N,19,,,1,1300,,DEEPWATER,ST,300,F,E,ECL,2 LANE RESIDENTIAL,,11,1,0,,1,1,1,10:55 AM,POLICE RADIO,11:07 AM,5/6/2013,Y,TX1011500,1912,,2,94,8,2,3,14,64,14,1,5,1,32,21,101,325,29.69243481,-95.16924314,,,,,RED BLUFF RD,3019,,,,,,,,,,,,,,Y,N,N,3,8,Y,MON,,,,,,,,,,,,,,,,,,,,,,,,,,,,,,,,,,,,,,,,,,,,,,,,,,,,,,,,0,0,1,1,0,1,0,15,,,
13274296,N,N,N,N,N,N,N,5/8/2013,8:33 AM,130025302,,220,19,N,Y,,,3,360,,1,3300,S,ANAUS G WYNNE JR,FWY,N,N,60,N,N,,N,19,,,,2800,E,MAYFIELD,RD,,,,,,,12,1,0,2,1,1,20,8:35 AM,DISPATCHED,8:41 AM,5/8/2013,Y,TX2200100,59,,8,206,8,2,4,22,64,42,1,2,1,21,21,220,19,32.69368588,-97.06262181,SH,360,,15.941,SH0360,,2266,2,16.001,272,-0.112,,,,,,,,,Y,Y,N,3,9,Y,WED,5,0,4,10,59,3,6,440,108,72,5,0,0,2,8,5,2,22,5,3,51,4,12,161628,2014,161628,3.4,2.4,5.9,,,,,,,,,,,,,,,,,,,,,,,,,,,0,0,1,3,0,1,0,282,,,
13274380,N,N,N,N,N,N,N,5/6/2013,2:00 PM,130024979,HIT & RUN,220,19,N,N,,,19,,,7,7001,,SILO,RD,Y,N,0,N,N,SEGUIN HIGH PARKING LOT,N,19,,,,700,E,EDEN,RD,,,,,,,11,1,0,,1,1,1,2:18 PM,WALK-IN,2:18 PM,5/6/2013,N,TX2200100,59,,8,261,8,4,4,4,64,12,7,9,5,33,21,220,19,,,,,,,SILO RD,,,,,,,,,,,,,,,N,N,N,0,9,N,MON,,,,,,,,,,,,,,,,,,,,,,,,,,,,,,,,,,,,,,,,,,,,,,,,,,,,,,,,0,0,0,0,1,0,0,,,,
13274532,N,N,N,N,N,N,N,5/7/2013,3:00 PM,130061186,0,101,1666,Y,N,,,2,288,,2,14500,,NOT REPORTED,,N,N,50,N,N,,N,15,,,,,S,SAM HOUSTON,PKWY,,,,,,,11,1,0,,4,1,9,3:11 PM,DISPATCHED,3:24 PM,5/7/2013,Y,TX1010000,1419,55,33,5,8,2,2,22,64,38,2,2,1,21,21,101,1666,29.59777215,-95.38972582,,,,,SOUTH FWY,,,,,,,,,,S SAM HOUSTON PKWY W,,,,,N,N,Y,5,0,Y,TUE,,,,,,,,,,,,,,,,,,,,,,,,,,,,,,,,,,,,,,,,,,,,,,,,,,,,,,,,0,0,0,2,0,0,0,15,,,
13274590,N,N,N,N,N,N,N,5/8/2013,6:55 PM,130061912,0,101,1666,Y,Y,,,19,,,1,,,SMITHSTONE,DR,N,N,35,N,N,,N,3,6,,,,N,NOT REPORTED,HWY,,,,,,,11,1,98,,1,1,11,6:55 PM,DISPATCHED,6:55 PM,5/8/2013,Y,TX1010000,1419,100,4,5,8,2,3,34,64,13,1,4,1,32,21,101,1666,29.87510601,-95.64559899,,,,,SMITHSTONE DR,15812,,,,,,,,,,,,,,Y,N,Y,5,0,Y,WED,,,,,,,,,,,,,,,,,,,,,,,,,,,,,,,,,,,,,,,,,,,,,,,,,,,,,,,,0,0,0,2,0,0,0,15,,,
13274727,N,N,N,N,N,N,N,5/11/2013,2:22 AM,2013-27915,,108,132,N,Y,,,3,107,,1,2900,W,UNIVERSITY,DR,N,N,55,N,N,,N,4,2061,,,100,S,MCCOLL,RD,,,,,,,2,3,0,2,1,2,5,2:22 AM,DISPATCH,2:43 AM,5/11/2013,Y,TX1080400,1248,,,35,8,2,4,22,64,38,1,2,1,21,21,108,132,26.30605726,-98.19461554,SH,107,,15.204,SH0107,,528,1,15.067,520,-0.761,,,,,,,,,Y,Y,N,3,7,Y,SAT,3,0,0,8,4,2,6,140,102,76,4,1,2,1,0,0,2,16,3,1,4,4,14,26964,2014,26964,1.3,1.4,2.7,,,,,,,,,,,,,,,,,,,,,,,,,,,0,0,2,2,0,2,0,230,,,
13274802,N,N,N,N,N,N,N,5/8/2013,1:27 PM,2013-17662,,102,281,N,Y,,,2,80,,1,1500,E,GRAND,AVE,Y,N,-1,N,N,AUTOZONE PARKING LOT,N,19,,,,100,,BLANCHE,ST,,,,,,,11,1,0,,1,1,1,1:27 PM,DISPATCHED,1:29 PM,5/8/2013,Y,TX1020200,1740,,,147,8,2,4,40,64,12,7,9,5,33,21,102,281,,,US,80,,,US0080,,,,,,,,,,,,,,,N,Y,N,5,5,N,WED,,,,,,,,,,,,,,,,,,,,,,,,,,,,,,,,,,,,,,,,,,,,,,,,,,,,,,,,0,0,0,4,0,0,0,,,,