Crash_ID,Crash_Fatal_Fl,Cmv_Involv_Fl,Schl_Bus_Fl,Rr_Relat_Fl,Medical_Advisory_Fl,Amend_Supp_Fl,Active_School_Zone_Fl,Crash_Date,Crash_Time,Case_ID,Local_Use,Rpt_CRIS_Cnty_ID,Rpt_City_ID,Rpt_Outside_City_Limit_Fl,Thousand_Damage_Fl,Rpt_Latitude,Rpt_Longitude,Rpt_Rdwy_Sys_ID,Rpt_Hwy_Num,Rpt_Hwy_Sfx,Rpt_Road_Part_ID,Rpt_Block_Num,Rpt_Street_Pfx,Rpt_Street_Name,Rpt_Street_Sfx,Private_Dr_Fl,Toll_Road_Fl,Crash_Speed_Limit,Road_Constr_Zone_Fl,Road_Constr_Zone_Wrkr_Fl,Rpt_Street_Desc,At_Intrsct_Fl,Rpt_Sec_Rdwy_Sys_ID,Rpt_Sec_Hwy_Num,Rpt_Sec_Hwy_Sfx,Rpt_Sec_Road_Part_ID,Rpt_Sec_Block_Num,Rpt_Sec_Street_Pfx,Rpt_Sec_Street_Name,Rpt_Sec_Street_Sfx,Rpt_Ref_Mark_Offset_Amt,Rpt_Ref_Mark_Dist_Uom,Rpt_Ref_Mark_Dir,Rpt_Ref_Mark_Nbr,Rpt_Sec_Street_Desc,Rpt_CrossingNumber,Wthr_Cond_ID,Light_Cond_ID,Entr_Road_ID,Road_Type_ID,Road_Algn_ID,Surf_Cond_ID,Traffic_Cntl_ID,Investigat_Notify_Time,Investigat_Notify_Meth,Investigat_Arrv_Time,Report_Date,Investigat_Comp_Fl,ORI_Number,Investigat_Agency_ID,Investigat_Area_ID,Investigat_District_ID,Investigat_Region_ID,Bridge_Detail_ID,Harm_Evnt_ID,Intrsct_Relat_ID,FHE_Collsn_ID,Obj_Struck_ID,Othr_Factr_ID,Road_Part_Adj_ID,Road_Cls_ID,Road_Relat_ID,Phys_Featr_1_ID,Phys_Featr_2_ID,Cnty_ID,City_ID,Latitude,Longitude,Hwy_Sys,Hwy_Nbr,Hwy_Sfx,Dfo,Street_Name,Street_Nbr,Control,Section,Milepoint,Ref_Mark_Nbr,Ref_Mark_Displ,Hwy_Sys_2,Hwy_Nbr_2,Hwy_Sfx_2,Street_Name_2,Street_Nbr_2,Control_2,Section_2,Milepoint_2,Txdot_Rptable_Fl,Onsys_Fl,Rural_Fl,Crash_Sev_ID,Pop_Group_ID,Located_Fl,Day_of_Week,Hwy_Dsgn_Lane_ID,Hwy_Dsgn_Hrt_ID,Hp_Shldr_Left,Hp_Shldr_Right,Hp_Median_Width,Base_Type_ID,Nbr_Of_Lane,Row_Width_Usual,Roadbed_Width,Surf_Width,Surf_Type_ID,Curb_Type_Left_ID,Curb_Type_Right_ID,Shldr_Type_Left_ID,Shldr_Width_Left,Shldr_Use_Left_ID,Shldr_Type_Right_ID,Shldr_Width_Right,Shldr_Use_Right_ID,Median_Type_ID,Median_Width,Rural_Urban_Type_ID,Func_Sys_ID,Adt_Curnt_Amt,Adt_Curnt_Year,Adt_Adj_Curnt_Amt,Pct_Single_Trk_Adt,Pct_Combo_Trk_Adt,Trk_Aadt_Pct,Curve_Type_ID,Curve_Lngth,Cd_Degr,Delta_Left_Right_ID,Dd_Degr,Feature_Crossed,Structure_Number,I_R_Min_Vert_Clear,Approach_Width,Bridge_Median_ID,Bridge_Loading_Type_ID,Bridge_Loading_In_1000_Lbs,Bridge_Srvc_Type_On_ID,Bridge_Srvc_Type_Under_ID,Culvert_Type_ID,Roadway_Width,Deck_Width,Bridge_Dir_Of_Traffic_ID,Bridge_Rte_Struct_Func_ID,Bridge_IR_Struct_Func_ID,CrossingNumber,RRCo,Poscrossing_ID,WDCode_ID,Standstop,Yield,Incap_Injry_Cnt,Nonincap_Injry_Cnt,Poss_Injry_Cnt,Non_Injry_Cnt,Unkn_Injry_Cnt,Tot_Injry_Cnt,Death_Cnt,MPO_ID,Investigat_Service_ID,Investigat_DA_ID,Investigator_Narrative
13279708,N,N,N,N,N,N,N,5/20/2013,11:00 AM,124970A,FLID SERV#   124969A,57,107,N,Y,,,1,635,,2,11900,,LYNDON B JOHNSON SERV RD EB,FWY,N,N,35,N,N,,Y,19,,,1,2700,,MCCREE,RD,,,,,,,11,1,3,,4,1,17,11:30 AM,DISPATCHED,11:35 AM,5/20/2013,N,TX0000006,2471,,,33,8,2,2,31,64,54,2,1,1,21,21,57,107,,,IH,635,,,IH0635,,,,,,,,,,MCCREE RD,,,,,Y,Y,N,5,9,N,MON,,,,,,,,,,,,,,,,,,,,,,,,,,,,,,,,,,,,,,,,,,,,,,,,,,,,,,,,0,0,0,2,1,0,0,,,,
13279839,N,N,N,N,N,N,N,5/4/2013,9:06 PM,,,94,1659,Y,Y,29.65937,-98.05079,15,,,1,,,SAUDER,DR,N,N,25,N,N,,Y,17,,,1,,,SAUDER FARMS,RD,,,,,,,11,4,2,,1,1,9,9:38 PM,GCSO-DISPATCH,9:50 PM,5/8/2013,N,,10000,22,92,1,8,2,1,10,64,54,1,4,1,21,21,94,1659,29.65834491,-98.05008241,,,,,SAUDER DR,101,,,,,,,,,SAUDER FARMS RD,,,,,Y,N,Y,5,0,Y,SAT,,,,,,,,,,,,,,,,,,,,,,,,,,,,,,,,,,,,,,,,,,,,,,,,,,,,,,,,0,0,0,1,1,0,0,28,,,
13280059,N,N,N,N,N,N,N,5/19/2013,3:28 PM,,,94,1659,Y,Y,29.65003,-97.64612,1,10,,1,,,NOT REPORTED,,N,N,75,N,N,,N,,,,,,,NOT REPORTED,,0.1,M,E,629,,,11,1,0,2,1,1,11,3:30 PM,GUADALUPE COUNTY SO,4:19 PM,5/19/2013,Y,,10000,22,92,1,8,2,4,21,64,9,1,1,1,21,21,94,1659,29.65025947,-97.64710674,IH,10,,627.655,IH0010,,535,2,34.846,629,0.1,,,,NOT REPORTED,,,,,Y,Y,Y,3,0,Y,SUN,5,0,6,10,76,2,4,350,80,48,4,0,0,2,12,5,2,20,5,3,64,1,1,32547,2014,32547,2.3,3.5,5.9,,,,,,,,,,,,,,,,,,,,,,,,,,,0,0,1,6,0,1,0,28,,,
13280116,N,N,N,N,N,N,N,5/19/2013,9:53 AM,123987a,,57,107,N,Y,,,1,635,,1,10000,,LYNDON B JOHNSON,,N,N,60,N,N,HIGHWAY,N,19,,,,,,ROYAL,LN,,,,,EXIT RAMP,,12,1,0,,4,1,20,9:54 AM,DISPATCHED,9:58 AM,5/19/2013,Y,TX0000006,2471,,,33,8,7,4,1,21,54,1,1,2,21,21,57,107,,,IH,635,,,IH0635,,,,,,,,,,,,,,,Y,Y,N,3,9,N,SUN,,,,,,,,,,,,,,,,,,,,,,,,,,,,,,,,,,,,,,,,,,,,,,,,,,,,,,,,0,0,1,0,0,1,0,,,,
13280252,N,N,N,N,N,N,N,5/21/2013,1:30 PM,0062739513C,FSGI,101,208,N,Y,,,19,,,1,6800,,CANAL,ST,N,N,30,N,N,CONCRETE,N,19,,,,700,,SSGT MACARIO GARCIA,BLVD,,,,,,,12,1,2,,1,1,20,2:29 PM,DISPATCHED,2:29 PM,5/21/2013,Y,TXHPD0000,2469,16,113,65,8,4,4,1,64,54,1,5,1,21,21,101,208,29.74025332,-95.30214846,,,,,CANAL ST,6923,,,,,,,,,,,,,,Y,N,N,0,9,Y,TUE,,,,,,,,,,,,,,,,,,,,,,,,,,,,,,,,,,,,,,,,,,,,,,,,,,,,,,,,0,0,0,0,1,0,0,15,,,
13280257,N,N,N,N,N,N,N,5/21/2013,2:29 PM,SAPD13107749,6150,15,379,N,N,,,19,,,1,3600,SW,MILITARY,DR,N,N,35,N,N,,N,19,,,,,,NEW LAREDO,HWY,,,,,,,11,1,0,3,1,1,20,2:33 PM,DISPATCH,2:40 PM,5/21/2013,Y,TXSPD0000,2473,,11,175,8,2,3,20,64,42,1,2,1,32,21,15,379,29.35832163,-98.55999214,SL,13,,5.584,SL0013,3627,521,3,5.583,490,-0.413,,,,,,,,,N,Y,N,5,9,Y,TUE,2,0,0,0,0,2,6,120,72,72,4,0,0,1,0,0,1,0,0,0,0,4,14,19310,2014,19310,2.4,4.7,7,,,,,,,,,,,,,,,,,,,,,,,,,,,0,0,0,4,0,0,0,28,,,
13280604,N,N,N,N,N,N,N,5/19/2013,2:43 AM,13-17273,,152,270,N,Y,,,19,,,1,2800,,19TH,ST,N,N,45,N,N,,Y,19,,,1,1900,,CANTON,,,,,,,,11,4,2,2,1,1,8,2:43 AM,ON VIEW,2:43 AM,5/19/2013,Y,TX1520200,1706,,,,8,7,2,1,39,3,1,2,4,21,21,152,270,33.57794742,-101.876321,US,62,,231.887,US0062,2799,130,5,16.81,328,-0.118,,,,CANTON AVE,,,,,Y,Y,N,5,8,Y,SUN,3,0,0,8,19,2,7,134,89,81,4,1,1,1,0,0,2,8,2,1,19,4,14,21484,2014,21484,8.2,6.4,14.6,,,,,,,,,,,,,,,,,,,,,,,,,,,0,0,0,2,0,0,0,122,,,
13280815,N,N,N,N,N,N,N,5/9/2013,4:45 PM,13050911,,181,441,N,Y,,,19,,,1,900,N,MAIN,ST,Y,N,35,N,N,JAMES BROWN'S GUMBO HOUSE,N,19,,,,100,,FILMORE,ST,,,,,,,11,1,0,,1,1,1,4:49 PM,DISPATCHED,4:54 PM,5/14/2013,Y,TX1810400,2368,,,,8,4,4,4,64,12,7,9,5,33,21,181,441,,,,,,,N MAIN ST,,,,,,,,,,,,,,,N,N,N,5,5,N,THU,,,,,,,,,,,,,,,,,,,,,,,,,,,,,,,,,,,,,,,,,,,,,,,,,,,,,,,,0,0,0,1,0,0,0,,,,
13280888,N,N,N,N,N,N,N,4/4/2013,11:35 PM,13-6247,,221,2,N,Y,,,11,322,,1,5100,,LOOP 322 EB,LOOP,N,N,70,N,N,,N,19,,,1,4800,,BOYS RANCH,RD,,,,,,,11,4,8,,5,1,20,11:39 PM,DISPATCH,11:41 PM,4/4/2013,Y,TX2210100,10,,,,8,6,4,1,64,54,1,2,1,21,21,221,2,,,SL,322,,,SL0322,,,,,,,,,,,,,,,Y,Y,N,5,8,N,THU,,,,,,,,,,,,,,,,,,,,,,,,,,,,,,,,,,,,,,,,,,,,,,,,,,,,,,,,0,0,0,1,0,0,0,,,,
13281094,N,N,N,N,N,Y,N,5/12/2013,2:15 PM,13-086390,,43,336,N,Y,,,19,,,1,7000,,LUXBOROUGH,DR,N,N,30,N,N,,N,19,,,,,,KILDARE,DR,,,,,,,11,1,0,,5,1,1,12:06 PM,DISPATCH,12:20 PM,5/16/2013,Y,TX0430600,1938,,,,8,4,4,4,64,12,1,5,1,12,21,61,336,33.07310423,-96.85252255,,,,,LUXBOROUGH DR,7000,,,,,,,,,,,,,,Y,N,N,5,9,Y,SUN,,,,,,,,,,,,,,,,,,,,,,,,,,,,,,,,,,,,,,,,,,,,,,,,,,,,,,,,0,0,0,1,0,0,0,282,,,
13281469,N,N,N,N,N,N,N,5/15/2013,10:45 AM,,,160,1725,Y,Y,31.22627,-99.22062,4,1121,,1,,,NOT REPORTED,,N,N,70,N,N,,N,2,190,,,,,NOT REPORTED,,,,,,,,11,1,0,1,1,1,11,10:54 AM,BY BRADY PD COMM,11:09 AM,5/21/2013,Y,,10000,16,32,1,8,7,4,1,30,3,1,3,2,21,21,160,1725,31.22624095,-99.22062027,FM,1121,,9.821,FM1121,,1595,2,4.071,446,0.112,,,,,,,,,Y,Y,Y,5,0,Y,WED,2,0,3,3,0,2,2,70,26,20,2,0,0,3,3,5,3,3,5,0,0,1,7,213,2014,213,16.9,0,16.9,,,,,,,,,,,,,,,,,,,,,,,,,,,0,0,0,1,0,0,0,,,,
13281495,N,N,N,N,N,N,N,4/14/2013,3:30 PM,,,108,1673,Y,Y,26.28425,-98.34917,15,,,1,,,SCHUERBACH,RD,N,N,45,N,N,,N,4,676,,,,,NOT REPORTED,,,,,,,,11,1,2,,1,1,11,3:39 PM,DPS WESLACO COMM,3:53 PM,4/30/2013,Y,,10000,1,127,1,8,2,3,24,33,7,1,4,1,32,21,108,1673,26.28423376,-98.34908135,,,,,SCHUERBACH RD,5733,,,,,,,,,,,,,,Y,N,Y,5,0,Y,SUN,,,,,,,,,,,,,,,,,,,,,,,,,,,,,,,,,,,,,,,,,,,,,,,,,,,,,,,,0,0,0,1,1,0,0,230,,,
13281929,N,N,N,N,N,N,N,5/21/2013,4:30 PM,SAPD31307870,2160,15,379,N,Y,,,19,,,1,400,,ROOSEVELT,AVE,N,N,35,N,N,,N,19,,,,300,,GROVE,AVE,,,,,DRY ASPHALT,,11,1,4,,1,1,11,5:18 PM,DISPATCH,5:30 PM,5/21/2013,N,TXSPD0000,2473,,11,175,8,2,4,24,64,3,1,5,1,21,21,15,379,29.40024498,-98.48603231,,,,,ROOSEVELT AVE,400,,,,,,,,,,,,,,Y,N,N,5,9,Y,TUE,,,,,,,,,,,,,,,,,,,,,,,,,,,,,,,,,,,,,,,,,,,,,,,,,,,,,,,,0,0,0,1,1,0,0,28,,,
13282068,N,N,N,N,N,N,N,5/14/2013,10:45 AM,sapd13101853,4250a,15,379,N,Y,,,19,,,1,2500,S,HACKBERRY,ST,N,N,35,N,N,,Y,19,,,1,1300,,STEVES,AVE,,,,,,,12,1,98,,1,1,5,10:45 AM,DISPATCHER,10:55 AM,5/14/2013,Y,TXSPD0000,2473,,9,162,8,2,1,10,64,54,1,5,1,21,21,15,379,29.39102497,-98.47348232,,,,,S HACKBERRY ST,2600,,,,,,,,,STEVES AVE,,,,,Y,N,N,2,9,Y,TUE,,,,,,,,,,,,,,,,,,,,,,,,,,,,,,,,,,,,,,,,,,,,,,,,,,,,,,,,0,1,0,1,0,1,0,28,,,
13282151,N,N,N,N,N,N,N,5/17/2013,11:27 PM,130012987,,57,177,N,Y,,,19,,,1,400,W,COBER,DR,N,N,30,N,N,,N,19,,,,2000,,BALLA,WAY,,,,,,,11,4,4,,2,1,1,11:29 PM,DISPATCHED,11:31 PM,5/18/2013,Y,TX0571200,1372,,,44,8,7,4,1,32,54,1,5,2,21,21,57,177,32.71685388,-97.01040846,,,,,W COBER DR,394,,,,,,,,,,,,,,Y,N,N,5,8,Y,FRI,,,,,,,,,,,,,,,,,,,,,,,,,,,,,,,,,,,,,,,,,,,,,,,,,,,,,,,,0,0,0,2,0,0,0,282,,,
13282181,N,N,N,N,N,N,N,5/10/2013,11:08 AM,2.01E+11,,159,126,N,N,,,8,277,,1,,,MAIN,ST,N,N,30,N,N,,N,19,,,,,,COLORADO,ST,,,,,,,12,1,0,1,1,1,11,11:08 AM,POLICE COMMUNICATION,11:10 AM,5/10/2013,Y,TX1620100,1227,,,25,8,2,4,22,64,42,1,2,1,21,21,159,126,28.70870717,-100.4915279,BU,277,N,2.732,BU0277N,1649,299,13,2.698,550,0.667,,,,,,,,,N,Y,N,5,6,Y,FRI,2,0,8,8,0,2,2,60,44,28,4,0,0,2,8,2,2,8,2,0,0,2,14,4008,2014,4008,7.1,19.6,26.7,,,,,,,,,,,,,,,,,,,,,,,,,,,0,0,0,3,0,0,0,,,,
13282309,N,N,N,N,N,N,N,5/9/2013,2:55 PM,13SP040895,,220,406,N,Y,32.94103,-97.12529,4,1709,,1,1500,E,1709,HWY,N,N,45,N,N,ROADWAY,N,19,,,1,100,N,VILLAGE CENTER,DR,,,,,ROADWAY,,2,1,0,2,3,2,20,2:55 PM,DISPATCHED,3:02 PM,5/9/2013,Y,TX2203200,2154,,8,36,8,2,3,21,39,1,1,3,1,21,21,220,406,32.94094117,-97.12452652,FM,1709,,7.612,FM1709,,1603,3,12.622,562,5.624,,,,,,,,,Y,Y,N,5,6,Y,THU,3,0,0,0,20,2,6,100,72,72,4,1,1,1,0,0,1,0,0,1,20,4,14,36496,2014,36496,0.8,0.1,0.9,,,,,,,,,,,,,,,,,,,,,,,,,,,0,0,0,2,0,0,0,282,,,
13282486,N,N,N,N,N,N,N,5/11/2013,1:07 PM,13-050043,,161,467,N,Y,,,19,,,2,9000,,WOODWAY DR,,N,N,40,N,N,,Y,19,,,1,,,100 HEWITT DR,,,,,,,,11,1,0,,4,1,9,1:09 PM,DISPATCHED,1:12 PM,5/11/2013,Y,TX1551400,2458,,,35,8,2,4,20,64,3,2,5,1,21,21,161,467,,,,,,,WOODWAY DR,,,,,,,,,,,,,,,Y,N,N,5,4,N,SAT,,,,,,,,,,,,,,,,,,,,,,,,,,,,,,,,,,,,,,,,,,,,,,,,,,,,,,,,0,0,0,3,0,0,0,,,,
13282525,N,N,N,N,N,N,N,5/14/2013,6:05 PM,20130059,,252,175,N,Y,,,19,,,1,700,,PARK,ST,N,N,30,N,N,,Y,19,,,1,1200,,PLUM,ST,,,,,,,11,1,2,,1,1,8,6:05 PM,DISPATCHED,6:10 PM,5/14/2013,Y,TX2520100,1370,,,341,8,2,1,14,64,3,1,5,1,21,21,252,175,33.09397427,-98.5862321,,,,,PARK ST,798,,,,,,,,,PLUM ST,,,,,Y,N,N,5,4,Y,TUE,,,,,,,,,,,,,,,,,,,,,,,,,,,,,,,,,,,,,,,,,,,,,,,,,,,,,,,,0,0,0,2,0,0,0,,,,
13282527,N,N,N,N,N,N,N,5/16/2013,5:53 PM,20130060,,252,175,N,N,,,19,,,1,500,,ELM,ST,N,N,35,N,N,,Y,19,,,1,,,FOURTH,ST,,,,,,,11,1,4,3,1,1,5,5:53 PM,DISPATCHED,5:55 PM,5/16/2013,Y,TX2520100,1370,,,342,8,2,2,22,64,38,1,2,1,21,21,252,175,33.1069444,-98.5895531,SH,16,,29.24,SH0016,499,362,1,1.011,251,0.204,,,,4TH ST,,,,,Y,Y,N,3,4,Y,THU,2,0,10,10,0,8,4,100,68,48,4,2,2,2,10,5,2,10,5,0,0,2,14,13317,2014,13317,13.9,7.6,21.5,,,,,,,,,,,,,,,,,,,,,,,,,,,0,0,3,0,0,3,0,,,,
13282773,N,N,N,N,N,N,N,5/19/2013,1:21 PM,13MP014489,,70,292,N,Y,,,19,,,1,200,W,MAIN,ST,N,N,35,N,N,,N,19,,,1,100,N,8TH,ST,,,,,,,11,1,4,,1,1,21,1:21 PM,DISPATCHED,1:26 PM,5/19/2013,Y,TX0700500,1783,,8,37,8,2,3,22,64,47,1,5,1,32,21,70,292,32.48220344,-96.99456002,,,,,W MAIN ST,209,,,,,,,,,,,,,,Y,N,N,5,5,Y,SUN,,,,,,,,,,,,,,,,,,,,,,,,,,,,,,,,,,,,,,,,,,,,,,,,,,,,,,,,0,0,0,5,0,0,0,282,,,
13282850,N,N,N,N,N,N,N,5/18/2013,12:02 PM,13-0500745,,21,55,N,Y,,,19,,,1,1300,,SOUTH COLLEGE,AVE,N,N,35,N,N,,N,19,,,,100,W,DODGE,ST,,,,,,,11,1,0,,1,1,20,12:04 PM,DISPATCH,12:07 PM,5/18/2013,Y,TX0210100,174,,,,8,2,3,10,64,14,1,5,1,32,21,21,55,30.65834013,-96.37136428,,,,,S COLLEGE AVE,1308,,,,,,,,,,,,,,Y,N,N,5,7,Y,SAT,,,,,,,,,,,,,,,,,,,,,,,,,,,,,,,,,,,,,,,,,,,,,,,,,,,,,,,,0,0,0,4,0,0,0,249,,,
13282857,N,N,N,N,N,N,N,5/17/2013,11:48 AM,1300007211,,225,300,N,Y,,,2,67,,7,900,W,16TH,ST,N,N,45,N,N,FLAT LEVEL GROUND,N,19,,,1,900,N,N EDWARDS,ST,,,,,FLAT LEVEL GROUND,,12,1,2,,1,1,11,11:48 AM,DISPATCHED,11:50 AM,5/17/2013,Y,TX2250100,1813,,8,36,8,2,2,21,64,9,1,2,1,21,21,225,300,,,US,67,,,US0067,,,,,,,,,,N N EDWARDS ST,,,,,Y,Y,N,5,5,N,FRI,,,,,,,,,,,,,,,,,,,,,,,,,,,,,,,,,,,,,,,,,,,,,,,,,,,,,,,,0,0,0,4,0,0,0,,,,
13282881,N,N,N,Y,N,N,N,5/15/2013,1:18 PM,13-0500609,,21,55,N,Y,,,19,,,1,100,E,28TH,ST,N,N,30,N,N,,Y,19,,,1,300,S,TABOR,RD,,,,,,,12,1,4,,1,2,13,1:22 PM,DISPATCH,1:33 PM,5/15/2013,Y,TX0210100,174,,,,8,2,1,10,64,54,1,5,1,21,21,21,55,30.67168465,-96.37262279,,,,,E 28TH ST,198,,,,,,,,,S TABOR AVE,,,,,Y,N,N,5,7,Y,WED,,,,,,,,,,,,,,,,,,,,,,,,,,,,,,,,,,,,,,,,,,,,,,,,,,,,,,,,0,0,0,2,0,0,0,249,,,
13282967,N,N,N,N,N,N,N,5/3/2013,4:27 PM,13-0500102,,21,55,N,Y,,,19,,,1,3200,,BRIARCREST,DR,N,N,45,N,N,,Y,19,,,1,3000,,WILDFLOWER,DR,,,,,,,11,1,2,3,4,1,5,4:29 PM,RADIO DISPATCHED,4:34 PM,5/3/2013,Y,TX0210100,174,,,,8,7,2,1,36,3,1,3,2,21,21,21,55,30.66660044,-96.32350569,FM,1179,,8.324,FM1179,3198,1316,1,8.265,412,0.335,,,,WILDFLOWER DR,,,,,Y,Y,N,5,7,Y,FRI,2,0,3,3,0,3,4,120,28,22,2,2,2,2,3,5,2,3,5,0,0,3,16,11209,2014,11209,2.8,3.6,6.4,1,129,4,1,30,,,,,,,,,,,,,,,,,,,,,,0,0,0,1,0,0,0,249,,,
13283079,N,Y,N,N,N,N,N,5/16/2013,10:13 AM,13-00222,,101,304,N,N,,,19,,,1,,,POINT LOOKOUT,DR,N,N,25,N,N,PAVED ROADWAY,N,19,,,1,,,SPACE PARK,DR,,,,,PAVED ROADWAY,,11,1,98,,1,1,1,10:13 AM,I OBSERVED IT,10:13 AM,5/16/2013,N,TX1012800,1830,,,,8,7,3,4,36,13,1,5,4,32,21,101,304,29.54791801,-95.09464115,,,,,POINT LOOKOUT DR,,,,,,,,,,,,,,,N,N,Y,5,3,Y,THU,,,,,,,,,,,,,,,,,,,,,,,,,,,,,,,,,,,,,,,,,,,,,,,,,,,,,,,,0,0,0,1,0,0,0,15,,,
13283363,N,N,N,N,N,N,N,5/10/2013,5:07 PM,13-014726,,240,254,N,Y,,,19,,,1,2900,,SAN BERNARDO,AVE,N,N,35,N,N,,Y,19,,,1,800,,FRANKFORT,,,,,,,,11,1,4,3,1,1,8,5:12 PM,RADIO DISPATCHED,5:26 PM,5/10/2013,Y,TX2400100,1644,,,42,8,2,1,10,64,54,1,2,1,21,21,240,254,27.52539555,-99.50444403,BI,35,A,1.504,BI0035A,2901,18,8,1.504,632,-0.49,,,,FRANKFORT ST,,,,,Y,Y,N,5,8,Y,FRI,2,0,0,0,0,9,4,80,67,51,6,1,1,1,0,0,1,0,0,0,0,4,14,10725,2014,10725,4.5,1.9,6.5,,,,,,,,,,,,,,,,,,,,,,,,,,,0,0,0,2,0,0,0,205,,,
13283364,N,N,N,N,N,N,N,5/10/2013,4:41 PM,13-014722,,240,254,N,Y,,,19,,,1,1212,E,DEL MAR,,N,N,30,N,N,,N,19,,,1,,,MCPHERSON,,,,,,,,11,1,2,,1,1,12,4:44 PM,MCT DISPATCH,4:50 PM,5/10/2013,Y,TX2400100,1644,,,21,8,2,2,21,64,9,1,5,1,21,21,240,254,27.57413574,-99.47315989,,,,,E DEL MAR BLVD,,,,,,,,,,UNKNOWN,,,,,Y,N,N,5,8,Y,FRI,,,,,,,,,,,,,,,,,,,,,,,,,,,,,,,,,,,,,,,,,,,,,,,,,,,,,,,,0,0,0,3,0,0,0,205,,,
13283440,N,N,N,N,N,N,N,5/14/2013,6:17 PM,13-015211,,240,254,N,N,,,2,83,,1,,,2200 S US HIGHWAY 83,,N,N,35,N,N,,N,19,,,1,2000,,ZACATECAS,ST,,,,,,,11,1,2,2,1,1,20,6:24 PM,SELF DISPATCH,6:29 PM,5/14/2013,N,TX2400100,1644,,,,8,2,2,13,64,54,1,2,1,21,21,240,254,27.4762958,-99.47475593,US,83,,692.15,US0083,,38,1,2.991,720,1.06,,,,ZACATECAS ST,,,,,N,Y,N,5,8,Y,TUE,3,0,0,9,4,2,4,120,86,48,4,0,2,1,0,0,2,18,5,1,4,4,14,31323,2014,31323,3.9,16.7,20.6,,,,,,,,,,,,,,,,,,,,,,,,,,,0,0,0,4,1,0,0,205,,,
13283445,N,N,N,N,N,N,N,5/14/2013,4:37 PM,13-015192,,240,254,N,Y,,,19,,,1,135,,SEGOVIA,DR,N,N,10,N,N,,N,19,,,1,200,,BURGOS,,,,,,,,12,1,2,,1,1,8,4:37 PM,MCT DISPATCHED,4:49 PM,5/14/2013,Y,TX2400100,1644,,,81,8,4,3,4,64,14,1,5,2,32,21,240,254,27.43875638,-99.48981038,,,,,SEGOVIA DR,203,,,,,,,,,,,,,,Y,N,N,0,8,Y,TUE,,,,,,,,,,,,,,,,,,,,,,,,,,,,,,,,,,,,,,,,,,,,,,,,,,,,,,,,0,0,0,0,1,0,0,205,,,
13283630,N,N,N,N,N,N,N,5/12/2013,8:24 PM,13-10467,,68,315,N,Y,,,2,80,,1,2400,W,2ND,ST,N,N,50,N,N,,N,19,,,1,200,N,HARLESS,ST,,,,,,,11,5,2,3,1,1,1,8:26 PM,DISPATCHED,8:30 PM,5/12/2013,Y,680200,1873,,48,59,8,2,2,20,64,46,1,2,1,21,21,68,315,31.83201908,-102.394164,BI,20,E,2.581,BI0020E,,5,1,7.571,298,0.35,,,,HARLESS AVE,,,,,Y,Y,N,3,8,Y,SUN,2,0,10,10,0,2,4,120,80,48,4,1,1,2,10,5,2,10,5,0,0,3,14,9307,2014,9307,2.2,3.4,5.7,,,,,,,,,,,,,,,,,,,,,,,,,,,0,0,1,1,0,1,0,174,,,
13283658,N,N,N,N,N,N,N,5/8/2013,7:51 PM,13-128291,,71,136,N,Y,31.92079,-106.40717,19,,,1,10600,,MCCOMBS,ST,N,N,45,N,N,,N,19,,,1,5700,,SARAH ANNE,,,,,,,,11,4,0,2,1,1,1,7:52 PM,DISPATCHED,7:58 PM,5/8/2013,Y,TX0710200,1259,,,194,8,2,2,21,1,9,1,3,1,21,21,71,136,31.92145352,-106.4073243,FM,2529,,6.52,FM2529,,2326,1,6.576,316,0.609,,,,SARAH ANNE AVE,,,,,Y,Y,N,2,9,Y,WED,3,0,0,0,49,3,5,150,71,57,4,1,1,1,3,0,1,8,0,1,46,4,14,13761,2014,13761,3.8,2.1,5.9,,,,,,,,,,,,,,,,,,,,,,,,,,,0,1,0,1,0,1,0,66,,,
13283673,N,N,N,N,N,N,N,5/6/2013,11:50 AM,13-9913,,68,315,N,Y,,,3,191,,1,3801,E,42ND,ST,Y,N,45,N,N,HEB PARKING LOT,N,19,,,1,4200,N,GRANDVIEW,AVE,,,,,CURBLINE,,11,1,0,,1,1,1,12:07 PM,DISPATCH,12:16 PM,5/6/2013,Y,TX06802X1,1873,,,,8,4,4,1,64,54,7,9,5,33,21,68,315,,,SH,191,,,SH0191,,,,,,,,,,,,,,,N,Y,N,5,8,N,MON,,,,,,,,,,,,,,,,,,,,,,,,,,,,,,,,,,,,,,,,,,,,,,,,,,,,,,,,0,0,0,1,0,0,0,,,,
13283678,N,N,N,N,N,N,N,5/10/2013,12:07 PM,13-10269,,68,315,N,Y,,,19,,,1,1400,N,JOHN BEN SHEPPERD,PKWY,N,N,45,N,N,,Y,19,,,1,4600,,OAKWOOD,DR,,,,,,,12,1,0,,1,1,5,12:08 PM,DISPATCH,12:12 PM,5/10/2013,Y,680200,1873,,,,8,2,1,34,64,3,1,5,1,21,21,68,315,31.87609465,-102.3284913,,,,,JOHN BEN SHEPPERD PKWY,1500,,,,,,,,,OAKWOOD DR,,,,,Y,N,N,3,8,Y,FRI,,,,,,,,,,,,,,,,,,,,,,,,,,,,,,,,,,,,,,,,,,,,,,,,,,,,,,,,0,0,2,0,0,2,0,174,,,