Crash_ID,Crash_Fatal_Fl,Cmv_Involv_Fl,Schl_Bus_Fl,Rr_Relat_Fl,Medical_Advisory_Fl,Amend_Supp_Fl,Active_School_Zone_Fl,Crash_Date,Crash_Time,Case_ID,Local_Use,Rpt_CRIS_Cnty_ID,Rpt_City_ID,Rpt_Outside_City_Limit_Fl,Thousand_Damage_Fl,Rpt_Latitude,Rpt_Longitude,Rpt_Rdwy_Sys_ID,Rpt_Hwy_Num,Rpt_Hwy_Sfx,Rpt_Road_Part_ID,Rpt_Block_Num,Rpt_Street_Pfx,Rpt_Street_Name,Rpt_Street_Sfx,Private_Dr_Fl,Toll_Road_Fl,Crash_Speed_Limit,Road_Constr_Zone_Fl,Road_Constr_Zone_Wrkr_Fl,Rpt_Street_Desc,At_Intrsct_Fl,Rpt_Sec_Rdwy_Sys_ID,Rpt_Sec_Hwy_Num,Rpt_Sec_Hwy_Sfx,Rpt_Sec_Road_Part_ID,Rpt_Sec_Block_Num,Rpt_Sec_Street_Pfx,Rpt_Sec_Street_Name,Rpt_Sec_Street_Sfx,Rpt_Ref_Mark_Offset_Amt,Rpt_Ref_Mark_Dist_Uom,Rpt_Ref_Mark_Dir,Rpt_Ref_Mark_Nbr,Rpt_Sec_Street_Desc,Rpt_CrossingNumber,Wthr_Cond_ID,Light_Cond_ID,Entr_Road_ID,Road_Type_ID,Road_Algn_ID,Surf_Cond_ID,Traffic_Cntl_ID,Investigat_Notify_Time,Investigat_Notify_Meth,Investigat_Arrv_Time,Report_Date,Investigat_Comp_Fl,ORI_Number,Investigat_Agency_ID,Investigat_Area_ID,Investigat_District_ID,Investigat_Region_ID,Bridge_Detail_ID,Harm_Evnt_ID,Intrsct_Relat_ID,FHE_Collsn_ID,Obj_Struck_ID,Othr_Factr_ID,Road_Part_Adj_ID,Road_Cls_ID,Road_Relat_ID,Phys_Featr_1_ID,Phys_Featr_2_ID,Cnty_ID,City_ID,Latitude,Longitude,Hwy_Sys,Hwy_Nbr,Hwy_Sfx,Dfo,Street_Name,Street_Nbr,Control,Section,Milepoint,Ref_Mark_Nbr,Ref_Mark_Displ,Hwy_Sys_2,Hwy_Nbr_2,Hwy_Sfx_2,Street_Name_2,Street_Nbr_2,Control_2,Section_2,Milepoint_2,Txdot_Rptable_Fl,Onsys_Fl,Rural_Fl,Crash_Sev_ID,Pop_Group_ID,Located_Fl,Day_of_Week,Hwy_Dsgn_Lane_ID,Hwy_Dsgn_Hrt_ID,Hp_Shldr_Left,Hp_Shldr_Right,Hp_Median_Width,Base_Type_ID,Nbr_Of_Lane,Row_Width_Usual,Roadbed_Width,Surf_Width,Surf_Type_ID,Curb_Type_Left_ID,Curb_Type_Right_ID,Shldr_Type_Left_ID,Shldr_Width_Left,Shldr_Use_Left_ID,Shldr_Type_Right_ID,Shldr_Width_Right,Shldr_Use_Right_ID,Median_Type_ID,Median_Width,Rural_Urban_Type_ID,Func_Sys_ID,Adt_Curnt_Amt,Adt_Curnt_Year,Adt_Adj_Curnt_Amt,Pct_Single_Trk_Adt,Pct_Combo_Trk_Adt,Trk_Aadt_Pct,Curve_Type_ID,Curve_Lngth,Cd_Degr,Delta_Left_Right_ID,Dd_Degr,Feature_Crossed,Structure_Number,I_R_Min_Vert_Clear,Approach_Width,Bridge_Median_ID,Bridge_Loading_Type_ID,Bridge_Loading_In_1000_Lbs,Bridge_Srvc_Type_On_ID,Bridge_Srvc_Type_Under_ID,Culvert_Type_ID,Roadway_Width,Deck_Width,Bridge_Dir_Of_Traffic_ID,Bridge_Rte_Struct_Func_ID,Bridge_IR_Struct_Func_ID,CrossingNumber,RRCo,Poscrossing_ID,WDCode_ID,Standstop,Yield,Incap_Injry_Cnt,Nonincap_Injry_Cnt,Poss_Injry_Cnt,Non_Injry_Cnt,Unkn_Injry_Cnt,Tot_Injry_Cnt,Death_Cnt,MPO_ID,Investigat_Service_ID,Investigat_DA_ID,Investigator_Narrative
13303088,N,N,N,N,N,N,N,5/17/2013,3:31 PM,13-0074,,43,1165,N,Y,,,4,2514,,1,6500,E,PARKER,RD,N,N,45,N,N,,Y,19,,,1,4100,,ANDYS,LN,,,,,,,11,1,2,2,1,1,11,3:32 PM,DISPATCH,3:35 PM,5/17/2013,Y,TX0431900,1909,,,45,8,2,1,22,64,42,1,3,1,21,21,43,1165,33.05530529,-96.60870258,FM,2514,,2.548,FM2514,6698,2679,2,0.176,598,-1.606,,,,ANDYS LN,,,,,Y,Y,Y,3,3,Y,FRI,3,0,2,2,44,8,4,150,56,48,5,1,2,2,4,5,2,4,5,1,40,4,16,8447,2014,8447,4.7,0.8,5.5,,,,,,,,,,,,,,,,,,,,,,,,,,,0,0,2,2,1,2,0,282,,,
13303132,N,N,N,N,N,N,N,5/7/2013,7:58 PM,2013-011170,,123,30,N,Y,,,19,,,1,1100,,MARTIN LUTHER KING,PKWY,N,N,30,N,N,,N,19,,,1,1400,,EVALON,AVE,,,,,,,11,4,0,3,2,1,20,8:00 PM,DISPATCHED,8:06 PM,5/7/2013,Y,TX1230100,104,,,,8,2,4,21,64,54,1,2,1,21,21,123,30,30.09301499,-94.11100233,SS,380,,0.241,SS0380,,65,8,8.534,442,0.209,,,,,,,,,Y,Y,N,5,8,Y,TUE,0,0,0,0,0,9,6,120,80,80,5,2,2,1,0,0,1,0,0,4,0,3,14,20735,2014,20735,2.9,4.8,7.7,,,,,,,,,,,,,,,,,,,,,,,,,,,0,0,0,2,0,0,0,135,,,
13304245,N,N,N,N,N,Y,N,4/15/2013,9:30 AM,130049878,0,101,1666,Y,N,,,19,,,1,19300,W,LAKE HOUSTON,PKWY,N,N,35,N,N,,N,4,1960,,,,E,NOT REPORTED,,,,,,,,11,1,98,,1,1,20,9:36 AM,DISPATCHED,9:36 AM,6/3/2013,Y,TX1010000,1419,117,4,5,8,2,1,10,64,54,1,5,1,21,21,101,1666,29.99930613,-95.1626023,,,,,W LAKE HOUSTON PKWY,,,,,,,FM,1960,,FM1960,,,,,N,N,Y,5,0,Y,MON,,,,,,,,,,,,,,,,,,,,,,,,,,,,,,,,,,,,,,,,,,,,,,,,,,,,,,,,0,0,0,3,0,0,0,15,,,
13304351,N,N,N,N,N,N,N,5/19/2013,4:53 AM,130067304,0,101,1666,Y,Y,,,1,45,,2,17100,,NORTH,FWY,N,N,50,N,N,,N,4,1960,,,,,NOT REPORTED,,,,,,,,12,3,0,2,1,1,20,6:02 AM,DISPATCHED,6:14 AM,5/19/2013,N,TX1010000,1419,117,4,5,8,7,4,1,21,33,2,1,2,21,21,101,1666,30.02052848,-95.42877395,IH,45,,66.536,IH0045,,110,5,42.565,66,0.512,,,,,,,,,Y,Y,Y,5,0,Y,SUN,5,1,10,10,40,9,10,390,180,120,5,0,0,2,20,5,2,20,5,2,20,4,11,247047,2014,247047,5.5,4.6,10.1,,,,,,,,,,,,,,,,,,,,,,,,,,,0,0,0,1,1,0,0,15,,,
13306976,N,N,N,N,N,N,N,4/19/2013,3:40 PM,131091365,131091365,227,22,N,Y,,,19,,,1,2800,,ALVIN DEVANE,,N,N,45,N,N,,N,19,,,,,E,OLTORF,ST,,,,,,,11,1,0,,1,1,1,3:39 PM,DISPATCHED,3:51 PM,4/19/2013,Y,TX2270100,74,20,98,129,8,2,2,12,64,38,1,5,1,21,21,227,22,30.21906479,-97.71858247,,,,,ALVIN DEVANE BLVD,2800,,,,,,,,,UNKNOWN,,,,,Y,N,N,3,9,Y,FRI,,,,,,,,,,,,,,,,,,,,,,,,,,,,,,,,,,,,,,,,,,,,,,,,,,,,,,,,0,0,1,3,0,1,0,90,,,
13309316,N,N,N,N,N,N,N,5/20/2013,1:05 PM,2013-10189,,129,425,N,Y,,,19,,,1,,,POETRY,RD,N,N,40,N,N,,Y,19,,,,,,WALNUT,ST,,,,,,,11,1,2,1,7,1,20,1:06 PM,RADIO/DISPATCH,1:09 PM,5/20/2013,Y,TX1290500,2226,,,65,8,7,2,1,20,54,1,3,2,21,21,129,425,32.75405873,-96.28447301,FM,986,,7.263,FM0986,100,642,5,7.285,264,3.446,,,,WALNUT ST,,,,,Y,Y,N,5,5,Y,MON,2,0,0,4,0,2,2,100,36,24,6,2,2,1,0,0,2,4,5,0,0,2,17,6062,2014,6062,3.4,3.6,7,2,0,0,1,27,,,,,,,,,,,,,,,,,,,,,,0,0,0,1,0,0,0,282,,,
13309336,N,N,N,N,N,N,N,5/2/2013,9:55 AM,13-0502-0022,13A08,246,372,N,Y,,,19,,,1,300,,UNIVERSITY,BLVD,N,N,45,N,N,,N,19,,,,314,,UNIVERSITY,BLVD,,,,,,,12,1,0,,1,1,1,9:56 AM,DISPATCHED,10:13 AM,5/2/2013,Y,TX2460500,2047,,,,8,2,3,10,64,14,1,5,1,32,21,246,372,30.55983472,-97.68637246,,,,,UNIVERSITY BLVD,300,,,,,,,,,,,,,,Y,N,N,2,8,Y,THU,,,,,,,,,,,,,,,,,,,,,,,,,,,,,,,,,,,,,,,,,,,,,,,,,,,,,,,,0,1,0,1,0,1,0,90,,,
13309384,N,N,N,N,N,N,N,4/30/2013,7:50 AM,13-00130,,90,322,N,Y,,,19,,,1,2100,N,COFFEE ST,,N,N,30,N,N,,N,19,,,1,500,W,22ND AVE,,,,,,,,11,1,0,,1,1,1,7:50 AM,RADIO,7:53 AM,4/30/2013,Y,TX0900200,1901,,,35,8,2,3,11,64,14,1,5,1,32,21,90,322,35.56030689,-100.9708206,,,,,COFFEE ST,2191,,,,,,,,,,,,,,Y,N,N,5,5,Y,TUE,,,,,,,,,,,,,,,,,,,,,,,,,,,,,,,,,,,,,,,,,,,,,,,,,,,,,,,,0,0,0,2,0,0,0,,,,
13309822,N,N,N,N,N,N,N,4/25/2013,7:38 AM,13-0425-0003,13A05,246,372,N,Y,,,19,,,1,100,,MCNEIL,RD,N,N,40,N,N,,Y,19,,,1,100,,FLORENCE,ST,,,,,,,12,1,0,,4,1,9,7:46 AM,DISPATCH,7:47 AM,4/25/2013,Y,2460500,2047,,,,8,2,2,14,64,54,1,5,1,21,21,246,372,30.50649473,-97.67870247,,,,,MCNEIL RD,199,,,,,,,,,FLORENCE ST,,,,,Y,N,N,5,8,Y,THU,,,,,,,,,,,,,,,,,,,,,,,,,,,,,,,,,,,,,,,,,,,,,,,,,,,,,,,,0,0,0,2,0,0,0,90,,,
13310213,N,N,N,N,N,N,N,5/5/2013,9:04 PM,130060289,1,101,1666,Y,Y,,,3,249,,2,21600,,TOMBALL,PKWY,N,N,45,N,N,,N,19,,,,,,JONES,RD,,,,,,,11,4,0,2,1,1,5,9:10 PM,DISPATCHED,9:18 PM,5/5/2013,N,TX1010000,1419,55,33,5,8,2,2,22,64,38,2,2,1,21,21,101,1666,30.00155399,-95.58324536,SH,249,,13.395,SH0249,,720,3,9.738,458,0.998,,,,JONES RD,,,,,Y,Y,Y,5,0,Y,SUN,5,0,20,10,42,3,6,400,132,72,5,0,0,2,40,5,2,20,5,2,2,4,12,52892,2014,52892,5.1,7.4,12.4,,,,,,,,,,,,,,,,,,,,,,,,,,,0,0,0,9,0,0,0,15,,,
13310629,N,N,N,N,N,N,N,5/10/2013,6:35 PM,130063003,0,101,1666,Y,N,,,19,,,1,1400,,LOUETTA,RD,N,N,45,N,N,CONCRETE,Y,1,45,,2,20500,,NOT REPORTED,,,,,,CONCRETE,,11,1,3,2,1,1,11,6:43 PM,DISPATCHED,7:03 PM,5/10/2013,Y,TX1014900,2744,49,209,6,8,2,2,22,64,42,2,1,1,21,21,101,1666,30.06306074,-95.43381042,IH,45,,69.487,IH0045,,110,5,45.514,69,0.431,,,,LOUETTA XING,,,,,N,Y,Y,5,0,Y,FRI,5,0,10,10,45,9,8,390,180,120,5,0,0,2,20,5,2,20,5,2,25,4,11,187346,2014,187346,5.5,4.6,10.1,,,,,,,,,,,,,,,,,,,,,,,,,,,0,0,0,2,0,0,0,15,,,
13310852,N,N,N,N,N,N,N,4/14/2013,10:50 PM,13-002984,,108,199,N,Y,,,19,,,1,2100,E,TAMPICO,ST,N,N,20,N,N,,N,19,,,1,2100,E,N LAS PALMAS,ST,,,,,,,11,4,0,,1,1,1,10:50 PM,DISPATCHED,11:12 PM,4/14/2013,Y,TX1080600,1452,,,,8,4,4,1,64,54,1,5,1,21,21,108,199,26.10340938,-98.23608896,,,,,TAMPICO ST,2100,,,,,,,,,,,,,,Y,N,N,0,5,Y,SUN,,,,,,,,,,,,,,,,,,,,,,,,,,,,,,,,,,,,,,,,,,,,,,,,,,,,,,,,0,0,0,0,1,0,0,230,,,
13312752,N,Y,N,N,N,N,N,4/12/2013,3:47 PM,0044586913I,,101,208,N,Y,,,19,,,1,13399,,SKYVIEW PARK,DR,N,N,30,N,N,CONCRETE,Y,19,,,1,2700,,ALMEDA GENOA,RD,,,,,,,11,1,0,,1,1,20,3:47 PM,HPD DISPATCHER,3:47 PM,6/11/2013,Y,TXHPD0000,2469,6,104,49,8,2,2,22,64,38,1,5,1,21,21,101,208,29.61408483,-95.38106309,,,,,SKYVIEW PARK DR,,,,,,,,,,ALMEDA GENOA RD,,,,,Y,N,N,5,9,Y,FRI,,,,,,,,,,,,,,,,,,,,,,,,,,,,,,,,,,,,,,,,,,,,,,,,,,,,,,,,0,0,0,2,0,0,0,15,,,
13314844,N,N,N,N,N,N,N,5/2/2013,4:25 PM,G13007201,,111,176,N,Y,,,19,,,1,1700,W,DOYLE,ST,N,N,20,N,N,,N,19,,,,100,,MEADOWS NORTH,ST,,,,,,,12,1,0,,1,1,1,4:29 PM,DISPATCHED,4:37 PM,5/2/2013,Y,TX1110100,1371,,,,8,4,4,1,64,3,1,5,1,21,21,111,176,32.43699921,-97.80703264,,,,,W DOYLE ST,1782,,,,,,,,,,,,,,Y,N,N,5,4,Y,THU,,,,,,,,,,,,,,,,,,,,,,,,,,,,,,,,,,,,,,,,,,,,,,,,,,,,,,,,0,0,0,1,0,0,0,282,,,
13315195,N,N,N,N,N,N,N,5/13/2013,1:37 PM,2013-000066,,71,207,N,Y,,,17,,,7,12556,,WEAVER,RD,Y,N,0,N,N,TWO WAY,N,19,,,1,12762,S,KENAZO,RD,,,,,TWO WAY,,11,1,0,,1,1,10,1:37 PM,DISPATCHED,1:40 PM,5/13/2013,Y,,1476,,,,8,4,4,4,64,12,7,9,5,33,21,71,207,,,,,,,WEAVER RD,,,,,,,,,,,,,,,N,N,N,5,5,N,MON,,,,,,,,,,,,,,,,,,,,,,,,,,,,,,,,,,,,,,,,,,,,,,,,,,,,,,,,0,0,0,1,0,0,0,,,,
13315470,N,N,N,N,N,N,N,5/11/2013,9:05 PM,,13-065336,57,107,N,Y,,,1,35,,1,7200,N,STEMMONS,FWY,N,N,60,N,N,,N,19,,,1,,,MOCKINGBIRD,LN,,,,,,,11,4,0,,2,1,11,9:09 PM,RADIO DISPATCHED,9:15 PM,5/12/2013,Y,TX0570000,1169,,41,22,8,4,4,1,64,54,1,1,3,21,21,57,107,,,IH,35,,,IH0035,,,,,,,,,,,,,,,Y,Y,N,2,9,N,SAT,,,,,,,,,,,,,,,,,,,,,,,,,,,,,,,,,,,,,,,,,,,,,,,,,,,,,,,,0,1,0,2,0,1,0,,,,
13316528,N,N,N,N,N,N,N,5/11/2013,3:22 AM,SAPD13099488,4170,15,379,N,N,,,19,,,1,100,,DELMAR,,N,N,-1,N,N,,N,19,,,,500,,ARANSAS,,,,,,,,11,4,0,,1,1,1,3:23 AM,DISPATCHED,3:41 AM,5/23/2013,Y,TXSPD0000,2473,,109,138,8,4,4,4,64,12,7,9,5,33,21,15,379,,,,,,,DELMAR,,,,,,,,,,,,,,,N,N,N,5,9,N,SAT,,,,,,,,,,,,,,,,,,,,,,,,,,,,,,,,,,,,,,,,,,,,,,,,,,,,,,,,0,0,0,2,0,0,0,,,,
13317930,N,N,N,N,N,N,N,5/21/2013,4:00 PM,13-00402,,108,382,N,N,,,19,,,1,600,N,NEBRASKA,,N,N,45,N,N,,N,2,83,,1,100,E,EXPRESSWAY 83,,,,,,,,11,1,0,3,1,1,17,4:10 PM,RADIO,4:15 PM,5/21/2013,N,TX1081300,2083,,,33,8,2,4,20,64,9,1,3,1,21,21,108,382,26.18951739,-98.15547521,FM,1426,,7.557,FM1426,446,1429,2,7.557,722,1.543,,,,,,,,,N,Y,N,5,6,Y,TUE,2,0,13,13,0,2,4,90,78,48,4,2,2,2,13,5,2,13,5,0,0,4,14,17998,2014,17998,2.4,4.5,6.9,,,,,,,,,,,,,,,,,,,,,,,,,,,0,0,0,2,0,0,0,230,,,
13318196,N,N,N,N,N,N,N,5/1/2013,11:24 AM,13CP027351,,220,86,N,Y,32.9132,-97.1307,3,26,,1,7200,,COLLEYVILLE,BLVD,N,N,45,Y,Y,,N,19,,,,,,LONGWOOD,DR,,,,,,,11,1,0,3,1,1,5,11:34 AM,DISPATCH,11:41 AM,5/1/2013,Y,TX2204000,302,131,8,23,8,2,4,22,64,49,1,2,1,21,21,220,86,32.91333432,-97.13036774,SH,26,,10.191,SH0026,7231,363,1,12.611,570,0.096,,,,,,,,,Y,Y,N,5,5,Y,WED,2,0,10,10,0,2,4,150,68,48,4,0,0,2,10,5,2,10,5,0,0,4,14,30753,2014,30753,2.5,0.4,2.9,,,,,,,,,,,,,,,,,,,,,,,,,,,0,0,0,3,0,0,0,282,,,
13319714,N,N,N,N,N,N,N,4/8/2013,1:25 PM,13-0047,,238,297,N,Y,31.59321,-102.89363,19,,,1,100,W,SECOND,ST,N,N,30,N,N,,Y,19,,,1,200,S,ALICE,ST,,,,,,,11,1,4,,1,1,8,1:25 PM,DISPATCH,1:25 PM,4/8/2013,Y,TX2380100,1794,,,,8,2,1,10,64,16,1,5,1,21,21,238,297,31.59329473,-102.8938012,,,,,W 2ND ST,200,,,,,,,,,S ALICE AVE,,,,,Y,N,N,5,4,Y,MON,,,,,,,,,,,,,,,,,,,,,,,,,,,,,,,,,,,,,,,,,,,,,,,,,,,,,,,,0,0,0,2,0,0,0,,,,
13319912,N,N,N,N,N,N,N,5/15/2013,9:00 AM,130065182,0,101,1666,Y,Y,,,3,249,,2,19500,,NOT REPORTED,,N,N,45,N,N,,N,19,,,1,10000,,CYPRESSWOOD,DR,,,,,,,2,1,0,2,1,2,20,9:23 AM,ON VIEW,9:23 AM,5/15/2013,Y,TX1014900,2744,250,5,6,8,2,3,23,64,13,2,2,1,32,21,101,1666,29.99358842,-95.57624516,SH,249,,14.087,SH0249,,720,3,10.434,0460A,-0.748,,,,,,,,,Y,Y,Y,5,0,Y,WED,5,0,20,10,42,3,6,400,132,72,5,0,0,2,40,5,2,20,5,2,2,4,12,52892,2014,52892,5.1,7.4,12.4,1,629,0,2,12,,,,,,,,,,,,,,,,,,,,,,0,0,0,3,0,0,0,15,,,
13319959,N,N,N,N,N,N,N,4/10/2013,11:00 AM,13A04661,,24,146,N,Y,,,13,0,,1,100,N,ST MARYS,,N,N,30,N,N,,Y,19,,,3,,W,RICE,,,,,,,,11,1,0,2,1,1,11,3:00 PM,RADIO DISPATCHED,3:00 PM,4/10/2013,Y,TX0240100,1287,,101,135,8,2,2,22,64,38,1,2,1,21,21,24,146,27.22638321,-98.14090729,US,281,,498.84,US0281,,255,14,0.852,708,2.492,SH,285,,SH0285,,102,7,30.178,Y,Y,Y,5,3,Y,WED,4,0,4,9,10,2,4,350,75,48,4,0,0,2,8,5,2,19,5,,2,1,2,10181,2014,10181,5,37.1,42.1,,,,,,,,,,,,,,,,,,,,,,,,,,,0,0,0,2,0,0,0,,,,
13320172,N,N,N,N,N,N,N,5/10/2013,4:45 PM,13-00509,,57,436,N,Y,,,19,,,1,4000,,NORMANDY,,N,N,30,N,N,PUBLIC STREET,N,19,,,1,6000,,PRETSTON,,,,,,PUBLIC STREET,,11,1,2,,1,1,5,4:45 PM,DISPATCHED,4:54 PM,5/10/2013,Y,TX0572400,2341,,41,101,8,2,2,11,64,12,1,5,1,12,21,57,200,32.83874425,-96.80188257,,,,,NORMANDY AVE,4000,,,,,,,,,UNKNOWN,,,,,Y,N,N,5,4,Y,FRI,,,,,,,,,,,,,,,,,,,,,,,,,,,,,,,,,,,,,,,,,,,,,,,,,,,,,,,,0,0,0,2,0,0,0,282,,,
13320271,N,N,N,N,N,N,N,5/16/2013,3:07 PM,A13-15257,,108,295,N,Y,,,19,,,7,100,S,BRYAN,RD,N,N,35,N,N,,N,19,,,,1300,E,1ST,ST,,,,,,,11,1,0,,1,1,1,3:07 PM,RADIO DISPATCH,3:15 PM,5/16/2013,Y,TX1081000,1791,,,,8,4,4,4,64,12,7,9,5,33,21,108,295,,,,,,,S BRYAN RD,,,,,,,,,,,,,,,N,N,N,0,7,N,THU,,,,,,,,,,,,,,,,,,,,,,,,,,,,,,,,,,,,,,,,,,,,,,,,,,,,,,,,0,0,0,0,1,0,0,,,,
13320859,N,N,N,N,N,N,N,5/18/2013,11:40 PM,13014740,,236,213,N,Y,,,19,,,1,1400,,VETERANS MEMORIAL PARKWAY,,N,N,45,N,N,,N,19,,,1,1300,,SMITHER,DR,,,,,,,11,3,98,,2,1,1,11:42 PM,RADIO,11:48 PM,5/18/2013,Y,TX2360100,1502,,,19,8,6,4,1,64,54,1,5,1,21,21,236,213,30.70144801,-95.57306183,,,,,VETERANS MEMORIAL PKWY,,,,,,,,,,,,,,,Y,N,N,5,6,Y,SAT,,,,,,,,,,,,,,,,,,,,,,,,,,,,,,,,,,,,,,,,,,,,,,,,,,,,,,,,0,0,0,4,0,0,0,,,,
13320896,N,N,N,N,N,N,N,5/17/2013,2:02 AM,13014534,FSGI,236,213,N,N,,,3,30,,1,,,SH 30 WEST,,N,N,40,N,N,SH 30 W,Y,1,45,,2,,,IH 45 WFR,,,,,,,,11,4,0,2,2,1,5,7:45 AM,PHONE,7:55 AM,5/17/2013,Y,TX2360100,1502,,,19,8,2,1,34,64,54,2,1,1,21,21,236,213,30.71781691,-95.56958385,IH,45,,116.695,IH0045,,675,7,15.887,117,-0.237,SH,30,,SH0030,,,,,N,Y,N,5,6,Y,FRI,5,0,8,10,61,8,4,350,84,48,6,0,0,2,16,5,2,20,5,2,45,2,11,32401,2014,32401,2.8,19.2,22,,,,,,,,,,,,,,,,,,,,,,,,,,,0,0,0,1,1,0,0,,,,
13320909,N,N,N,N,N,N,N,5/6/2013,10:56 AM,13013162,FSGI,236,213,N,Y,,,2,190,,7,2033,,11TH,,Y,N,0,N,N,FIRST VICTORIA BANK DRIVE-THRU,N,19,,,1,,,NORMAL PARK,,,,,,,,8,0,0,,7,0,1,10:56 AM,RADIO,11:09 AM,5/6/2013,Y,TX2360100,1502,,,51,8,7,4,5,36,3,7,9,5,33,21,236,213,,,US,190,,,US0190,,,,,,,,,,,,,,,N,Y,N,0,6,N,MON,,,,,,,,,,,,,,,,,,,,,,,,,,,,,,,,,,,,,,,,,,,,,,,,,,,,,,,,0,0,0,0,1,0,0,,,,
13321686,N,Y,N,N,N,N,N,4/8/2013,2:03 PM,13-0048,,238,297,N,Y,31.60617,-102.8509,7,20,,1,3000,E,SEALY,AVE,N,N,65,N,N,,N,1,20,,3,,,MM83,,,,,,,,11,1,98,2,1,1,1,2:05 PM,COMMUNICATIONS,2:11 PM,4/8/2013,Y,TX2380100,1794,,,,8,2,4,21,64,9,1,1,1,21,21,238,1803,31.60624739,-102.8455978,IH,20,,83.394,IH0020,,4,4,35.232,84,-0.498,,,,,,,,,Y,Y,Y,2,0,Y,MON,5,0,4,10,50,1,4,600,76,48,2,0,0,2,14,5,2,14,5,3,36,2,11,11373,2014,11373,5,17.7,22.7,1,474,1,2,25,,,,,,,,,,,,,,,,,,,,,,0,1,0,1,0,1,0,,,,
13322861,N,N,N,N,N,N,N,5/19/2013,8:42 PM,13051921,,181,441,N,Y,,,4,105,,1,600,N,MAIN,ST,N,N,35,N,N,,N,19,,,2,100,E,FREEWAY,FWY,,,,,,,11,4,0,,1,1,20,8:42 PM,DISPATCH,8:43 PM,5/19/2013,Y,TX1810400,2368,,,,8,2,3,10,64,14,1,3,1,32,21,181,441,,,FM,105,,,FM0105,,,,,,,,,,,,,,,Y,Y,N,5,5,N,SUN,,,,,,,,,,,,,,,,,,,,,,,,,,,,,,,,,,,,,,,,,,,,,,,,,,,,,,,,0,0,0,2,0,0,0,,,,
13323318,N,N,N,N,N,N,N,5/20/2013,7:57 PM,13-05-0017,,208,402,N,Y,,,3,180,,1,500,,COLISEUM,DR,N,N,35,N,N,COLISEUM,Y,19,,,1,2600,,AVENUE E,,,,,,,,11,1,4,3,1,1,5,7:57 PM,ON VIEW,7:57 PM,5/20/2013,Y,TX2080100,2137,30,26,41,8,2,1,10,64,54,1,2,1,21,21,208,402,32.71593921,-100.901813,US,180,,104.692,US0180,499,53,17,7.678,356,-0.043,,,,AVENUE E,,,,,Y,Y,N,5,5,Y,MON,2,0,8,8,0,2,4,80,64,48,4,0,0,2,8,5,2,8,5,0,0,2,14,7465,2014,7465,21.9,20,41.9,,,,,,,,,,,,,,,,,,,,,,,,,,,0,0,0,6,0,0,0,,,,
13323592,N,N,N,N,N,N,N,5/17/2013,11:12 AM,13-137110,,71,136,N,Y,31.83962,-106.57095,19,,,1,7800,N,MESA,ST,N,N,40,N,N,,N,19,,,,4800,,OSBORNE,,,,,,,,11,1,0,2,1,1,1,11:12 AM,DISPATCHED,11:15 AM,5/17/2013,Y,TX0710200,1259,,,134,8,2,4,22,64,42,1,2,1,21,21,71,136,31.83982464,-106.5724254,SH,20,,11.592,SH0020,7800,1,2,11.638,320,-0.354,,,,,,,,,Y,Y,N,5,9,Y,FRI,3,0,0,0,21,2,6,150,72,72,4,1,1,1,0,0,1,0,0,1,21,4,14,31621,2014,31621,5.2,3.8,9.1,,,,,,,,,,,,,,,,,,,,,,,,,,,0,0,0,3,0,0,0,66,,,
13324034,N,N,N,N,N,N,N,5/17/2013,7:33 PM,20130015,20130409,66,159,N,Y,,,19,,,1,600,E,JOHNSON,ST,N,N,30,N,N,600 E. JOHNSON,Y,19,,,1,500,S,TIPTON,ST,,,,,500 S. TIPTON,,11,1,0,,1,1,8,7:33 PM,DISPATCHER,7:37 PM,5/17/2013,Y,660300,1325,,,,8,2,2,22,64,38,1,5,1,21,21,66,159,27.87957529,-98.61068234,,,,,E JOHNSON ST,799,,,,,,,,,S TIPTON ST,,,,,Y,N,Y,5,3,Y,FRI,,,,,,,,,,,,,,,,,,,,,,,,,,,,,,,,,,,,,,,,,,,,,,,,,,,,,,,,0,0,0,2,0,0,0,,,,
13325571,N,N,N,N,N,N,N,5/1/2013,5:31 PM,1305000064,,220,153,N,Y,,,1,20,,1,4000,E,NOT REPORTED,HWY,N,N,60,N,N,,N,19,,,,6500,N,FOREST HILL,DR,,,,,,,11,1,0,,1,1,1,5:31 PM,DISPATCH,5:34 PM,5/1/2013,Y,TX2201100,1309,,,,8,2,4,20,64,42,1,1,1,21,21,220,153,,,IH,20,,,IH0020,,,,,,,,,,,,,,,Y,Y,N,5,5,N,WED,,,,,,,,,,,,,,,,,,,,,,,,,,,,,,,,,,,,,,,,,,,,,,,,,,,,,,,,0,0,0,2,0,0,0,,,,
13325797,N,N,N,N,N,N,N,5/7/2013,6:43 PM,13NP030733,,220,312,N,Y,,,1,820,,2,6700,NE,NE LOOP 820,,N,N,50,Y,N,,N,19,,,2,5000,,RUFE SNOW,DR,,,,,,,11,1,0,2,2,1,20,7:19 PM,DISPATCH,7:23 PM,6/12/2013,N,TX2202100,1860,,,,8,2,2,20,64,49,2,1,1,21,21,220,312,32.84027496,-97.2371242,IH,820,,21.51,IH0820,,8,14,22.512,21,-0.047,,,,RUFE SNOW DR,,,,,Y,Y,N,5,7,Y,TUE,5,0,6,10,46,2,4,350,80,48,4,0,0,2,16,5,2,16,5,3,30,4,11,122219,2014,122219,3.6,5,8.5,,,,,,,,,,,,,,,,,,,,,,,,,,,0,0,0,1,1,0,0,282,,,