Crash_ID,Crash_Fatal_Fl,Cmv_Involv_Fl,Schl_Bus_Fl,Rr_Relat_Fl,Medical_Advisory_Fl,Amend_Supp_Fl,Active_School_Zone_Fl,Crash_Date,Crash_Time,Case_ID,Local_Use,Rpt_CRIS_Cnty_ID,Rpt_City_ID,Rpt_Outside_City_Limit_Fl,Thousand_Damage_Fl,Rpt_Latitude,Rpt_Longitude,Rpt_Rdwy_Sys_ID,Rpt_Hwy_Num,Rpt_Hwy_Sfx,Rpt_Road_Part_ID,Rpt_Block_Num,Rpt_Street_Pfx,Rpt_Street_Name,Rpt_Street_Sfx,Private_Dr_Fl,Toll_Road_Fl,Crash_Speed_Limit,Road_Constr_Zone_Fl,Road_Constr_Zone_Wrkr_Fl,Rpt_Street_Desc,At_Intrsct_Fl,Rpt_Sec_Rdwy_Sys_ID,Rpt_Sec_Hwy_Num,Rpt_Sec_Hwy_Sfx,Rpt_Sec_Road_Part_ID,Rpt_Sec_Block_Num,Rpt_Sec_Street_Pfx,Rpt_Sec_Street_Name,Rpt_Sec_Street_Sfx,Rpt_Ref_Mark_Offset_Amt,Rpt_Ref_Mark_Dist_Uom,Rpt_Ref_Mark_Dir,Rpt_Ref_Mark_Nbr,Rpt_Sec_Street_Desc,Rpt_CrossingNumber,Wthr_Cond_ID,Light_Cond_ID,Entr_Road_ID,Road_Type_ID,Road_Algn_ID,Surf_Cond_ID,Traffic_Cntl_ID,Investigat_Notify_Time,Investigat_Notify_Meth,Investigat_Arrv_Time,Report_Date,Investigat_Comp_Fl,ORI_Number,Investigat_Agency_ID,Investigat_Area_ID,Investigat_District_ID,Investigat_Region_ID,Bridge_Detail_ID,Harm_Evnt_ID,Intrsct_Relat_ID,FHE_Collsn_ID,Obj_Struck_ID,Othr_Factr_ID,Road_Part_Adj_ID,Road_Cls_ID,Road_Relat_ID,Phys_Featr_1_ID,Phys_Featr_2_ID,Cnty_ID,City_ID,Latitude,Longitude,Hwy_Sys,Hwy_Nbr,Hwy_Sfx,Dfo,Street_Name,Street_Nbr,Control,Section,Milepoint,Ref_Mark_Nbr,Ref_Mark_Displ,Hwy_Sys_2,Hwy_Nbr_2,Hwy_Sfx_2,Street_Name_2,Street_Nbr_2,Control_2,Section_2,Milepoint_2,Txdot_Rptable_Fl,Onsys_Fl,Rural_Fl,Crash_Sev_ID,Pop_Group_ID,Located_Fl,Day_of_Week,Hwy_Dsgn_Lane_ID,Hwy_Dsgn_Hrt_ID,Hp_Shldr_Left,Hp_Shldr_Right,Hp_Median_Width,Base_Type_ID,Nbr_Of_Lane,Row_Width_Usual,Roadbed_Width,Surf_Width,Surf_Type_ID,Curb_Type_Left_ID,Curb_Type_Right_ID,Shldr_Type_Left_ID,Shldr_Width_Left,Shldr_Use_Left_ID,Shldr_Type_Right_ID,Shldr_Width_Right,Shldr_Use_Right_ID,Median_Type_ID,Median_Width,Rural_Urban_Type_ID,Func_Sys_ID,Adt_Curnt_Amt,Adt_Curnt_Year,Adt_Adj_Curnt_Amt,Pct_Single_Trk_Adt,Pct_Combo_Trk_Adt,Trk_Aadt_Pct,Curve_Type_ID,Curve_Lngth,Cd_Degr,Delta_Left_Right_ID,Dd_Degr,Feature_Crossed,Structure_Number,I_R_Min_Vert_Clear,Approach_Width,Bridge_Median_ID,Bridge_Loading_Type_ID,Bridge_Loading_In_1000_Lbs,Bridge_Srvc_Type_On_ID,Bridge_Srvc_Type_Under_ID,Culvert_Type_ID,Roadway_Width,Deck_Width,Bridge_Dir_Of_Traffic_ID,Bridge_Rte_Struct_Func_ID,Bridge_IR_Struct_Func_ID,CrossingNumber,RRCo,Poscrossing_ID,WDCode_ID,Standstop,Yield,Incap_Injry_Cnt,Nonincap_Injry_Cnt,Poss_Injry_Cnt,Non_Injry_Cnt,Unkn_Injry_Cnt,Tot_Injry_Cnt,Death_Cnt,MPO_ID,Investigat_Service_ID,Investigat_DA_ID,Investigator_Narrative
13326214,N,N,N,N,N,N,N,3/30/2013,1:00 PM,SAPD13067224,4210,15,379,N,Y,,,19,,,1,3700,E,HOUSTON,ST,N,N,35,N,N,,Y,1,10,,4,,,NOT REPORTED,,,,,,,,11,1,4,2,1,1,5,1:01 PM,DISPATCH,1:10 PM,3/30/2013,Y,TXSPD0000,2473,,9,162,8,2,2,22,64,42,4,1,1,21,21,15,379,29.42436804,-98.42179207,IH,10,,577.614,IH0010,,25,2,6.456,579,-0.021,,,,E HOUSTON ST,,,,,Y,Y,N,2,9,Y,SAT,5,0,4,10,11,9,6,300,100,72,6,0,0,2,8,5,2,20,5,2,3,4,11,70953,2014,70953,1.9,2.8,4.7,1,757,1,2,0,,,,,,,,,,,,,,,,,,,,,,0,1,1,1,0,2,0,28,,,
13327463,N,N,N,N,N,N,N,5/15/2013,3:50 PM,05-13-00972,,108,4,N,Y,,,2,83,,1,700,W,EXPRESSWAY 83,HWY,N,N,70,N,N,700 BLOCK WEST EXPRESSWAY 83 HIGHWAY,N,19,,,1,700,,8TH ST,ST,,,,,700 BLOCK NORTH 8TH STREET,,11,1,0,3,1,1,1,3:50 PM,RADIO,3:56 PM,5/15/2013,Y,TX1080100,15,64,34,48,8,2,4,20,64,43,1,2,1,21,21,108,4,26.18273775,-98.11752206,BU,83,S,20.371,BU0083S,788,39,4,4.155,518,0.409,,,,,,,,,Y,Y,N,5,5,Y,WED,2,0,0,12,0,2,4,80,79,64,4,1,2,1,0,0,2,12,5,0,0,4,14,10282,2014,10282,1.3,0.2,1.5,,,,,,,,,,,,,,,,,,,,,,,,,,,0,0,0,2,0,0,0,230,,,
13329842,N,N,N,N,N,N,N,5/9/2013,12:25 AM,27841-13,,123,339,N,Y,,,3,347,,1,4400,,TWIN CITY,,N,N,40,N,N,,N,3,73,,1,4900,,NOT REPORTED,,,,,,,,12,4,4,2,1,1,5,12:25 AM,WITNESSED,12:25 AM,5/9/2013,Y,TX1230700,1948,,,,8,2,2,22,64,38,1,2,1,21,21,123,1688,29.93531229,-93.93266977,SH,347,,9.682,SH0347,,667,1,9.677,458,-0.567,SH,73,,SH0073,,,,,Y,Y,Y,5,0,Y,THU,3,0,0,0,20,3,6,107,72,72,6,0,0,1,0,0,1,0,0,1,20,3,14,17301,2014,17301,2.9,4.8,7.7,,,,,,,,,,,,,,,,,,,,,,,,,,,0,0,0,2,0,0,0,135,,,
13334068,N,N,N,N,N,Y,N,4/24/2013,4:02 PM,13-009538,,1,320,N,Y,,,19,,,1,700,,WEST POINT TAP,RD,N,N,30,N,N,,N,19,,,1,1800,,BASSETT,RD,,,,,,,11,1,98,,1,1,1,4:02 PM,DISPATCHED,4:10 PM,4/24/2013,Y,TX0010100,1896,,,33,8,2,3,23,64,13,1,5,1,32,21,1,320,31.73577478,-95.67452183,,,,,W POINT TAP RD,789,,,,,,,,,,,,,,Y,N,N,5,5,Y,WED,,,,,,,,,,,,,,,,,,,,,,,,,,,,,,,,,,,,,,,,,,,,,,,,,,,,,,,,0,0,0,2,0,0,0,,,,
13337464,N,N,N,N,N,Y,N,3/28/2013,9:11 PM,2013-03047,,71,1635,Y,Y,31.59845,-106.25457,19,,,1,300,,CAMINO DE LA ROSA,RD,N,N,30,N,N,TWO WAY BI-DIRECTIONAL ROADWAY,N,19,,,1,12200,,HERITAGE,WAY,,,,,TWO WAY BI-DIRECTIONAL,,11,3,0,,1,1,1,9:25 PM,DISPATCHED,9:28 PM,6/6/2013,Y,TX0710000,1260,,,,8,7,4,1,56,54,1,5,2,21,21,71,1635,31.59844888,-106.2545857,,,,,CAMPO BELLO DR,12301,,,,,,,,,,,,,,Y,N,Y,0,0,Y,THU,,,,,,,,,,,,,,,,,,,,,,,,,,,,,,,,,,,,,,,,,,,,,,,,,,,,,,,,0,0,0,0,1,0,0,66,,,
13342714,N,N,N,N,N,N,N,4/29/2013,7:28 AM,13-041343,,220,156,N,Y,,,19,,,1,1107,,WAYNE,ST,N,N,30,N,N,,N,3,121,,,4400,,AIRPORT FREEWAY,,,,,,,,11,1,0,,1,1,1,7:28 AM,POLICE DISPATCH,7:36 AM,4/29/2013,Y,TX2201200,1318,885,3,120,8,2,3,11,64,14,1,5,1,32,21,220,156,32.77799073,-97.28419223,,,,,WAYNE ST,1107,,,,,,,,,,,,,,Y,N,N,5,9,Y,MON,,,,,,,,,,,,,,,,,,,,,,,,,,,,,,,,,,,,,,,,,,,,,,,,,,,,,,,,0,0,0,2,0,0,0,282,,,
13364183,N,N,N,N,N,N,N,5/8/2013,5:33 PM,13Q000108,,170,1065,N,N,,,3,105,,1,20700,W,EVA,ST,N,N,35,N,N,2 LANE UNPROTECTED CENTER LANE,N,19,,,5,500,N,BUFFALO SPRINGS,DR,,,,,,,11,1,0,3,1,1,20,5:33 PM,DISPATCH,5:43 PM,5/8/2013,Y,TX1701700,1800,,,87,8,2,4,20,64,54,1,2,1,21,21,170,1065,30.38843509,-95.68313135,SH,105,,52.771,SH0105,,338,3,8.205,676,0.271,,,,,,,,,N,Y,Y,5,1,Y,WED,2,0,8,8,0,3,4,120,80,62,5,0,0,2,8,5,2,8,5,0,0,1,2,15912,2014,15912,5.8,8.1,13.9,,,,,,,,,,,,,,,,,,,,,,,,,,,0,0,0,2,0,0,0,15,,,
13368954,N,N,N,N,N,N,N,3/29/2013,6:48 PM,C1302283,,178,97,N,Y,,,19,,,1,14600,,GULF BEACH,RD,N,N,15,N,N,,N,19,,,1,14600,,ZAHN,RD,,,,,,,11,1,98,,7,10,1,6:48 PM,DISPATCHED,6:52 PM,3/29/2013,Y,TX1780200,1115,,,12,8,4,4,5,64,53,7,7,2,21,21,178,97,,,,,,,GULF BEACH RD,,,,,,,,,,,,,,,Y,N,N,0,9,N,FRI,,,,,,,,,,,,,,,,,,,,,,,,,,,,,,,,,,,,,,,,,,,,,,,,,,,,,,,,0,0,0,0,1,0,0,,,,
13370828,N,N,N,N,N,N,N,5/17/2013,10:48 PM,2013050146,,28,267,N,N,,,4,142,,1,100,W,SAN ANTONIO,ST,N,N,30,N,N,,N,19,,,,100,N,COMMERCE,ST,,,,,,,11,4,0,,1,1,11,10:49 PM,DISPATCHED,10:50 PM,5/17/2013,Y,TX0280100,1683,,,254,8,7,4,1,29,3,1,2,4,21,21,28,267,,,FM,142,,,FM0142,,,,,,,,,,,,,,,Y,Y,N,2,5,N,FRI,,,,,,,,,,,,,,,,,,,,,,,,,,,,,,,,,,,,,,,,,,,,,,,,,,,,,,,,0,1,0,0,0,1,0,,,,
13371100,N,N,N,N,N,N,N,4/12/2013,9:32 AM,C1302643,,178,97,N,N,,,19,,,1,400,,LOUISIANA,AVE,N,N,30,N,N,EB,N,19,,,1,2700,,LAWNVIEW,ST,,,,,,,11,1,0,,1,1,11,9:33 AM,RADIO DISPATCH,9:33 AM,4/12/2013,Y,TX1780200,1115,,,25,8,4,4,1,64,54,1,5,1,21,21,178,97,27.76822113,-97.39498255,,,,,LOUISIANA AVE,,,,,,,,,,,,,,,N,N,N,0,9,Y,FRI,,,,,,,,,,,,,,,,,,,,,,,,,,,,,,,,,,,,,,,,,,,,,,,,,,,,,,,,0,0,0,0,1,0,0,96,,,
13372842,Y,N,N,N,N,Y,N,4/29/2013,8:58 AM,130002388,,91,397,N,Y,,,2,82,,2,4400,E,82,HWY,N,N,50,N,N,,N,4,1417,,1,12000,E,1417,,,,,,,,11,1,4,2,2,1,6,9:03 AM,DISPATCH,9:07 AM,7/16/2013,Y,TX0910400,2124,,,33,8,7,2,1,63,54,2,2,4,21,21,91,397,33.67111525,-96.64264961,US,82,,406.4,US0082,,45,18,17.656,640,-0.143,FM,1417,,FM1417,,,,,Y,Y,N,4,6,Y,MON,3,0,6,10,44,2,4,300,80,48,4,0,0,2,12,5,2,20,5,3,32,3,14,18230,2014,18230,3.6,1.3,4.9,,,,,,,,,,,,,,,,,,,,,,,,,,,0,0,0,0,0,0,1,232,,,
13373992,N,N,N,N,N,N,N,4/7/2013,2:42 AM,13-11693,,152,270,N,Y,,,19,,,1,1500,,36TH,ST,N,N,30,N,N,,N,19,,,1,3500,,AVE P,AVE,,,,,,,11,4,4,,1,1,8,2:42 AM,POLICE RADIO,2:45 AM,4/7/2013,Y,TX1520200,1706,,,,8,4,4,1,64,54,1,5,1,21,21,152,270,33.56152434,-101.8509113,,,,,36TH ST,1500,,,,,,,,,,,,,,Y,N,N,5,8,Y,SUN,,,,,,,,,,,,,,,,,,,,,,,,,,,,,,,,,,,,,,,,,,,,,,,,,,,,,,,,0,0,0,1,0,0,0,122,,,
13379918,N,N,N,N,N,N,N,5/2/2013,5:42 PM,B133024,1314513,130,41,N,Y,,,8,87,,1,1200,S,MAIN,ST,N,N,35,N,N,,N,3,46,,1,100,W,BANDERA,,,,,,,,12,1,3,3,1,1,11,5:42 PM,RADIO,5:44 PM,5/2/2013,Y,TX1300100,135,,253,71,8,2,3,10,64,14,1,2,1,32,21,130,41,29.78970117,-98.72961148,US,87,,621.333,US0087,489,72,14,24.808,658,0.838,,,,,,,,,Y,Y,N,5,5,Y,THU,2,0,0,0,0,2,4,70,48,48,4,1,1,1,0,0,1,0,0,0,0,2,14,21278,2014,21278,2.6,0.4,2.9,,,,,,,,,,,,,,,,,,,,,,,,,,,0,0,0,3,0,0,0,28,,,
13384083,N,N,N,N,N,N,N,5/12/2013,11:30 PM,0058740913E,,101,208,N,N,,,19,,,1,11200,,CHEEVES,DR,N,N,40,N,N,2 LANE RESIDENTIAL,N,19,,,,6500,,HARMON,,,,,,,,12,4,0,,1,1,1,11:38 PM,DISPATCHER (HPD),11:40 PM,8/1/2013,Y,TXHPD0000,2469,52,124,42,8,4,4,1,64,54,1,5,1,21,21,101,208,29.8822233,-95.29302396,,,,,CHEEVES DR,11225,,,,,,,,,,,,,,Y,N,N,3,9,Y,SUN,,,,,,,,,,,,,,,,,,,,,,,,,,,,,,,,,,,,,,,,,,,,,,,,,,,,,,,,0,0,2,1,0,2,0,15,,,
13403000,N,Y,N,N,N,N,N,5/17/2013,1:21 AM,,,13,32,N,N,,,4,351,,1,400,E,FM 351,,N,N,45,N,N,,Y,19,,,1,2300,N,ADAMS,ST,,,,,,,11,4,2,1,2,1,5,1:23 AM,DISPATCHED,1:23 AM,5/17/2013,Y,TX0130100,107,,,,8,2,2,31,64,3,1,3,1,21,21,13,32,28.4233018,-97.75673985,FM,351,,1.145,FM0351,,2412,2,6.174,570,-0.786,,,,N ADAMS ST,,,,,N,Y,N,5,5,Y,FRI,2,0,0,0,0,2,3,80,52,48,4,2,2,1,0,0,1,0,0,0,0,2,16,8394,2014,8394,5.4,12.7,18.1,,,,,,,,,,,,,,,,,,,,,,,,,,,0,0,0,3,0,0,0,,,,
13417010,N,N,N,N,N,N,N,3/19/2013,1:56 PM,13-0781000,LTS,227,22,N,Y,,,19,,,1,,E,PARMER,LN,N,N,0,N,N,,Y,19,,,,,,HARRIS BRANCH,PKWY,,,,,,,11,1,0,2,1,1,5,2:53 PM,DISPATCH,3:06 PM,3/19/2013,Y,TX2270100,74,17,114,143,8,2,2,20,64,54,1,3,1,21,21,227,22,30.36856269,-97.61329002,FM,734,,16.573,FM0734,5726,3417,3,4.961,436,0.788,,,,HARRIS BRANCH PKWY,,,,,Y,Y,N,5,9,Y,TUE,3,0,4,0,70,2,4,200,56,48,4,0,2,2,4,5,1,4,0,3,66,4,14,15025,2014,15025,2.6,8.7,11.3,,,,,,,,,,,,,,,,,,,,,,,,,,,0,0,0,2,1,0,0,90,,,
13417082,N,N,N,N,N,N,N,3/19/2013,5:06 PM,130781381,,227,22,N,Y,,,4,2222,,1,5700,,NOT REPORTED,,N,N,45,N,N,,N,19,,,,,N,CAP TX NB,,,,,,,,11,1,4,2,1,1,5,5:06 PM,DISPATCH,5:15 PM,3/19/2013,Y,TX2270100,74,95,10,14,8,2,2,13,64,54,1,3,1,21,21,227,22,30.35927716,-97.79100625,RM,2222,,5.203,RM2222,,2100,1,5.218,532,-0.84,SL,360,,SL0360,,,,,Y,Y,N,5,9,Y,TUE,3,0,2,5,19,2,4,100,62,48,4,0,0,2,4,5,2,10,5,1,15,4,14,42048,2014,42048,1.3,1.7,3,1,136,7,1,50,,,,,,,,,,,,,,,,,,,,,,0,0,0,2,0,0,0,90,,,
13417524,N,N,N,N,N,N,N,4/13/2013,2:30 PM,13-0509185,,188,43,N,N,,,19,,,1,2206,S,BUCHANAN,ST,N,N,0,N,N,,N,19,,,1,,SE,22ND,AVE,,,,,,,12,1,0,,1,1,1,3:40 PM,DISPATCH,3:50 PM,4/13/2013,N,TX1880100,33,,,75,8,4,4,4,64,54,1,5,1,21,21,188,43,,,,,,,S BUCHANAN ST,,,,,,,,,,,,,,,N,N,N,0,5,N,SAT,,,,,,,,,,,,,,,,,,,,,,,,,,,,,,,,,,,,,,,,,,,,,,,,,,,,,,,,0,0,0,0,1,0,0,,,,
13419861,N,N,N,N,N,Y,N,4/12/2013,8:03 AM,13-17364,,108,331,N,Y,,,19,,,1,1300,S,VETERANS,BLVD,N,N,20,N,N,,N,19,,,1,1300,E,RIDGE,RD,,,,,,,11,1,0,,1,1,11,8:07 AM,DISPATCH,8:12 AM,8/6/2013,Y,1081100,1926,63,123,143,8,2,3,10,64,14,1,5,1,32,21,108,331,26.17843561,-98.16994251,,,,,S VETERANS BLVD,1300,,,,,,,,,,,,,,Y,N,N,5,7,Y,FRI,,,,,,,,,,,,,,,,,,,,,,,,,,,,,,,,,,,,,,,,,,,,,,,,,,,,,,,,0,0,0,4,0,0,0,230,,,
13427365,N,N,N,N,N,Y,N,5/5/2013,3:15 PM,13-125128,,71,136,N,N,31.81871,-106.54337,19,,,1,700,,SUNLAND PARK,DR,N,N,35,N,N,,N,19,,,1,,,MESA HILLS,ST,,,,,,,11,1,0,,1,1,8,3:45 PM,DISPATCHED,3:45 PM,5/7/2013,N,TX0710200,1259,,,77,8,2,2,22,64,38,1,5,1,21,21,71,136,31.81859722,-106.5444191,,,,,SUNLAND PARK DR,,,,,,,,,,S MESA HILLS DR,,,,,N,N,N,5,9,Y,SUN,,,,,,,,,,,,,,,,,,,,,,,,,,,,,,,,,,,,,,,,,,,,,,,,,,,,,,,,0,0,0,1,1,0,0,66,,,
13429454,N,N,N,N,N,Y,N,5/8/2013,8:46 AM,13-511620,,191,12,N,N,,,17,,,7,4100,SW,45TH,ST,Y,N,0,N,N,,N,19,,,1,4500,,WESTERN,,,,,,WESTERN,,11,1,0,,1,1,1,9:21 AM,DISPATCH,9:21 AM,5/8/2013,N,TX1880100,33,,,190,8,4,4,5,64,54,7,9,5,33,21,191,12,,,,,,,SW 45TH ST,,,,,,,,,,,,,,,N,N,N,0,8,N,WED,,,,,,,,,,,,,,,,,,,,,,,,,,,,,,,,,,,,,,,,,,,,,,,,,,,,,,,,0,0,0,0,1,0,0,,,,
13438063,N,N,N,N,N,N,N,3/26/2013,1:27 AM,130850950,,227,22,N,N,,,19,,,7,7122,,WOOD HOLLOW ENTRANCE GATE,DR,N,N,0,N,N,,N,19,,,,,,FARWEST,BLVD,,,,,,,11,1,0,,2,1,1,1:27 AM,DISPATCH,1:34 AM,3/26/2013,Y,TX2270100,74,1,120,14,8,1,4,4,64,54,7,9,5,33,21,227,22,,,,,,,WOOD HOLLOW ENTRANCE GATE DR,,,,,,,,,,,,,,,N,N,N,2,9,N,TUE,,,,,,,,,,,,,,,,,,,,,,,,,,,,,,,,,,,,,,,,,,,,,,,,,,,,,,,,0,1,0,2,0,1,0,,,,
13439122,N,N,N,N,N,Y,N,4/5/2013,9:45 PM,,13-014,42,84,N,Y,,,3,153,,1,100,W,WALNUT,ST,N,N,30,N,N,,Y,3,206,,1,500,S,COMMERCIAL,ST,,,,,,,11,4,4,1,1,1,5,9:45 PM,DISPATCHED,9:48 PM,4/5/2013,Y,TX0420100,299,30,87,5,8,2,1,34,64,54,1,2,1,21,21,42,84,31.8272171,-99.42724609,SH,153,,69.734,SH0153,503,636,1,19.276,373,-0.32,SH,206,,SH0206,,,,,Y,Y,Y,5,3,Y,FRI,2,0,0,8,0,2,2,120,40,24,4,0,0,1,0,0,2,8,5,0,0,1,6,3125,2014,3125,14.3,17.3,31.7,,,,,,,,,,,,,,,,,,,,,,,,,,,0,0,0,2,0,0,0,,,,
13445071,N,N,N,N,N,Y,N,5/17/2013,8:47 PM,130027290,,220,19,N,Y,,,3,360,,1,4300,S,WATSON,FWY,N,N,60,N,N,,N,19,,,,2500,E,BARDIN,RD,,,,,,,11,4,0,2,1,1,11,8:36 PM,DISPATCHED,8:45 PM,8/8/2013,Y,TX2200100,59,,8,68,8,2,4,20,39,54,1,2,1,21,21,220,19,32.67397534,-97.06260543,SH,360,,17.299,SH0360,,2266,2,17.338,,,,,,,,,,,Y,Y,N,3,9,Y,FRI,5,0,6,10,52,3,4,440,80,48,5,0,0,2,12,5,2,20,5,3,40,4,12,91179,2014,91179,3.4,2.4,5.9,,,,,,,,,,,,,,,,,,,,,,,,,,,0,0,2,0,0,2,0,282,,,
13507072,N,N,N,N,N,Y,N,4/12/2013,1:35 PM,2013-00615,,43,7,N,Y,33.10075,-96.66764,19,,,1,,E,MCDERMOT,DR,N,N,30,N,N,,Y,19,,,1,,,CEDAR,DR,,,,,,,11,1,4,,2,1,5,1:38 PM,DISPATCHED,1:40 PM,4/12/2013,Y,TX0430100,22,,,,8,2,1,10,64,54,1,5,1,21,21,43,7,33.10066419,-96.66767258,,,,,E MCDERMOTT DR,,,,,,,,,,S CEDAR DR,,,,,Y,N,N,2,7,Y,FRI,,,,,,,,,,,,,,,,,,,,,,,,,,,,,,,,,,,,,,,,,,,,,,,,,,,,,,,,0,1,0,1,0,1,0,282,,,
13518478,N,N,N,N,N,Y,N,4/24/2013,4:33 PM,2013-00867,,43,7,N,Y,33.11537,-96.69835,19,,,1,1300,W,EXCHANGE,PKWY,N,N,40,N,N,,Y,19,,,1,1200,N,ALMA,DR,,,,,,,11,1,4,,1,1,5,4:33 PM,DISPATCHED,4:40 PM,4/24/2013,Y,TX0430100,22,,,77,8,2,1,34,1,54,1,5,1,21,21,43,7,33.11547419,-96.69846258,,,,,W EXCHANGE PKWY,,,,,,,,,,N ALMA DR,,,,,Y,N,N,5,7,Y,WED,,,,,,,,,,,,,,,,,,,,,,,,,,,,,,,,,,,,,,,,,,,,,,,,,,,,,,,,0,0,0,2,0,0,0,282,,,
13628225,N,N,N,N,N,Y,N,3/27/2013,5:10 PM,13-10323,,152,270,N,N,,,3,114,,1,5540,,19TH,ST,Y,N,45,N,N,,N,19,,,1,1800,,ELK HEART,AVE,,,,,,,11,1,0,,1,1,1,5:16 PM,POLICE RADIO,5:20 PM,3/27/2013,Y,TX1520200,1706,,,,8,4,4,4,64,12,7,9,5,33,21,152,270,,,SH,114,,,SH0114,,,,,,,,,,,,,,,N,Y,N,0,8,N,WED,,,,,,,,,,,,,,,,,,,,,,,,,,,,,,,,,,,,,,,,,,,,,,,,,,,,,,,,0,0,0,0,1,0,0,,,,
13780285,N,Y,N,N,N,Y,N,5/19/2013,12:50 AM,1300001468,,57,215,N,Y,,,1,45,,5,2500,S,IH 45 SERVICE,RD,N,N,40,N,N,,Y,19,,,1,100,E,FULGHUM,RD,,,,,,,11,3,0,,5,1,1,12:50 AM,DISPATCHED,12:51 AM,5/19/2013,Y,TX0571400,1504,,8,36,8,2,4,30,64,3,5,1,1,21,21,57,215,,,IH,45,,,IH0045,,,,,,,,,,,,,,,Y,Y,N,2,4,N,SUN,,,,,,,,,,,,,,,,,,,,,,,,,,,,,,,,,,,,,,,,,,,,,,,,,,,,,,,,0,1,0,2,0,1,0,,,,
13807802,N,N,N,N,N,N,N,5/16/2013,3:57 PM,2.01E+11,,67,128,N,Y,,,19,,,1,1000,W,MAIN,ST,N,N,35,N,N,DRY LEVEL STREET,N,19,,,1,100,S,OAK,,,,,,DRY LEVEL STREET,,11,1,0,1,1,1,1,3:58 PM,DROVE UPON AND VIEWE,3:58 PM,5/16/2013,Y,TX0670200,1236,,,,8,2,3,22,64,47,1,2,1,32,21,67,128,32.40179998,-98.82824444,SH,6,,186.1,SH0006,1012,7,4,17.329,354,-0.569,,,,,,,,,Y,Y,Y,5,3,Y,THU,2,0,0,0,0,9,2,80,40,24,6,1,1,1,0,0,1,0,0,0,0,1,6,4513,2014,4513,2.2,3.4,5.7,,,,,,,,,,,,,,,,,,,,,,,,,,,0,0,0,2,0,0,0,,,,
14235371,N,N,N,N,N,N,N,3/17/2013,9:25 AM,13-025660,,220,156,N,Y,32.87559,-97.31606,1,35,,2,7500,N,NORTH FREEWAY,FWY,N,N,35,N,N,FREEWAY SERVICE ROAD,N,19,,,,3000,,BASSWOOD,BLVD,,,,,LOCAL STREET,,12,1,98,,2,1,20,9:27 AM,DISPATCHED,9:32 AM,3/17/2013,Y,TX2201200,1318,4,29,23,8,7,4,1,33,54,2,1,2,21,21,220,156,,,IH,35,,,IH0035,,,,,,,,,,,,,,,Y,Y,N,3,9,N,SUN,,,,,,,,,,,,,,,,,,,,,,,,,,,,,,,,,,,,,,,,,,,,,,,,,,,,,,,,0,0,2,0,0,2,0,,,,
13279786,N,N,N,N,N,N,N,5/22/2013,6:45 AM,sapd13108263,5260,15,379,N,Y,,,19,,,1,600,N,SAN JOAQUIN,ST,N,N,30,N,N,,N,19,,,,3000,S,CULEBRA,RD,,,,,,,11,1,0,,1,1,1,6:49 AM,DISPATCHER,6:55 AM,5/22/2013,Y,TXSPD0000,2473,,19,148,8,2,3,20,64,47,1,5,1,32,21,15,379,29.44747429,-98.56037196,,,,,N SAN JOAQUIN AVE,661,,,,,,,,,,,,,,Y,N,N,5,9,Y,WED,,,,,,,,,,,,,,,,,,,,,,,,,,,,,,,,,,,,,,,,,,,,,,,,,,,,,,,,0,0,0,2,0,0,0,28,,,
13280375,N,N,N,N,N,N,N,5/23/2013,2:49 AM,SAPD1309052,3330,15,379,N,Y,,,11,410,,2,3030,NE,LOOP 410,,Y,N,10,N,N,,N,19,,,,8200,,INTERCHANGE,PKWY,,,,,,,11,4,0,,1,1,1,2:49 AM,DISPATCHED,2:58 AM,5/23/2013,Y,TXSPD0000,2473,,29,131,8,4,4,1,64,3,7,9,5,33,21,15,379,,,,,,,SL0410,,,,,,,,,,,,,,,N,Y,N,0,9,N,THU,,,,,,,,,,,,,,,,,,,,,,,,,,,,,,,,,,,,,,,,,,,,,,,,,,,,,,,,0,0,0,0,1,0,0,,,,
13281481,N,N,N,N,N,N,N,5/22/2013,5:45 PM,13012068,Beat 4,57,94,N,Y,,,19,,,1,1300,E,BELT LINE,RD,N,N,50,N,N,,Y,19,,,1,800,S,MACARTHUR,BLVD,,,,,,,11,1,4,,1,1,5,6:00 PM,DISPATCH,6:12 PM,5/22/2013,Y,Tx0570700,1110,,212,24,8,2,1,34,64,54,1,5,1,21,21,57,94,32.95269423,-96.95801252,,,,,E BELT LINE RD,,,,,,,,,,S MACARTHUR BLVD,,,,,Y,N,N,2,6,Y,WED,,,,,,,,,,,,,,,,,,,,,,,,,,,,,,,,,,,,,,,,,,,,,,,,,,,,,,,,0,2,0,0,0,2,0,282,,,
13281709,N,N,N,N,N,N,N,5/23/2013,8:20 AM,0063545513C,,101,208,N,Y,,,19,,,1,700,,JEFFERSON,ST,N,N,30,N,N,DRY PAVEMENT,Y,19,,,1,1800,,MILAM,,,,,,,,11,1,0,,1,1,5,8:40 AM,DISPATHER,8:46 AM,5/23/2013,Y,TXHPD0000,2469,16,121,35,8,2,2,22,64,39,1,5,1,21,21,101,208,29.75201479,-95.37138309,,,,,JEFFERSON ST,799,,,,,,,,,MILAM ST,,,,,Y,N,N,5,9,Y,THU,,,,,,,,,,,,,,,,,,,,,,,,,,,,,,,,,,,,,,,,,,,,,,,,,,,,,,,,0,0,0,2,0,0,0,15,,,