Crash_ID,Crash_Fatal_Fl,Cmv_Involv_Fl,Schl_Bus_Fl,Rr_Relat_Fl,Medical_Advisory_Fl,Amend_Supp_Fl,Active_School_Zone_Fl,Crash_Date,Crash_Time,Case_ID,Local_Use,Rpt_CRIS_Cnty_ID,Rpt_City_ID,Rpt_Outside_City_Limit_Fl,Thousand_Damage_Fl,Rpt_Latitude,Rpt_Longitude,Rpt_Rdwy_Sys_ID,Rpt_Hwy_Num,Rpt_Hwy_Sfx,Rpt_Road_Part_ID,Rpt_Block_Num,Rpt_Street_Pfx,Rpt_Street_Name,Rpt_Street_Sfx,Private_Dr_Fl,Toll_Road_Fl,Crash_Speed_Limit,Road_Constr_Zone_Fl,Road_Constr_Zone_Wrkr_Fl,Rpt_Street_Desc,At_Intrsct_Fl,Rpt_Sec_Rdwy_Sys_ID,Rpt_Sec_Hwy_Num,Rpt_Sec_Hwy_Sfx,Rpt_Sec_Road_Part_ID,Rpt_Sec_Block_Num,Rpt_Sec_Street_Pfx,Rpt_Sec_Street_Name,Rpt_Sec_Street_Sfx,Rpt_Ref_Mark_Offset_Amt,Rpt_Ref_Mark_Dist_Uom,Rpt_Ref_Mark_Dir,Rpt_Ref_Mark_Nbr,Rpt_Sec_Street_Desc,Rpt_CrossingNumber,Wthr_Cond_ID,Light_Cond_ID,Entr_Road_ID,Road_Type_ID,Road_Algn_ID,Surf_Cond_ID,Traffic_Cntl_ID,Investigat_Notify_Time,Investigat_Notify_Meth,Investigat_Arrv_Time,Report_Date,Investigat_Comp_Fl,ORI_Number,Investigat_Agency_ID,Investigat_Area_ID,Investigat_District_ID,Investigat_Region_ID,Bridge_Detail_ID,Harm_Evnt_ID,Intrsct_Relat_ID,FHE_Collsn_ID,Obj_Struck_ID,Othr_Factr_ID,Road_Part_Adj_ID,Road_Cls_ID,Road_Relat_ID,Phys_Featr_1_ID,Phys_Featr_2_ID,Cnty_ID,City_ID,Latitude,Longitude,Hwy_Sys,Hwy_Nbr,Hwy_Sfx,Dfo,Street_Name,Street_Nbr,Control,Section,Milepoint,Ref_Mark_Nbr,Ref_Mark_Displ,Hwy_Sys_2,Hwy_Nbr_2,Hwy_Sfx_2,Street_Name_2,Street_Nbr_2,Control_2,Section_2,Milepoint_2,Txdot_Rptable_Fl,Onsys_Fl,Rural_Fl,Crash_Sev_ID,Pop_Group_ID,Located_Fl,Day_of_Week,Hwy_Dsgn_Lane_ID,Hwy_Dsgn_Hrt_ID,Hp_Shldr_Left,Hp_Shldr_Right,Hp_Median_Width,Base_Type_ID,Nbr_Of_Lane,Row_Width_Usual,Roadbed_Width,Surf_Width,Surf_Type_ID,Curb_Type_Left_ID,Curb_Type_Right_ID,Shldr_Type_Left_ID,Shldr_Width_Left,Shldr_Use_Left_ID,Shldr_Type_Right_ID,Shldr_Width_Right,Shldr_Use_Right_ID,Median_Type_ID,Median_Width,Rural_Urban_Type_ID,Func_Sys_ID,Adt_Curnt_Amt,Adt_Curnt_Year,Adt_Adj_Curnt_Amt,Pct_Single_Trk_Adt,Pct_Combo_Trk_Adt,Trk_Aadt_Pct,Curve_Type_ID,Curve_Lngth,Cd_Degr,Delta_Left_Right_ID,Dd_Degr,Feature_Crossed,Structure_Number,I_R_Min_Vert_Clear,Approach_Width,Bridge_Median_ID,Bridge_Loading_Type_ID,Bridge_Loading_In_1000_Lbs,Bridge_Srvc_Type_On_ID,Bridge_Srvc_Type_Under_ID,Culvert_Type_ID,Roadway_Width,Deck_Width,Bridge_Dir_Of_Traffic_ID,Bridge_Rte_Struct_Func_ID,Bridge_IR_Struct_Func_ID,CrossingNumber,RRCo,Poscrossing_ID,WDCode_ID,Standstop,Yield,Incap_Injry_Cnt,Nonincap_Injry_Cnt,Poss_Injry_Cnt,Non_Injry_Cnt,Unkn_Injry_Cnt,Tot_Injry_Cnt,Death_Cnt,MPO_ID,Investigat_Service_ID,Investigat_DA_ID,Investigator_Narrative
13293439,N,N,N,N,N,N,N,5/23/2013,10:44 AM,13-011947,,1,320,N,Y,,,19,,,1,700,S,MALLARD,,N,N,30,N,N,,Y,19,,,1,500,E,MURCHISON,ST,,,,,,,12,1,2,3,1,1,1,10:44 AM,DISPATCHED,10:49 AM,5/23/2013,Y,TX0010100,1896,,,35,8,2,1,21,64,9,1,2,1,21,21,1,320,31.76677849,-95.62699836,SH,19,,144.883,SH0019,555,108,13,0.33,346,0.279,,,,E MURCHISON ST,,,,,Y,Y,N,3,5,Y,THU,0,0,8,8,16,2,4,120,80,48,4,2,2,2,16,2,2,16,2,4,0,2,16,10279,2014,10279,3.3,6.2,9.6,,,,,,,,,,,,,,,,,,,,,,,,,,,0,0,3,0,0,3,0,,,,
13293564,N,N,N,N,N,N,N,5/28/2013,12:30 PM,132362A,,57,107,N,Y,,,3,78,,1,9500,,GARLAND,RD,N,N,40,N,N,,N,3,12,,,1100,N,BUCKNER,BLVD,,,,,,,11,1,0,2,1,1,20,12:35 PM,DISPATCHED,12:49 PM,5/29/2013,Y,TX0000006,2471,,,71,8,2,4,20,64,42,1,2,1,21,21,57,107,32.83297679,-96.70321176,SH,78,,87.295,SH0078,,9,2,13.484,284,-0.559,,,,,,,,,Y,Y,N,3,9,Y,TUE,3,0,0,0,14,3,6,100,66,66,5,1,1,1,0,0,1,0,0,1,14,4,14,33026,2014,33026,6.4,4,10.4,1,81,0,,0,,,,,,,,,,,,,,,,,,,,,,0,0,1,2,0,1,0,282,,,
13293630,N,N,N,Y,N,N,N,5/25/2013,1:15 AM,,,7,1572,Y,Y,29.16541,-98.68263,4,476,,1,,,NOT REPORTED,,N,N,60,N,N,,N,,,,,,,NOT REPORTED,,1,M,S,518,,,2,3,0,1,1,2,11,1:20 AM,ATASCOSA S.O.,1:35 AM,5/29/2013,Y,,10000,1,92,1,8,7,4,1,33,3,1,3,2,21,21,7,1572,29.16520822,-98.68267414,FM,476,,3.977,FM0476,,1740,2,2.981,518,1,,,,NOT REPORTED,,,,,Y,Y,Y,5,0,Y,SAT,2,0,3,3,0,2,2,80,26,20,4,0,0,5,3,5,5,3,5,0,0,1,7,2761,2014,2761,3.7,6,9.7,,,,,,,,,,,,,,,,,,,,,,,,,,,0,0,0,1,0,0,0,,,,
13293647,N,N,N,N,N,N,N,5/28/2013,12:50 PM,2013-26880,,94,389,N,Y,,,4,3009,,1,5000,,NOT REPORTED,,N,N,45,N,N,,N,19,,,,17000,,RIPPS KREUSLER,,,,,,,,12,1,0,1,1,1,20,12:50 PM,RADIO,12:53 PM,5/28/2013,Y,TX0940200,2098,,,303,8,2,2,22,64,38,1,3,1,21,21,94,389,29.59779304,-98.27533212,FM,3009,,14.061,FM3009,4887,3107,2,5.211,488,0.684,,,,RIPPS KREUSLER,,,,,Y,Y,N,5,6,Y,TUE,2,0,8,8,0,2,2,120,54,38,2,1,1,2,8,5,2,8,5,0,0,4,14,25854,2014,25854,2,2.1,4.2,,,,,,,,,,,,,,,,,,,,,,,,,,,0,0,0,4,0,0,0,28,,,
13293828,N,N,N,N,N,N,N,5/29/2013,10:05 PM,,,161,1726,Y,Y,31.47037,-97.23708,15,,,1,,,CHAPEL,RD,N,N,40,N,N,,N,15,,,,,,TIMBER RIDGE,TRL,,,,,,,11,3,0,,3,1,12,10:36 PM,DISPATCHED,10:57 PM,5/30/2013,Y,,10000,17,119,1,8,7,4,1,58,33,1,4,2,21,21,161,1726,31.47057476,-97.23659564,,,,,CHAPEL RD,11048,,,,,,,,,,,,,,Y,N,Y,2,0,Y,WED,,,,,,,,,,,,,,,,,,,,,,,,,,,,,,,,,,,,,,,,,,,,,,,,,,,,,,,,0,1,0,1,0,1,0,140,,,
13293848,N,N,N,N,N,N,N,5/23/2013,8:50 PM,,,62,1627,Y,Y,29.31707,-97.30666,2,183,,1,,,NOT REPORTED,,N,N,70,N,N,,N,15,,,,,,STEEN,RD,,,,,,,12,3,0,1,1,1,20,8:55 PM,GONZALES COUNTY S.O.,9:00 PM,5/23/2013,Y,,10000,16,92,1,8,2,4,21,64,9,1,2,1,21,21,62,1627,29.31712613,-97.30661399,US,183,,401.029,US0183,14723,154,3,0.855,592,0.839,,,,,,,,,Y,Y,Y,5,0,Y,THU,2,0,9,9,0,2,2,125,42,24,4,0,0,2,9,5,2,9,5,0,0,1,2,5780,2014,5780,4.9,15.1,20,,,,,,,,,,,,,,,,,,,,,,,,,,,0,0,0,2,0,0,0,,,,
13293937,N,N,N,N,N,N,N,5/30/2013,8:10 PM,13054234,,31,53,N,N,,,4,1847,,1,2100,,PAREDES LINE,RD,N,N,45,N,N,,N,4,802,,,1900,,RUBEN M TORRES,BLVD,,,,,,,11,5,0,3,1,1,11,8:17 PM,DISPATCH,8:25 PM,5/30/2013,Y,TX0310100,172,,211,27,8,2,3,10,64,14,1,3,1,32,21,31,53,25.95083001,-97.48696863,FM,1847,,25.767,FM1847,,1801,1,12.328,740,-0.468,,,,,,,,,N,Y,N,5,8,Y,THU,2,0,8,8,0,2,4,100,80,48,4,2,2,2,8,5,2,8,5,0,0,4,14,26865,2014,26865,1.7,0.7,2.4,,,,,,,,,,,,,,,,,,,,,,,,,,,0,0,0,3,0,0,0,248,,,
13294130,N,N,N,N,N,N,N,5/31/2013,6:50 PM,135683A,135684A,43,107,N,Y,,,19,,,7,4460,,TRINITY MILLS,RD,Y,N,-1,N,N,,N,19,,,,17700,,ADDISON,RD,,,,,,,11,1,0,,7,1,1,6:55 PM,DISPATCHED,7:01 PM,5/31/2013,N,TX0000006,2471,,,59,8,7,4,1,36,54,7,9,5,33,21,43,107,,,,,,,TRINITY MILLS RD,,,,,,,,,,,,,,,N,N,N,0,9,N,FRI,,,,,,,,,,,,,,,,,,,,,,,,,,,,,,,,,,,,,,,,,,,,,,,,,,,,,,,,0,0,0,0,1,0,0,,,,
13294173,N,N,N,N,N,N,N,5/31/2013,6:44 AM,0067154413D,,101,208,N,Y,,,1,610,,2,7200,S,SOUTH LP E SER S,RD,N,N,45,N,N,3 LANE CONCRETE GOOD CONDITION,Y,19,,,1,4700,,CALAIS,RD,,,,,,,11,1,2,,1,1,5,6:52 AM,DISPATCHED,7:01 AM,5/31/2013,Y,TXHPD0000,2469,18,104,49,8,2,1,10,64,3,2,1,1,21,21,101,208,,,IH,610,,,IH0610,,,,,,,,,,CALAIS RD,,,,,Y,Y,N,5,9,N,FRI,,,,,,,,,,,,,,,,,,,,,,,,,,,,,,,,,,,,,,,,,,,,,,,,,,,,,,,,0,0,0,4,0,0,0,,,,
13294184,N,N,N,N,N,N,N,5/31/2013,8:55 AM,0067193613F,,101,208,N,Y,,,2,59,,5,4800,N,EASTEX,FWY,N,N,60,N,N,CONCRETE,N,1,610,,,,N,NORTH LP E,,,,,,,,11,1,0,2,5,1,20,9:06 AM,HPD DISPATCHER,9:07 AM,5/31/2013,Y,TXHPD0000,2469,24,124,113,8,7,4,1,58,54,5,2,2,21,21,101,208,29.80808724,-95.33627127,US,59,,298.215,US0059,,177,11,0.019,508,-0.987,,,,,,,,,Y,Y,N,2,9,Y,FRI,5,1,8,8,38,8,10,500,152,120,5,0,0,2,16,5,2,16,5,2,22,4,12,151939,2014,151939,2.3,5.9,8.2,,,,,,,,,,,,,,,,,,,,,,,,,,,0,1,0,0,0,1,0,15,,,
13294392,N,N,N,N,N,N,N,5/31/2013,4:41 PM,2013-2277,,50,95,N,Y,,,19,,,1,1200,,MARTIN LUTHER KING JR,DR,N,N,30,N,N,,N,19,,,,100,,MANNING,DR,,,,,,,11,1,0,,1,1,1,4:43 PM,DISPATCHED,4:50 PM,6/1/2013,Y,TX0500100,1112,,,35,8,2,4,20,64,42,1,5,1,21,21,50,95,31.11818612,-97.87471123,,,,,MARTIN L KING JR DR,,,,,,,,,,,,,,,Y,N,N,3,6,Y,FRI,,,,,,,,,,,,,,,,,,,,,,,,,,,,,,,,,,,,,,,,,,,,,,,,,,,,,,,,0,0,2,1,0,2,0,277,,,
13294413,N,N,N,N,N,N,N,5/29/2013,3:10 PM,SAPD13114120,7290,15,379,N,Y,,,19,,,1,800,,WONDER,PKWY,N,N,35,N,N,TWO LANE ROADWAY WITH DRAINAGE DITCH,N,19,,,,200,,BERYL,DR,,,,,TWO LANE ROADWAY,,12,1,0,,1,1,1,3:20 PM,DISPATCHED,3:30 PM,5/29/2013,Y,TXSPD0000,2473,,61,123,6,7,2,3,62,3,1,5,4,21,21,15,379,29.49751276,-98.53113953,,,,,WONDER PKWY,,,,,,,,,,BERYL DR,,,,,Y,N,N,5,9,Y,WED,,,,,,,,,,,,,,,,,,,,,,,,,,,,,,,,,,,,,,,,,,,,,,,,,,,,,,,,0,0,0,1,0,0,0,28,,,
13294481,N,N,N,N,N,N,N,6/1/2013,5:56 PM,SAPD13116811,3170,15,379,N,Y,,,2,281,,1,20400,,NOT REPORTED,,N,N,60,N,N,SB US HWY 281 N,N,19,,,,2000,,EVANS,RD,,,,,,,11,1,0,2,1,1,20,5:59 PM,DISPATCHED,6:10 PM,6/1/2013,Y,txspd0000,2473,,29,131,8,2,4,22,64,42,1,2,1,21,21,15,379,29.63299371,-98.4586227,US,281,,317.533,US0281,,253,4,7.184,522,0.073,,,,,,,,,Y,Y,N,1,9,Y,SAT,3,0,4,1,47,2,6,200,83,69,4,0,0,2,7,5,2,7,5,3,40,4,12,87314,2014,87314,2.5,1.5,4,,,,,,,,,,,,,,,,,,,,,,,,,,,1,0,0,2,0,1,0,28,,,
13294548,N,N,N,N,N,N,N,6/1/2013,10:50 PM,0067992113I,,101,208,N,Y,,,19,,,1,700,W,GRAY,,N,N,30,N,N,,Y,19,,,1,1600,,STANFORD,,,,,,,,11,4,0,,1,1,1,10:55 PM,DISPATCH,10:58 PM,6/1/2013,Y,TXHPD0000,2469,24,121,35,8,2,4,20,64,39,1,5,1,21,21,101,208,29.7533848,-95.38890308,,,,,W GRAY ST,701,,,,,,,,,,,,,,Y,N,N,5,9,Y,SAT,,,,,,,,,,,,,,,,,,,,,,,,,,,,,,,,,,,,,,,,,,,,,,,,,,,,,,,,0,0,0,2,0,0,0,15,,,
13294575,N,N,N,N,N,N,N,5/30/2013,10:59 AM,0066760713S,,101,208,N,Y,,,19,,,1,5000,W,ALABAMA,ST,N,N,30,N,N,,N,19,,,,2700,,MCCUE,,,,,,,,11,1,0,,1,1,1,11:06 AM,HPD DISPATCHER,11:18 AM,5/30/2013,Y,TXHPD0000,2469,24,106,54,8,2,4,21,64,9,1,5,1,21,21,101,208,29.73792481,-95.46308877,,,,,W ALABAMA ST,5086,,,,,,,,,,,,,,Y,N,N,5,9,Y,THU,,,,,,,,,,,,,,,,,,,,,,,,,,,,,,,,,,,,,,,,,,,,,,,,,,,,,,,,0,0,0,3,0,0,0,15,,,
13294721,N,N,N,N,N,N,N,6/1/2013,3:30 PM,SAPD13116793,6150,15,379,N,Y,,,19,,,1,3200,SW,MILITARY,DR,N,N,30,N,N,,N,19,,,,100,,AMAPOLA,,,,,,,,11,1,0,2,1,1,1,3:32 PM,DISPATCH,3:37 PM,6/1/2013,Y,TXSPD0000,2473,,11,175,8,4,4,1,31,54,1,2,1,21,21,15,379,29.35733119,-98.54919174,SL,13,,6.244,SL0013,3200,521,2,0.637,490,0.247,,,,,,,,,Y,Y,N,0,9,Y,SAT,3,0,0,0,1,9,6,100,70,70,6,0,0,1,0,0,1,0,0,3,1,4,14,21253,2014,21253,2.4,4.7,7,,,,,,,,,,,,,,,,,,,,,,,,,,,0,0,0,0,1,0,0,28,,,
13294779,N,N,N,N,N,N,N,5/26/2013,1:35 AM,,,170,1735,Y,Y,30.25665,-95.23244,4,2090,,1,,,NOT REPORTED,,N,N,60,N,N,,N,15,,,,,,DAW COLLINS,RD,,,,,,,11,3,0,1,1,1,12,11:55 AM,BY OFFICER,11:55 AM,5/29/2013,Y,,10000,46,52,1,8,6,4,1,64,54,1,3,1,21,21,170,1735,30.25929314,-95.23791637,FM,2090,,5.718,FM2090,21842,1912,1,24.655,688,-0.235,,,,,,,,,Y,Y,Y,5,0,Y,SUN,2,0,6,6,0,2,2,100,36,24,6,0,0,2,6,5,2,6,5,0,0,1,7,2832,2014,2832,6.8,2.3,9.1,1,190,0,,0,,,,,,,,,,,,,,,,,,,,,,0,0,0,1,0,0,0,15,,,
13295025,N,N,N,N,N,N,N,6/2/2013,5:25 PM,SAPD13117680,6240,15,379,N,Y,,,19,,,1,1500,,COMMERCIAL,AVE,N,N,35,N,N,,Y,19,,,1,700,W,GERALD,AVE,,,,,,,11,1,0,,1,1,8,5:30 PM,DISPATCH,5:42 PM,6/2/2013,Y,TXSPD0000,2473,,11,175,8,2,1,10,64,54,1,5,1,21,21,15,379,29.36575498,-98.51679231,,,,,COMMERCIAL AVE,1498,,,,,,,,,W GERALD AVE,,,,,Y,N,N,3,9,Y,SUN,,,,,,,,,,,,,,,,,,,,,,,,,,,,,,,,,,,,,,,,,,,,,,,,,,,,,,,,0,0,2,1,0,2,0,28,,,
13295094,N,N,N,N,N,N,N,6/2/2013,6:33 AM,SAPD13117325,5130,15,379,N,Y,,,3,151,,1,5200,,STATE HWY 151,,N,N,65,N,N,,N,19,,,,5100,,AIRPARK,DR,,,,,,,2,4,0,,1,2,1,6:33 AM,DISPATCHED,6:35 AM,6/2/2013,Y,TXSPD0000,2473,,19,148,8,7,4,1,39,31,1,2,4,21,21,15,379,,,SH,151,,,SH0151,,,,,,,,,,,,,,,Y,Y,N,5,9,N,SUN,,,,,,,,,,,,,,,,,,,,,,,,,,,,,,,,,,,,,,,,,,,,,,,,,,,,,,,,0,0,0,1,0,0,0,,,,
13295315,N,N,N,N,N,N,N,5/22/2013,2:13 PM,130069048,0,101,1666,Y,Y,,,2,290,,1,21000,,NORTHWEST,FWY,N,N,65,N,N,,N,19,,,,,,HUFFMEISTER,RD,,,,,,,11,1,0,2,1,1,20,2:13 PM,DISPATCHED,2:13 PM,5/22/2013,Y,TX1010000,1419,110,4,5,8,2,4,21,64,9,1,2,1,21,21,101,1666,29.91632666,-95.61566396,US,290,,261.497,US0290,,50,8,20.467,726,0.382,,,,,,,,,Y,Y,Y,3,0,Y,WED,5,1,8,8,36,3,4,330,80,48,2,0,0,2,16,5,2,16,5,3,20,4,12,117135,2014,117135,5.1,7.4,12.4,,,,,,,,,,,,,,,,,,,,,,,,,,,0,0,1,1,0,1,0,15,,,
13295911,N,Y,N,N,N,N,N,5/22/2013,3:54 PM,13-69463,,188,12,N,N,,,1,40,,1,4900,,I 40 W,,N,N,60,N,N,,N,19,,,1,,,AVONDALE,ST,,,,,,,11,0,0,2,3,1,20,3:54 PM,DISPATCH,3:54 PM,5/22/2013,Y,TX1880100,33,,,57,8,2,4,21,64,9,1,1,1,21,21,188,12,35.19126374,-101.892667,IH,40,,67.218,IH0040,,275,1,15.353,67,0.18,,,,,,,,,N,Y,N,5,8,Y,WED,5,0,10,10,22,9,6,300,112,72,6,0,2,2,20,5,2,20,5,2,2,3,11,87330,2014,87330,2.3,9.9,12.1,,,,,,,,,,,,,,,,,,,,,,,,,,,0,0,0,2,0,0,0,120,,,
13295979,N,N,N,N,N,N,N,5/23/2013,1:39 PM,13-00082,,121,222,N,Y,,,2,190,,1,,,NOT REPORTED,,N,N,50,N,N,,N,19,,,1,,,PREMIER,,,,,,,,11,1,0,,7,1,1,1:40 PM,RADIO,1:42 PM,5/23/2013,Y,TX1210100,1531,,,,8,2,4,20,64,42,1,2,1,21,21,121,222,,,US,190,,,US0190,,,,,,,,,,,,,,,Y,Y,N,5,4,N,THU,,,,,,,,,,,,,,,,,,,,,,,,,,,,,,,,,,,,,,,,,,,,,,,,,,,,,,,,0,0,0,2,0,0,0,,,,
13296083,N,N,N,N,N,N,N,5/23/2013,5:56 AM,130069322,0,101,1666,Y,N,,,15,,,7,1800,N,MASON,RD,Y,N,0,N,N,ACADEMY PARKING LOT,N,15,,,,,,EARL OF DUNMORE,LN,,,,,,,12,4,0,,1,1,1,6:07 AM,DISPATCHED,6:24 AM,5/23/2013,Y,TX1010000,1419,205,33,5,8,1,4,1,64,3,7,9,5,33,21,101,1666,,,,,,,N MASON RD,,,,,,,,,,,,,,,N,N,Y,3,0,N,THU,,,,,,,,,,,,,,,,,,,,,,,,,,,,,,,,,,,,,,,,,,,,,,,,,,,,,,,,0,0,1,1,0,1,0,,,,
13296294,N,N,N,N,N,N,N,5/30/2013,5:22 PM,130530-2262,,101,33,N,Y,,,1,610,,1,5600,,WEST LOOP SOUTH,,N,N,60,N,N,NORTHBOUND LANES,N,19,,,,4600,,WESTPARK,DR,,,,,,,11,1,0,2,1,1,20,5:24 PM,DISPATCH,5:27 PM,5/31/2013,Y,TX1010200,109,,,35,8,2,4,22,64,42,1,1,1,21,21,101,33,29.72046881,-95.46025548,IH,610,,7.432,IH0610,,271,17,33.484,7,0.424,,,,,,,,,Y,Y,N,3,5,Y,THU,5,0,0,10,20,3,8,350,140,96,5,0,0,1,0,0,2,20,5,2,20,4,11,179716,2014,179716,4.2,2.3,6.5,,,,,,,,,,,,,,,,,,,,,,,,,,,0,0,1,2,0,1,0,15,,,
13296536,N,N,N,N,N,N,N,5/31/2013,10:44 AM,,,174,1739,Y,Y,31.51542,-94.69887,2,59,,1,,,NOT REPORTED,,N,N,65,Y,Y,,N,15,525,,,,,NOT REPORTED,,,,,,,,11,1,0,2,1,1,11,10:46 AM,DPS LUFKIN DISPATCH,10:49 AM,5/31/2013,Y,,10000,19,58,1,8,10,4,1,1,49,1,2,4,21,21,174,1739,31.50840204,-94.70198757,US,59,,169.349,US0059,,176,1,28.486,374,0.657,,,,,,,,,Y,Y,Y,3,0,Y,FRI,3,0,4,10,34,3,4,210,74,48,4,0,0,2,8,5,2,18,5,3,26,1,2,26685,2014,26685,2.9,18.5,21.4,,,,,,,,,,,,,,,,,,,,,,,,,,,0,0,1,0,0,1,0,,,,
13296542,N,N,N,N,N,N,N,5/29/2013,9:34 PM,13-12351,2 Unit Minor,57,218,N,Y,,,19,,,1,900,,KINWEST,PKWY,N,N,35,N,N,,N,19,,,,7500,N,MACARTHUR,BLVD,,,,,,,2,4,0,,1,2,20,9:35 PM,DISPATCHED,9:35 PM,5/30/2013,Y,TX0571500,1518,,,33,8,2,3,23,29,13,1,5,1,32,21,57,218,32.90703235,-96.96097371,,,,,KINWEST PKWY,,,,,,,,,,,,,,,Y,N,N,5,8,Y,WED,,,,,,,,,,,,,,,,,,,,,,,,,,,,,,,,,,,,,,,,,,,,,,,,,,,,,,,,0,0,0,3,0,0,0,282,,,
13296556,N,Y,N,N,N,N,N,5/31/2013,3:00 PM,,,250,1815,Y,Y,32.68704,-95.49683,2,69,,1,,,NOT REPORTED,,N,N,55,N,N,,Y,11,564,,1,,,NOT REPORTED,,,,,,,,11,1,4,1,1,1,5,3:01 PM,WOOD COUNTY SO,3:09 PM,5/31/2013,Y,,10000,91,28,1,8,2,1,10,64,54,1,2,1,21,21,250,1815,32.68700471,-95.49692471,US,69,,107.451,US0069,,203,5,11.458,304,-0.505,SL,564,,SL0564,,,,,Y,Y,Y,5,0,Y,FRI,2,0,12,12,0,2,2,190,50,26,4,0,0,2,12,5,2,12,5,0,0,2,14,4950,2014,4950,2.7,7.8,10.4,,,,,,,,,,,,,,,,,,,,,,,,,,,0,0,0,2,0,0,0,,,,
13296585,N,N,N,N,N,N,N,5/30/2013,9:30 AM,0066729413R,,101,208,N,Y,,,3,288,,1,6900,,SOUTH,FWY,N,N,40,N,N,EXIT RAMP TO YELLOWSTONE,N,19,,,,,,YELLOWSTONE,,,,,,,,11,1,0,,3,1,20,9:32 AM,DISPATCHED,9:48 AM,5/30/2013,Y,TXHPD0000,2469,9,113,29,8,2,4,21,64,9,3,2,3,21,21,101,208,,,SH,288,,,SH0288,,,,,,,,,,,,,,,Y,Y,N,5,9,N,THU,,,,,,,,,,,,,,,,,,,,,,,,,,,,,,,,,,,,,,,,,,,,,,,,,,,,,,,,0,0,0,5,0,0,0,,,,
13296675,N,N,N,N,N,N,N,5/27/2013,12:50 PM,2013-30588,,108,132,N,Y,,,2,281,,1,4600,N,NOT REPORTED,,N,N,75,N,N,NORTH BOUND INSIDE LANE,N,19,,,,100,E,DAVIS,RD,,,,,,,11,1,0,,1,1,11,12:54 PM,DISPATCH,1:00 PM,5/28/2013,Y,TX1080400,1248,,,35,8,2,4,21,64,9,1,2,1,21,21,108,132,26.35614301,-98.14668013,,,,,N EXPRESSWAY 281,,,,,,,,,,,,,,,Y,N,N,5,7,Y,MON,,,,,,,,,,,,,,,,,,,,,,,,,,,,,,,,,,,,,,,,,,,,,,,,,,,,,,,,0,0,0,4,0,0,0,230,,,
13296982,N,N,N,N,N,N,N,6/1/2013,4:13 PM,SAPD13116835,2110,15,379,N,Y,,,19,,,1,110,,LEXINGTON,AVE,Y,N,30,N,N,LOCAL ROAD,N,19,,,,900,N,ST MARYS,ST,,,,,LOCAL ROAD,,11,0,0,,1,1,1,4:18 PM,DISPATCH,4:25 PM,6/1/2013,N,TXSPD0000,2473,,3,122,8,4,4,5,64,3,7,9,5,33,21,15,379,,,,,,,LEXINGTON AVE,,,,,,,,,,,,,,,N,N,N,0,9,N,SAT,,,,,,,,,,,,,,,,,,,,,,,,,,,,,,,,,,,,,,,,,,,,,,,,,,,,,,,,0,0,0,0,1,0,0,,,,
13297061,N,N,N,N,N,Y,N,5/31/2013,11:37 PM,130030286,BEAT 470,220,19,N,Y,,,19,,,1,2200,E,ARBROOK,BLVD,N,N,40,N,N,,N,19,,,,3600,,SHERRY,ST,,,,,,,11,4,0,,4,1,11,11:37 PM,DISPATCH,12:05 AM,7/15/2013,Y,TX2200100,59,,,272,8,7,2,1,21,3,1,5,2,21,21,220,19,32.68431692,-97.072507,,,,,E ARBROOK BLVD,,,,,,,,,,SHERRY ST,,,,,Y,N,N,5,9,Y,FRI,,,,,,,,,,,,,,,,,,,,,,,,,,,,,,,,,,,,,,,,,,,,,,,,,,,,,,,,0,0,0,2,0,0,0,282,,,
13297154,N,N,N,N,N,N,N,6/1/2013,9:00 PM,0067951413R,,101,208,N,Y,,,12,,,1,900,W,WEST SAM HOUSTON N,PKWY,N,Y,40,N,N,CONCRETE,N,1,10,,,10700,,KATY FWY,,,,,,,,11,4,0,,1,1,20,9:20 PM,DISPATCHED,9:21 PM,6/1/2013,Y,TXHPD0000,2469,14,128,21,8,2,2,21,64,54,1,6,1,21,21,101,1666,29.78587963,-95.76429299,,,,,WESTSIDE PKWY,,,,,,,IH,10,,IH0010,,,,,Y,N,Y,5,0,Y,SAT,,,,,,,,,,,,,,,,,,,,,,,,,,,,,,,,,,,,,,,,,,,,,,,,,,,,,,,,0,0,0,3,0,0,0,15,,,
13297565,N,N,N,N,N,N,N,5/29/2013,6:56 PM,13052915,,220,277,N,Y,,,4,157,,1,1700,,FM 157,,N,N,45,N,N,NEW BLACKTOP,Y,2,287,,1,1900,N,US 287 E FR,,,,,,NEW BLACKTOP,,2,1,4,2,2,2,1,6:56 PM,DISPATCHED,7:02 PM,5/29/2013,Y,TX2202000,1726,,,,8,2,2,22,64,42,1,2,1,21,21,220,277,32.59745898,-97.14733755,US,287,,449.651,US0287,,172,9,27.068,476,-0.076,FM,157,,FM0157,,,,,Y,Y,N,5,7,Y,WED,5,0,4,10,87,3,4,420,76,48,5,0,0,2,14,5,2,14,5,3,73,4,12,50069,2014,50069,4.7,12.7,17.4,,,,,,,,,,,,,,,,,,,,,,,,,,,0,0,0,3,0,0,0,282,,,
13297642,N,N,N,N,N,N,N,5/25/2013,4:14 PM,13-00001648,,84,1649,Y,N,,,19,,,1,,,ALMA STREET,,N,N,20,N,N,ASPHALT,N,15,,,,393,,ALMA,ST,,,,,939 ALMA STREET DRIVEWAY,,12,1,0,,1,1,1,4:14 PM,RADIO,4:24 PM,5/25/2013,Y,TX0840000,1339,547,503,366,8,7,4,1,62,29,1,5,2,21,21,84,1649,,,,,,,ALMA STREET,,,,,,,,,,,,,,,N,N,Y,5,0,N,SAT,,,,,,,,,,,,,,,,,,,,,,,,,,,,,,,,,,,,,,,,,,,,,,,,,,,,,,,,0,0,0,1,0,0,0,,,,