Crash_ID,Crash_Fatal_Fl,Cmv_Involv_Fl,Schl_Bus_Fl,Rr_Relat_Fl,Medical_Advisory_Fl,Amend_Supp_Fl,Active_School_Zone_Fl,Crash_Date,Crash_Time,Case_ID,Local_Use,Rpt_CRIS_Cnty_ID,Rpt_City_ID,Rpt_Outside_City_Limit_Fl,Thousand_Damage_Fl,Rpt_Latitude,Rpt_Longitude,Rpt_Rdwy_Sys_ID,Rpt_Hwy_Num,Rpt_Hwy_Sfx,Rpt_Road_Part_ID,Rpt_Block_Num,Rpt_Street_Pfx,Rpt_Street_Name,Rpt_Street_Sfx,Private_Dr_Fl,Toll_Road_Fl,Crash_Speed_Limit,Road_Constr_Zone_Fl,Road_Constr_Zone_Wrkr_Fl,Rpt_Street_Desc,At_Intrsct_Fl,Rpt_Sec_Rdwy_Sys_ID,Rpt_Sec_Hwy_Num,Rpt_Sec_Hwy_Sfx,Rpt_Sec_Road_Part_ID,Rpt_Sec_Block_Num,Rpt_Sec_Street_Pfx,Rpt_Sec_Street_Name,Rpt_Sec_Street_Sfx,Rpt_Ref_Mark_Offset_Amt,Rpt_Ref_Mark_Dist_Uom,Rpt_Ref_Mark_Dir,Rpt_Ref_Mark_Nbr,Rpt_Sec_Street_Desc,Rpt_CrossingNumber,Wthr_Cond_ID,Light_Cond_ID,Entr_Road_ID,Road_Type_ID,Road_Algn_ID,Surf_Cond_ID,Traffic_Cntl_ID,Investigat_Notify_Time,Investigat_Notify_Meth,Investigat_Arrv_Time,Report_Date,Investigat_Comp_Fl,ORI_Number,Investigat_Agency_ID,Investigat_Area_ID,Investigat_District_ID,Investigat_Region_ID,Bridge_Detail_ID,Harm_Evnt_ID,Intrsct_Relat_ID,FHE_Collsn_ID,Obj_Struck_ID,Othr_Factr_ID,Road_Part_Adj_ID,Road_Cls_ID,Road_Relat_ID,Phys_Featr_1_ID,Phys_Featr_2_ID,Cnty_ID,City_ID,Latitude,Longitude,Hwy_Sys,Hwy_Nbr,Hwy_Sfx,Dfo,Street_Name,Street_Nbr,Control,Section,Milepoint,Ref_Mark_Nbr,Ref_Mark_Displ,Hwy_Sys_2,Hwy_Nbr_2,Hwy_Sfx_2,Street_Name_2,Street_Nbr_2,Control_2,Section_2,Milepoint_2,Txdot_Rptable_Fl,Onsys_Fl,Rural_Fl,Crash_Sev_ID,Pop_Group_ID,Located_Fl,Day_of_Week,Hwy_Dsgn_Lane_ID,Hwy_Dsgn_Hrt_ID,Hp_Shldr_Left,Hp_Shldr_Right,Hp_Median_Width,Base_Type_ID,Nbr_Of_Lane,Row_Width_Usual,Roadbed_Width,Surf_Width,Surf_Type_ID,Curb_Type_Left_ID,Curb_Type_Right_ID,Shldr_Type_Left_ID,Shldr_Width_Left,Shldr_Use_Left_ID,Shldr_Type_Right_ID,Shldr_Width_Right,Shldr_Use_Right_ID,Median_Type_ID,Median_Width,Rural_Urban_Type_ID,Func_Sys_ID,Adt_Curnt_Amt,Adt_Curnt_Year,Adt_Adj_Curnt_Amt,Pct_Single_Trk_Adt,Pct_Combo_Trk_Adt,Trk_Aadt_Pct,Curve_Type_ID,Curve_Lngth,Cd_Degr,Delta_Left_Right_ID,Dd_Degr,Feature_Crossed,Structure_Number,I_R_Min_Vert_Clear,Approach_Width,Bridge_Median_ID,Bridge_Loading_Type_ID,Bridge_Loading_In_1000_Lbs,Bridge_Srvc_Type_On_ID,Bridge_Srvc_Type_Under_ID,Culvert_Type_ID,Roadway_Width,Deck_Width,Bridge_Dir_Of_Traffic_ID,Bridge_Rte_Struct_Func_ID,Bridge_IR_Struct_Func_ID,CrossingNumber,RRCo,Poscrossing_ID,WDCode_ID,Standstop,Yield,Incap_Injry_Cnt,Nonincap_Injry_Cnt,Poss_Injry_Cnt,Non_Injry_Cnt,Unkn_Injry_Cnt,Tot_Injry_Cnt,Death_Cnt,MPO_ID,Investigat_Service_ID,Investigat_DA_ID,Investigator_Narrative
13302315,N,N,N,N,N,N,N,6/4/2013,4:17 PM,13060857,,170,92,N,Y,,,4,3083,,1,1700,S,FM 3083 EAST,,N,N,45,N,N,,N,11,336,,,3400,S,VETERANS MEMORIAL,DR,,,,,,,11,1,0,1,1,1,20,4:20 PM,DISPATCHED,4:30 PM,6/4/2013,Y,TX1700100,325,,,122,8,2,2,22,64,38,1,3,1,21,21,170,92,30.30601442,-95.39954959,FM,3083,,8.982,FM3083,,3158,1,8.991,672,0.804,SL,336,,SL0336,,,,,Y,Y,N,5,7,Y,TUE,2,0,6,6,0,9,2,100,36,24,6,0,0,2,6,5,2,6,5,0,0,4,17,5104,2014,5104,6.8,2.3,9.1,,,,,,,,,,,,,,,,,,,,,,,,,,,0,0,0,4,0,0,0,15,,,
13302588,N,N,N,N,N,N,N,5/27/2013,5:50 AM,13000958,,14,424,N,Y,,,4,93,,1,1600,,NOT REPORTED,,N,N,60,N,N,,N,19,,,1,6700,,DAUGHERTY,LN,,,,,,,11,3,0,1,4,1,1,5:51 AM,POLICE DISPATCH,6:00 AM,5/27/2013,Y,140700,2221,,,,8,10,2,1,1,54,1,3,2,21,21,14,424,31.03499942,-97.38352653,FM,93,,11.514,FM0093,1642,3292,1,14.312,564,-0.473,,,,DAUGHERTY LN,,,,,Y,Y,N,2,7,Y,MON,2,0,5,5,0,2,2,120,34,24,2,0,0,2,5,5,2,5,5,0,0,3,16,4910,2014,4910,2,10,11.9,1,143,4,1,33,,,,,,,,,,,,,,,,,,,,,,0,1,0,0,0,1,0,277,,,
13302677,N,N,N,N,N,N,N,5/27/2013,2:55 PM,13-18383,,152,270,N,Y,,,19,,,1,1900,,34TH,ST,Y,N,20,N,N,PRIVATE PARKING LOT,N,19,,,1,3400,,S,AVE,,,,,,,11,1,0,,1,1,1,3:03 PM,POLICE RADIO,3:03 PM,5/27/2013,Y,TX1520200,1706,,,,8,2,4,11,64,12,7,9,5,33,21,152,270,,,,,,,34TH ST,,,,,,,,,,,,,,,N,N,N,5,8,N,MON,,,,,,,,,,,,,,,,,,,,,,,,,,,,,,,,,,,,,,,,,,,,,,,,,,,,,,,,0,0,0,5,0,0,0,,,,
13302696,N,N,N,N,N,N,N,5/28/2013,1:44 PM,13-18488,,152,270,N,N,,,19,,,1,5280,,34TH,ST,Y,N,20,N,N,,N,19,,,1,3400,,SLIDE,RD,,,,,,,11,1,0,,7,1,1,3:07 PM,POLICE RADIO,3:14 PM,5/28/2013,Y,TX1520200,1706,,,,8,4,4,4,64,54,7,9,5,33,21,152,270,,,,,,,34TH ST,,,,,,,,,,,,,,,N,N,N,5,8,N,TUE,,,,,,,,,,,,,,,,,,,,,,,,,,,,,,,,,,,,,,,,,,,,,,,,,,,,,,,,0,0,0,1,0,0,0,,,,
13302830,N,N,N,N,N,N,N,6/2/2013,1:59 PM,13-19162,,152,270,N,Y,,,19,,,1,3400,,52ND,ST,N,N,30,N,N,,N,19,,,1,5200,,INDIANA,AVE,,,,,,,11,1,2,,1,1,1,2:02 PM,POLICE RADIO CALL,2:07 PM,6/2/2013,Y,TX1520200,1706,,,,8,2,3,14,64,14,1,5,1,32,21,152,270,33.54701324,-101.8879057,,,,,52ND ST,3402,,,,,,,,,,,,,,Y,N,N,3,8,Y,SUN,,,,,,,,,,,,,,,,,,,,,,,,,,,,,,,,,,,,,,,,,,,,,,,,,,,,,,,,0,0,1,9,0,1,0,122,,,
13302913,N,N,N,N,N,N,N,5/28/2013,4:52 PM,13KP038380,,220,231,N,Y,,,19,,,1,300,N,RUFE SNOW,DR,N,N,30,N,N,,N,19,,,1,900,,INDIAN BLANKET,DR,,,,,,,12,1,0,,2,1,1,4:52 PM,DISPATCHED,4:52 PM,5/28/2013,Y,TX2203000,1565,,8,46,8,2,4,22,64,42,1,5,1,21,21,220,231,32.93831443,-97.22925104,,,,,N RUFE SNOW DR,290,,,,,,,,,,,,,,Y,N,N,5,6,Y,TUE,,,,,,,,,,,,,,,,,,,,,,,,,,,,,,,,,,,,,,,,,,,,,,,,,,,,,,,,0,0,0,5,0,0,0,282,,,
13303017,N,N,N,N,N,N,N,5/24/2013,2:14 AM,2013011029,,108,448,N,N,,,2,83,,2,3500,E,NOT REPORTED,RD,N,N,30,N,N,,N,19,,,1,500,N,INTERNATIONAL,BLVD,,,,,,,11,4,0,,1,1,11,2:14 AM,DISPATCH,2:17 AM,5/24/2013,Y,TX1081400,2396,,,,8,2,3,20,64,14,2,2,1,32,21,108,448,,,US,83,,,US0083,,,,,,,,,,,,,,,N,Y,N,5,6,N,FRI,,,,,,,,,,,,,,,,,,,,,,,,,,,,,,,,,,,,,,,,,,,,,,,,,,,,,,,,0,0,0,3,1,0,0,,,,
13303301,N,N,N,N,N,N,N,5/29/2013,6:33 AM,,13-099,205,216,N,Y,,,4,1069,,1,1600,,MAIN,ST,N,N,50,N,N,PAVED ROADWAY,N,19,,,,1500,,VINEYARD,CIR,,,,,,,11,2,0,1,2,1,11,6:33 AM,DETECTIVE ZAMORA,6:33 AM,5/29/2013,Y,TX2050100,1511,,,,8,2,4,20,64,54,1,3,1,21,21,205,216,27.84622781,-97.22144132,FM,1069,,17.665,FM1069,1570,1549,4,2.5,612,-0.522,,,,,,,,,Y,Y,N,5,4,Y,WED,2,0,10,10,0,2,2,100,44,24,4,0,0,2,10,5,2,10,5,0,0,2,17,2936,2014,2936,3.4,3.6,7,,,,,,,,,,,,,,,,,,,,,,,,,,,0,0,0,2,0,0,0,96,,,
13303343,N,N,N,N,N,N,N,5/28/2013,7:22 AM,13044652,,61,162,N,Y,,,19,,,1,3000,,MAIN,ST,N,N,45,N,N,,Y,19,,,1,,,TEEL,PKWY,,,,,,,12,1,4,,1,1,5,7:25 AM,DISPATCHED,7:30 AM,5/28/2013,Y,TX0430400,1331,,,,8,2,1,34,64,54,1,5,1,21,21,61,162,33.15302419,-96.86414253,,,,,MAIN ST,,,,,,,,,,TEEL PKWY,,,,,Y,N,N,5,8,Y,TUE,,,,,,,,,,,,,,,,,,,,,,,,,,,,,,,,,,,,,,,,,,,,,,,,,,,,,,,,0,0,0,2,0,0,0,282,,,
13303517,N,N,N,N,N,N,N,6/5/2013,7:30 AM,SAPD13119994,7340,15,379,N,Y,,,19,,,1,11000,,HUEBNER,RD,N,N,30,N,N,,N,1,10,,,11000,W,NOT REPORTED,,,,,,,,12,1,0,,1,1,20,12:40 PM,DISPATCHED,12:54 PM,6/5/2013,N,TXSPD0000,2473,,3,122,8,2,4,21,64,3,1,5,1,21,21,15,379,29.54486742,-98.57852936,,,,,HUEBNER RD,11002,,,,,,,,,,,,,,Y,N,N,5,9,Y,WED,,,,,,,,,,,,,,,,,,,,,,,,,,,,,,,,,,,,,,,,,,,,,,,,,,,,,,,,0,0,0,1,1,0,0,28,,,
13303521,N,N,N,N,N,N,N,5/26/2013,6:20 AM,,,152,1717,Y,Y,33.62233,-101.97478,15,1600,,1,,,NOT REPORTED,,N,N,60,N,N,,Y,15,6400,,1,,,NOT REPORTED,,,,,,,,11,3,2,,1,1,1,6:23 AM,DPS COMMINUCATION,7:15 AM,5/28/2013,Y,,10000,17,17,1,8,7,2,1,63,54,1,4,2,21,21,152,1717,33.62232209,-101.9747799,,,,,COUNTY ROAD 6400,7310,,,,,,,,,UNKNOWN,,,,,Y,N,Y,5,0,Y,SUN,,,,,,,,,,,,,,,,,,,,,,,,,,,,,,,,,,,,,,,,,,,,,,,,,,,,,,,,0,0,0,1,0,0,0,122,,,
13303579,N,N,N,N,N,N,N,6/4/2013,7:55 AM,,,72,1637,Y,Y,32.10187,-98.2302,15,522,,1,,,NOT REPORTED,,N,N,60,N,N,,N,15,277,,,,,NOT REPORTED,,,,,,,,11,3,0,,4,1,1,8:33 AM,ERATH COUNTY SO,9:06 AM,6/4/2013,Y,,10000,1,118,1,8,7,4,1,33,54,1,4,2,21,21,72,1637,32.10178689,-98.23018892,,,,,COUNTY ROAD 522,5943,,,,,,,,,,,,,,Y,N,Y,3,0,Y,TUE,,,,,,,,,,,,,,,,,,,,,,,,,,,,,,,,,,,,,,,,,,,,,,,,,,,,,,,,0,0,1,0,0,1,0,,,,
13303606,N,N,N,N,N,N,N,6/4/2013,10:34 PM,13060533,,31,53,N,Y,,,3,48,,7,6106,,SOUTH PADRE ISLAND,BLVD,Y,N,-1,N,N,STRIPES PARKING LOT,N,3,48,,,6100,,SOUTH PADRE ISLAND,BLVD,,,,,,,11,4,0,,1,1,1,10:34 PM,ON VIEW,10:34 PM,6/4/2013,Y,TX0310100,172,,125,17,8,2,4,40,64,12,7,9,5,33,21,31,53,,,SH,48,,,SH0048,,,,,,,,,,,,,,,N,Y,N,5,8,N,TUE,,,,,,,,,,,,,,,,,,,,,,,,,,,,,,,,,,,,,,,,,,,,,,,,,,,,,,,,0,0,0,2,0,0,0,,,,
13303864,N,N,N,N,N,N,N,6/6/2013,10:52 AM,13061252,,170,92,N,Y,,,4,3083,,1,100,N,FM 3083 WEST,,N,N,55,N,N,,N,3,75,,,,N,FRAZIER,ST,,,,,,,11,1,0,1,1,1,20,10:55 AM,DISPATCH,11:04 AM,6/6/2013,Y,TX1700100,325,,,122,8,2,3,20,64,47,1,3,1,32,21,170,92,30.34995117,-95.4600922,FM,3083,,3.732,FM3083,,3158,1,3.786,668,-0.443,,,,,,,,,Y,Y,N,2,7,Y,THU,2,0,8,8,0,3,2,150,40,24,4,0,0,2,8,5,2,8,5,0,0,4,16,17739,2014,17739,6.8,2.3,9.1,,,,,,,,,,,,,,,,,,,,,,,,,,,0,1,1,0,0,2,0,15,,,
13303883,N,N,N,N,N,N,N,6/4/2013,11:15 PM,2013-28130,,94,389,N,Y,,,4,3009,,7,4200,,FM 3009,,N,N,45,N,N,FOUR LANE ROADWAY WITH CENTER TURN LANE,N,19,,,,1000,,FAWN,,,,,,LOCAL SINGLE LANE RESIDENTIAL STREET,,11,4,98,1,7,10,20,11:15 PM,RADIO DISPATCH,11:23 PM,6/5/2013,Y,TX0940200,2098,,,303,8,7,4,1,21,3,1,3,2,21,21,94,389,29.59121925,-98.27100695,FM,3009,,14.583,FM3009,4045,3107,2,5.736,490,-0.807,,,,,,,,,Y,Y,N,2,6,Y,TUE,2,0,8,8,0,2,2,120,54,38,2,1,1,2,8,5,2,8,5,0,0,4,14,25854,2014,25854,2,2.1,4.2,,,,,,,,,,,,,,,,,,,,,,,,,,,0,1,0,0,0,1,0,28,,,
13304265,N,N,N,N,N,N,N,5/30/2013,8:58 AM,,13-074984,57,107,N,Y,,,1,30,,1,4200,,RL THORNTON,HWY,N,N,60,N,N,WB IH 30,N,19,,,1,,,PEAK,ST,,,,,,,12,1,0,,1,1,20,9:14 AM,RADIO DISPATCHED,9:26 AM,5/30/2013,Y,TX0570000,1169,,85,22,8,2,4,20,64,42,1,1,1,21,21,57,147,32.91887028,-96.89739109,,,,,S I 35E N,12595,,,,,,,,,,,,,,Y,N,N,5,6,Y,THU,,,,,,,,,,,,,,,,,,,,,,,,,,,,,,,,,,,,,,,,,,,,,,,,,,,,,,,,0,0,0,2,0,0,0,282,,,
13304455,N,Y,N,N,N,N,N,5/24/2013,11:31 AM,2013-000767,1600 HENDERSON,20,14,N,N,,,19,,,1,1600,,BLK HENDERSON,,N,N,30,N,N,CONCRETE,Y,19,,,1,,,BUCHTA,,,,,,CONCRETE,,11,1,4,,1,1,8,11:31 AM,DISPATCH,11:41 AM,5/25/2013,Y,TX0200200,45,,,,8,2,2,20,64,38,1,5,1,21,21,20,14,,,,,,,BLK HENDERSON,,,,,,,,,,BUCHTA,,,,,N,N,N,5,5,N,FRI,,,,,,,,,,,,,,,,,,,,,,,,,,,,,,,,,,,,,,,,,,,,,,,,,,,,,,,,0,0,0,2,0,0,0,,,,
13304480,N,N,N,N,N,N,N,5/31/2013,9:00 PM,CG130507956,"1 VEHICLE, MAJOR",101,208,N,Y,,,12,8,,1,8700,S,SAM HOUSTON TOLL ROAD WEST,,N,Y,65,Y,Y,,N,2,90A,A,5,,S,MAIN,ST,,,,,,,11,4,0,1,3,1,20,9:05 PM,ON-VIEWED CRASH SITE,9:05 PM,5/31/2013,Y,TX1015200,1418,,,,8,7,4,1,56,49,1,2,2,21,21,101,208,29.62534127,-95.51675312,SL,8,,8.336,SL0008,,3256,4,8.479,688,-1.059,,,,,,,,,Y,Y,N,3,9,Y,FRI,1,0,0,0,0,3,3,300,36,36,5,1,1,1,0,0,1,0,0,0,0,4,14,14989,2014,14989,1.8,1.4,3.2,,,,,,,,,,,,,,,,,,,,,,,,,,,0,0,1,0,0,1,0,15,,,
13304799,N,N,N,N,N,N,N,5/31/2013,7:58 AM,2.01E+11,,232,1797,Y,Y,29.1948,-99.4152,15,101,,1,1600,W,NOT REPORTED,,N,N,40,N,N,,N,4,2690,,,4000,W,NOT REPORTED,,,,,,,,11,1,0,,1,1,1,7:58 AM,DISPATCHED,8:16 AM,5/31/2013,Y,TX2320000,2347,,,,8,2,3,13,64,14,1,4,1,32,21,232,1797,29.33008117,-99.69461168,,,,,COUNTY ROAD 101,1979,,,,,,,,,,,,,,Y,N,Y,5,0,Y,FRI,,,,,,,,,,,,,,,,,,,,,,,,,,,,,,,,,,,,,,,,,,,,,,,,,,,,,,,,0,0,0,2,0,0,0,,,,
13304840,N,N,N,N,N,N,N,5/29/2013,10:49 AM,130072396,0,101,1666,Y,N,,,4,1960,,1,12600,W,NOT REPORTED,,N,N,40,N,N,N,N,15,,,,,N,ELDRIDGE,PKWY,,,,,,,11,1,0,3,1,1,20,10:49 AM,DISPATCHED,10:49 AM,5/29/2013,Y,TX1010000,1419,2,4,5,8,2,4,21,64,9,1,3,1,21,21,101,1666,29.92172144,-95.60510303,FM,1960,,0.709,FM1960,12605,1685,1,2.004,666,0.678,,,,,,,,,N,Y,Y,5,0,Y,WED,2,0,0,0,0,9,6,100,86,70,5,0,0,1,0,0,1,0,0,0,0,4,14,51519,2014,51519,3.5,1,4.6,,,,,,,,,,,,,,,,,,,,,,,,,,,0,0,0,2,0,0,0,15,,,
13304929,N,N,N,N,N,N,N,5/30/2013,5:39 PM,13-97864,,43,336,N,Y,,,19,,,1,100,,SPRING CRREK,PKWY,N,N,40,N,N,,N,2,75,,,,,NOT REPORTED,,,,,,,,11,1,0,,1,1,1,5:41 PM,DISPATCHED,5:45 PM,5/30/2013,Y,TX0430600,1938,,,,8,2,4,20,64,54,1,5,1,21,21,43,336,33.05726322,-96.69466593,,,,,W SPRING CREEK PKWY,,,,,,,,,,,,,,,Y,N,N,5,9,Y,THU,,,,,,,,,,,,,,,,,,,,,,,,,,,,,,,,,,,,,,,,,,,,,,,,,,,,,,,,0,0,0,3,0,0,0,282,,,
13304950,N,N,N,N,N,N,N,6/4/2013,5:30 PM,,,130,1695,Y,Y,29.86261,-98.78796,1,10,,1,,,NOT REPORTED,,N,N,75,N,N,,N,,,,,,,NOT REPORTED,,60,F,E,534,,,11,1,0,2,5,1,20,5:31 PM,BOERNE DISPATCH,5:36 PM,6/4/2013,Y,,10000,7,92,1,8,10,4,1,1,54,1,1,2,21,21,130,1695,29.86592577,-98.78954718,IH,10,,532.264,IH0010,,72,5,13.021,534,60,,,,NOT REPORTED,,,,,Y,Y,Y,2,0,Y,TUE,5,0,4,10,136,2,4,330,76,48,4,0,0,2,8,5,2,20,5,3,128,1,1,26166,2014,26166,2.3,8,10.4,1,310,1,2,24,,,,,,,,,,,,,,,,,,,,,,0,2,0,0,0,2,0,28,,,
13305245,N,N,N,N,N,Y,N,5/25/2013,4:36 AM,0064503713Q,FSGI,101,208,N,Y,,,4,1960,,1,8600,W,FM 1960,,N,N,40,N,N,CITY STREET RUNNING E/W,Y,19,,,1,9000,,MILLS,RD,,,,,,,11,4,4,3,1,1,5,4:43 AM,DISPATCH,4:46 AM,10/24/2013,N,TXHPD0000,2469,6,106,87,8,2,2,22,64,38,1,3,1,21,21,101,208,29.95551261,-95.55364339,FM,1960,,4.597,FM1960,8601,1685,1,5.857,670,0.873,,,,MILLS RD,,,,,Y,Y,N,5,9,Y,SAT,2,0,0,0,0,9,6,100,86,70,5,0,0,1,0,0,1,0,0,0,0,4,14,45085,2014,45085,3.5,1,4.6,,,,,,,,,,,,,,,,,,,,,,,,,,,0,0,0,2,0,0,0,15,,,
13305272,N,N,N,N,N,N,N,6/6/2013,1:24 PM,13-13414,,212,434,N,Y,,,11,323,,1,2300,,LOOP 323 E SE,,N,N,45,N,N,,N,19,,,,3300,,OLD TROUP,,,,,,,,2,1,0,2,1,2,20,1:25 PM,SELF INITIATED,1:25 PM,6/6/2013,Y,TX2120400,2316,,,170,8,2,4,22,64,1,1,2,1,21,21,212,434,32.31179755,-95.27168376,SL,323,,6.004,SL0323,2343,2075,2,1.497,680,-0.067,,,,,,,,,Y,Y,N,5,8,Y,THU,3,0,2,0,20,2,6,198,80,72,4,2,2,2,4,5,1,0,0,1,16,3,14,37832,2014,37832,3,17.3,20.3,,,,,,,,,,,,,,,,,,,,,,,,,,,0,0,0,3,0,0,0,213,,,
13305396,N,N,N,N,N,N,N,6/2/2013,5:25 PM,,,109,1674,Y,Y,31.88577,-97.08432,1,35,,1,,,NOT REPORTED,,N,N,70,Y,N,,N,,,,,,,NOT REPORTED,,0.4,M,S,358,,,11,1,0,2,1,1,11,5:30 PM,DISPATCH,5:38 PM,6/3/2013,Y,,10000,12,119,1,8,2,4,22,64,49,1,1,1,21,21,109,1674,31.87120629,-97.08218493,IH,35,,357.097,IH0035,,14,7,2.193,358,-0.4,,,,NOT REPORTED,,,,,Y,Y,Y,2,0,Y,SUN,5,0,6,10,38,9,4,285,80,48,6,0,0,2,12,5,2,20,5,3,26,1,1,52686,2014,52686,2.9,29.5,32.4,,,,,,,,,,,,,,,,,,,,,,,,,,,0,1,2,8,0,3,0,,,,
13305458,N,N,N,N,N,N,N,6/7/2013,2:50 PM,142328A,,57,107,N,Y,,,19,,,1,700,,SINGLETON,BLVD,N,N,35,N,N,,N,19,,,,2900,,SYLVAN,AVE,,,,,,,11,1,0,,1,1,5,2:57 PM,DISPATCHED,3:07 PM,6/7/2013,Y,TX0000006,2471,,,44,8,2,4,22,64,42,1,5,1,21,21,57,107,32.77855426,-96.83564063,,,,,SINGLETON BLVD,792,,,,,,,,,,,,,,Y,N,N,3,9,Y,FRI,,,,,,,,,,,,,,,,,,,,,,,,,,,,,,,,,,,,,,,,,,,,,,,,,,,,,,,,0,0,1,2,0,1,0,282,,,
13305586,N,N,N,N,N,N,N,6/6/2013,2:30 PM,SAPD13121019,6140,15,379,N,Y,,,19,,,1,7300,,YARROW,BLVD,N,N,35,N,N,,Y,19,,,1,2300,,CASCADE,PKWY,,,,,,,11,1,2,,1,1,8,2:55 PM,DISPATCHED,3:00 PM,6/6/2013,Y,TXSPD0000,2473,,11,175,8,2,1,13,64,54,1,5,1,21,21,15,379,29.35068498,-98.5418223,,,,,YARROW BLVD,7504,,,,,,,,,CASCADE PKWY,,,,,Y,N,N,5,9,Y,THU,,,,,,,,,,,,,,,,,,,,,,,,,,,,,,,,,,,,,,,,,,,,,,,,,,,,,,,,0,0,0,2,0,0,0,28,,,
13305825,N,N,N,N,N,N,N,6/7/2013,3:11 PM,142331A,,57,107,N,Y,,,19,,,1,2700,,WEBB CHAPEL EXT,,N,N,35,N,N,,Y,19,,,1,9700,,STARLIGHT,RD,,,,,,,11,1,4,,1,1,8,3:17 PM,DISPATCHED,3:17 PM,6/7/2013,Y,TX0000006,2471,,,87,8,2,1,10,64,54,1,5,1,21,21,57,107,32.85524424,-96.87266255,,,,,WEBB CHAPEL EXT,,,,,,,,,,STARLIGHT RD,,,,,Y,N,N,5,9,Y,FRI,,,,,,,,,,,,,,,,,,,,,,,,,,,,,,,,,,,,,,,,,,,,,,,,,,,,,,,,0,0,0,2,0,0,0,282,,,
13305865,N,N,N,N,N,N,N,6/7/2013,11:40 AM,SAPD13121793,3340,15,379,N,Y,,,2,35,,1,6200,N,NOT REPORTED,,N,N,60,N,N,,N,19,,,,4700,,EISENHAUER,RD,,,,,,,2,1,0,2,2,2,20,11:50 AM,DISPATCHED,12:00 PM,6/7/2013,Y,TXSPD0000,2473,,7,147,8,2,4,20,64,42,1,1,1,21,21,15,379,29.4857679,-98.40281949,IH,35,,163.805,IH0035,,17,10,30.963,164,0.508,,,,,,,,,Y,Y,N,3,9,Y,FRI,5,0,8,10,38,9,7,310,132,96,6,0,0,2,16,5,2,20,5,,22,4,11,148001,2014,148001,3.4,11.2,14.6,,,,,,,,,,,,,,,,,,,,,,,,,,,0,0,3,0,0,3,0,28,,,
13305972,N,N,N,N,N,N,N,6/7/2013,4:00 PM,SAPD13121992,5180,15,379,N,Y,,,2,410,,1,9400,SW,410,LOOP,N,N,70,N,N,,N,19,,,,6200,,OLD PEARSALL,RD,,,,,,,2,1,2,2,1,2,9,4:02 PM,DISPATCHED,4:09 PM,6/7/2013,Y,TXSPD0000,2473,,19,148,8,2,4,20,64,54,1,1,1,21,21,15,379,29.35277306,-98.62957582,IH,410,,2.873,IH0410,,521,5,3.395,3,-0.078,,,,,,,,,Y,Y,N,5,9,Y,FRI,5,0,4,10,44,2,4,300,76,48,2,0,0,2,8,5,2,20,5,2,36,4,11,54645,2014,54645,2.4,3,5.4,,,,,,,,,,,,,,,,,,,,,,,,,,,0,0,0,1,1,0,0,28,,,
13306084,N,N,N,N,N,N,N,6/2/2013,11:09 AM,,,178,1743,Y,Y,27.78523,-97.70511,15,38,,1,,,NOT REPORTED,,N,N,60,N,N,,N,19,,,,4000,,BOEING,,,,,,,,2,1,0,,1,3,1,11:17 AM,DISPATCH,11:29 AM,6/2/2013,Y,,10000,17,112,1,8,7,4,1,30,24,1,4,2,21,21,178,1743,27.78337949,-97.70153292,,,,,COUNTY ROAD 38,4202,,,,,,,,,,,,,,Y,N,Y,5,0,Y,SUN,,,,,,,,,,,,,,,,,,,,,,,,,,,,,,,,,,,,,,,,,,,,,,,,,,,,,,,,0,0,0,1,0,0,0,,,,
13306161,N,N,N,N,N,N,N,6/7/2013,6:35 PM,0070672413F,,101,208,N,Y,,,19,,,1,3900,,SAMPSON,,N,N,30,N,N,LOCAL ROAD,Y,19,,,1,3500,,WHEELER,,,,,,,,11,1,0,,1,1,8,6:46 PM,DISPATCHED,6:56 PM,6/7/2013,Y,TXHPD0000,2469,52,113,29,8,2,1,14,64,54,1,5,1,21,21,101,208,29.7204948,-95.35647309,,,,,SAMPSON ST,3999,,,,,,,,,WHEELER ST,,,,,Y,N,N,5,9,Y,FRI,,,,,,,,,,,,,,,,,,,,,,,,,,,,,,,,,,,,,,,,,,,,,,,,,,,,,,,,0,0,0,7,0,0,0,15,,,
13306162,N,N,N,N,N,N,N,6/8/2013,6:23 PM,143586,,57,107,N,Y,,,19,,,1,2300,,GUS THOMASSON,RD,N,N,35,N,N,,N,19,,,,10000,,CASA VIEW,,,,,,,,11,1,0,,1,1,17,7:06 PM,DISPATCHED,7:12 PM,6/8/2013,Y,TX0000006,2471,,,33,8,2,1,10,64,54,1,5,1,21,21,57,107,32.83475424,-96.6760926,,,,,GUS THOMASSON RD,2300,,,,,,,,,UNKNOWN,,,,,Y,N,N,5,9,Y,SAT,,,,,,,,,,,,,,,,,,,,,,,,,,,,,,,,,,,,,,,,,,,,,,,,,,,,,,,,0,0,0,8,0,0,0,282,,,