Crash_ID,Crash_Fatal_Fl,Cmv_Involv_Fl,Schl_Bus_Fl,Rr_Relat_Fl,Medical_Advisory_Fl,Amend_Supp_Fl,Active_School_Zone_Fl,Crash_Date,Crash_Time,Case_ID,Local_Use,Rpt_CRIS_Cnty_ID,Rpt_City_ID,Rpt_Outside_City_Limit_Fl,Thousand_Damage_Fl,Rpt_Latitude,Rpt_Longitude,Rpt_Rdwy_Sys_ID,Rpt_Hwy_Num,Rpt_Hwy_Sfx,Rpt_Road_Part_ID,Rpt_Block_Num,Rpt_Street_Pfx,Rpt_Street_Name,Rpt_Street_Sfx,Private_Dr_Fl,Toll_Road_Fl,Crash_Speed_Limit,Road_Constr_Zone_Fl,Road_Constr_Zone_Wrkr_Fl,Rpt_Street_Desc,At_Intrsct_Fl,Rpt_Sec_Rdwy_Sys_ID,Rpt_Sec_Hwy_Num,Rpt_Sec_Hwy_Sfx,Rpt_Sec_Road_Part_ID,Rpt_Sec_Block_Num,Rpt_Sec_Street_Pfx,Rpt_Sec_Street_Name,Rpt_Sec_Street_Sfx,Rpt_Ref_Mark_Offset_Amt,Rpt_Ref_Mark_Dist_Uom,Rpt_Ref_Mark_Dir,Rpt_Ref_Mark_Nbr,Rpt_Sec_Street_Desc,Rpt_CrossingNumber,Wthr_Cond_ID,Light_Cond_ID,Entr_Road_ID,Road_Type_ID,Road_Algn_ID,Surf_Cond_ID,Traffic_Cntl_ID,Investigat_Notify_Time,Investigat_Notify_Meth,Investigat_Arrv_Time,Report_Date,Investigat_Comp_Fl,ORI_Number,Investigat_Agency_ID,Investigat_Area_ID,Investigat_District_ID,Investigat_Region_ID,Bridge_Detail_ID,Harm_Evnt_ID,Intrsct_Relat_ID,FHE_Collsn_ID,Obj_Struck_ID,Othr_Factr_ID,Road_Part_Adj_ID,Road_Cls_ID,Road_Relat_ID,Phys_Featr_1_ID,Phys_Featr_2_ID,Cnty_ID,City_ID,Latitude,Longitude,Hwy_Sys,Hwy_Nbr,Hwy_Sfx,Dfo,Street_Name,Street_Nbr,Control,Section,Milepoint,Ref_Mark_Nbr,Ref_Mark_Displ,Hwy_Sys_2,Hwy_Nbr_2,Hwy_Sfx_2,Street_Name_2,Street_Nbr_2,Control_2,Section_2,Milepoint_2,Txdot_Rptable_Fl,Onsys_Fl,Rural_Fl,Crash_Sev_ID,Pop_Group_ID,Located_Fl,Day_of_Week,Hwy_Dsgn_Lane_ID,Hwy_Dsgn_Hrt_ID,Hp_Shldr_Left,Hp_Shldr_Right,Hp_Median_Width,Base_Type_ID,Nbr_Of_Lane,Row_Width_Usual,Roadbed_Width,Surf_Width,Surf_Type_ID,Curb_Type_Left_ID,Curb_Type_Right_ID,Shldr_Type_Left_ID,Shldr_Width_Left,Shldr_Use_Left_ID,Shldr_Type_Right_ID,Shldr_Width_Right,Shldr_Use_Right_ID,Median_Type_ID,Median_Width,Rural_Urban_Type_ID,Func_Sys_ID,Adt_Curnt_Amt,Adt_Curnt_Year,Adt_Adj_Curnt_Amt,Pct_Single_Trk_Adt,Pct_Combo_Trk_Adt,Trk_Aadt_Pct,Curve_Type_ID,Curve_Lngth,Cd_Degr,Delta_Left_Right_ID,Dd_Degr,Feature_Crossed,Structure_Number,I_R_Min_Vert_Clear,Approach_Width,Bridge_Median_ID,Bridge_Loading_Type_ID,Bridge_Loading_In_1000_Lbs,Bridge_Srvc_Type_On_ID,Bridge_Srvc_Type_Under_ID,Culvert_Type_ID,Roadway_Width,Deck_Width,Bridge_Dir_Of_Traffic_ID,Bridge_Rte_Struct_Func_ID,Bridge_IR_Struct_Func_ID,CrossingNumber,RRCo,Poscrossing_ID,WDCode_ID,Standstop,Yield,Incap_Injry_Cnt,Nonincap_Injry_Cnt,Poss_Injry_Cnt,Non_Injry_Cnt,Unkn_Injry_Cnt,Tot_Injry_Cnt,Death_Cnt,MPO_ID,Investigat_Service_ID,Investigat_DA_ID,Investigator_Narrative
13306248,N,N,N,N,N,N,N,6/7/2013,8:05 PM,0070712813T,FSRA,101,208,N,N,,,19,,,1,2500,,BRANARD,ST,Y,N,5,N,N,CONCRETE,N,19,,,,3100,,ARGONNE,ST,,,,,,,11,5,0,,1,1,1,8:10 PM,ON SCENE,8:10 PM,6/8/2013,Y,TXHPD0000,2469,18,121,35,8,1,4,4,64,12,7,9,5,33,21,101,208,,,,,,,BRANARD ST,,,,,,,,,,,,,,,N,N,N,3,9,N,FRI,,,,,,,,,,,,,,,,,,,,,,,,,,,,,,,,,,,,,,,,,,,,,,,,,,,,,,,,0,0,1,0,1,1,0,,,,
13306254,N,N,N,N,N,N,N,6/7/2013,10:46 PM,142783A,FLID # 142784A,57,107,N,Y,,,19,,,1,4400,W,UNIVERSITY,BLVD,N,N,35,N,N,,N,19,,,,,,WEBSTER,ST,,,,,,,11,4,0,,1,1,20,10:46 PM,DISPATCHED,11:15 PM,6/8/2013,N,TX0000006,2471,,,87,8,4,4,1,64,54,1,5,1,21,21,57,107,32.84482914,-96.83304632,,,,,W UNIVERSITY BLVD,4418,,,,,,,,,,,,,,Y,N,N,0,9,Y,FRI,,,,,,,,,,,,,,,,,,,,,,,,,,,,,,,,,,,,,,,,,,,,,,,,,,,,,,,,0,0,0,0,1,0,0,282,,,
13306418,N,N,N,N,N,N,N,5/28/2013,8:22 AM,,,165,1730,Y,Y,31.97266,-102.00337,2,158,,1,,,NOT REPORTED,,N,N,75,N,N,,Y,4,1213,,1,,,NOT REPORTED,,,,,,,,11,1,4,1,1,1,1,8:27 AM,DPS COMMUNICATIONS,8:43 AM,6/8/2013,Y,TXDOT1800,10000,46,32,1,8,2,1,34,64,54,1,3,1,21,21,165,1730,31.91982789,-101.9865027,FM,1213,,3.784,FM1213,7201,1369,1,4.531,326,-0.406,BS,158,B,BS0158B,,,,,Y,Y,Y,5,0,Y,TUE,2,0,3,2,0,1,2,100,29,24,2,0,0,2,3,5,2,2,5,0,0,1,7,1749,2014,1749,5.3,34.1,39.4,,,,,,,,,,,,,,,,,,,,,,,,,,,0,0,0,2,0,0,0,,,,
13306516,N,N,N,N,N,N,N,6/8/2013,6:00 PM,0071125013H,,101,208,N,Y,,,2,90,,1,8800,,MAIN,ST,N,N,45,N,N,,Y,19,,,1,3200,,MCNEE,,,,,,,,11,3,0,2,1,1,5,9:32 PM,DISPATCHED,9:37 PM,6/8/2013,Y,TXHPD0000,2469,6,125,40,8,2,2,22,64,38,1,2,1,21,21,101,208,29.6899634,-95.41786835,UA,90,,165.905,UA0090,,27,9,8.96,694,0.012,IH,610,,IH0610,,,,,Y,Y,N,5,9,Y,SAT,3,0,0,0,4,3,8,200,96,96,5,1,2,1,0,0,1,0,0,1,4,4,14,54949,2014,54949,3.9,1.4,5.2,,,,,,,,,,,,,,,,,,,,,,,,,,,0,0,0,2,0,0,0,15,,,
13306520,N,N,N,N,N,N,N,6/8/2013,10:15 PM,0071227713U,,101,208,N,Y,,,19,,,1,10600,S,POST OAK,RD,N,N,40,N,N,THREE LANE STREET,N,19,,,,4900,,WILLOWBEND,,,,,,,,11,4,0,,1,1,5,10:21 PM,DISPATCH,10:32 PM,6/8/2013,Y,TXHPD0000,2469,24,125,40,8,2,4,22,64,38,1,5,1,21,21,101,208,29.6664088,-95.46344306,,,,,S POST OAK RD,10600,,,,,,,,,,,,,,Y,N,N,2,9,Y,SAT,,,,,,,,,,,,,,,,,,,,,,,,,,,,,,,,,,,,,,,,,,,,,,,,,,,,,,,,0,1,0,3,0,1,0,15,,,
13307055,N,N,N,N,N,N,N,5/29/2013,7:57 AM,2013-05286,,71,1635,Y,Y,,,2,62,,1,14600,,MONTANA,,N,N,55,N,N,,Y,19,,,1,3900,,DESERT MEADOWS,,,,,,,,11,1,4,2,1,1,5,8:00 AM,DISPATCHED,8:20 AM,5/29/2013,Y,TX0710000,1259,,,,8,2,1,34,64,54,1,2,1,21,21,71,1635,31.83012543,-106.0982012,US,62,,24.427,US0062,,374,2,31.719,42,0.608,,,,DESERT STORM RD,,,,,Y,Y,Y,2,0,Y,WED,3,0,4,10,51,2,4,150,79,48,4,0,0,2,12,5,2,19,5,3,39,1,2,2881,2014,2881,5.7,14.8,20.4,,,,,,,,,,,,,,,,,,,,,,,,,,,0,2,0,0,0,2,0,66,,,
13307057,N,N,N,N,N,N,N,5/24/2013,9:32 AM,13-3547,,15,257,N,Y,,,3,16,,1,5900,,BANDERA,RD,N,N,45,N,N,,N,11,410,,2,5900,W,410 ACCESS,RD,,,,,,,11,1,0,2,5,1,7,9:32 AM,DISPATCHED,9:34 AM,5/24/2013,Y,TX0151000,1654,,,93,8,2,2,22,64,5,2,2,1,21,21,15,257,29.48266602,-98.60024261,SH,16,,356.548,SH0016,,291,10,9.989,590,0.092,IH,410,,IH0410,,,,,Y,Y,N,1,5,Y,FRI,3,0,0,0,75,2,6,180,72,72,4,0,0,1,0,0,1,0,0,2,75,4,14,33549,2014,33549,4.4,4.4,8.9,,,,,,,,,,,,,,,,,,,,,,,,,,,1,0,0,8,0,1,0,28,,,
13307128,N,N,N,N,N,N,N,5/29/2013,11:00 AM,130072410,0,101,1666,Y,N,,,19,,,1,700,S,FRY,RD,Y,N,30,N,N,,N,15,,,,,,KINGSLAND,BLVD,,,,,,,11,1,0,,1,1,1,11:56 AM,DISPATCHED,12:10 PM,5/29/2013,N,TX1010000,1419,122,4,5,8,4,4,1,64,54,7,9,5,33,21,101,1666,,,,,,,S FRY RD,,,,,,,,,,,,,,,N,N,Y,0,0,N,WED,,,,,,,,,,,,,,,,,,,,,,,,,,,,,,,,,,,,,,,,,,,,,,,,,,,,,,,,0,0,0,0,1,0,0,,,,
13307149,N,N,N,N,N,N,N,5/29/2013,6:14 PM,13-3676,,15,257,N,Y,,,3,16,,1,6100,N,BAUDERA,RD,N,N,45,N,N,,N,19,,,1,5600,E,WARZBACH,RD,,,,,,,12,1,0,2,1,1,20,6:14 PM,DISPATCHED,6:28 PM,5/29/2013,Y,TX0151000,1654,,41,85,8,2,4,22,64,42,1,2,1,21,21,15,257,29.48447908,-98.60468775,SH,16,,356.252,SH0016,6107,291,10,9.678,590,-0.204,,,,,,,,,Y,Y,N,5,5,Y,WED,3,0,0,0,27,2,6,180,72,72,4,0,0,1,0,0,1,0,0,3,27,4,14,33549,2014,33549,4.4,4.4,8.9,,,,,,,,,,,,,,,,,,,,,,,,,,,0,0,0,2,0,0,0,28,,,
13307314,N,N,N,N,N,N,N,6/1/2013,12:41 PM,13-000992,,14,236,N,Y,,,2,190,,2,4000,E,CENTRAL TEXAS,EXPY,N,N,45,N,N,,N,4,3470,,1,4400,E,STAN SCHLUETER,LOOP,,,,,,,11,1,2,2,1,1,9,12:41 PM,DISPATCHED,1:00 PM,6/1/2013,Y,TX0140400,1587,,,,8,2,2,20,64,38,2,2,1,21,21,14,236,31.08058946,-97.69882792,US,190,,287.381,US0190,,231,3,8.164,570,-0.838,FM,3470,,FM3470,,,,,Y,Y,N,5,8,Y,SAT,5,0,6,10,88,2,4,440,80,48,4,0,0,2,12,5,2,20,5,3,76,4,12,47019,2014,47019,5,2.6,7.6,,,,,,,,,,,,,,,,,,,,,,,,,,,0,0,0,2,0,0,0,277,,,
13307322,N,N,N,N,N,N,N,5/31/2013,8:47 AM,C13-982,,14,236,N,Y,,,4,3470,,1,4300,E,STAN SCHLUETER,LOOP,N,N,40,N,N,,Y,17,,,1,4100,,PRIVATE DR,DR,,,,,,,11,1,2,,1,1,8,8:49 AM,DISPATCHED,8:49 AM,6/1/2013,Y,TX0140400,1587,,,,8,2,1,14,64,54,1,3,1,21,21,14,236,,,FM,3470,,,FM3470,,,,,,,,,,PRIVATE DR DR,,,,,Y,Y,N,5,8,N,FRI,,,,,,,,,,,,,,,,,,,,,,,,,,,,,,,,,,,,,,,,,,,,,,,,,,,,,,,,0,0,0,5,0,0,0,,,,
13307345,N,N,N,N,N,N,N,5/28/2013,1:07 PM,13-000191,,25,54,N,Y,,,2,377,,2,1700,,MAIN ST,,N,N,30,N,N,,N,19,,,1,200,,4TH ST,,,,,,,,12,1,2,2,4,1,8,1:09 PM,RADIO,1:15 PM,5/28/2013,Y,TX0250200,2550,135,95,134,8,2,4,14,64,54,2,2,1,21,21,25,54,31.71219941,-98.99073129,US,377,,219.08,US0377,,128,1,1.401,428,0.531,,,,,,,,,Y,Y,N,5,5,Y,TUE,4,0,0,8,6,2,4,170,72,48,4,0,0,1,3,0,2,16,5,2,3,2,14,12723,2014,12723,9.1,14.3,23.5,,,,,,,,,,,,,,,,,,,,,,,,,,,0,0,0,3,0,0,0,,,,
13307377,N,N,N,N,N,N,N,5/26/2013,2:00 PM,DTA13000210,,57,107,N,Y,,,1,635,,1,9300,W,LYNDON B JOHNSON,FWY,N,N,60,N,N,HOV LANE,N,1,635,,1,,N,ABRAMS RD,FWY,,,,,,,11,1,0,2,1,1,20,2:05 PM,DISPATCHED,2:15 PM,5/26/2013,Y,TX0575300,1179,202,26,41,8,2,4,20,39,36,1,1,1,21,21,57,24,32.69911957,-96.62760162,IH,20,,479.136,IH0020,,95,13,0.017,480,0.177,,,,,,,,,Y,Y,N,5,5,Y,SUN,5,0,10,10,48,3,4,450,88,48,5,0,0,2,20,5,2,20,5,2,28,4,11,47370,2014,47370,7.2,25.4,32.7,1,481,2,2,0,,,,,,,,,,,,,,,,,,,,,,0,0,0,4,0,0,0,282,,,
13307387,N,N,N,N,N,N,N,5/30/2013,4:26 PM,1300007900,,225,300,N,Y,,,3,49,,1,1100,W,FERGUSON,RD,N,N,45,N,N,,Y,19,,,,100,S,OTYSON,AVE,,,,,,,12,1,4,3,1,1,5,4:28 PM,DISPATCHED,4:34 PM,5/30/2013,Y,TX2250100,1813,,8,36,8,2,1,34,64,54,1,2,1,21,21,225,300,33.15674591,-94.9790802,SH,49,,1.189,SH0049,,248,1,18.599,692,-0.832,FM,127,,FM0127,,734,1,11.374,Y,Y,N,5,5,Y,THU,2,0,10,10,0,3,4,170,82,48,4,0,0,2,10,5,2,10,5,0,0,2,14,22130,2014,22130,4.1,12.2,16.2,1,73,8,2,30,,,,,,,,,,,,,,,,,,,,,,0,0,0,2,0,0,0,,,,
13307577,N,N,N,N,N,Y,N,5/22/2013,10:00 AM,2013069529,,57,67,N,Y,,,19,,,1,1405,E,BELT LINE,RD,Y,N,-1,N,N,,N,19,,,,1000,,ERIE,ST,,,,,,,0,1,0,,7,0,1,6:21 PM,DISPATCH,6:32 PM,6/13/2013,Y,TX0570400,214,,,170,8,4,4,4,64,12,7,9,5,33,21,57,67,,,,,,,E BELT LINE RD,,,,,,,,,,,,,,,N,N,N,5,8,N,WED,,,,,,,,,,,,,,,,,,,,,,,,,,,,,,,,,,,,,,,,,,,,,,,,,,,,,,,,0,0,0,1,0,0,0,,,,
13307596,N,N,N,N,N,N,N,5/26/2013,8:05 PM,13-04454,,84,165,N,Y,,,4,3005,,1,,,FM 3005,,N,N,45,N,N,PAVED BLACKTOP,N,19,,,1,16,,MILE,RD,,,,,PAVED BLACKTOP,,11,1,2,,1,1,1,6:38 PM,DISPATCH,6:39 PM,5/26/2013,Y,TX0840400,1341,,,,8,2,3,34,64,13,1,3,1,32,21,84,165,,,FM,3005,,,FM3005,,,,,,,,,,,,,,,Y,Y,N,5,6,N,SUN,,,,,,,,,,,,,,,,,,,,,,,,,,,,,,,,,,,,,,,,,,,,,,,,,,,,,,,,0,0,0,2,0,0,0,,,,
13307651,N,N,N,N,N,N,N,6/4/2013,8:53 AM,,,152,1717,Y,Y,33.46737,-101.85314,4,1585,,1,,,NOT REPORTED,,N,N,55,N,N,,Y,15,2300,,1,,,NOT REPORTED,,,,,,,,11,1,4,1,1,1,8,8:53 AM,LUBBOCK DISPATCH,9:06 AM,6/4/2013,Y,,10000,17,17,1,8,2,1,23,64,3,1,3,1,21,21,152,1717,33.47627937,-101.8530613,FM,1585,,74.584,FM1585,1598,1502,1,19.047,300,0.118,,,,CR2300,,,,,Y,Y,Y,5,0,Y,TUE,2,0,8,8,0,2,2,80,40,24,2,0,0,2,8,5,2,8,5,0,0,4,16,5005,2014,5005,3.9,6.5,10.4,,,,,,,,,,,,,,,,,,,,,,,,,,,0,0,0,2,0,0,0,122,,,
13307832,N,N,N,N,N,N,N,5/22/2013,10:05 AM,13-016074,,240,254,N,Y,,,19,,,1,3900,,FEATHER,CT,N,N,30,N,N,,N,19,,,1,900,,LAKOTA,,,,,,,,11,1,2,,3,1,1,10:07 AM,MCT DISPATCHED,10:17 AM,5/22/2013,Y,TX2400100,1644,,,17,8,4,4,4,64,54,1,5,1,21,21,240,254,27.50350539,-99.45449853,,,,,FEATHER CT,3912,,,,,,,,,,,,,,Y,N,N,0,8,Y,WED,,,,,,,,,,,,,,,,,,,,,,,,,,,,,,,,,,,,,,,,,,,,,,,,,,,,,,,,0,0,0,0,1,0,0,205,,,
13307902,N,N,N,N,N,N,N,5/25/2013,5:31 PM,13-016490,,240,254,N,Y,,,19,,,1,4401,,US HIGHWAY 83,,Y,N,5,N,N,,N,19,,,1,2400,,LA PITA MANGANA,AVE,,,,,,,11,1,2,,1,1,8,5:31 PM,MCT DISPATCHED,5:59 PM,5/25/2013,Y,TX2400100,1644,,,81,8,2,4,40,64,12,7,9,5,33,21,240,254,,,,,,,US HIGHWAY 83,,,,,,,,,,,,,,,N,N,N,3,8,N,SAT,,,,,,,,,,,,,,,,,,,,,,,,,,,,,,,,,,,,,,,,,,,,,,,,,,,,,,,,0,0,1,3,0,1,0,,,,
13308520,N,N,N,N,N,N,N,5/25/2013,4:51 PM,13-51385,,220,156,N,Y,,,3,183,,1,14600,,STATE,HWY,N,N,60,N,N,,N,19,,,,4900,,AMON CARTER,BLVD,,,,,,,11,1,0,,1,2,1,4:58 PM,DISPATCH,5:08 PM,5/25/2013,Y,TX2201200,1318,885,9,120,8,2,4,20,64,3,1,2,1,21,21,220,156,,,SH,183,,,SH0183,,,,,,,,,,,,,,,Y,Y,N,5,9,N,SAT,,,,,,,,,,,,,,,,,,,,,,,,,,,,,,,,,,,,,,,,,,,,,,,,,,,,,,,,0,0,0,9,0,0,0,,,,
13308564,N,N,N,N,N,N,N,6/1/2013,7:03 AM,,,1,1566,Y,Y,31.96605,-95.03136,2,287,,1,,,NOT REPORTED,,N,N,70,N,N,,N,15,494,,,,,NOT REPORTED,,,,,,,,11,1,0,,1,1,11,7:11 AM,ACSO DISPATCH,8:10 AM,6/6/2013,Y,,10000,46,28,1,8,2,4,30,64,3,1,2,1,21,21,1,1566,,,US,287,,,US0287,,,,,,,,,,,,,,,Y,Y,Y,2,0,N,SAT,,,,,,,,,,,,,,,,,,,,,,,,,,,,,,,,,,,,,,,,,,,,,,,,,,,,,,,,0,2,0,1,0,2,0,,,,
13308573,N,N,N,N,N,N,N,6/10/2013,7:49 AM,,,249,1814,Y,Y,33.00122,-97.4394,15,,,1,184,,CATTLEMANS CREEK,,N,N,30,N,N,,N,15,,,,184,,INDIAN TRAIL,RD,,,,,,,11,1,0,,4,1,1,7:54 AM,DISPATCHED,8:17 AM,6/10/2013,N,,10000,7,118,1,8,7,3,2,34,13,1,4,2,32,21,249,1814,33.00118253,-97.43938751,,,,,CATTLEMANS CREEK RD,192,,,,,,,,,,,,,,Y,N,Y,5,0,Y,MON,,,,,,,,,,,,,,,,,,,,,,,,,,,,,,,,,,,,,,,,,,,,,,,,,,,,,,,,0,0,0,1,0,0,0,282,,,
13308680,N,N,N,N,N,N,N,5/29/2013,4:40 AM,,,108,1673,Y,Y,26.53931,-98.37492,4,681,,1,,,NOT REPORTED,,N,N,65,N,N,,N,4,490,,,,,NOT REPORTED,,,,,,,,11,3,0,1,5,1,12,5:20 AM,DPS WESLACO COMM,5:25 AM,6/10/2013,Y,,10000,1,137,1,8,10,4,1,1,54,1,3,2,21,21,108,1673,26.5383615,-98.37680329,FM,681,,7.929,FM0681,,669,1,7.751,700,-0.46,,,,,,,,,Y,Y,Y,0,0,Y,WED,2,0,5,5,0,2,2,80,34,24,4,0,0,2,5,5,2,5,5,0,0,1,7,1348,2014,1348,2.4,2.9,5.3,,,,,,,,,,,,,,,,,,,,,,,,,,,0,0,0,0,1,0,0,230,,,
13308728,N,N,N,N,N,N,N,6/8/2013,5:43 PM,143538A,,57,107,N,Y,,,19,,,1,5500,,MILITARY,PKWY,N,N,-1,N,N,,N,19,,,,5300,,FORNEY,RD,,,,,,,11,1,3,,2,1,20,5:43 PM,DISPATCHED,5:54 PM,6/8/2013,Y,TX0000006,2471,,,27,8,7,4,1,29,54,1,5,4,21,21,57,107,32.78363488,-96.73441009,,,,,MILITARY PKWY,,,,,,,,,,,,,,,Y,N,N,2,9,Y,SAT,,,,,,,,,,,,,,,,,,,,,,,,,,,,,,,,,,,,,,,,,,,,,,,,,,,,,,,,0,1,0,0,0,1,0,282,,,
13308878,N,N,N,N,N,N,N,6/6/2013,12:30 AM,0069843313I,,101,208,N,Y,,,19,,,7,2700,S,KIRKWOOD,DR,Y,N,15,N,N,,N,19,,,,11800,,MEADOWGLEN,LN,,,,,,,12,4,0,,1,1,1,12:30 AM,DISPATCHER,1:05 AM,6/6/2013,Y,TXHPD0000,2469,18,128,21,8,7,4,1,20,3,7,9,5,33,21,101,208,,,,,,,S KIRKWOOD DR,,,,,,,,,,,,,,,N,N,N,5,9,N,THU,,,,,,,,,,,,,,,,,,,,,,,,,,,,,,,,,,,,,,,,,,,,,,,,,,,,,,,,0,0,0,1,0,0,0,,,,
13308907,N,N,N,N,N,N,N,6/9/2013,7:30 AM,144099A,,57,107,N,Y,,,1,35,E,1,5100,S,RL THORNTON,FWY,N,N,60,N,N,PUBLIC STREET,N,11,12,,,100,W,LEDBETTER,DR,,,,,PUBLIC STREET,,2,1,0,2,1,2,1,7:30 AM,DROVE UP ON,7:31 AM,6/10/2013,Y,TX0000006,2471,,,113,8,7,4,1,39,1,1,1,4,21,21,57,107,32.68343163,-96.82304178,IH,35,E,50.329,IH0035E,,442,2,9.336,421,0.173,,,,,,,,,Y,Y,N,5,9,Y,SUN,5,0,10,10,0,3,6,320,112,72,5,0,2,2,20,5,2,20,5,2,4,4,11,90307,2014,90307,3.2,6.1,9.3,1,131,0,2,5,,,,,,,,,,,,,,,,,,,,,,0,0,0,1,0,0,0,282,,,
13309113,N,N,N,N,N,N,N,5/31/2013,3:24 PM,136900496,,227,22,N,Y,,,19,,,1,12400,,LAMPLIGHT VILLAGE,AVE,N,N,35,N,N,,N,19,,,,,W,PARMER,LN,,,,,,,12,1,4,,8,1,20,3:24 PM,DISPATCHED,3:40 PM,5/31/2013,Y,TX2270100,74,,,214,8,2,3,10,64,14,1,5,1,32,21,227,22,30.41563628,-97.6960124,,,,,LAMPLIGHT VILLAGE AVE,12492,,,,,,,,,,,,,,Y,N,N,3,9,Y,FRI,,,,,,,,,,,,,,,,,,,,,,,,,,,,,,,,,,,,,,,,,,,,,,,,,,,,,,,,0,0,2,1,0,2,0,90,,,
13309258,N,N,N,N,N,N,N,5/28/2013,2:26 PM,131481157,,227,22,N,Y,,,1,35,,1,500,N,NB,,N,N,60,N,N,,N,19,,,,,,CESAR CHAVEZ OVERPASS,,,,,,,,11,1,0,2,1,1,20,2:26 PM,DISPATCH,2:50 PM,5/28/2013,Y,TX2270100,74,17,34,48,8,7,4,1,39,31,1,1,4,21,21,227,22,30.26805448,-97.73379486,IH,35,,234.256,IH0035,,15,13,17.839,235,-0.203,,,,,,,,,Y,Y,N,5,9,Y,TUE,5,0,2,5,7,2,6,300,86,72,4,0,0,2,4,5,2,10,5,2,3,4,11,164391,2014,164391,3.3,9.4,12.7,,,,,,,,,,,,,,,,,,,,,,,,,,,0,0,0,1,0,0,0,90,,,
13309504,N,N,N,N,N,N,N,5/27/2013,7:52 AM,P13-71997,,191,12,N,N,35.1765,-101.884,19,,,1,,S,WESTERN,ST,N,N,40,N,N,,Y,19,,,1,,SW,34TH,AVE,,,,,,,11,1,0,,1,1,5,7:52 AM,DISPATCH,7:55 AM,5/27/2013,N,TX1880100,33,,,190,8,2,1,34,64,54,1,5,1,21,21,191,12,35.17838406,-101.8839712,,,,,S WESTERN ST,3399,,,,,,,,,SW 34TH AVE,,,,,N,N,N,5,8,Y,MON,,,,,,,,,,,,,,,,,,,,,,,,,,,,,,,,,,,,,,,,,,,,,,,,,,,,,,,,0,0,0,2,0,0,0,120,,,
13309558,N,N,N,N,N,N,N,5/26/2013,10:58 PM,201309277,6/5/2013,171,123,N,Y,,,19,,,1,1800,S,MADDOX,AVE,N,N,30,N,N,,N,19,,,1,700,E,19TH,ST,,,,,,,11,4,0,,1,1,20,10:58 PM,DISPATCHED,11:01 PM,5/26/2013,Y,TX1710100,1221,,,,8,7,4,1,33,54,1,5,2,21,21,171,123,35.84436396,-101.9638411,,,,,S MADDOX AVE,1800,,,,,,,,,,,,,,Y,N,N,5,5,Y,SUN,,,,,,,,,,,,,,,,,,,,,,,,,,,,,,,,,,,,,,,,,,,,,,,,,,,,,,,,0,0,0,1,0,0,0,,,,
13309725,N,N,N,N,N,N,N,6/2/2013,10:26 PM,,13-076714,57,107,N,Y,,,1,30,,2,3200,,TOM LANDRY,FWY,N,N,40,N,N,WB-IH-30SR,Y,19,,,1,,,WESTMORALAND,RD,,,,,,,11,4,4,2,1,1,5,10:36 PM,RADIO DISPATCH,10:45 PM,6/2/2013,Y,TX0570000,1169,,6,22,8,2,1,10,64,54,2,1,1,21,21,57,107,32.76744305,-96.87392525,IH,30,,41.244,IH0030,,1068,4,9.481,41,0.227,,,,N WESTMORELAND RD,,,,,Y,Y,N,5,9,Y,SUN,5,0,6,10,16,3,6,320,104,72,5,0,0,2,12,5,2,20,5,2,4,4,11,115119,2014,115119,1.6,7.8,9.4,,,,,,,,,,,,,,,,,,,,,,,,,,,0,0,0,2,0,0,0,282,,,
13309758,N,Y,N,N,N,N,N,6/5/2013,9:07 AM,13010246,,43,1206,N,Y,,,4,1461,,1,1300,E,FRONTIER,PKWY,N,N,55,N,N,,Y,19,,,1,2100,N,COIT,RD,,,,,,,11,2,4,1,1,1,11,9:07 AM,RADIO DISPATCHED,9:18 AM,6/5/2013,Y,TX0430700,1973,,,,8,2,1,34,64,54,1,3,1,21,21,43,620,33.26249876,-96.76730271,FM,1461,,0.981,FM1461,,1973,1,1.982,586,0.937,,,,N COIT RD,,,,,Y,Y,N,2,4,Y,WED,2,0,0,0,0,2,2,90,22,22,4,0,0,1,0,0,1,0,0,0,0,3,17,5939,2014,5939,1.6,4.2,5.9,,,,,,,,,,,,,,,,,,,,,,,,,,,0,2,0,1,0,2,0,282,,,
13309834,N,Y,N,N,N,N,N,5/29/2013,6:35 PM,130029769,,220,19,N,Y,,,1,20,,1,900,W,NOT REPORTED,,N,N,60,N,N,,N,19,,,,4200,S,COLLINS,ST,,,,,,,2,1,0,2,1,2,20,6:35 PM,RADIO,6:46 PM,5/29/2013,Y,TX2200100,59,,8,68,8,2,4,20,64,36,1,1,1,21,21,220,19,32.67542452,-97.1351039,IH,20,,448.13,IH0020,,2374,5,7.194,449,0.013,,,,,,,,,Y,Y,N,5,9,Y,WED,5,0,12,12,0,3,13,400,222,158,6,0,0,2,32,5,2,32,5,2,32,4,11,92547,2014,92547,2.3,6.3,8.5,,,,,,,,,,,,,,,,,,,,,,,,,,,0,0,0,3,0,0,0,282,,,
13309878,N,N,N,N,N,N,N,6/4/2013,5:25 PM,13-003028,,57,109,N,Y,,,19,,,1,600,W,SPINNER,RD,N,N,30,N,N,,N,19,,,1,500,N,WESTMORELAND,RD,,,,,,,11,1,0,,4,1,11,5:26 PM,RADIO DISPATCHED,5:32 PM,6/4/2013,Y,TX0570800,1187,,,,8,2,4,10,64,54,1,5,1,21,21,57,109,32.60075004,-96.87741649,,,,,SPINNER RD,927,,,,,,,,,,,,,,Y,N,N,5,7,Y,TUE,,,,,,,,,,,,,,,,,,,,,,,,,,,,,,,,,,,,,,,,,,,,,,,,,,,,,,,,0,0,0,4,0,0,0,282,,,