Crash_ID,Crash_Fatal_Fl,Cmv_Involv_Fl,Schl_Bus_Fl,Rr_Relat_Fl,Medical_Advisory_Fl,Amend_Supp_Fl,Active_School_Zone_Fl,Crash_Date,Crash_Time,Case_ID,Local_Use,Rpt_CRIS_Cnty_ID,Rpt_City_ID,Rpt_Outside_City_Limit_Fl,Thousand_Damage_Fl,Rpt_Latitude,Rpt_Longitude,Rpt_Rdwy_Sys_ID,Rpt_Hwy_Num,Rpt_Hwy_Sfx,Rpt_Road_Part_ID,Rpt_Block_Num,Rpt_Street_Pfx,Rpt_Street_Name,Rpt_Street_Sfx,Private_Dr_Fl,Toll_Road_Fl,Crash_Speed_Limit,Road_Constr_Zone_Fl,Road_Constr_Zone_Wrkr_Fl,Rpt_Street_Desc,At_Intrsct_Fl,Rpt_Sec_Rdwy_Sys_ID,Rpt_Sec_Hwy_Num,Rpt_Sec_Hwy_Sfx,Rpt_Sec_Road_Part_ID,Rpt_Sec_Block_Num,Rpt_Sec_Street_Pfx,Rpt_Sec_Street_Name,Rpt_Sec_Street_Sfx,Rpt_Ref_Mark_Offset_Amt,Rpt_Ref_Mark_Dist_Uom,Rpt_Ref_Mark_Dir,Rpt_Ref_Mark_Nbr,Rpt_Sec_Street_Desc,Rpt_CrossingNumber,Wthr_Cond_ID,Light_Cond_ID,Entr_Road_ID,Road_Type_ID,Road_Algn_ID,Surf_Cond_ID,Traffic_Cntl_ID,Investigat_Notify_Time,Investigat_Notify_Meth,Investigat_Arrv_Time,Report_Date,Investigat_Comp_Fl,ORI_Number,Investigat_Agency_ID,Investigat_Area_ID,Investigat_District_ID,Investigat_Region_ID,Bridge_Detail_ID,Harm_Evnt_ID,Intrsct_Relat_ID,FHE_Collsn_ID,Obj_Struck_ID,Othr_Factr_ID,Road_Part_Adj_ID,Road_Cls_ID,Road_Relat_ID,Phys_Featr_1_ID,Phys_Featr_2_ID,Cnty_ID,City_ID,Latitude,Longitude,Hwy_Sys,Hwy_Nbr,Hwy_Sfx,Dfo,Street_Name,Street_Nbr,Control,Section,Milepoint,Ref_Mark_Nbr,Ref_Mark_Displ,Hwy_Sys_2,Hwy_Nbr_2,Hwy_Sfx_2,Street_Name_2,Street_Nbr_2,Control_2,Section_2,Milepoint_2,Txdot_Rptable_Fl,Onsys_Fl,Rural_Fl,Crash_Sev_ID,Pop_Group_ID,Located_Fl,Day_of_Week,Hwy_Dsgn_Lane_ID,Hwy_Dsgn_Hrt_ID,Hp_Shldr_Left,Hp_Shldr_Right,Hp_Median_Width,Base_Type_ID,Nbr_Of_Lane,Row_Width_Usual,Roadbed_Width,Surf_Width,Surf_Type_ID,Curb_Type_Left_ID,Curb_Type_Right_ID,Shldr_Type_Left_ID,Shldr_Width_Left,Shldr_Use_Left_ID,Shldr_Type_Right_ID,Shldr_Width_Right,Shldr_Use_Right_ID,Median_Type_ID,Median_Width,Rural_Urban_Type_ID,Func_Sys_ID,Adt_Curnt_Amt,Adt_Curnt_Year,Adt_Adj_Curnt_Amt,Pct_Single_Trk_Adt,Pct_Combo_Trk_Adt,Trk_Aadt_Pct,Curve_Type_ID,Curve_Lngth,Cd_Degr,Delta_Left_Right_ID,Dd_Degr,Feature_Crossed,Structure_Number,I_R_Min_Vert_Clear,Approach_Width,Bridge_Median_ID,Bridge_Loading_Type_ID,Bridge_Loading_In_1000_Lbs,Bridge_Srvc_Type_On_ID,Bridge_Srvc_Type_Under_ID,Culvert_Type_ID,Roadway_Width,Deck_Width,Bridge_Dir_Of_Traffic_ID,Bridge_Rte_Struct_Func_ID,Bridge_IR_Struct_Func_ID,CrossingNumber,RRCo,Poscrossing_ID,WDCode_ID,Standstop,Yield,Incap_Injry_Cnt,Nonincap_Injry_Cnt,Poss_Injry_Cnt,Non_Injry_Cnt,Unkn_Injry_Cnt,Tot_Injry_Cnt,Death_Cnt,MPO_ID,Investigat_Service_ID,Investigat_DA_ID,Investigator_Narrative
13309947,N,N,N,N,N,N,N,5/31/2013,5:48 PM,13-000884,,84,118,N,N,,,10,517,,1,2320,E,FM 517,RD,N,N,30,N,N,,N,19,,,1,2300,,DAKOTA,ST,,,,,,,11,1,0,3,1,1,20,5:52 PM,DISPATCH,5:53 PM,5/31/2013,Y,TX0840200,1204,,,,8,5,3,3,64,13,1,3,1,32,21,84,118,29.46059975,-95.05424184,FM,517,,10.995,FM0517,2420,978,1,10.919,692,0.067,,,,,,,,,Y,Y,N,2,5,Y,FRI,2,0,0,0,0,2,4,60,52,48,5,2,2,1,0,0,1,0,0,0,0,3,16,16020,2014,16020,2,0.6,2.6,,,,,,,,,,,,,,,,,,,,,,,,,,,0,1,0,1,0,1,0,15,,,
13309948,N,N,N,N,N,N,N,6/5/2013,2:50 PM,130076137,0,101,1666,Y,Y,,,19,,,1,10200,,BOUDREAUX RD,RD,N,N,45,N,N,,N,15,,,,,,SUGAR ORCHARD LN,LN,,,,,,,11,1,0,,1,1,11,3:28 PM,DISPATCHED,3:29 PM,6/5/2013,Y,TX1010000,1419,74,4,5,8,2,4,20,64,54,1,4,1,21,21,101,1666,30.06218552,-95.57062894,,,,,BOUDREAUX RD,10202,,,,,,,,,,,,,,Y,N,Y,5,0,Y,WED,,,,,,,,,,,,,,,,,,,,,,,,,,,,,,,,,,,,,,,,,,,,,,,,,,,,,,,,0,0,0,3,0,0,0,15,,,
13310096,N,N,N,N,N,N,N,6/5/2013,4:23 PM,13-2759,,84,255,N,Y,,,19,,,1,111,,COUNTRY,LN,N,N,25,N,N,,N,19,,,1,200,,MORNINGSIDE,DR,,,,,,,11,1,0,,1,1,1,4:25 PM,DISPATCHED,4:46 PM,6/5/2013,Y,TX0840800,1648,,,,8,7,4,4,31,4,1,5,2,21,21,84,255,29.4871414,-95.15627046,,,,,COUNTRY LN,117,,,,,,,,,,,,,,Y,N,N,5,7,Y,WED,,,,,,,,,,,,,,,,,,,,,,,,,,,,,,,,,,,,,,,,,,,,,,,,,,,,,,,,0,0,0,1,0,0,0,15,,,
13310355,N,N,N,N,N,N,N,5/31/2013,5:22 PM,13051949,,163,116,N,Y,,,19,,,1,200,,ZIG ZAG,AVE,N,N,30,N,N,,N,19,,,1,300,S,UPSON,DR,,,,,,,11,1,0,,1,1,1,5:22 PM,DISPATCHER,5:23 PM,5/31/2013,Y,TX1630200,1199,,,,8,2,3,11,64,14,1,5,1,32,21,163,116,29.13885685,-98.90968116,,,,,ZIG ZAG AVE,506,,,,,,,,,,,,,,Y,N,Y,2,3,Y,FRI,,,,,,,,,,,,,,,,,,,,,,,,,,,,,,,,,,,,,,,,,,,,,,,,,,,,,,,,0,1,0,1,0,1,0,,,,
13310526,N,N,N,N,N,N,N,6/3/2013,5:07 PM,2013-013745,,123,30,N,Y,,,19,,,1,5900,,FOLSOM,,N,N,35,N,N,,N,19,,,1,3900,,DOWLEN,,,,,,,,11,1,4,,1,1,5,5:09 PM,DISPATCHED,5:19 PM,6/3/2013,Y,TX1230100,104,,,,8,2,2,21,64,9,1,5,1,21,21,123,30,30.11510469,-94.16868001,,,,,FOLSOM DR,,,,,,,,,,DOWLEN RD,,,,,Y,N,N,5,8,Y,MON,,,,,,,,,,,,,,,,,,,,,,,,,,,,,,,,,,,,,,,,,,,,,,,,,,,,,,,,0,0,0,2,0,0,0,135,,,
13310555,N,N,N,N,N,N,N,6/1/2013,2:25 AM,2013-013517,,123,30,N,Y,,,3,69,,2,3900,,EASTEX,FWY,N,N,35,N,N,,Y,19,,,1,4300,E,LUCAS,DR,,,,,,,11,4,0,2,1,1,5,2:43 AM,DISPATCH,2:48 AM,6/1/2013,Y,TX1230100,104,,,,8,2,2,22,64,38,1,2,1,21,21,123,30,30.11717535,-94.14527305,US,69,,322.697,US0069,,200,11,2.374,522,-0.751,SH,105,,SH0105,,,,,Y,Y,N,5,8,Y,SAT,5,0,6,10,18,9,4,300,78,48,6,0,0,2,10,5,2,20,5,,8,3,12,98547,2014,98547,1.6,7.8,9.4,,,,,,,,,,,,,,,,,,,,,,,,,,,0,0,0,2,2,0,0,135,,,
13310798,N,N,N,N,N,N,N,5/31/2013,2:37 PM,13-052125,,243,459,N,Y,33.91317,-98.49481,19,,,1,900,,6TH,ST,N,N,35,N,N,,Y,19,,,1,500,,LAMAR,ST,,,,,,,11,1,0,,1,1,5,2:40 PM,DISPATCHED,2:48 PM,5/31/2013,Y,TX2430500,2426,,,,8,2,2,24,64,3,1,5,1,21,21,243,459,33.91322412,-98.49481207,,,,,6TH ST,901,,,,,,,,,LAMAR ST,,,,,Y,N,N,5,8,Y,FRI,,,,,,,,,,,,,,,,,,,,,,,,,,,,,,,,,,,,,,,,,,,,,,,,,,,,,,,,0,0,0,4,0,0,0,151,,,
13310963,N,N,N,N,N,N,N,5/31/2013,6:20 PM,130073673,0,101,1666,Y,Y,,,19,,,1,19000,,COLDFIELD,DR,N,N,30,N,N,,Y,19,,,1,5700,,FRY,RD,,,,,,,11,1,0,,1,1,11,6:20 PM,DISPATCHED,6:34 PM,5/31/2013,Y,TX1010000,1419,100,4,5,8,2,2,23,20,9,1,4,1,21,21,101,1666,29.85495479,-95.71872299,,,,,COLDFIELD DR,19901,,,,,,,,,N FRY RD,,,,,Y,N,Y,5,0,Y,FRI,,,,,,,,,,,,,,,,,,,,,,,,,,,,,,,,,,,,,,,,,,,,,,,,,,,,,,,,0,0,0,2,0,0,0,15,,,
13311098,N,N,N,N,N,N,N,6/8/2013,1:00 PM,143317A,143316A,57,107,N,Y,,,1,35,,1,400,S,R L THORNTON,FWY,N,N,55,N,N,,N,19,,,,400,E,8TH,ST,,,,,,,11,1,0,,1,1,20,1:03 PM,DISPATCHED,1:15 PM,6/8/2013,N,TX0000006,2471,,,44,8,2,4,21,64,54,1,1,1,21,21,57,107,,,IH,35,,,IH0035,,,,,,,,,,,,,,,Y,Y,N,5,9,N,SAT,,,,,,,,,,,,,,,,,,,,,,,,,,,,,,,,,,,,,,,,,,,,,,,,,,,,,,,,0,0,0,1,1,0,0,,,,
13311107,N,N,N,N,N,N,N,6/7/2013,11:27 AM,13-56278,,220,156,N,N,32.74027,-97.28952,19,,,1,300,S,BEACH,ST,N,N,40,N,N,,Y,19,,,1,2500,,LUDELLE,ST,,,,,,,11,1,2,,1,1,8,11:55 AM,DISPATCHED,11:57 AM,6/7/2013,N,TX2201200,1318,885,3,120,8,2,1,10,64,54,1,5,1,21,21,220,156,32.74127428,-97.28945245,,,,,S BEACH ST,399,,,,,,,,,LUDELLE ST,,,,,Y,N,N,3,9,Y,FRI,,,,,,,,,,,,,,,,,,,,,,,,,,,,,,,,,,,,,,,,,,,,,,,,,,,,,,,,0,0,2,2,0,2,0,282,,,
13311126,N,N,N,N,N,Y,N,6/8/2013,4:58 PM,,,204,650,N,Y,30.58295,-95.12588,3,150,,1,,,NOT REPORTED,,N,N,50,N,N,,N,19,,,,,,BAR PARK,LOOP,,,,,,,11,1,2,1,1,1,12,5:23 PM,SAN JACINTO COUNTY,5:29 PM,6/21/2013,Y,,10000,12,58,1,8,2,2,24,1,31,1,2,1,21,21,204,650,30.5851103,-95.12652511,SH,150,,25.13,SH0150,,395,3,16.791,696,-0.292,,,,BAR PARK LOOP,,,,,Y,Y,Y,2,1,Y,SAT,2,0,9,9,0,2,2,100,42,24,4,0,0,2,9,5,2,9,5,0,0,1,6,5498,2014,5498,2.1,2.1,4.2,,,,,,,,,,,,,,,,,,,,,,,,,,,0,1,0,3,0,1,0,,,,
13311181,N,N,N,N,N,N,N,6/6/2013,6:00 PM,13060813,,31,53,N,Y,,,2,77,,2,200,N,FRONTAGE,RD,N,N,35,N,N,SOUTH BOUND LANES,N,3,48,,,1873,,BOCA CHICA,BLVD,,,,,,,11,1,0,2,2,1,1,6:12 PM,DISPATCHED,6:15 PM,6/6/2013,Y,TX0310100,172,,211,27,8,2,4,22,64,36,2,1,1,21,21,31,53,25.92248342,-97.49068657,IH,69,E,2.365,IH0069E,,39,16,36.244,1,1.367,,,,,,,,,Y,Y,N,5,8,Y,THU,5,0,8,8,14,2,5,300,93,60,4,0,0,2,12,5,2,17,5,2,2,4,11,54003,2014,54003,10.2,3.8,13.9,,,,,,,,,,,,,,,,,,,,,,,,,,,0,0,0,2,0,0,0,248,,,
13311209,N,N,N,N,N,Y,N,6/2/2013,5:03 AM,02 BROADNAX,,102,1667,Y,Y,32.4312,-94.46153,4,3251,,1,,,NOT REPORTED,,N,N,60,N,N,,N,4,2625,,,,,NOT REPORTED,,,,,,,,11,3,0,1,1,1,8,5:40 AM,HARRISON CO. SO.,6:09 AM,8/20/2013,Y,TXDPS3100,10000,8,28,1,8,7,2,1,20,54,1,3,2,21,21,102,1667,32.43125153,-94.46142578,FM,3251,,5.099,FM3251,7898,1575,3,5.397,282,1.053,FM,2625,,FM2625,,,,,Y,Y,Y,5,0,Y,SUN,2,0,4,4,0,2,2,100,29,20,2,0,0,5,4,5,5,4,5,0,0,1,7,315,2014,315,3.3,10.2,13.5,,,,,,,,,,,,,,,,,,,,,,,,,,,0,0,0,1,0,0,0,,,,
13311226,N,N,N,N,N,N,N,6/7/2013,6:16 PM,13060970,,31,53,N,Y,,,4,802,,7,1100,,RUBEN M TORRES,BLVD,Y,N,-1,N,N,PARKING LOT ANTOJITOS YOLY'S,N,19,,,,100,,JOSE MARTI,BLVD,,,,,,,11,1,0,,1,1,1,6:16 PM,DISPATCHED,6:34 PM,6/7/2013,Y,TX0310100,172,,211,113,8,4,4,1,33,54,7,9,5,33,21,31,53,,,FM,802,,,FM0802,,,,,,,,,,,,,,,N,Y,N,5,8,N,FRI,,,,,,,,,,,,,,,,,,,,,,,,,,,,,,,,,,,,,,,,,,,,,,,,,,,,,,,,0,0,0,3,0,0,0,,,,
13311389,N,N,N,N,N,N,N,6/10/2013,8:00 AM,0071892213J,FSGI,101,208,N,Y,,,19,,,1,3400,,OCEE,RD,Y,N,-1,N,N,THE GABLES AT RICHMOND APT. COMPLEX,N,19,,,,9300,,RICHMOND,AVE,,,,,,,11,1,0,,1,1,1,4:40 PM,DISPATCHED,4:40 PM,6/10/2013,Y,TXHPD0000,2469,14,106,54,8,4,4,1,64,54,7,9,5,33,21,101,208,,,,,,,OCEE RD,,,,,,,,,,,,,,,N,N,N,0,9,N,MON,,,,,,,,,,,,,,,,,,,,,,,,,,,,,,,,,,,,,,,,,,,,,,,,,,,,,,,,0,0,0,0,1,0,0,,,,
13311398,N,N,N,N,N,N,N,6/8/2013,7:00 PM,0071149413R,,101,208,N,Y,,,19,,,1,2400,,GREENS,RD,N,N,30,N,N,GREENS RD,N,19,,,,15900,,ALDINE WESTFIELD,RD,,,,,,,11,1,0,,1,1,1,7:10 PM,NEDISP,7:20 PM,6/8/2013,Y,TXHPD0000,2469,14,124,113,8,2,3,34,64,13,1,5,1,32,21,101,208,29.95114142,-95.3579904,,,,,GREENS RD,,,,,,,,,,,,,,,Y,N,N,5,9,Y,SAT,,,,,,,,,,,,,,,,,,,,,,,,,,,,,,,,,,,,,,,,,,,,,,,,,,,,,,,,0,0,0,3,0,0,0,15,,,
13311494,N,N,N,N,N,N,N,6/8/2013,1:10 PM,SAPD13122701,3130,15,379,N,Y,,,2,281,,1,20000,,US HWY 281 N,,N,N,60,N,N,,N,19,,,,1600,,ENCINO RIO,,,,,,,,12,1,0,,1,1,20,2:06 PM,DISPATCH,2:22 PM,6/8/2013,Y,TXSPD0000,2473,,29,131,8,2,4,22,64,42,1,2,1,21,21,15,379,,,US,281,,,US0281,,,,,,,,,,,,,,,Y,Y,N,5,9,N,SAT,,,,,,,,,,,,,,,,,,,,,,,,,,,,,,,,,,,,,,,,,,,,,,,,,,,,,,,,0,0,0,3,0,0,0,,,,
13311631,N,N,N,N,N,N,N,6/6/2013,3:20 PM,0070098913Q,,101,208,N,Y,,,2,59,,1,9601,S,SOUTHWEST,FWY,N,N,35,N,N,CONCRETE,N,19,,,,9300,,BISSONNET,ST,,,,,,,11,1,0,,1,1,20,3:23 PM,DISPATCH,3:30 PM,6/6/2013,Y,TXHPD0000,2469,18,125,55,8,2,4,21,64,54,2,2,1,21,21,101,208,,,US,59,,,US0059,,,,,,,,,,,,,,,Y,Y,N,5,9,N,THU,,,,,,,,,,,,,,,,,,,,,,,,,,,,,,,,,,,,,,,,,,,,,,,,,,,,,,,,0,0,0,2,0,0,0,,,,
13311735,N,N,N,N,N,N,N,6/11/2013,3:38 PM,2013-25433,,108,331,N,Y,,,4,3362,,1,5000,N,JACKSON,RD,N,N,50,N,N,,N,19,,,,1600,W,NOLANA,LOOP,,,,,,,11,1,0,3,1,1,20,3:38 PM,DISPATCH,3:55 PM,6/11/2013,Y,TX1081100,1926,,,35,8,2,4,21,64,9,1,3,1,21,21,108,331,26.2324309,-98.19846819,FM,3362,,5.058,FM3362,4125,3468,1,5.058,718,-0.952,,,,,,,,,Y,Y,N,5,7,Y,TUE,2,0,3,8,0,2,4,120,82,62,4,2,2,2,3,3,2,8,3,0,0,4,14,15255,2014,15255,1.7,0.7,2.4,,,,,,,,,,,,,,,,,,,,,,,,,,,0,0,0,5,0,0,0,230,,,
13311777,N,N,N,N,N,N,N,6/11/2013,2:35 PM,0072428113M,,101,208,N,Y,,,19,,,1,11200,,OLYMPIA,DR,N,N,30,N,N,CONCRETE,Y,19,,,1,2100,,WILCREST,DR,,,,,,,12,1,0,,1,1,8,3:12 PM,DISPATCHED,3:16 PM,6/11/2013,Y,TXHPD0000,2469,6,128,21,8,2,1,14,64,54,1,5,1,21,21,101,208,29.74276481,-95.57207304,,,,,OLYMPIA DR,,,,,,,,,,WILCREST DR,,,,,Y,N,N,5,9,Y,TUE,,,,,,,,,,,,,,,,,,,,,,,,,,,,,,,,,,,,,,,,,,,,,,,,,,,,,,,,0,0,0,2,0,0,0,15,,,
13311940,N,N,N,N,N,N,N,6/4/2013,4:43 PM,2013-155-011,,246,169,N,Y,,,4,2338,,1,900,,WILLIAMS,DR,N,N,35,N,N,,N,19,,,,,N,AUSTIN,AVE,,,,,,,11,1,0,3,2,1,20,4:44 PM,RADIO,4:48 PM,6/4/2013,Y,TX2460200,1351,,,,8,2,4,21,64,9,1,2,1,21,21,246,169,30.64877314,-97.67750326,SS,158,,2.074,SS0158,,15,17,12.062,414,0.141,,,,,,,,,Y,Y,N,5,7,Y,TUE,2,0,4,4,0,2,4,100,70,62,4,0,0,2,4,5,2,4,5,0,0,4,16,15521,2014,15521,1.2,0.4,1.6,,,,,,,,,,,,,,,,,,,,,,,,,,,0,0,0,2,0,0,0,90,,,
13312067,N,N,N,N,N,N,N,6/1/2013,8:24 PM,13-00563,,163,205,N,Y,,,19,,,1,400,,15TH,ST,N,N,30,N,N,,Y,19,,,1,1400,,E,AVE,,,,,,,11,5,4,,1,1,1,8:24 PM,RADIO,8:26 PM,6/1/2013,Y,TX1630300,1470,42,242,353,8,2,1,23,64,54,1,3,1,21,21,163,205,29.35144501,-99.13405216,,,,,15TH ST,499,,,,,,,,,AVENUE E,,,,,Y,N,N,5,4,Y,SAT,,,,,,,,,,,,,,,,,,,,,,,,,,,,,,,,,,,,,,,,,,,,,,,,,,,,,,,,0,0,0,1,1,0,0,,,,
13312117,N,N,N,N,N,N,N,5/31/2013,3:05 PM,136900435,,227,22,N,Y,,,1,35,,1,1200,S,IH 35 SB,EXPY,N,N,60,N,N,,N,19,,,1,,E,RIVERSIDE,BLVD,,,,,,,12,1,0,2,1,1,1,3:05 PM,DISPATCH,3:13 PM,5/31/2013,N,TX2270100,74,,,,8,2,4,22,64,42,1,1,1,21,21,227,22,30.25034644,-97.73584745,IH,35,,233,IH0035,,15,13,16.604,234,-0.452,,,,,,,,,Y,Y,N,5,9,Y,FRI,5,0,2,10,7,2,6,300,96,72,4,0,0,2,4,5,2,20,5,2,3,4,11,197636,2014,197636,3.3,9.4,12.7,,,,,,,,,,,,,,,,,,,,,,,,,,,0,0,0,5,0,0,0,90,,,
13312308,N,N,N,N,N,N,N,6/8/2013,8:30 AM,0070917613N,FSGI,101,208,N,Y,,,12,,,1,400,N,NORTH SAM HOUSTON E,PKWY,N,Y,55,N,N,,N,19,,,,11000,N,IH 45,FWY,,,,,,,12,1,0,,1,1,20,8:33 AM,DISPATCHED,8:36 AM,6/10/2013,Y,TXHPD0000,2469,14,152,59,8,2,4,21,64,9,1,6,1,21,21,101,208,,,,,,,N NORTH SAM HOUSTON E PKWY,,,,,,,,,,,,,,,Y,N,N,5,9,N,SAT,,,,,,,,,,,,,,,,,,,,,,,,,,,,,,,,,,,,,,,,,,,,,,,,,,,,,,,,0,0,0,1,1,0,0,,,,
13312436,N,N,N,N,N,N,N,6/4/2013,11:55 PM,,,212,1777,Y,Y,32.47236,-95.50888,3,110,,1,,,NOT REPORTED,,N,N,60,N,N,,N,4,1995,,,,,NOT REPORTED,,,,,,,,11,3,0,1,1,1,11,12:12 AM,DPS COMMUNICATIONS,12:24 AM,6/5/2013,Y,,10000,3,28,1,8,10,4,1,33,29,1,2,2,21,21,212,1777,32.47683716,-95.52042389,SH,110,,20.875,SH0110,,505,2,6.742,292,0.29,,,,,,,,,Y,Y,Y,3,0,Y,TUE,2,0,2,2,0,2,2,80,30,24,2,0,0,2,2,5,2,2,5,0,0,1,6,2161,2014,2161,5.3,7.8,13.1,,,,,,,,,,,,,,,,,,,,,,,,,,,0,0,1,0,0,1,0,213,,,
13312524,N,N,N,N,N,N,N,6/4/2013,8:55 AM,13-13063,,158,28,N,Y,,,3,60,,1,4600,,F,AVE,N,N,45,N,N,PAVED,N,19,,,,1700,,PALM VILLAGE,BLVD,,,,,PAVED,,11,1,0,3,1,1,1,8:59 AM,RADIO,9:02 AM,6/4/2013,Y,TX1610100,93,,,35,8,2,2,20,64,46,1,2,1,21,21,158,28,28.95693983,-95.96923904,SH,60,,50.643,SH0060,,241,3,13.439,534,0.444,,,,PALM VILLAGE BLVD,,,,,Y,Y,N,5,5,Y,TUE,2,0,1,1,0,9,4,100,46,44,6,0,0,3,1,5,3,1,5,0,0,2,14,11204,2014,11204,2.7,6.1,8.8,,,,,,,,,,,,,,,,,,,,,,,,,,,0,0,0,4,0,0,0,,,,
13312584,N,N,N,N,N,N,N,6/7/2013,5:55 PM,,,170,1735,Y,Y,30.42282,-95.52544,4,1097,,1,,,NOT REPORTED,,N,N,50,N,N,,Y,19,,,1,,,ANDERSON,LN,,,,,,,11,1,2,1,1,1,11,6:01 PM,RADIO,6:05 PM,6/7/2013,Y,,10000,17,52,1,8,2,1,22,64,47,1,3,1,21,21,170,1735,30.42280209,-95.52545908,FM,1097,,18.359,FM1097,,1259,1,21.558,672,0.369,,,,ANDERSON LN,,,,,Y,Y,Y,1,0,Y,FRI,2,0,4,4,0,2,2,80,28,20,4,0,0,2,4,5,2,4,5,0,0,2,17,12849,2014,12849,3.6,0.5,4.2,,,,,,,,,,,,,,,,,,,,,,,,,,,1,0,0,1,0,1,0,15,,,
13312894,N,N,N,N,N,N,N,6/12/2013,1:40 PM,147488A,,57,107,N,Y,,,3,352,,1,9600,,SCYENE,RD,N,N,45,N,N,,N,19,,,,3000,N,MASTERS,DR,,,,,,,11,1,0,2,1,1,20,1:45 PM,DISPATCHED,2:00 PM,6/12/2013,Y,TX0000006,2471,,,27,8,2,4,22,64,3,1,2,1,21,21,57,107,32.76232207,-96.64883462,SH,352,,7.733,SH0352,,430,1,6.188,596,-0.121,,,,,,,,,Y,Y,N,5,9,Y,WED,3,0,0,0,14,3,6,100,66,66,6,1,2,1,0,0,1,0,0,1,14,4,14,19054,2014,19054,2.7,3.4,6.2,1,158,0,1,2,,,,,,,,,,,,,,,,,,,,,,0,0,0,2,0,0,0,282,,,
13313037,N,N,N,N,N,N,N,6/9/2013,7:15 PM,1306-0121,1,246,72,N,Y,,,19,,,1,1900,,MARYSOL,TRL,N,N,30,N,N,,N,19,,,,1208,,JOLIE,LN,,,,,,,11,1,0,,1,1,1,7:15 PM,DISPATCHED,7:27 PM,6/10/2013,Y,TX2460900,224,,,35,8,7,4,1,21,54,1,5,2,21,21,246,72,30.51602237,-97.85894334,,,,,MARYSOL TRL,2079,,,,,,,,,,,,,,Y,N,N,5,7,Y,SUN,,,,,,,,,,,,,,,,,,,,,,,,,,,,,,,,,,,,,,,,,,,,,,,,,,,,,,,,0,0,0,2,0,0,0,90,,,
13313042,N,N,N,N,N,Y,N,6/4/2013,9:22 PM,1306-0054,3,246,72,N,Y,,,19,,,1,800,S,LAKELINE,BLVD,N,N,45,N,N,,Y,19,,,1,1500,,BUTTERCUP CREEK,BLVD,,,,,,,11,4,4,,1,1,5,9:22 PM,DISPATCHED,9:39 PM,10/2/2013,Y,TX2460900,224,,,35,8,2,1,34,64,54,1,5,1,21,21,246,72,30.49381474,-97.84034242,,,,,S LAKELINE BLVD,,,,,,,,,,BUTTERCUP CREEK BLVD,,,,,Y,N,N,5,7,Y,TUE,,,,,,,,,,,,,,,,,,,,,,,,,,,,,,,,,,,,,,,,,,,,,,,,,,,,,,,,0,0,0,5,0,0,0,90,,,
13313093,Y,N,N,N,N,N,N,6/9/2013,8:10 PM,144663A,FATALITY #29,57,107,N,Y,,,19,,,1,1100,N,MASTERS,DR,N,N,40,N,N,,N,19,,,,10200,,BUDTIME,LN,,,,,,,11,1,0,,1,1,20,8:31 PM,DISPATCHED,8:51 PM,6/9/2013,N,TX0000006,2471,,,29,8,7,4,1,30,54,1,5,2,21,21,57,107,32.73163585,-96.64830261,,,,,N MASTERS DR,1190,,,,,,,,,,,,,,Y,N,N,4,9,Y,SUN,,,,,,,,,,,,,,,,,,,,,,,,,,,,,,,,,,,,,,,,,,,,,,,,,,,,,,,,0,0,0,0,0,0,1,282,,,
13313170,N,N,N,N,N,N,N,6/2/2013,1:10 AM,130606745,,92,235,N,Y,,,19,,,1,1000,S,HIGGINBOTHAM,RD,N,N,40,N,N,,N,19,,,1,1200,,HILLVALE,ST,,,,,1200 HILLVALE STREET,,2,3,0,,2,2,1,1:14 AM,DISPATCHED,1:16 AM,6/2/2013,Y,TX0920400,1585,,,,8,7,4,1,23,54,1,5,2,21,21,92,235,32.37821485,-94.8502931,,,,,HIGGINBOTHAM RD,1143,,,,,,,,,,,,,,Y,N,N,5,5,Y,SUN,,,,,,,,,,,,,,,,,,,,,,,,,,,,,,,,,,,,,,,,,,,,,,,,,,,,,,,,0,0,0,1,0,0,0,,,,
13313172,N,N,N,N,N,N,N,6/6/2013,11:47 AM,13-000208,,25,54,N,N,,,2,377,,1,400,,MAIN ST,,N,N,30,N,N,,Y,19,,,1,300,W,W CHANDLER ST,,,,,,,,12,1,4,3,1,1,1,11:47 AM,RADIO,11:50 AM,6/6/2013,Y,TX0250200,2550,135,95,142,8,2,2,22,64,47,1,2,1,21,21,25,54,31.72071822,-98.98435024,US,377,,218.354,US0377,498,128,1,0.668,428,-0.195,FM,2524,,FM2524,,,,,Y,Y,N,3,5,Y,THU,2,0,0,0,0,2,4,70,48,48,4,1,1,1,0,0,1,0,0,0,0,2,14,13979,2014,13979,9.1,14.3,23.5,,,,,,,,,,,,,,,,,,,,,,,,,,,0,0,1,2,0,1,0,,,,
13313180,N,N,N,N,N,N,N,6/5/2013,9:37 AM,13-002745,,57,253,N,Y,,,19,,,1,3300,W,PLEASANT RUN,,N,N,40,N,N,,Y,19,,,1,1300,N,INERSTATE IH35 SERVICE,RD,,,,,,,11,1,0,,1,1,5,9:42 AM,DISPATCHED,9:48 AM,6/5/2013,Y,TX0571700,1641,,,,8,2,1,28,64,42,1,5,1,21,21,57,253,32.60426429,-96.82238257,,,,,W PLEASANT RUN RD,,,,,,,,,,N BECKLEY AVE,,,,,Y,N,N,5,6,Y,WED,,,,,,,,,,,,,,,,,,,,,,,,,,,,,,,,,,,,,,,,,,,,,,,,,,,,,,,,0,0,0,2,1,0,0,282,,,