Crash_ID,Crash_Fatal_Fl,Cmv_Involv_Fl,Schl_Bus_Fl,Rr_Relat_Fl,Medical_Advisory_Fl,Amend_Supp_Fl,Active_School_Zone_Fl,Crash_Date,Crash_Time,Case_ID,Local_Use,Rpt_CRIS_Cnty_ID,Rpt_City_ID,Rpt_Outside_City_Limit_Fl,Thousand_Damage_Fl,Rpt_Latitude,Rpt_Longitude,Rpt_Rdwy_Sys_ID,Rpt_Hwy_Num,Rpt_Hwy_Sfx,Rpt_Road_Part_ID,Rpt_Block_Num,Rpt_Street_Pfx,Rpt_Street_Name,Rpt_Street_Sfx,Private_Dr_Fl,Toll_Road_Fl,Crash_Speed_Limit,Road_Constr_Zone_Fl,Road_Constr_Zone_Wrkr_Fl,Rpt_Street_Desc,At_Intrsct_Fl,Rpt_Sec_Rdwy_Sys_ID,Rpt_Sec_Hwy_Num,Rpt_Sec_Hwy_Sfx,Rpt_Sec_Road_Part_ID,Rpt_Sec_Block_Num,Rpt_Sec_Street_Pfx,Rpt_Sec_Street_Name,Rpt_Sec_Street_Sfx,Rpt_Ref_Mark_Offset_Amt,Rpt_Ref_Mark_Dist_Uom,Rpt_Ref_Mark_Dir,Rpt_Ref_Mark_Nbr,Rpt_Sec_Street_Desc,Rpt_CrossingNumber,Wthr_Cond_ID,Light_Cond_ID,Entr_Road_ID,Road_Type_ID,Road_Algn_ID,Surf_Cond_ID,Traffic_Cntl_ID,Investigat_Notify_Time,Investigat_Notify_Meth,Investigat_Arrv_Time,Report_Date,Investigat_Comp_Fl,ORI_Number,Investigat_Agency_ID,Investigat_Area_ID,Investigat_District_ID,Investigat_Region_ID,Bridge_Detail_ID,Harm_Evnt_ID,Intrsct_Relat_ID,FHE_Collsn_ID,Obj_Struck_ID,Othr_Factr_ID,Road_Part_Adj_ID,Road_Cls_ID,Road_Relat_ID,Phys_Featr_1_ID,Phys_Featr_2_ID,Cnty_ID,City_ID,Latitude,Longitude,Hwy_Sys,Hwy_Nbr,Hwy_Sfx,Dfo,Street_Name,Street_Nbr,Control,Section,Milepoint,Ref_Mark_Nbr,Ref_Mark_Displ,Hwy_Sys_2,Hwy_Nbr_2,Hwy_Sfx_2,Street_Name_2,Street_Nbr_2,Control_2,Section_2,Milepoint_2,Txdot_Rptable_Fl,Onsys_Fl,Rural_Fl,Crash_Sev_ID,Pop_Group_ID,Located_Fl,Day_of_Week,Hwy_Dsgn_Lane_ID,Hwy_Dsgn_Hrt_ID,Hp_Shldr_Left,Hp_Shldr_Right,Hp_Median_Width,Base_Type_ID,Nbr_Of_Lane,Row_Width_Usual,Roadbed_Width,Surf_Width,Surf_Type_ID,Curb_Type_Left_ID,Curb_Type_Right_ID,Shldr_Type_Left_ID,Shldr_Width_Left,Shldr_Use_Left_ID,Shldr_Type_Right_ID,Shldr_Width_Right,Shldr_Use_Right_ID,Median_Type_ID,Median_Width,Rural_Urban_Type_ID,Func_Sys_ID,Adt_Curnt_Amt,Adt_Curnt_Year,Adt_Adj_Curnt_Amt,Pct_Single_Trk_Adt,Pct_Combo_Trk_Adt,Trk_Aadt_Pct,Curve_Type_ID,Curve_Lngth,Cd_Degr,Delta_Left_Right_ID,Dd_Degr,Feature_Crossed,Structure_Number,I_R_Min_Vert_Clear,Approach_Width,Bridge_Median_ID,Bridge_Loading_Type_ID,Bridge_Loading_In_1000_Lbs,Bridge_Srvc_Type_On_ID,Bridge_Srvc_Type_Under_ID,Culvert_Type_ID,Roadway_Width,Deck_Width,Bridge_Dir_Of_Traffic_ID,Bridge_Rte_Struct_Func_ID,Bridge_IR_Struct_Func_ID,CrossingNumber,RRCo,Poscrossing_ID,WDCode_ID,Standstop,Yield,Incap_Injry_Cnt,Nonincap_Injry_Cnt,Poss_Injry_Cnt,Non_Injry_Cnt,Unkn_Injry_Cnt,Tot_Injry_Cnt,Death_Cnt,MPO_ID,Investigat_Service_ID,Investigat_DA_ID,Investigator_Narrative
13317166,N,N,N,N,N,N,N,6/16/2013,1:36 PM,SAPD13129011,2280,15,379,N,Y,,,19,,,1,1700,N,TRINITY,,N,N,35,N,N,,Y,19,,,1,600,,CULEBRA,,,,,,,,11,1,3,2,1,1,5,2:40 PM,DISPATCH,2:00 PM,6/16/2013,Y,TXSPD0000,2473,,3,122,8,2,2,22,64,38,1,1,1,21,21,15,379,29.44411277,-98.51488495,IH,10,,567.132,IH0010,,72,12,23.844,569,-0.187,SS,421,,SS0421,,291,11,3.133,Y,Y,N,3,9,Y,SUN,5,0,5,10,13,9,10,450,188,120,5,0,0,2,30,5,2,38,5,,3,4,11,173169,2014,173169,1.9,2.8,4.7,1,168,4,1,38,,,,,,,,,,,,,,,,,,,,,,0,0,1,2,0,1,0,28,,,
13317247,N,N,N,N,N,N,N,6/16/2013,1:47 AM,SAPD13128751,2110,15,379,N,Y,,,19,,,1,1200,,NAVARRO,ST,N,N,30,N,N,,Y,19,,,1,400,,AUGUSTA,ST,,,,,,,12,4,98,,4,1,5,1:47 AM,DISPATCHER,1:55 AM,6/16/2013,Y,TXSPD0000,2473,,3,122,8,7,4,1,29,3,1,5,2,21,21,15,379,29.43231497,-98.49155231,,,,,NAVARRO ST,1201,,,,,,,,,,,,,,Y,N,N,2,9,Y,SUN,,,,,,,,,,,,,,,,,,,,,,,,,,,,,,,,,,,,,,,,,,,,,,,,,,,,,,,,0,1,1,0,0,2,0,28,,,
13317300,N,N,N,N,N,N,N,6/17/2013,11:48 PM,130617002,,165,291,N,Y,,,19,,,1,2300,W,ILLINIOS,ST,N,N,35,N,N,,N,3,191,,,300,W,ANDREWS,HWY,,,,,,,11,4,3,,1,1,20,12:07 AM,DISPATCHED,12:12 AM,6/17/2013,Y,TX1650100,1782,,,629,8,2,2,35,64,38,1,5,1,21,21,165,291,31.99540623,-102.0998721,,,,,W ILLINOIS AVE,2302,,,,,,BS,158,B,BS0158B,,,,,Y,N,N,5,8,Y,MON,,,,,,,,,,,,,,,,,,,,,,,,,,,,,,,,,,,,,,,,,,,,,,,,,,,,,,,,0,0,0,4,0,0,0,174,,,
13317337,N,N,N,N,N,N,N,6/7/2013,5:00 PM,SAPD13122511,2250,15,379,N,N,,,17,,,7,728,S,ALAMO,ST,Y,N,35,N,N,,N,19,,,,100,,BARRERA,ST,,,,,,,11,4,98,,1,1,1,8:10 AM,DISPATCHED,8:16 AM,6/8/2013,N,TXSPD0000,2473,,3,122,8,4,4,5,64,3,7,9,5,33,21,15,379,,,,,,,S ALAMO ST,,,,,,,,,,,,,,,N,N,N,5,9,N,FRI,,,,,,,,,,,,,,,,,,,,,,,,,,,,,,,,,,,,,,,,,,,,,,,,,,,,,,,,0,0,0,1,0,0,0,,,,
13317344,N,N,N,N,N,N,N,6/1/2013,10:45 AM,0067713213B,,101,208,N,Y,,,19,,,1,2200,N,SHEPHERD,DR,N,N,35,N,N,LOCAL ROAD,Y,19,,,1,700,W,22ND,ST,,,,,,,11,1,2,,1,1,8,10:52 AM,DISPATCH,10:55 AM,6/15/2013,Y,TXHPD0000,2469,18,121,33,8,2,1,10,64,54,1,5,1,21,21,101,208,29.80582479,-95.41018308,,,,,N SHEPHERD DR,2200,,,,,,,,,W 22ND ST,,,,,Y,N,N,2,9,Y,SAT,,,,,,,,,,,,,,,,,,,,,,,,,,,,,,,,,,,,,,,,,,,,,,,,,,,,,,,,0,1,0,1,0,1,0,15,,,
13317384,N,Y,N,N,N,N,N,6/14/2013,4:50 PM,149755A,FLID# 149756A,57,107,N,N,,,19,,,1,1800,,ROYAL,LN,N,N,40,N,N,,N,19,,,,,,LUNA,RD,,,,,,,11,1,0,,1,1,5,6:40 PM,DISPATCHED,6:50 PM,6/14/2013,N,TX0000006,2471,,,87,8,2,2,13,64,54,1,5,1,21,21,57,147,32.89545508,-96.91845195,,,,,ROYAL LN,1804,,,,,,,,,LUNA RD,,,,,N,N,N,5,6,Y,FRI,,,,,,,,,,,,,,,,,,,,,,,,,,,,,,,,,,,,,,,,,,,,,,,,,,,,,,,,0,0,0,1,1,0,0,282,,,
13317613,N,N,N,N,N,N,N,6/5/2013,8:07 AM,13-001017,,14,236,N,Y,,,2,190,,1,,E,NOT REPORTED,,N,N,55,Y,Y,,N,4,3470,,1,4400,E,STAN SCHLUETER,LOOP,,,,,,,11,1,0,2,1,1,11,8:08 AM,DISPATCHED,8:08 AM,6/5/2013,Y,TX0140400,1587,,,,8,2,4,20,64,49,1,2,1,21,21,14,236,31.08411888,-97.70603437,US,190,,286.89,US0190,,231,3,7.677,568,0.677,,,,,,,,,Y,Y,N,3,8,Y,WED,5,0,6,10,88,2,4,440,80,48,4,0,0,2,12,5,2,20,5,3,76,4,12,47019,2014,47019,5,2.6,7.6,,,,,,,,,,,,,,,,,,,,,,,,,,,0,0,1,3,0,1,0,277,,,
13317670,N,N,N,N,N,N,N,6/8/2013,4:43 PM,13-000841,,61,262,N,Y,,,19,,,1,500,W,ELDORADO,PKWY,N,N,40,Y,N,CONCRETE,N,19,,,1,200,,LOBO,LN,,,,,CONCRETE,,11,1,0,1,1,1,11,4:44 PM,OFFICER R. LOLLAR,4:45 PM,6/8/2013,Y,TX0611300,1674,,41,28,8,2,4,20,64,49,1,3,1,21,21,61,262,33.15683929,-96.94352245,FM,720,,6.206,FM0720,592,1567,1,6.007,580,-0.148,,,,,,,,,Y,Y,N,5,6,Y,SAT,2,0,0,0,0,2,2,110,22,22,4,0,0,1,0,0,1,0,0,0,0,4,14,13131,2014,13131,4.7,0.8,5.5,,,,,,,,,,,,,,,,,,,,,,,,,,,0,0,0,7,0,0,0,282,,,
13317739,N,N,N,N,N,N,N,6/1/2013,3:20 PM,130074124,0,101,1666,Y,Y,,,19,,,1,14700,,BOHEMIAN HALL,RD,N,N,45,N,N,,Y,19,,,1,2600,,KRENEK,RD,,,,,,,12,1,0,,1,1,11,3:38 PM,DISPATCHED,3:41 PM,6/1/2013,Y,TX1010000,1419,109,4,5,8,2,1,10,64,54,1,4,1,21,21,101,1666,29.89881476,-95.02478317,,,,,BOHEMIAN HALL RD,14700,,,,,,,,,KRENEK RD,,,,,Y,N,Y,3,0,Y,SAT,,,,,,,,,,,,,,,,,,,,,,,,,,,,,,,,,,,,,,,,,,,,,,,,,,,,,,,,0,0,1,1,0,1,0,15,,,
13317752,N,N,N,N,N,N,N,6/9/2013,12:04 PM,,13-080427,57,107,N,N,,,1,35,,1,1200,,STEMMONS,FWY,N,N,60,N,N,,N,19,,,1,,,RIVERFRONT,BLVD,,,,,,,11,1,0,,1,1,11,12:05 PM,RADIO DISPATCH,12:11 PM,6/9/2013,Y,TX0570000,1169,,70,22,8,2,4,21,64,9,1,1,1,21,21,57,107,,,IH,35,,,IH0035,,,,,,,,,,,,,,,N,Y,N,5,9,N,SUN,,,,,,,,,,,,,,,,,,,,,,,,,,,,,,,,,,,,,,,,,,,,,,,,,,,,,,,,0,0,0,2,0,0,0,,,,
13317804,N,N,N,N,N,N,N,6/7/2013,5:55 AM,,,170,1735,Y,Y,30.08493,-95.2425,2,59,,1,,,NOT REPORTED,,N,N,65,N,N,,N,15,,,,,,NORTHPARK,DR,,,,,,,12,4,0,2,1,1,20,5:56 AM,DPS COMMUNICATIONS,6:00 AM,6/13/2013,Y,,10000,46,52,1,8,2,4,20,39,9,1,1,1,21,21,170,1735,30.07269401,-95.24607733,IH,69,,47.918,IH0069,,177,5,2.346,135,19.223,,,,,,,,,Y,Y,Y,3,0,Y,FRI,5,0,6,4,110,3,4,360,80,48,5,0,0,2,10,5,2,14,5,3,100,4,11,92373,2014,92373,2.3,5.9,8.2,,,,,,,,,,,,,,,,,,,,,,,,,,,0,0,1,1,0,1,0,15,,,
13317883,N,N,N,N,N,N,N,5/24/2013,6:47 PM,6470,,160,45,N,Y,,,19,,,1,2100,S,BRIDGE,ST,N,N,40,N,N,,N,3,190,,1,,W,NOT REPORTED,,,,,,,,11,1,0,1,1,1,20,6:48 PM,DISPATCH,6:53 PM,6/6/2013,Y,TX1540100,147,,,,8,2,3,10,64,14,1,2,1,32,21,160,45,31.14471614,-99.33474192,US,190,,177.399,US0190,1207,128,4,30.779,456,0.763,,,,,,,,,Y,Y,N,5,4,Y,FRI,2,0,8,8,0,2,2,80,40,24,2,0,0,2,8,5,2,8,5,0,0,1,2,7271,2014,7271,8,16.7,24.7,,,,,,,,,,,,,,,,,,,,,,,,,,,0,0,0,4,0,0,0,,,,
13318165,N,N,N,N,N,N,N,5/31/2013,11:03 PM,1300023809,,220,249,N,Y,,,3,199,,1,6300,,LAKE WORTH BLVD,BLVD,N,N,40,N,N,STATE HIGHWAY,N,19,,,1,3900,,PAUL MEADOR,DR,,,,,3900 PAUL MEADOR,,12,4,0,2,1,1,20,11:03 PM,OTHER,11:03 PM,5/31/2013,Y,TX2201900,1628,,8,37,8,2,3,10,64,14,1,2,1,32,21,220,249,32.81043814,-97.42637152,SH,199,,46.079,SH0199,6368,171,5,9.604,564,-0.019,,,,,,,,,Y,Y,Y,5,3,Y,FRI,3,0,0,0,5,3,6,350,72,72,4,1,1,1,0,0,1,0,0,1,5,4,14,35395,2014,35395,2.1,1.6,3.7,,,,,,,,,,,,,,,,,,,,,,,,,,,0,0,0,3,0,0,0,282,,,
13318308,N,N,N,N,N,N,N,6/14/2013,3:44 AM,2013-33483,,108,132,N,Y,,,2,281,,1,14000,N,NOT REPORTED,HWY,N,N,65,Y,N,,N,,,,,,,NOT REPORTED,,1.2,M,N,768,,,2,3,0,2,1,2,1,3:44 AM,DISPATCHED,3:50 AM,6/14/2013,N,TX1080400,1248,,,35,8,10,4,1,1,49,1,2,4,21,21,108,132,26.42790844,-98.13547553,US,281,,554.802,US0281,,255,7,24.885,768,-1.2,,,,NOT REPORTED,,,,,Y,Y,N,1,7,Y,FRI,4,0,4,10,76,2,4,300,82,48,4,0,0,2,8,5,2,20,5,3,68,4,12,17869,2014,17869,5,37.1,42.1,,,,,,,,,,,,,,,,,,,,,,,,,,,1,0,2,0,1,3,0,230,,,
13318328,N,N,N,N,N,N,N,6/3/2013,12:08 PM,0068630413V,,101,208,N,Y,,,19,,,1,9100,,BELLAIRE,BLVD,N,N,35,N,N,2 MARKED LANES-WB & EB,N,19,,,,6899,,RANCHESTER,DR,,,,,,,11,1,0,,1,1,11,12:08 PM,HPD DISPATCHER,12:10 PM,6/4/2013,Y,TXHPD0000,2469,52,106,54,8,2,4,22,64,42,1,5,1,21,21,101,208,29.70483596,-95.54501796,,,,,BELLAIRE BLVD,9186,,,,,,,,,,,,,,Y,N,N,3,9,Y,MON,,,,,,,,,,,,,,,,,,,,,,,,,,,,,,,,,,,,,,,,,,,,,,,,,,,,,,,,0,0,3,0,0,3,0,15,,,
13318363,N,N,N,N,N,N,N,6/3/2013,8:10 AM,0068545113A,,170,208,N,Y,,,11,8,,2,500,N,NORTH SAM HOUSTON E,PKWY,N,N,45,N,N,,N,19,,,,,,ATRIUM,DR,,,,,,,11,1,0,,1,1,11,8:17 AM,DISPATCHED,8:26 AM,6/3/2013,Y,TXHPD0000,2469,14,152,59,8,7,4,1,29,54,2,2,2,21,21,170,208,,,SL,8,,,SL0008,,,,,,,,,,,,,,,Y,Y,N,2,9,N,MON,,,,,,,,,,,,,,,,,,,,,,,,,,,,,,,,,,,,,,,,,,,,,,,,,,,,,,,,0,1,0,0,0,1,0,,,,
13318383,N,Y,N,N,N,N,N,6/14/2013,4:06 PM,,,250,1815,Y,Y,32.93748,-95.33473,4,515,,1,,,NOT REPORTED,,N,N,70,N,N,,N,15,4805,,,,,NOT REPORTED,,,,,,,,11,1,0,1,2,1,11,4:07 PM,WOOD CO SO,4:23 PM,6/14/2013,Y,,10000,91,28,1,8,2,4,30,64,3,1,3,1,21,21,250,1815,32.93719519,-95.33556279,FM,515,,24.806,FM0515,1458,657,1,5.882,672,-0.365,,,,,,,,,Y,Y,Y,5,0,Y,FRI,2,0,2,2,0,2,2,100,28,24,2,0,0,5,2,5,5,2,5,0,0,1,7,3260,2014,3260,4,3.3,7.3,,,,,,,,,,,,,,,,,,,,,,,,,,,0,0,0,7,0,0,0,,,,
13318435,N,N,N,N,N,N,N,6/2/2013,10:21 PM,13-400207,,57,24,N,Y,,,2,635,,1,3000,,NOT REPORTED,,N,N,60,N,N,,N,19,,,,,,ELAM,RD,,,,,EXIT RAMP TO ELAM,,11,4,0,,1,1,20,10:21 PM,DISPATCHED,10:25 PM,6/13/2013,Y,TX0570200,79,,,35,8,7,4,1,39,54,1,1,4,21,21,57,24,,,,,,,US0635,,,,,,,,,,,,,,,Y,Y,N,5,5,N,SUN,,,,,,,,,,,,,,,,,,,,,,,,,,,,,,,,,,,,,,,,,,,,,,,,,,,,,,,,0,0,0,2,0,0,0,,,,
13318486,N,N,N,N,N,N,N,6/14/2013,7:28 PM,1300024594,,184,446,N,Y,,,2,180,,7,601,,PALO PINTO,ST,Y,N,35,N,N,LOCAL ROUTE,N,19,,,,100,S,BRAZOS,ST,,,,,LOCAL ROUTE,,11,1,98,,7,1,1,7:29 PM,DISPATCHED,7:39 PM,6/14/2013,Y,TX1840100,2388,,,35,8,4,4,1,64,54,7,9,5,33,21,184,446,,,US,180,,,US0180,,,,,,,,,,,,,,,N,Y,N,5,6,N,FRI,,,,,,,,,,,,,,,,,,,,,,,,,,,,,,,,,,,,,,,,,,,,,,,,,,,,,,,,0,0,0,3,0,0,0,,,,
13318558,N,N,N,N,N,N,N,6/7/2013,3:20 PM,13A008103,,170,1735,Y,Y,,,19,,,1,11441,,HILLGREEN,DR,N,N,30,N,N,,N,19,,,,2500,,JEFFCOTE,RD,,,,,,,11,1,0,,4,1,1,3:40 PM,DISPATCHED,3:50 PM,6/7/2013,Y,TX1700000,1798,,,35,8,2,4,30,64,54,1,1,1,21,21,170,1735,30.34001323,-95.39940272,,,,,HILLGREEN DR,11459,,,,,,,,,,,,,,Y,N,Y,5,0,Y,FRI,,,,,,,,,,,,,,,,,,,,,,,,,,,,,,,,,,,,,,,,,,,,,,,,,,,,,,,,0,0,0,2,0,0,0,15,,,
13318589,N,N,N,N,N,N,N,6/13/2013,5:33 AM,13 UNKNOWN,,183,1748,Y,Y,32.2419,-94.45384,19,,,1,,,ADAMS,ST,N,N,30,N,N,CITY STREET,N,19,,,,,,CAPPS,ST,,,,,CITY STREET,,11,3,2,,1,1,1,5:34 AM,PCSO DISPATCH,6:00 AM,6/13/2013,Y,TXDPS3100,10000,8,28,1,8,7,2,1,61,54,1,5,2,21,21,183,537,32.24181441,-94.45381345,,,,,E ADAMS ST,149,,,,,,,,,CAPPS ST,,,,,Y,N,Y,0,1,Y,THU,,,,,,,,,,,,,,,,,,,,,,,,,,,,,,,,,,,,,,,,,,,,,,,,,,,,,,,,0,0,0,0,1,0,0,,,,
13318749,N,N,N,N,N,N,N,6/12/2013,11:00 PM,12 RODRIGUEZ-MARTINE,,183,1748,Y,Y,32.15738,-94.43307,2,79,,1,,,NOT REPORTED,,N,N,70,N,N,,N,15,110,,,,,NOT REPORTED,,,,,,,,11,3,0,1,2,1,11,11:05 PM,PCSO DISPATCH,11:21 PM,6/12/2013,Y,TXDPS3100,10000,8,28,1,8,6,4,1,64,54,1,2,1,21,21,183,1748,32.15748679,-94.4328475,US,79,,31.466,US0079,2911,246,2,6.687,318,-0.498,,,,,,,,,Y,Y,Y,2,0,Y,WED,2,0,10,10,0,2,2,130,44,24,4,0,0,2,10,5,2,10,5,0,0,1,2,5796,2014,5796,6.9,16.7,23.6,,,,,,,,,,,,,,,,,,,,,,,,,,,0,1,0,3,0,1,0,,,,
13318926,N,N,N,N,N,N,N,6/7/2013,12:50 AM,,,20,1585,Y,Y,29.08927,-95.62448,3,36,,1,,,NOT REPORTED,,N,N,55,N,N,,N,15,507,,,,,NOT REPORTED,,,,,,,,12,3,0,1,4,2,12,8:56 AM,BCSO DISPATCH,9:10 AM,6/10/2013,Y,,10000,15,35,1,8,7,4,1,32,29,1,2,2,21,21,20,1585,29.08894233,-95.62419547,SH,36,,371.479,SH0036,,188,4,17.614,674,-0.398,,,,,,,,,Y,Y,Y,3,0,Y,FRI,2,0,10,10,0,9,2,100,44,24,6,0,0,2,10,5,2,10,5,0,0,1,2,5910,2014,5910,6,4.7,10.7,1,1216,0,1,32,,,,,,,,,,,,,,,,,,,,,,0,0,1,0,0,1,0,15,,,
13319064,N,N,N,N,N,N,N,6/11/2013,8:55 AM,,,205,1770,Y,Y,27.92468,-97.27143,3,35,,3,,,NOT REPORTED,,N,N,70,N,N,,N,4,136,,,,,NOT REPORTED,,,,,,,,12,1,0,2,2,1,11,8:56 AM,DISPATCHED,8:57 AM,6/17/2013,Y,,10000,12,112,1,8,2,2,21,64,3,3,2,1,21,21,205,1770,27.92558151,-97.27019892,SH,35,,204.932,SH0035,,180,6,10.712,682,0.117,FM,136,,FM0136,,,,,Y,Y,Y,5,0,Y,TUE,4,0,4,10,50,2,4,419,76,48,4,0,0,2,8,5,2,20,5,3,42,1,2,15975,2014,15975,9.1,12,21.1,1,506,2,1,54,,,,,,,,,,,,,,,,,,,,,,0,0,0,6,0,0,0,,,,
13319076,N,N,N,N,N,N,N,6/12/2013,8:45 PM,0073035813F,,101,208,N,Y,,,19,,,1,10000,,ALMEDA GENOA,RD,N,N,40,N,N,TWO LANE MEDIAN DIVIDED,N,19,,,,9800,,MINNESOTA,ST,,,,,,,12,5,0,,1,1,1,8:45 PM,ON VIEWED,8:45 PM,6/12/2013,Y,TXHPD0000,2469,16,104,17,8,2,2,22,64,47,1,5,1,21,21,101,208,29.62762751,-95.23823663,,,,,ALMEDA GENOA RD,,,,,,,,,,MINNESOTA ST,,,,,Y,N,N,3,9,Y,WED,,,,,,,,,,,,,,,,,,,,,,,,,,,,,,,,,,,,,,,,,,,,,,,,,,,,,,,,0,0,1,1,0,1,0,15,,,
13319146,N,N,N,N,N,N,N,6/17/2013,10:30 PM,SAPD13130177,7120,15,379,N,Y,,,11,1604,,2,9600,,W LOOP 1604 N,,N,N,55,N,N,,N,19,,,,9600,,BRAUN,RD,,,,,,,11,4,0,2,1,1,5,10:40 PM,DISPATCH,10:45 PM,6/17/2013,Y,TXSPD0000,2473,,61,123,8,2,2,20,64,3,2,2,1,21,21,15,379,29.4700575,-98.71085225,SL,1604,,21.579,SL1604,3955,2452,1,21.19,510,-0.504,,,,BRAUN RD,,,,,Y,Y,N,5,9,Y,MON,4,0,2,2,80,2,4,340,96,72,4,0,0,2,12,5,2,12,5,3,68,4,12,4279,2014,4279,4,10.4,14.5,,,,,,,,,,,,,,,,,,,,,,,,,,,0,0,0,5,0,0,0,28,,,
13319358,N,N,N,N,Y,N,N,6/11/2013,1:28 PM,2013-51727,,108,283,N,Y,,,19,,,1,900,W,VIOLET,AVE,N,N,30,N,N,,N,19,,,,4700,N,9TH,ST,,,,,,,11,1,0,,1,1,11,1:28 PM,DISPATCH,1:30 PM,6/11/2013,Y,TX1080800,1753,,,35,8,7,4,1,32,3,1,5,2,21,21,108,283,26.24633101,-98.22104102,,,,,W VIOLET AVE,903,,,,,,,,,,,,,,Y,N,N,5,8,Y,TUE,,,,,,,,,,,,,,,,,,,,,,,,,,,,,,,,,,,,,,,,,,,,,,,,,,,,,,,,0,0,0,1,0,0,0,230,,,
13319466,N,N,N,N,N,N,N,6/6/2013,4:22 PM,13-9851,,92,268,N,Y,,,11,281,,1,400,W,LOOP 281,,N,N,50,N,N,,N,14,63,,,,,MCCANN,RD,,,,,,,2,1,0,2,2,2,20,4:28 PM,DISPATCHED,4:30 PM,6/6/2013,Y,920500,1691,,,,8,7,4,1,1,54,1,2,2,21,21,92,268,32.54096938,-94.75582859,SL,281,,10.323,SL0281,404,2642,1,3.35,718,0.317,,,,,,,,,Y,Y,N,3,7,Y,THU,3,0,0,10,16,2,6,300,94,72,4,2,2,1,0,0,2,20,5,1,16,3,14,21399,2014,21399,3.3,6.2,9.6,,,,,,,,,,,,,,,,,,,,,,,,,,,0,0,1,0,0,1,0,361,,,
13319488,N,N,N,N,N,N,N,6/12/2013,8:20 AM,130079620,0,101,1666,Y,Y,,,15,,,1,11600,,SEVEN MILE,LN,N,N,30,N,N,,Y,15,,,1,2400,,WARDMONT,,,,,,,,12,1,3,,1,1,8,8:36 AM,DISPATCHED,8:52 AM,6/12/2013,Y,TX1010000,1419,205,33,5,8,2,1,14,64,54,1,4,1,21,21,101,1666,29.88046478,-95.35001309,,,,,SEVEN MILE LN,11600,,,,,,,,,WARDMONT ST,,,,,Y,N,Y,5,0,Y,WED,,,,,,,,,,,,,,,,,,,,,,,,,,,,,,,,,,,,,,,,,,,,,,,,,,,,,,,,0,0,0,4,0,0,0,15,,,
13319592,N,N,N,N,N,N,N,6/4/2013,6:52 AM,13-9674,,92,268,N,Y,,,11,281,,1,3900,W,LOOP 281,,N,N,55,N,N,,N,19,,,,,,HARDY,ST,,,,,,,11,1,0,3,1,1,20,6:52 AM,DISPATCHED,6:57 AM,6/4/2013,Y,920500,1691,,,,8,2,4,20,64,42,1,2,1,21,21,92,268,32.49858378,-94.78253417,SL,281,,5.61,SL0281,3917,1763,2,6.689,714,-0.22,,,,,,,,,Y,Y,N,2,7,Y,TUE,2,0,0,0,0,2,4,90,68,68,4,2,2,1,0,0,1,0,0,0,0,3,14,17552,2014,17552,1.4,1.1,2.4,,,,,,,,,,,,,,,,,,,,,,,,,,,0,1,1,0,0,2,0,361,,,
13319618,N,N,N,N,N,N,N,6/11/2013,12:47 PM,13-003731,,101,211,N,Y,,,19,,,1,20600,W,TOWNSEN,BLVD,N,N,35,N,N,,N,2,59,,2,20700,N,NOT REPORTED,,,,,,,,12,1,0,,1,1,5,12:47 PM,DISPATCHED,1:00 PM,6/11/2013,Y,TX1010900,1496,,,,8,2,2,22,64,42,2,2,1,21,21,101,211,30.01743569,-95.26035322,,,,,TOWNSEN BLVD,,,,,,,US,59,,US0059,,,,,Y,N,N,5,5,Y,TUE,,,,,,,,,,,,,,,,,,,,,,,,,,,,,,,,,,,,,,,,,,,,,,,,,,,,,,,,0,0,0,2,0,0,0,15,,,
13319622,N,Y,N,N,N,N,N,6/12/2013,11:30 AM,0072817513G,FSGI,101,208,N,Y,,,19,,,1,7000,,MONROE,RD,N,N,35,N,N,DRY  /  BLACK TOP,N,19,,,,,,GLENVISTA,,,,,,,,11,1,0,2,1,1,1,12:17 PM,DISP,12:25 PM,6/12/2013,Y,TXHPD0000,2469,24,104,28,8,2,4,21,64,54,1,2,1,21,21,101,208,29.67006767,-95.26052776,SH,3,,0.15,SH0003,,51,6,0.147,476,0.067,,,,,,,,,Y,Y,N,5,9,Y,WED,3,0,0,0,30,9,4,100,48,48,5,1,2,1,0,0,1,0,0,1,30,4,14,18031,2014,18031,9.3,5.2,14.4,1,89,6,2,28,,,,,,,,,,,,,,,,,,,,,,0,0,0,1,1,0,0,15,,,
13319993,N,Y,N,N,N,N,N,6/6/2013,9:40 PM,,,37,1454,N,Y,31.50412,-94.95398,2,69,,1,,,NOT REPORTED,,N,N,50,N,N,,N,19,,,,,,WRIGHT PATMAN,RD,,,,,,,11,3,0,1,1,1,11,11:00 PM,CHEROKEE CO DISPATCH,11:30 PM,6/6/2013,Y,TXDPS5500,10000,1,28,1,8,6,4,1,64,54,1,2,1,21,21,37,1602,31.50416547,-94.95392059,US,69,,199.724,US0069,2127,199,3,49.262,398,0.299,,,,,,,,,Y,Y,Y,5,0,Y,THU,2,0,8,8,0,2,2,100,42,26,4,0,0,2,8,5,2,8,5,0,0,1,2,5139,2014,5139,3.7,10.3,14,,,,,,,,,,,,,,,,,,,,,,,,,,,0,0,0,1,0,0,0,,,,