Crash_ID,Crash_Fatal_Fl,Cmv_Involv_Fl,Schl_Bus_Fl,Rr_Relat_Fl,Medical_Advisory_Fl,Amend_Supp_Fl,Active_School_Zone_Fl,Crash_Date,Crash_Time,Case_ID,Local_Use,Rpt_CRIS_Cnty_ID,Rpt_City_ID,Rpt_Outside_City_Limit_Fl,Thousand_Damage_Fl,Rpt_Latitude,Rpt_Longitude,Rpt_Rdwy_Sys_ID,Rpt_Hwy_Num,Rpt_Hwy_Sfx,Rpt_Road_Part_ID,Rpt_Block_Num,Rpt_Street_Pfx,Rpt_Street_Name,Rpt_Street_Sfx,Private_Dr_Fl,Toll_Road_Fl,Crash_Speed_Limit,Road_Constr_Zone_Fl,Road_Constr_Zone_Wrkr_Fl,Rpt_Street_Desc,At_Intrsct_Fl,Rpt_Sec_Rdwy_Sys_ID,Rpt_Sec_Hwy_Num,Rpt_Sec_Hwy_Sfx,Rpt_Sec_Road_Part_ID,Rpt_Sec_Block_Num,Rpt_Sec_Street_Pfx,Rpt_Sec_Street_Name,Rpt_Sec_Street_Sfx,Rpt_Ref_Mark_Offset_Amt,Rpt_Ref_Mark_Dist_Uom,Rpt_Ref_Mark_Dir,Rpt_Ref_Mark_Nbr,Rpt_Sec_Street_Desc,Rpt_CrossingNumber,Wthr_Cond_ID,Light_Cond_ID,Entr_Road_ID,Road_Type_ID,Road_Algn_ID,Surf_Cond_ID,Traffic_Cntl_ID,Investigat_Notify_Time,Investigat_Notify_Meth,Investigat_Arrv_Time,Report_Date,Investigat_Comp_Fl,ORI_Number,Investigat_Agency_ID,Investigat_Area_ID,Investigat_District_ID,Investigat_Region_ID,Bridge_Detail_ID,Harm_Evnt_ID,Intrsct_Relat_ID,FHE_Collsn_ID,Obj_Struck_ID,Othr_Factr_ID,Road_Part_Adj_ID,Road_Cls_ID,Road_Relat_ID,Phys_Featr_1_ID,Phys_Featr_2_ID,Cnty_ID,City_ID,Latitude,Longitude,Hwy_Sys,Hwy_Nbr,Hwy_Sfx,Dfo,Street_Name,Street_Nbr,Control,Section,Milepoint,Ref_Mark_Nbr,Ref_Mark_Displ,Hwy_Sys_2,Hwy_Nbr_2,Hwy_Sfx_2,Street_Name_2,Street_Nbr_2,Control_2,Section_2,Milepoint_2,Txdot_Rptable_Fl,Onsys_Fl,Rural_Fl,Crash_Sev_ID,Pop_Group_ID,Located_Fl,Day_of_Week,Hwy_Dsgn_Lane_ID,Hwy_Dsgn_Hrt_ID,Hp_Shldr_Left,Hp_Shldr_Right,Hp_Median_Width,Base_Type_ID,Nbr_Of_Lane,Row_Width_Usual,Roadbed_Width,Surf_Width,Surf_Type_ID,Curb_Type_Left_ID,Curb_Type_Right_ID,Shldr_Type_Left_ID,Shldr_Width_Left,Shldr_Use_Left_ID,Shldr_Type_Right_ID,Shldr_Width_Right,Shldr_Use_Right_ID,Median_Type_ID,Median_Width,Rural_Urban_Type_ID,Func_Sys_ID,Adt_Curnt_Amt,Adt_Curnt_Year,Adt_Adj_Curnt_Amt,Pct_Single_Trk_Adt,Pct_Combo_Trk_Adt,Trk_Aadt_Pct,Curve_Type_ID,Curve_Lngth,Cd_Degr,Delta_Left_Right_ID,Dd_Degr,Feature_Crossed,Structure_Number,I_R_Min_Vert_Clear,Approach_Width,Bridge_Median_ID,Bridge_Loading_Type_ID,Bridge_Loading_In_1000_Lbs,Bridge_Srvc_Type_On_ID,Bridge_Srvc_Type_Under_ID,Culvert_Type_ID,Roadway_Width,Deck_Width,Bridge_Dir_Of_Traffic_ID,Bridge_Rte_Struct_Func_ID,Bridge_IR_Struct_Func_ID,CrossingNumber,RRCo,Poscrossing_ID,WDCode_ID,Standstop,Yield,Incap_Injry_Cnt,Nonincap_Injry_Cnt,Poss_Injry_Cnt,Non_Injry_Cnt,Unkn_Injry_Cnt,Tot_Injry_Cnt,Death_Cnt,MPO_ID,Investigat_Service_ID,Investigat_DA_ID,Investigator_Narrative
13320078,N,N,N,N,N,N,N,6/15/2013,9:45 AM,0074162913S,,101,208,N,Y,,,1,610,,2,5300,S,SOUTH LP E SER S,,N,N,45,N,N,FREEWAY SERVICE ROAD,Y,19,,,1,,,MARTIN LUTHER KING,BLVD,,,,,,,12,1,4,,1,1,5,9:52 AM,ON-VIEWED,9:52 AM,6/15/2013,Y,TXHPD0000,2469,18,104,49,8,2,1,24,64,54,2,1,1,21,21,101,208,,,IH,610,,,IH0610,,,,,,,,,,MARTIN LUTHER KING BLVD,,,,,Y,Y,N,5,9,N,SAT,,,,,,,,,,,,,,,,,,,,,,,,,,,,,,,,,,,,,,,,,,,,,,,,,,,,,,,,0,0,0,2,0,0,0,,,,
13320397,N,N,N,N,N,N,N,6/7/2013,2:37 PM,,,91,113,N,Y,33.76223,-96.64275,4,1417,,1,,,NOT REPORTED,,N,N,60,N,N,,Y,4,120,,1,,,NOT REPORTED,,,,,,,,11,1,4,2,1,1,8,2:38 PM,DPS SHERMAN COMM,2:55 PM,6/10/2013,Y,,10000,12,103,1,8,2,1,34,64,54,1,3,1,21,21,91,1656,33.76199341,-96.6427536,FM,120,,6.278,FM0120,,728,1,2.478,598,0.709,FM,1417,,FM1417,,2456,1,0,Y,Y,Y,5,0,Y,FRI,3,0,3,10,131,2,4,260,74,48,4,0,0,2,6,5,2,20,5,3,125,3,16,6850,2014,6850,4.8,11.8,16.5,,,,,,,,,,,,,,,,,,,,,,,,,,,0,0,0,2,0,0,0,232,,,
13320569,N,N,N,N,N,N,N,5/23/2013,8:47 PM,13-01295,,101,447,N,Y,,,19,,,2,400,,E NASA BYPASS N FR,,N,N,40,N,N,,N,19,,,1,600,E,NASA,PKWY,,,,,,,11,6,0,,1,1,11,8:48 PM,DISPATCHED,8:54 PM,5/23/2013,Y,TX1012500,2391,,43,466,8,7,4,1,21,54,2,5,2,21,21,101,447,,,,,,,E NASA BYPASS N FR,,,,,,,,,,,,,,,Y,N,N,5,5,N,THU,,,,,,,,,,,,,,,,,,,,,,,,,,,,,,,,,,,,,,,,,,,,,,,,,,,,,,,,0,0,0,1,0,0,0,,,,
13320631,N,N,N,N,N,N,N,5/23/2013,1:40 PM,130069503,0,101,1666,Y,Y,,,19,,,1,13600,,BEECHNUT,ST,N,N,40,N,N,,N,15,,,,,,ELDRIDGE,PKWY,,,,,,,11,1,0,,1,1,20,1:45 PM,DISPATCHED,1:50 PM,5/23/2013,Y,TX1010000,1419,100,4,5,8,2,4,20,64,42,1,4,1,21,21,101,1666,29.68839434,-95.62302215,,,,,BEECHNUT ST,13702,,,,,,,,,,,,,,Y,N,Y,3,0,Y,THU,,,,,,,,,,,,,,,,,,,,,,,,,,,,,,,,,,,,,,,,,,,,,,,,,,,,,,,,0,0,1,4,0,1,0,15,,,
13320751,N,N,N,N,N,N,N,5/22/2013,5:28 AM,13-07824,,146,260,N,Y,,,2,90,,1,4100,E,US 90,RD,N,N,65,N,N,PAVEMENT,N,4,770,,1,,E,FM 770,RD,,,,,PAVEMENT,,2,3,0,,1,2,1,5:30 AM,DISPATCHER,5:39 AM,5/26/2013,Y,14600000,1662,,,35,8,2,4,20,64,54,1,2,1,21,21,146,260,,,US,90,,,US0090,,,,,,,,,,,,,,,Y,Y,N,5,4,N,WED,,,,,,,,,,,,,,,,,,,,,,,,,,,,,,,,,,,,,,,,,,,,,,,,,,,,,,,,0,0,0,4,0,0,0,,,,
13320886,N,N,N,N,N,N,N,6/16/2013,1:53 AM,151331A,151332A,57,107,N,Y,,,3,180,,1,300,W,DAVIS,ST,N,N,30,N,N,,N,19,,,,500,N,BISHOP,AVE,,,,,,,11,4,0,,1,1,20,8:02 AM,DISPATCHED,8:14 AM,6/16/2013,N,TX0000006,2471,,,65,8,7,4,1,36,54,1,2,1,21,21,57,107,,,SH,180,,,SH0180,,,,,,,,,,,,,,,Y,Y,N,0,9,N,SUN,,,,,,,,,,,,,,,,,,,,,,,,,,,,,,,,,,,,,,,,,,,,,,,,,,,,,,,,0,0,0,0,1,0,0,,,,
13321063,N,N,N,N,N,N,N,6/6/2013,12:27 PM,1300015623,,112,415,N,Y,,,3,154,,1,1100,,BROADWAY,ST,N,N,40,N,N,,N,19,,,1,100,,LEE,ST,,,,,,,11,1,0,,1,1,5,12:28 PM,DISPATCHED,12:37 PM,6/10/2013,Y,TX1120200,2193,,8,36,8,2,4,22,64,42,1,2,1,21,21,112,415,,,SH,154,,,SH0154,,,,,,,,,,,,,,,Y,Y,N,3,5,N,THU,,,,,,,,,,,,,,,,,,,,,,,,,,,,,,,,,,,,,,,,,,,,,,,,,,,,,,,,0,0,3,4,0,3,0,,,,
13321215,N,N,N,N,N,N,N,6/9/2013,7:03 AM,130078135,0,101,1666,Y,Y,,,19,,,1,14200,,ALDERSON,,N,N,0,N,N,,Y,19,,,1,400,,HOLLYWOOD,,,,,,,,11,3,2,,1,1,20,7:39 AM,DISPATCHED,7:45 AM,6/9/2013,Y,TX1010000,1419,217,4,5,8,7,4,1,62,3,1,4,2,21,21,101,1666,29.78814479,-95.17200314,,,,,ALDERSON ST,14200,,,,,,,,,,,,,,Y,N,Y,5,0,Y,SUN,,,,,,,,,,,,,,,,,,,,,,,,,,,,,,,,,,,,,,,,,,,,,,,,,,,,,,,,0,0,0,1,0,0,0,15,,,
13321341,N,N,N,N,N,N,N,6/8/2013,9:38 PM,131591747,,227,22,N,Y,,,1,35,,1,13279,S,NORTHBOUND PROPER,,N,N,70,N,N,,N,19,,,,,,MILE MARKER 224,,,,,,,,11,4,0,2,1,1,1,9:38 PM,DISPATCH,9:45 PM,6/8/2013,Y,TX2270100,74,22,169,130,8,7,4,1,39,54,1,1,4,21,21,227,22,30.12311824,-97.80273109,IH,35,,223.253,IH0035,,16,1,1.753,224,-0.277,,,,,,,,,Y,Y,N,3,9,Y,SAT,5,0,3,10,26,2,6,300,98,72,4,0,0,2,6,5,2,20,5,,20,4,11,116132,2014,116132,4.9,8,13,1,103,0,1,2,,,,,,,,,,,,,,,,,,,,,,0,0,4,3,0,4,0,90,,,
13321399,N,N,N,N,N,N,N,6/6/2013,9:40 PM,131571954,,227,22,N,Y,,,19,,,1,,S,1ST,ST,N,N,45,N,N,,Y,19,,,,,,SLAUGHTER,LN,,,,,,,11,4,4,,1,1,5,9:40 PM,DISPATCH,9:42 PM,6/6/2013,Y,TX2270100,74,12,169,130,8,2,1,34,64,54,1,5,1,21,21,227,22,30.1724048,-97.79957245,,,,,S 1ST ST,,,,,,,,,,W SLAUGHTER LN,,,,,Y,N,N,3,9,Y,THU,,,,,,,,,,,,,,,,,,,,,,,,,,,,,,,,,,,,,,,,,,,,,,,,,,,,,,,,0,0,1,0,1,1,0,90,,,
13321724,N,N,N,N,N,N,N,6/8/2013,9:06 PM,,,110,1675,Y,Y,33.70932,-102.45985,15,,,1,,,HARTFORD,RD,N,N,60,N,N,,N,15,,,,,,MEXICO,RD,,,,,,,2,3,0,,4,2,1,12:03 AM,DISPATCHED,12:21 AM,6/10/2013,Y,,10000,1,17,1,8,7,2,1,63,1,1,4,2,21,21,110,1675,33.70813577,-102.4604203,,,,,HARTFORD RD,3272,,,,,,,,,MEXICO RD,,,,,Y,N,Y,5,0,Y,SAT,,,,,,,,,,,,,,,,,,,,,,,,,,,,,,,,,,,,,,,,,,,,,,,,,,,,,,,,0,0,0,1,0,0,0,,,,
13321820,N,N,N,N,N,N,N,6/9/2013,6:00 PM,,,225,1381,N,Y,33.35912,-95.1017,4,71,,1,,,NOT REPORTED,,N,N,45,N,N,,Y,19,,,1,,,7TH,ST,,,,,,,11,1,2,1,1,1,11,6:05 PM,TITUS DISPATCH,6:32 PM,6/9/2013,Y,,10000,17,103,1,8,2,1,24,64,7,1,3,1,21,21,225,1381,33.3590292,-95.10169946,FM,71,,49.965,FM0071,244,546,1,1.373,694,-0.614,SL,96,,SL0096,,,,,Y,Y,Y,5,1,Y,SUN,2,0,8,8,0,2,2,60,40,24,2,1,1,2,8,2,2,8,2,0,0,1,7,1041,2014,1041,7.5,6,13.4,,,,,,,,,,,,,,,,,,,,,,,,,,,0,0,0,3,0,0,0,,,,
13322134,N,N,N,N,Y,N,N,6/17/2013,10:57 AM,,,205,1770,Y,Y,27.93823,-97.1666,4,1069,,1,,,NOT REPORTED,,N,N,55,N,N,,N,15,108,,,,,NOT REPORTED,,,,,,,,11,1,0,1,1,1,11,10:59 AM,DISPATCHED,11:26 AM,6/18/2013,Y,,10000,12,112,1,8,7,4,1,36,3,1,3,2,21,21,205,1770,27.9382881,-97.16667748,FM,1069,,10.372,FM1069,5795,1549,3,0.289,604,0.283,,,,,,,,,Y,Y,Y,5,0,Y,MON,2,0,4,4,0,2,2,80,32,24,2,0,0,2,4,5,2,4,5,0,0,2,17,3630,2014,3630,3.4,3.6,7,,,,,,,,,,,,,,,,,,,,,,,,,,,0,0,0,1,0,0,0,,,,
13322360,N,N,N,N,N,N,N,6/14/2013,8:21 PM,131641PD,191,79,409,N,N,,,19,,,1,13100,,FRANCES,ST,Y,N,-1,N,N,,N,19,,,,13300,,JAMES,LN,,,,,,,11,1,0,,7,8,17,8:21 PM,ON VIEW,8:21 PM,6/18/2013,Y,TX0790400,2173,,,35,8,7,4,1,36,54,7,9,5,1,21,79,409,,,,,,,FRANCES ST,,,,,,,,,,,,,,,N,N,N,5,5,N,FRI,,,,,,,,,,,,,,,,,,,,,,,,,,,,,,,,,,,,,,,,,,,,,,,,,,,,,,,,0,0,0,1,0,0,0,,,,
13322531,N,N,N,N,N,Y,N,6/8/2013,10:26 PM,,,246,1811,Y,Y,30.50055,-97.58033,12,130,,2,,,NOT REPORTED,,N,Y,55,N,N,,N,4,685,,,,,NOT REPORTED,,,,,,,,11,4,0,2,2,1,5,10:43 PM,RADIO,11:10 PM,2/13/2014,Y,,10000,22,22,1,8,2,2,22,64,38,2,2,1,21,21,246,1811,30.51347822,-97.57548522,SH,130,,13.481,SH0130,,440,5,21.647,426,-0.804,FM,685,,FM0685,,,,,Y,Y,Y,2,0,Y,SAT,5,3,4,10,143,3,4,350,76,48,5,0,0,2,8,5,2,20,5,3,135,4,12,23459,2014,23459,11.4,5.9,17.3,,,,,,,,,,,,,,,,,,,,,,,,,,,0,1,0,5,0,1,0,90,,,
13322762,N,N,N,N,N,N,N,5/31/2013,1:57 PM,13000995,,14,424,N,Y,,,14,290,,1,0,N,3RD,ST,N,N,35,N,N,,Y,3,53,,1,100,W,ADAMS,AVE,,,,,,,11,1,4,3,1,1,8,2:01 PM,DISPATCHED,2:12 PM,5/31/2013,Y,TX0140700,2221,,,226,8,2,1,14,64,54,1,2,1,21,21,14,424,31.09820561,-97.34276459,SH,53,,2.932,SH0053,102,232,1,10.001,558,0.809,SS,290,,SS0290,,,,,Y,Y,N,5,7,Y,FRI,2,0,0,0,0,2,4,80,50,50,3,1,1,1,0,0,1,0,0,0,0,3,14,11347,2014,11347,1.3,1.9,3.2,,,,,,,,,,,,,,,,,,,,,,,,,,,0,0,0,5,0,0,0,277,,,
13323565,N,N,N,N,N,N,N,6/5/2013,7:24 PM,2013-102254,,43,336,N,Y,,,19,,,2,1700,,CENTRAL,EXPY,N,N,45,N,N,,N,19,,,,,,18TH,ST,,,,,,,11,1,0,2,1,1,17,7:25 PM,DISPATCH/RADIO,7:30 PM,6/5/2013,Y,TX0430600,1938,,,,8,2,3,23,64,13,2,2,1,32,21,43,336,33.02427669,-96.70998111,US,75,,58.105,US0075,,47,6,11.958,252,-0.167,,,,,,,,,Y,Y,N,5,9,Y,WED,5,0,12,10,28,3,8,300,140,96,5,0,0,2,24,5,2,20,5,2,4,4,12,218575,2014,218575,2.8,5.4,8.3,1,718,1,1,37,,,,,,,,,,,,,,,,,,,,,,0,0,0,3,0,0,0,282,,,
13323942,N,N,N,N,N,N,N,6/12/2013,11:38 AM,TA13-120,,187,265,N,Y,,,19,,,1,1400,W,CHURCH,ST,N,N,45,N,N,,N,19,,,1,100,,BRIARWAY,,,,,,,,11,1,0,3,1,1,11,11:38 AM,DISPATCHER,11:39 AM,6/12/2013,Y,TX1870200,1680,,18,186,8,2,4,20,64,42,1,2,1,21,21,187,265,30.71083635,-94.94877335,US,190,,497.555,US0190,1400,213,4,0.267,786,-0.258,,,,,,,,,Y,Y,N,5,4,Y,WED,2,0,10,10,0,2,4,120,84,64,4,0,0,2,10,5,2,10,5,0,0,2,14,4584,2014,4584,10,3.9,13.9,1,328,2,,0,,,,,,,,,,,,,,,,,,,,,,0,0,0,2,0,0,0,,,,
13324021,N,N,N,N,N,N,N,6/12/2013,12:38 PM,,201313635,101,228,N,Y,,,19,,,1,2006,,KATY MILLS,BLVD,N,N,0,N,N,,N,1,10,,2,,S,IH10SR,,,,,,,,11,1,98,,1,1,1,12:38 PM,RADIO,12:41 PM,6/12/2013,Y,TX1012700,1559,,129,161,8,2,3,10,64,14,1,5,1,32,21,101,228,29.78385937,-95.80716781,,,,,KATY MILLS BLVD,1974,,,,,,,,,,,,,,Y,N,N,2,5,Y,WED,,,,,,,,,,,,,,,,,,,,,,,,,,,,,,,,,,,,,,,,,,,,,,,,,,,,,,,,0,1,0,1,0,1,0,15,,,
13324031,N,N,N,N,N,N,N,5/28/2013,1:00 AM,130071699,0,101,208,N,N,,,19,,,7,21700,,INVERNESS FOREST,BLVD,Y,N,0,N,N,,N,4,,,,,,1960,,,,,,,,11,4,0,,1,1,1,1:57 AM,DISPATCHED,2:02 AM,5/28/2013,N,TX1010000,1419,227,4,5,8,4,4,1,64,54,7,9,5,33,21,101,208,,,,,,,INVERNESS FOREST BLVD,,,,,,,,,,,,,,,N,N,N,0,9,N,TUE,,,,,,,,,,,,,,,,,,,,,,,,,,,,,,,,,,,,,,,,,,,,,,,,,,,,,,,,0,0,0,0,1,0,0,,,,
13324447,N,N,N,N,N,N,N,6/13/2013,3:20 PM,148597A,148598A,57,107,N,Y,,,19,,,1,8000,S,HAMPTON,RD,N,N,40,N,N,PUBLIC STREET,N,19,,,,2400,,CLIFF CREEK CROSSING,,,,,,PUBLIC STREET,,11,1,2,,1,1,8,3:28 PM,DISPATCHED,3:28 PM,6/13/2013,N,TX0000006,2471,,,113,8,2,1,10,64,54,1,5,1,21,21,57,107,32.79131684,-96.85653285,,,,,N HAMPTON RD,,,,,,,,,,CALYPSO ST,,,,,Y,N,N,5,9,Y,THU,,,,,,,,,,,,,,,,,,,,,,,,,,,,,,,,,,,,,,,,,,,,,,,,,,,,,,,,0,0,0,2,1,0,0,282,,,
13324668,N,N,N,N,N,N,N,6/18/2013,6:40 PM,,,203,1768,Y,Y,31.58577,-94.1391,2,96,,1,,,NOT REPORTED,,N,N,75,N,N,,N,4,1279,,,,,NOT REPORTED,,,,,,,,12,1,0,1,3,1,12,6:44 PM,DISPATCHED,7:01 PM,6/18/2013,Y,,10000,16,58,1,8,7,4,1,32,54,1,2,2,21,21,203,1768,31.58451502,-94.1388268,US,96,,26.328,US0096,,809,3,2.978,342,0.961,,,,,,,,,Y,Y,Y,3,0,Y,TUE,2,0,10,10,0,2,2,120,44,24,4,0,0,2,10,5,2,10,5,0,0,1,2,3809,2014,3809,4,22.9,26.9,,,,,,,,,,,,,,,,,,,,,,,,,,,0,0,1,0,0,1,0,,,,
13324698,N,N,N,N,N,N,N,6/18/2013,5:27 PM,SAPD13130730,7190,15,379,N,Y,,,19,,,1,8500,,WURZBACH,DR,N,N,40,N,N,,N,19,,,,8400,,FREDERICKSBURRG,RD,,,,,,,11,1,0,,1,1,1,5:34 PM,DROVE UPON,5:34 PM,6/18/2013,Y,TXSPD0000,2473,,61,123,8,2,3,10,64,14,1,5,1,32,21,15,379,29.52217684,-98.57124234,,,,,WURZBACH RD,8564,,,,,,,,,,,,,,Y,N,N,2,9,Y,TUE,,,,,,,,,,,,,,,,,,,,,,,,,,,,,,,,,,,,,,,,,,,,,,,,,,,,,,,,0,2,0,1,0,2,0,28,,,
13324762,N,N,N,N,N,N,N,6/19/2013,2:50 AM,SAPD13131106,5150,15,379,N,Y,,,19,,,1,2700,,SPUR,DR,N,N,25,N,N,,N,19,,,,7710,,WESTROCK,DR,,,,,,,11,4,0,,1,1,20,2:50 AM,DISPATCH,2:55 AM,6/19/2013,Y,TXSPD0000,2473,,19,148,8,4,4,1,33,3,1,5,1,21,21,15,379,29.4021537,-98.6425408,,,,,SPUR DR,2782,,,,,,,,,,,,,,Y,N,N,5,9,Y,WED,,,,,,,,,,,,,,,,,,,,,,,,,,,,,,,,,,,,,,,,,,,,,,,,,,,,,,,,0,0,0,1,0,0,0,28,,,
13324771,N,N,N,N,N,N,N,6/15/2013,7:06 PM,150801A,,57,107,N,Y,,,19,,,1,800,N,WESTMORELAND,RD,N,N,35,N,N,,Y,19,,,1,3200,,OVERCREST,ST,,,,,,,11,1,2,,1,1,20,7:07 PM,DISPATCHED,7:16 PM,6/15/2013,Y,TX0000006,2471,,,44,8,2,1,34,64,54,1,5,1,21,21,57,107,32.75145426,-96.87419255,,,,,N WESTMORELAND RD,,,,,,,,,,OVERCREST ST,,,,,Y,N,N,5,9,Y,SAT,,,,,,,,,,,,,,,,,,,,,,,,,,,,,,,,,,,,,,,,,,,,,,,,,,,,,,,,0,0,0,5,0,0,0,282,,,
13325157,N,N,N,N,N,N,N,6/18/2013,7:51 AM,0075575713C,,101,208,N,N,,,19,,,1,3800,,MILAM,,N,N,45,N,N,,N,2,59,,,,,SOUTHWEST,FWY,,,,,,,11,1,0,,2,1,9,1:10 PM,WALK-IN,1:10 PM,6/19/2013,Y,TXHPD0000,2469,24,121,35,8,2,2,22,64,42,3,5,1,21,21,101,208,29.7384448,-95.38252309,,,,,MILAM ST,3800,,,,,,,,,UNKNOWN,,,,,Y,N,N,3,9,Y,TUE,,,,,,,,,,,,,,,,,,,,,,,,,,,,,,,,,,,,,,,,,,,,,,,,,,,,,,,,0,0,1,1,0,1,0,15,,,
13325210,N,N,N,N,N,N,N,6/9/2013,4:54 PM,13-20115,,152,270,N,Y,,,4,1730,,1,6700,,SLIDE,RD,N,N,45,N,N,,Y,11,289,,2,5100,S,LOOP 289,LOOP,,,,,,,11,1,4,3,1,1,5,4:57 PM,POLICE RADIO CALL,4:59 PM,6/9/2013,Y,TX1520200,1706,,,,8,2,1,34,64,3,2,3,1,21,21,152,270,33.53515625,-101.9223633,FM,1730,,0.037,FM1730,,1344,2,0.095,216,-0.069,SL,289,,SL0289,,783,1,13.244,Y,Y,N,3,8,Y,SUN,2,0,0,0,0,2,6,120,86,86,4,1,1,1,0,0,1,0,0,0,0,4,14,34727,2014,34727,1.9,4.9,6.7,,,,,,,,,,,,,,,,,,,,,,,,,,,0,0,1,4,0,1,0,122,,,
13325257,N,N,N,N,N,N,N,6/12/2013,11:52 AM,13-20485,,152,270,N,Y,,,19,,,1,4800,,82ND,ST,N,N,45,N,N,,N,19,,,1,8100,,WAYNE,AVE,,,,,,,11,1,2,,1,1,20,11:53 AM,RADIO DISPATCH,11:59 AM,6/12/2013,Y,TX1520200,1706,,,,8,2,1,14,64,54,1,5,1,21,21,152,270,33.51974434,-101.9146513,,,,,82ND ST,4800,,,,,,,,,UNKNOWN,,,,,Y,N,N,5,8,Y,WED,,,,,,,,,,,,,,,,,,,,,,,,,,,,,,,,,,,,,,,,,,,,,,,,,,,,,,,,0,0,0,4,0,0,0,122,,,
13325305,N,N,N,N,N,N,N,6/14/2013,1:04 PM,13-002262,,14,36,N,Y,30.94899,-97.53827,1,35,,2,200,N,INTERSTATE 35,HWY,N,N,40,N,N,,N,19,,,1,1000,,CENTRAL,AVE,,,,,,,11,1,0,2,2,1,3,1:05 PM,DISPATCH,1:09 PM,6/14/2013,Y,TX0140200,113,,,,8,2,2,22,64,42,2,1,1,21,21,14,36,31.05387146,-97.45385515,IH,35,,293.394,IH0035,,15,14,16.027,294,-0.129,,,,E CENTRAL AVE,,,,,Y,Y,N,5,5,Y,FRI,5,0,10,12,40,2,6,310,120,72,4,0,0,2,20,5,2,24,5,2,20,3,11,87203,2014,87203,3.7,16.1,19.8,,,,,,,,,,,,,,,,,,,,,,,,,,,0,0,0,3,0,0,0,277,,,
13325337,N,N,N,N,N,N,N,6/14/2013,7:25 PM,13-41340,,105,383,N,Y,,,1,35,,2,1800,,IH 35 WEST ACCESS,RD,N,N,45,N,N,,Y,19,,,1,2000,,MILL,ST,,,,,,,11,1,2,2,1,1,8,7:25 PM,SMPD COMMUNICATIONS,7:26 PM,6/15/2013,Y,,2084,,53,72,8,2,2,17,64,38,2,1,1,21,21,105,383,29.89860429,-97.90719832,IH,35,,206.455,IH0035,,16,2,9.309,207,-0.068,SL,82,,SL0082,,,,,Y,Y,N,3,7,Y,FRI,5,0,2,10,6,2,6,300,96,72,4,0,0,2,4,5,2,20,5,,2,3,11,97441,2014,97441,4.9,8,13,,,,,,,,,,,,,,,,,,,,,,,,,,,0,0,1,5,0,1,0,90,,,
13325395,N,N,N,N,N,N,N,6/9/2013,4:00 PM,130078328,0,101,1666,Y,N,,,19,,,1,5200,N,ELDRIDGE,PKWY,N,N,45,N,N,,N,19,,,1,,,TWIN LAKES,BLVD,,,,,,,12,1,2,,4,1,11,4:22 PM,DISPATCHED,4:44 PM,6/9/2013,Y,TX1010000,1419,100,4,5,8,7,4,1,62,54,1,5,2,21,21,101,1666,29.84542517,-95.60552461,,,,,N ELDRIDGE PKWY,,,,,,,,,,,,,,,N,N,Y,5,0,Y,SUN,,,,,,,,,,,,,,,,,,,,,,,,,,,,,,,,,,,,,,,,,,,,,,,,,,,,,,,,0,0,0,1,0,0,0,15,,,
13325405,N,N,N,N,N,N,N,6/4/2013,2:52 PM,13-02857,,101,111,N,Y,,,19,,,1,1000,E,P,ST,N,N,20,N,N,,N,19,,,1,,,LUELLA,AVE,,,,,,,11,1,0,,1,1,11,2:55 PM,RADIO DISPATCH,2:59 PM,6/4/2013,Y,TX1010400,1190,,,,8,2,3,23,64,13,1,5,1,32,21,101,111,29.6845176,-95.11415956,,,,,E P ST,,,,,,,,,,,,,,,Y,N,N,5,6,Y,TUE,,,,,,,,,,,,,,,,,,,,,,,,,,,,,,,,,,,,,,,,,,,,,,,,,,,,,,,,0,0,0,2,0,0,0,15,,,
13325408,N,N,N,N,N,N,N,6/3/2013,6:04 PM,13-02842,,101,111,N,Y,,,19,,,1,3400,,CENTER,ST,N,N,40,N,N,,N,19,,,1,,W,PASADENA,BLVD,,,,,,,11,1,0,,1,1,20,6:04 PM,DISPATCH,6:10 PM,6/3/2013,Y,TX1010400,1190,,,,8,2,4,22,64,36,1,5,1,21,21,101,111,29.67973306,-95.12334316,,,,,CENTER ST,,,,,,,,,,,,,,,Y,N,N,5,6,Y,MON,,,,,,,,,,,,,,,,,,,,,,,,,,,,,,,,,,,,,,,,,,,,,,,,,,,,,,,,0,0,0,2,0,0,0,15,,,
13325522,N,N,N,N,N,N,N,6/5/2013,9:48 AM,2013-013898,,123,30,N,Y,,,19,,,1,800,,MAJOR,DR,N,N,45,N,N,,N,3,90,,1,8300,,COLLEGE ST,,,,,,,,11,1,4,3,1,1,20,9:51 AM,FLAGGED DOWN,9:51 AM,6/5/2013,N,TX1230100,104,,,,8,2,2,21,64,9,1,3,1,21,21,123,30,30.06749081,-94.18965933,FM,364,,7.11,FM0364,889,786,1,14.854,446,-0.942,US,90,,US0090,,,,,Y,Y,N,5,8,Y,WED,2,0,0,0,0,8,4,120,68,68,5,2,2,1,0,0,1,0,0,0,0,3,16,13054,2014,13054,2.8,1.6,4.4,,,,,,,,,,,,,,,,,,,,,,,,,,,0,0,0,2,0,0,0,135,,,
13325527,N,N,N,N,N,N,N,6/7/2013,3:00 PM,2013-014132,,123,30,N,Y,,,19,,,1,2399,W,LUCAS,DR,N,N,35,N,N,,Y,19,,,1,4100,,DELAWARE,ST,,,,,,,11,1,4,,1,1,5,3:02 PM,DISPATCH,3:05 PM,6/7/2013,Y,TX1230100,104,,,,8,2,1,10,64,54,1,5,1,21,21,123,30,30.10434469,-94.14757339,,,,,W LUCAS DR,2400,,,,,,,,,DELAWARE ST,,,,,Y,N,N,5,8,Y,FRI,,,,,,,,,,,,,,,,,,,,,,,,,,,,,,,,,,,,,,,,,,,,,,,,,,,,,,,,0,0,0,3,0,0,0,135,,,