Crash_ID,Crash_Fatal_Fl,Cmv_Involv_Fl,Schl_Bus_Fl,Rr_Relat_Fl,Medical_Advisory_Fl,Amend_Supp_Fl,Active_School_Zone_Fl,Crash_Date,Crash_Time,Case_ID,Local_Use,Rpt_CRIS_Cnty_ID,Rpt_City_ID,Rpt_Outside_City_Limit_Fl,Thousand_Damage_Fl,Rpt_Latitude,Rpt_Longitude,Rpt_Rdwy_Sys_ID,Rpt_Hwy_Num,Rpt_Hwy_Sfx,Rpt_Road_Part_ID,Rpt_Block_Num,Rpt_Street_Pfx,Rpt_Street_Name,Rpt_Street_Sfx,Private_Dr_Fl,Toll_Road_Fl,Crash_Speed_Limit,Road_Constr_Zone_Fl,Road_Constr_Zone_Wrkr_Fl,Rpt_Street_Desc,At_Intrsct_Fl,Rpt_Sec_Rdwy_Sys_ID,Rpt_Sec_Hwy_Num,Rpt_Sec_Hwy_Sfx,Rpt_Sec_Road_Part_ID,Rpt_Sec_Block_Num,Rpt_Sec_Street_Pfx,Rpt_Sec_Street_Name,Rpt_Sec_Street_Sfx,Rpt_Ref_Mark_Offset_Amt,Rpt_Ref_Mark_Dist_Uom,Rpt_Ref_Mark_Dir,Rpt_Ref_Mark_Nbr,Rpt_Sec_Street_Desc,Rpt_CrossingNumber,Wthr_Cond_ID,Light_Cond_ID,Entr_Road_ID,Road_Type_ID,Road_Algn_ID,Surf_Cond_ID,Traffic_Cntl_ID,Investigat_Notify_Time,Investigat_Notify_Meth,Investigat_Arrv_Time,Report_Date,Investigat_Comp_Fl,ORI_Number,Investigat_Agency_ID,Investigat_Area_ID,Investigat_District_ID,Investigat_Region_ID,Bridge_Detail_ID,Harm_Evnt_ID,Intrsct_Relat_ID,FHE_Collsn_ID,Obj_Struck_ID,Othr_Factr_ID,Road_Part_Adj_ID,Road_Cls_ID,Road_Relat_ID,Phys_Featr_1_ID,Phys_Featr_2_ID,Cnty_ID,City_ID,Latitude,Longitude,Hwy_Sys,Hwy_Nbr,Hwy_Sfx,Dfo,Street_Name,Street_Nbr,Control,Section,Milepoint,Ref_Mark_Nbr,Ref_Mark_Displ,Hwy_Sys_2,Hwy_Nbr_2,Hwy_Sfx_2,Street_Name_2,Street_Nbr_2,Control_2,Section_2,Milepoint_2,Txdot_Rptable_Fl,Onsys_Fl,Rural_Fl,Crash_Sev_ID,Pop_Group_ID,Located_Fl,Day_of_Week,Hwy_Dsgn_Lane_ID,Hwy_Dsgn_Hrt_ID,Hp_Shldr_Left,Hp_Shldr_Right,Hp_Median_Width,Base_Type_ID,Nbr_Of_Lane,Row_Width_Usual,Roadbed_Width,Surf_Width,Surf_Type_ID,Curb_Type_Left_ID,Curb_Type_Right_ID,Shldr_Type_Left_ID,Shldr_Width_Left,Shldr_Use_Left_ID,Shldr_Type_Right_ID,Shldr_Width_Right,Shldr_Use_Right_ID,Median_Type_ID,Median_Width,Rural_Urban_Type_ID,Func_Sys_ID,Adt_Curnt_Amt,Adt_Curnt_Year,Adt_Adj_Curnt_Amt,Pct_Single_Trk_Adt,Pct_Combo_Trk_Adt,Trk_Aadt_Pct,Curve_Type_ID,Curve_Lngth,Cd_Degr,Delta_Left_Right_ID,Dd_Degr,Feature_Crossed,Structure_Number,I_R_Min_Vert_Clear,Approach_Width,Bridge_Median_ID,Bridge_Loading_Type_ID,Bridge_Loading_In_1000_Lbs,Bridge_Srvc_Type_On_ID,Bridge_Srvc_Type_Under_ID,Culvert_Type_ID,Roadway_Width,Deck_Width,Bridge_Dir_Of_Traffic_ID,Bridge_Rte_Struct_Func_ID,Bridge_IR_Struct_Func_ID,CrossingNumber,RRCo,Poscrossing_ID,WDCode_ID,Standstop,Yield,Incap_Injry_Cnt,Nonincap_Injry_Cnt,Poss_Injry_Cnt,Non_Injry_Cnt,Unkn_Injry_Cnt,Tot_Injry_Cnt,Death_Cnt,MPO_ID,Investigat_Service_ID,Investigat_DA_ID,Investigator_Narrative
13325791,N,N,N,N,N,N,N,6/10/2013,9:54 PM,13NP039777,,220,312,N,Y,32.8402,-97.387,19,,,1,5000,,RUFE SNOW,DR,N,N,40,Y,N,,N,1,820,,2,6600,NE,LOOP 820 EBA,,,,,,,,11,4,0,,1,1,5,9:47 PM,DISPATCH,9:52 PM,6/10/2013,N,TX2202100,1860,,,,8,2,4,21,64,49,1,5,1,21,21,220,312,32.84060659,-97.23874775,,,,,RUFE SNOW DR,,,,,,,,,,,,,,,Y,N,N,3,7,Y,MON,,,,,,,,,,,,,,,,,,,,,,,,,,,,,,,,,,,,,,,,,,,,,,,,,,,,,,,,0,0,1,1,0,1,0,282,,,
13325908,N,N,N,N,N,N,N,6/19/2013,10:14 PM,2013-34406,,108,132,N,Y,,,4,676,,1,1600,W,TRENTON,RD,N,N,45,N,N,,Y,19,,,7,4100,S,SUGAR,RD,,,,,,,11,4,98,,1,1,5,10:15 PM,DISPATCHED,10:20 PM,6/20/2013,Y,TX1080400,1248,,,35,8,2,1,34,64,54,1,3,1,21,21,108,132,,,FM,676,,,FM0676,,,,,,,,,,S SUGAR RD,,,,,Y,Y,N,2,7,N,WED,,,,,,,,,,,,,,,,,,,,,,,,,,,,,,,,,,,,,,,,,,,,,,,,,,,,,,,,0,3,0,0,0,3,0,,,,
13326011,N,N,N,N,N,N,N,6/7/2013,8:13 PM,13-12410,,68,315,N,Y,,,2,191,,1,5900,E,US 191,HWY,N,N,55,N,N,PAVEMENT,N,11,338,,1,4100,NE,338,LOOP,200,F,NW,NWCL,PAVEMENT,,11,2,0,2,1,1,20,8:17 PM,DISPATCHED,8:18 PM,6/7/2013,Y,680200,1873,,,,8,2,4,22,64,45,1,2,1,21,21,68,315,31.89631462,-102.3176498,SH,191,,6.091,SH0191,,2296,1,7.229,264,0.242,,,,,,,,,Y,Y,N,5,8,Y,FRI,4,0,7,10,44,2,4,400,82,48,4,0,0,2,14,5,2,20,5,3,30,3,12,23184,2014,23184,10.8,2.4,13.2,1,258,0,1,3,,,,,,,,,,,,,,,,,,,,,,0,0,0,6,0,0,0,174,,,
13326344,N,N,N,N,N,N,N,6/17/2013,4:49 PM,1306-0235,3,246,72,N,Y,,,19,,,1,100,S,BELL,BLVD,N,N,45,N,N,MARKED LANES,Y,19,,,1,100,W,PARK,ST,,,,,MARKED LANES,,11,1,4,3,1,1,5,4:50 PM,DISPATCHED,4:51 PM,6/18/2013,Y,TX2460900,224,,,44,8,5,1,1,64,54,1,2,1,21,21,246,72,30.50955576,-97.82333195,US,183,,304.284,US0183,,151,5,23.555,498,-0.441,,,,W PARK ST,,,,,Y,Y,N,2,7,Y,MON,2,0,0,1,0,2,4,111,60,48,4,2,2,1,0,0,2,1,5,0,0,4,14,37296,2014,37296,7.7,4,11.8,,,,,,,,,,,,,,,,,,,,,,,,,,,0,1,0,1,0,1,0,90,,,
13326679,N,N,N,N,N,N,N,6/20/2013,5:34 PM,1300016465,,3,272,N,Y,,,8,59,,1,700,N,TIMBERLAND,DR,N,N,40,N,N,LOCAL ROAD,Y,19,,,1,700,,ANDREWS,ST,,,,,LOCAL ROAD,,11,1,0,3,1,1,8,5:34 PM,DISPATCHED,5:44 PM,6/21/2013,Y,TX0030400,1708,17,53,166,8,2,1,34,64,54,1,2,1,21,21,3,272,31.34393851,-94.71882918,BU,59,G,1.975,BU0059G,698,176,2,8.004,388,0.004,,,,ANDREWS AVE,,,,,Y,Y,N,5,6,Y,THU,2,0,2,2,0,9,4,120,65,60,6,2,2,2,2,5,2,2,5,0,0,2,14,17448,2014,17448,2.9,18.5,21.4,,,,,,,,,,,,,,,,,,,,,,,,,,,0,0,0,2,0,0,0,,,,
13326719,N,N,N,N,N,N,N,6/19/2013,9:31 PM,154925A,,57,107,N,Y,,,19,,,1,3500,N,WESTMORELAND,RD,N,N,35,N,N,,N,19,,,,3200,,BICKERS,ST,,,,,,,11,4,0,,1,1,5,9:35 PM,DISPATCHED,9:44 PM,6/19/2013,N,TX0000006,2471,,,71,8,2,2,22,64,38,1,5,1,21,21,57,107,32.7852972,-96.87387092,,,,,N WESTMORELAND RD,,,,,,,,,,BICKERS ST,,,,,Y,N,N,1,9,Y,WED,,,,,,,,,,,,,,,,,,,,,,,,,,,,,,,,,,,,,,,,,,,,,,,,,,,,,,,,1,0,2,2,0,3,0,282,,,
13326921,N,N,N,N,N,N,N,6/10/2013,4:21 PM,2013A001462,29C,57,166,N,Y,32.95388,-96.61204,19,,,7,625,,TOWN SQUARE,BLVD,N,N,10,N,N,,N,19,,,7,200,,CEDAR SAGE,DR,,,,,,,11,1,98,,1,1,17,4:21 PM,DISPATCHED,4:27 PM,6/10/2013,Y,TX0571100,1344,,,85,8,7,4,1,34,54,7,9,5,21,21,57,166,,,,,,,TOWN SQUARE BLVD,,,,,,,,,,,,,,,N,N,N,0,8,N,MON,,,,,,,,,,,,,,,,,,,,,,,,,,,,,,,,,,,,,,,,,,,,,,,,,,,,,,,,0,0,0,0,1,0,0,,,,
13326948,N,N,N,N,N,N,N,6/11/2013,12:14 PM,13-1373,,84,160,N,Y,,,19,,,1,,,NORTHVIEW,DR,N,N,20,N,N,,N,19,,,1,,,SOUTHFIELD,DR,,,,,,,11,1,0,,1,1,1,12:17 PM,RADIO DISPATCH,12:27 PM,6/14/2013,Y,TX0840300,1328,,,,8,4,3,4,64,14,1,5,1,32,21,84,160,29.54645614,-95.21127571,,,,,NORTHVIEW DR,485,,,,,,,,,,,,,,Y,N,N,5,6,Y,TUE,,,,,,,,,,,,,,,,,,,,,,,,,,,,,,,,,,,,,,,,,,,,,,,,,,,,,,,,0,0,0,1,0,0,0,15,,,
13327043,N,N,N,N,N,N,N,6/10/2013,1:29 PM,13001055,,14,424,N,Y,,,4,1741,,1,3400,S,31ST,ST,N,N,40,N,N,,N,19,,,1,1600,,AZALEA,DR,,,,,,,11,1,0,,1,1,20,1:29 PM,DISPATCHED,1:41 PM,6/10/2013,Y,TX0140700,2221,,,226,8,2,3,34,64,13,1,3,1,32,21,14,424,,,FM,1741,,,FM1741,,,,,,,,,,,,,,,Y,Y,N,2,7,N,MON,,,,,,,,,,,,,,,,,,,,,,,,,,,,,,,,,,,,,,,,,,,,,,,,,,,,,,,,0,2,0,1,0,2,0,,,,
13327047,N,N,N,N,N,N,N,6/7/2013,4:38 PM,13001034,,14,424,N,Y,,,1,35,,1,3200,S,NOT REPORTED,,N,N,65,N,N,,N,19,,,1,3200,,IRA YOUNG,DR,,,,,,,11,1,0,,1,1,20,4:38 PM,DISPATCHED,4:49 PM,6/7/2013,Y,TX0140700,2221,,,,8,7,4,1,39,31,1,1,4,21,21,14,424,,,IH,35,,,IH0035,,,,,,,,,,,,,,,Y,Y,N,5,7,N,FRI,,,,,,,,,,,,,,,,,,,,,,,,,,,,,,,,,,,,,,,,,,,,,,,,,,,,,,,,0,0,0,2,0,0,0,,,,
13327197,N,N,N,N,N,N,N,6/13/2013,10:00 PM,0073747013T,FSGI,101,208,N,Y,,,17,,,1,1712,,WESTHEIMER,RD,Y,N,5,N,N,,N,17,,,,,W,ELMEN,ST,,,,,,,11,1,0,,1,1,1,10:00 PM,WALKIN,1:15 PM,6/19/2013,Y,TXHPD0000,2469,18,121,35,8,4,4,4,64,12,7,9,5,33,21,101,208,,,,,,,WESTHEIMER RD,,,,,,,,,,,,,,,N,N,N,0,9,N,THU,,,,,,,,,,,,,,,,,,,,,,,,,,,,,,,,,,,,,,,,,,,,,,,,,,,,,,,,0,0,0,0,2,0,0,,,,
13327268,N,N,N,N,N,N,N,6/14/2013,5:21 PM,13-000220,,25,54,N,Y,,,4,2524,,1,1800,,AUSTIN AVE,,N,N,40,N,N,,N,19,,,7,900,,AVE J,,,,,,,,11,1,0,1,1,1,11,5:21 PM,RADIO,5:24 PM,6/16/2013,Y,TX0250200,2550,135,95,89,8,2,4,30,64,25,1,3,1,21,21,25,54,31.70566828,-98.97405923,FM,2524,,2.335,FM2524,1783,2377,1,21.196,342,0.38,,,,,,,,,Y,Y,N,3,5,Y,FRI,2,0,8,8,0,2,2,60,42,26,4,0,0,2,8,2,2,8,2,0,0,2,14,4250,2014,4250,7.5,4.1,11.6,,,,,,,,,,,,,,,,,,,,,,,,,,,0,0,1,6,0,1,0,,,,
13327353,N,N,N,N,N,N,N,6/20/2013,2:45 PM,13064404,,170,92,N,N,,,3,105,,1,500,W,PHILLIPS,,N,N,30,N,N,,N,3,75,,,500,N,FRAZIER,ST,,,,,,,12,1,0,3,1,1,9,2:49 PM,DISPATCHED,2:57 PM,6/20/2013,Y,TX1700100,325,,,122,8,2,2,22,64,42,1,2,1,21,21,170,92,30.31252236,-95.4618651,SH,105,,67.191,SH0105,,338,4,22.615,690,0.894,SH,75,,SH0075,,,,,N,Y,N,5,7,Y,THU,0,0,8,8,16,2,4,140,92,48,6,0,0,2,16,5,2,16,5,4,0,4,14,23995,2014,23995,5.8,8.1,13.9,,,,,,,,,,,,,,,,,,,,,,,,,,,0,0,0,2,0,0,0,15,,,
13327631,N,N,N,N,N,N,N,6/13/2013,10:22 PM,2013-05876,,71,1635,Y,Y,,,11,375,,1,18,,SL 375,,N,N,55,N,N,,N,11,54,,2,9550,,US 54,,,,,,,,11,3,0,2,2,1,1,10:22 PM,DISPATCHED,10:32 PM,6/13/2013,Y,TX0710000,1260,,,,8,6,4,1,23,54,1,2,1,21,21,71,136,31.88146857,-106.4906536,SL,375,,7.612,SL0375,,2552,1,7.617,18,-0.398,,,,,,,,,Y,Y,N,3,9,Y,THU,3,0,6,10,63,2,4,400,80,48,4,0,0,2,16,5,2,16,3,2,47,1,2,15605,2014,15605,3.8,2.1,5.9,1,120,4,2,0,,,,,,,,,,,,,,,,,,,,,,0,0,1,0,0,1,0,66,,,
13327786,N,N,N,N,N,N,N,6/20/2013,1:55 PM,SAPD13132271,5240,15,379,N,Y,,,19,,,1,300,,ST CLOUD,ST,N,N,35,N,N,,N,19,,,,400,,BEVERLY,ST,,,,,,,11,1,2,,1,1,5,2:10 PM,DISPATCHED,2:17 PM,6/20/2013,Y,TXSPD0000,2473,,19,148,8,2,2,22,64,38,1,5,1,21,21,15,379,29.46003714,-98.54986792,,,,,ST CLOUD RD,395,,,,,,,,,UNKNOWN,,,,,Y,N,N,5,9,Y,THU,,,,,,,,,,,,,,,,,,,,,,,,,,,,,,,,,,,,,,,,,,,,,,,,,,,,,,,,0,0,0,2,0,0,0,28,,,
13327978,N,N,N,N,N,N,N,6/19/2013,2:08 PM,0076052713O,,101,208,N,Y,,,19,,,1,6100,,WESTPARK,,N,N,30,N,N,,Y,19,,,2,6100,,SOUTHWEST,FWY,,,,,,,11,1,0,2,1,1,5,3:26 PM,HPD DISPATCHER,3:38 PM,6/20/2013,Y,TXHPD0000,2469,16,125,55,8,2,1,10,64,3,2,1,1,21,21,101,208,29.72625137,-95.46034025,IH,610,,7.83,IH0610,,271,17,33.881,8,-0.182,IH,69,,IH0069,,,,,Y,Y,N,5,9,Y,WED,5,0,0,10,20,3,6,350,92,72,5,1,0,1,0,0,2,20,5,2,20,4,11,179716,2014,179716,4.2,2.3,6.5,,,,,,,,,,,,,,,,,,,,,,,,,,,0,0,0,2,0,0,0,15,,,
13328105,N,N,N,N,N,N,N,6/21/2013,10:45 AM,SAPD13133038,6110,15,379,N,Y,,,1,35,,2,,S,IH 35,,N,N,30,N,N,ACCESS RD.,N,19,,,,600,W,THEO,AVE,,,,,,,11,1,0,2,1,1,5,10:52 AM,DISPATCHED,10:58 AM,6/21/2013,N,TXSPD0000,2473,,11,175,8,2,2,22,64,38,2,1,1,21,21,15,379,29.38792189,-98.51202907,IH,35,,152.668,IH0035,,17,9,19.734,153,0.225,,,,W THEO AVE,,,,,Y,Y,N,5,9,Y,FRI,5,0,6,10,30,9,6,260,100,72,6,0,0,2,8,5,2,20,5,2,22,4,11,126341,2014,126341,3.4,25.4,28.8,,,,,,,,,,,,,,,,,,,,,,,,,,,0,0,0,1,1,0,0,28,,,
13328335,N,N,N,N,N,N,N,6/21/2013,3:11 PM,130016628,,57,177,N,Y,,,19,,,1,5200,,MATTHEW,RD,N,N,35,N,N,,Y,19,,,7,1700,W,CAMP WISDOM,RD,,,,,,,11,1,2,,1,1,5,3:11 PM,DROVE UP ON,3:11 PM,6/21/2013,Y,TX0571200,1372,,,35,8,5,2,2,64,54,1,5,1,21,21,57,177,32.64572429,-97.03046252,,,,,MATTHEW RD,5301,,,,,,,,,W CAMP WISDOM RD,,,,,Y,N,N,3,8,Y,FRI,,,,,,,,,,,,,,,,,,,,,,,,,,,,,,,,,,,,,,,,,,,,,,,,,,,,,,,,0,0,1,1,0,1,0,282,,,
13328492,N,Y,N,N,N,N,N,5/26/2013,1:34 AM,2013-BCSO-020973,D10,15,1580,Y,Y,29.72301999,-98.66974,1,10,,1,,,NOT REPORTED,,N,N,70,N,N,,Y,1,10,,3,,,NOT REPORTED,,,,,,,,2,3,98,2,1,1,1,1:34 AM,DISPATCH,1:38 AM,5/26/2013,Y,TX0150000,120,,,148,8,2,2,13,64,3,3,1,1,21,21,15,1580,29.72296175,-98.66979256,IH,10,,544.875,IH0010,,72,7,1.655,547,-0.363,FM,3351,,FM3351,,,,,Y,Y,Y,5,0,Y,SUN,5,0,4,8,96,2,4,300,72,48,4,0,0,2,8,5,2,16,5,,88,4,11,47592,2014,47592,2.3,8,10.4,,,,,,,,,,,,,,,,,,,,,,,,,,,0,0,0,2,0,0,0,28,,,
13328574,N,N,N,N,N,N,N,6/3/2013,10:02 AM,0068587613J,,101,208,N,Y,,,19,,,1,9455,W,MONTGOMERY,RD,Y,N,-1,N,N,CONCRETE,N,19,,,,2200,,FERGUSON,WAY,,,,,,,0,0,98,,8,0,17,10:04 AM,HOUSTON POLICE DISP,10:27 AM,6/3/2013,Y,TXHPD0000,2469,6,152,59,8,8,4,5,98,54,7,9,5,33,21,101,208,,,,,,,W MONTGOMERY RD,,,,,,,,,,,,,,,N,N,N,0,9,N,MON,,,,,,,,,,,,,,,,,,,,,,,,,,,,,,,,,,,,,,,,,,,,,,,,,,,,,,,,0,0,0,0,1,0,0,,,,
13328604,N,N,N,N,N,N,N,6/22/2013,12:13 PM,157506A,,43,107,N,Y,,,19,,,1,6200,,FRANKFORD,RD,N,N,40,N,N,,N,3,289,,,18000,,PRESTON,RD,,,,,,,11,1,0,,1,1,5,12:19 PM,DISPATCHED,12:22 PM,6/22/2013,N,TX0000006,2471,,,59,8,2,2,22,64,38,1,2,1,21,21,43,107,32.99823421,-96.7979633,,,,,FRANKFORD RD,6191,,,,,,SH,289,,SH0289,,,,,Y,N,N,3,9,Y,SAT,,,,,,,,,,,,,,,,,,,,,,,,,,,,,,,,,,,,,,,,,,,,,,,,,,,,,,,,0,0,1,1,4,1,0,282,,,
13328617,N,N,N,N,N,N,N,6/23/2013,6:30 AM,SAPD13134514,7310,15,379,N,Y,,,4,1604,,1,6500,NW,1604,LOOP,N,N,70,N,N,,N,19,,,,15900,,LA CANTERA,PKWY,,,,,,,11,1,0,2,1,1,1,6:35 AM,DISPATCH,6:45 AM,6/23/2013,Y,TXSPD0000,2473,,61,123,8,7,4,1,39,3,1,2,4,21,21,15,379,29.58858557,-98.61822417,SL,1604,,32.058,SL1604,,2452,2,3.879,520,-0.056,,,,,,,,,Y,Y,N,5,9,Y,SUN,4,0,4,10,85,2,4,340,76,48,4,0,0,2,8,5,2,20,5,3,77,4,12,52972,2014,52972,1.9,8.7,10.7,,,,,,,,,,,,,,,,,,,,,,,,,,,0,0,0,1,0,0,0,28,,,
13328663,N,N,N,N,N,N,N,6/21/2013,6:17 PM,156890A,,57,107,N,Y,,,11,12,,1,2500,S,BUCKNER,BLVD,N,N,40,N,N,,Y,19,,,1,8100,,JENNIE LEE,LN,,,,,,,12,1,2,,1,1,8,7:40 PM,DISPATCHED,7:43 PM,6/22/2013,Y,TX0000006,2471,,,27,8,2,1,14,64,54,1,2,1,21,21,57,107,,,SL,12,,,SL0012,,,,,,,,,,JENNIE LEE LN,,,,,Y,Y,N,5,9,N,FRI,,,,,,,,,,,,,,,,,,,,,,,,,,,,,,,,,,,,,,,,,,,,,,,,,,,,,,,,0,0,0,4,0,0,0,,,,
13328745,N,N,N,N,N,N,N,6/23/2013,1:42 PM,SAPD13134679,5350,15,379,N,Y,,,19,,,1,8200,,MARBACH,RD,N,N,40,N,N,,N,19,,,,1700,,COLUMBIA SQUARE,RD,,,,,,,12,1,4,,1,1,5,1:46 PM,DISPATCHED,2:04 PM,6/23/2013,Y,TXSPD0000,2473,,19,148,8,2,3,10,64,14,1,5,1,32,21,15,379,29.41782257,-98.65143037,,,,,MARBACH RD,8215,,,,,,,,,,,,,,Y,N,N,5,9,Y,SUN,,,,,,,,,,,,,,,,,,,,,,,,,,,,,,,,,,,,,,,,,,,,,,,,,,,,,,,,0,0,0,5,0,0,0,28,,,
13328972,N,N,N,N,N,N,N,6/23/2013,10:15 PM,sapd13135017,3250,15,379,N,Y,,,19,,,1,4600,,THOUAND OAKS,DR,N,N,45,N,N,,N,16,4600,,,,,WURZBACH,PKWY,,,,,WURZBACH PKWY,,11,3,4,,1,1,5,10:15 PM,DISPATCHER,10:30 PM,6/23/2013,Y,TXSPD0000,2473,,29,131,8,2,1,34,64,3,2,3,1,21,21,15,379,,,,,,,THOUAND OAKS DR,,,,,,,,,,PR4600,,,,,Y,N,N,5,9,N,SUN,,,,,,,,,,,,,,,,,,,,,,,,,,,,,,,,,,,,,,,,,,,,,,,,,,,,,,,,0,0,0,5,0,0,0,,,,
13329033,N,N,N,N,N,N,N,6/22/2013,12:53 PM,sapd13133953,5320,15,379,N,Y,,,19,,,1,3333,,WURZBACH,RD,Y,N,5,N,N,,N,19,,,,,,VAN CLEAVE,,,,,,,,11,1,0,,1,1,11,12:55 PM,DISPATCH,1:03 PM,6/22/2013,Y,TXSPD0000,2473,,19,148,8,2,4,40,64,3,7,9,5,33,21,15,379,,,,,,,WURZBACH RD,,,,,,,,,,,,,,,N,N,N,5,9,N,SAT,,,,,,,,,,,,,,,,,,,,,,,,,,,,,,,,,,,,,,,,,,,,,,,,,,,,,,,,0,0,0,4,0,0,0,,,,
13329237,N,N,N,N,N,N,N,6/15/2013,4:50 PM,,,61,385,N,Y,,,1,35,,1,2000,N,STEMMONS,FWY,N,N,50,N,N,,N,,,,,,,NOT REPORTED,,0.25,F,N,480,,,11,1,0,2,1,1,20,4:57 PM,DISPATCH,5:00 PM,6/15/2013,Y,,2089,,,,8,2,2,22,64,3,1,1,1,21,21,61,385,33.38577567,-97.17705379,IH,35,,479.352,IH0035,,195,2,8.476,480,0.25,,,,NOT REPORTED,,,,,Y,Y,N,5,4,Y,SAT,5,0,4,10,48,3,4,300,76,48,5,0,0,2,8,5,2,20,5,2,40,1,1,48844,2014,48844,1.7,16.9,18.6,,,,,,,,,,,,,,,,,,,,,,,,,,,0,0,0,2,0,0,0,282,,,
13329326,N,Y,N,N,N,N,N,6/17/2013,3:50 PM,2013-009,,210,1402,N,Y,,,2,59,,1,,,N 1ST STREET,,N,N,40,N,N,,Y,19,,,1,,,JACOB STREET,,,,,,,,11,1,4,3,1,1,5,3:55 PM,TIMPSON CITY HALL,3:57 PM,6/17/2013,Y,TX2101300,2279,,,,8,2,1,10,64,54,1,2,1,21,21,210,1402,31.90649974,-94.39885625,US,59,,134.203,US0059,714,175,4,8.513,338,0.849,,,,JACOB ST,,,,,Y,Y,Y,2,1,Y,MON,2,0,6,6,0,2,4,120,64,48,4,2,2,2,6,5,2,6,5,0,0,1,2,9355,2014,9355,2.9,18.5,21.4,,,,,,,,,,,,,,,,,,,,,,,,,,,0,2,0,1,0,2,0,,,,
13329373,N,Y,N,N,N,N,N,6/11/2013,6:59 PM,13-2889,,220,179,N,N,,,19,,,1,2186,,TERMINAL A UPPER,RD,N,N,15,N,N,ENTRY 35,N,19,,,4,2186,,TERMINAL A UPPER,RD,,,,,SEC C EXIT RAMP,,11,1,0,,1,1,20,7:02 PM,DISPATCHED,7:05 PM,6/11/2013,Y,TX2203600,1173,,30,43,8,4,4,1,64,4,1,5,1,21,21,220,179,32.90522424,-97.03902796,,,,,UNKNOWN,,,,,,,,,,,,,,,Y,N,N,2,6,Y,TUE,,,,,,,,,,,,,,,,,,,,,,,,,,,,,,,,,,,,,,,,,,,,,,,,,,,,,,,,0,2,0,0,0,2,0,282,,,
13329459,N,N,N,N,N,N,N,6/10/2013,4:40 PM,130032271,,220,19,N,Y,,,1,20,,4,1900,E,NOT REPORTED,HWY,N,N,60,N,N,,N,4,157,,,4600,S,COOPER,ST,,,,,,,11,1,0,2,1,1,20,4:40 PM,RADIO DISPATCH,4:45 PM,6/10/2013,Y,TX2200100,59,4,147,75,8,2,4,20,64,42,4,1,1,21,21,220,19,32.67494088,-97.13919732,IH,20,,447.889,IH0020,,2374,5,6.953,449,-0.228,,,,,,,,,Y,Y,N,3,9,Y,MON,5,0,12,12,0,3,9,400,154,110,6,0,0,2,22,5,2,22,5,2,32,4,11,92547,2014,92547,2.3,6.3,8.5,,,,,,,,,,,,,,,,,,,,,,,,,,,0,0,1,1,0,1,0,282,,,
13329682,N,N,N,N,N,N,N,6/11/2013,4:23 PM,C1304284,,178,97,N,Y,,,3,286,,1,4300,,NOT REPORTED,FWY,N,N,65,N,N,,N,19,,,1,2100,,GOLLIHAR,RD,,,,,,,11,1,0,2,3,1,20,4:23 PM,ROLLED UP ON SCENE,4:23 PM,6/11/2013,Y,TX1780200,1115,,,,8,2,4,22,64,42,1,2,1,21,21,178,97,27.74700821,-97.42429713,SH,286,,3.765,SH0286,,326,3,3.756,620,-0.408,,,,,,,,,Y,Y,N,3,9,Y,TUE,5,0,14,10,30,2,6,250,120,72,4,0,0,2,28,5,2,20,5,2,2,4,12,84212,2014,84212,3.2,3,6.2,,,,,,,,,,,,,,,,,,,,,,,,,,,0,0,2,2,0,2,0,96,,,
13330346,N,N,N,N,N,N,N,6/21/2013,2:29 PM,13006509,,61,114,N,Y,,,19,,,1,2600,,COOPER CREEK,RD,N,N,30,N,N,,N,19,,,,,,MINGO,RD,,,,,,,11,1,0,,1,1,20,2:32 PM,DISPATCH,2:45 PM,6/21/2013,Y,TX0610200,1196,,,411,8,2,3,11,64,14,1,5,1,32,21,61,114,33.23808986,-97.0825559,,,,,COOPER CREEK RD,2078,,,,,,,,,,,,,,Y,N,N,5,8,Y,FRI,,,,,,,,,,,,,,,,,,,,,,,,,,,,,,,,,,,,,,,,,,,,,,,,,,,,,,,,0,0,0,3,0,0,0,282,,,
13330459,N,N,N,N,N,N,N,6/22/2013,2:48 PM,13-061733,,220,156,N,Y,32.89320999,-97.28584,19,,,1,4500,N,TARRANT,PKWY,N,N,40,N,N,,N,19,,,,,N,BEACH,ST,,,,,,,11,1,0,,1,1,8,2:50 PM,DISPATCH,3:07 PM,6/22/2013,Y,TX2201200,1318,885,29,120,8,2,1,10,64,54,1,5,1,21,21,220,156,32.89363082,-97.28884215,,,,,N TARRANT PKWY,,,,,,,,,,N BEACH ST,,,,,Y,N,N,2,9,Y,SAT,,,,,,,,,,,,,,,,,,,,,,,,,,,,,,,,,,,,,,,,,,,,,,,,,,,,,,,,0,1,0,1,0,1,0,282,,,