Crash_ID,Crash_Fatal_Fl,Cmv_Involv_Fl,Schl_Bus_Fl,Rr_Relat_Fl,Medical_Advisory_Fl,Amend_Supp_Fl,Active_School_Zone_Fl,Crash_Date,Crash_Time,Case_ID,Local_Use,Rpt_CRIS_Cnty_ID,Rpt_City_ID,Rpt_Outside_City_Limit_Fl,Thousand_Damage_Fl,Rpt_Latitude,Rpt_Longitude,Rpt_Rdwy_Sys_ID,Rpt_Hwy_Num,Rpt_Hwy_Sfx,Rpt_Road_Part_ID,Rpt_Block_Num,Rpt_Street_Pfx,Rpt_Street_Name,Rpt_Street_Sfx,Private_Dr_Fl,Toll_Road_Fl,Crash_Speed_Limit,Road_Constr_Zone_Fl,Road_Constr_Zone_Wrkr_Fl,Rpt_Street_Desc,At_Intrsct_Fl,Rpt_Sec_Rdwy_Sys_ID,Rpt_Sec_Hwy_Num,Rpt_Sec_Hwy_Sfx,Rpt_Sec_Road_Part_ID,Rpt_Sec_Block_Num,Rpt_Sec_Street_Pfx,Rpt_Sec_Street_Name,Rpt_Sec_Street_Sfx,Rpt_Ref_Mark_Offset_Amt,Rpt_Ref_Mark_Dist_Uom,Rpt_Ref_Mark_Dir,Rpt_Ref_Mark_Nbr,Rpt_Sec_Street_Desc,Rpt_CrossingNumber,Wthr_Cond_ID,Light_Cond_ID,Entr_Road_ID,Road_Type_ID,Road_Algn_ID,Surf_Cond_ID,Traffic_Cntl_ID,Investigat_Notify_Time,Investigat_Notify_Meth,Investigat_Arrv_Time,Report_Date,Investigat_Comp_Fl,ORI_Number,Investigat_Agency_ID,Investigat_Area_ID,Investigat_District_ID,Investigat_Region_ID,Bridge_Detail_ID,Harm_Evnt_ID,Intrsct_Relat_ID,FHE_Collsn_ID,Obj_Struck_ID,Othr_Factr_ID,Road_Part_Adj_ID,Road_Cls_ID,Road_Relat_ID,Phys_Featr_1_ID,Phys_Featr_2_ID,Cnty_ID,City_ID,Latitude,Longitude,Hwy_Sys,Hwy_Nbr,Hwy_Sfx,Dfo,Street_Name,Street_Nbr,Control,Section,Milepoint,Ref_Mark_Nbr,Ref_Mark_Displ,Hwy_Sys_2,Hwy_Nbr_2,Hwy_Sfx_2,Street_Name_2,Street_Nbr_2,Control_2,Section_2,Milepoint_2,Txdot_Rptable_Fl,Onsys_Fl,Rural_Fl,Crash_Sev_ID,Pop_Group_ID,Located_Fl,Day_of_Week,Hwy_Dsgn_Lane_ID,Hwy_Dsgn_Hrt_ID,Hp_Shldr_Left,Hp_Shldr_Right,Hp_Median_Width,Base_Type_ID,Nbr_Of_Lane,Row_Width_Usual,Roadbed_Width,Surf_Width,Surf_Type_ID,Curb_Type_Left_ID,Curb_Type_Right_ID,Shldr_Type_Left_ID,Shldr_Width_Left,Shldr_Use_Left_ID,Shldr_Type_Right_ID,Shldr_Width_Right,Shldr_Use_Right_ID,Median_Type_ID,Median_Width,Rural_Urban_Type_ID,Func_Sys_ID,Adt_Curnt_Amt,Adt_Curnt_Year,Adt_Adj_Curnt_Amt,Pct_Single_Trk_Adt,Pct_Combo_Trk_Adt,Trk_Aadt_Pct,Curve_Type_ID,Curve_Lngth,Cd_Degr,Delta_Left_Right_ID,Dd_Degr,Feature_Crossed,Structure_Number,I_R_Min_Vert_Clear,Approach_Width,Bridge_Median_ID,Bridge_Loading_Type_ID,Bridge_Loading_In_1000_Lbs,Bridge_Srvc_Type_On_ID,Bridge_Srvc_Type_Under_ID,Culvert_Type_ID,Roadway_Width,Deck_Width,Bridge_Dir_Of_Traffic_ID,Bridge_Rte_Struct_Func_ID,Bridge_IR_Struct_Func_ID,CrossingNumber,RRCo,Poscrossing_ID,WDCode_ID,Standstop,Yield,Incap_Injry_Cnt,Nonincap_Injry_Cnt,Poss_Injry_Cnt,Non_Injry_Cnt,Unkn_Injry_Cnt,Tot_Injry_Cnt,Death_Cnt,MPO_ID,Investigat_Service_ID,Investigat_DA_ID,Investigator_Narrative
13330567,N,N,N,N,N,N,N,6/17/2013,11:06 PM,,,68,1633,Y,Y,31.93128,-102.33555,15,,,1,,,YUKON,RD,N,N,55,N,N,,N,11,338,,,,,NOT REPORTED,,,,,,,,11,3,0,,4,1,20,11:11 PM,DISPATCHED,11:37 PM,6/21/2013,Y,,10000,22,32,1,8,4,4,1,64,29,1,4,3,21,21,68,1633,31.9313169,-102.3356154,,,,,E YUKON RD,,,,,,,,,,,,,,,Y,N,Y,5,0,Y,MON,,,,,,,,,,,,,,,,,,,,,,,,,,,,,,,,,,,,,,,,,,,,,,,,,,,,,,,,0,0,0,1,0,0,0,174,,,
13330731,N,N,N,N,N,N,N,6/21/2013,6:00 AM,,,149,1714,Y,Y,28.48708,-98.14291,2,59,,1,,,NOT REPORTED,,N,N,75,N,N,,N,,,,,,,NOT REPORTED,,0.3,M,S,746,,,12,1,0,1,3,1,11,7:00 AM,DISPATCHER,8:16 AM,6/24/2013,Y,,10000,1,112,1,8,7,4,1,33,3,1,2,2,21,21,162,1727,28.0676215,-98.36117883,US,59,,533.164,US0059,,542,5,2.227,746,0.3,,,,NOT REPORTED,,,,,Y,Y,Y,5,0,Y,FRI,2,0,10,10,0,2,2,120,44,24,4,0,0,2,10,5,2,10,5,0,0,1,2,2149,2014,2149,5.1,19.7,24.8,,,,,,,,,,,,,,,,,,,,,,,,,,,0,0,0,1,0,0,0,,,,
13330815,N,Y,N,N,Y,N,N,6/24/2013,7:06 AM,,,130,1695,Y,Y,29.89378,-98.8155,1,10,,1,,,NOT REPORTED,,N,N,75,N,N,,N,,,,,,,NOT REPORTED,,0.2,M,E,531,,,12,1,0,2,2,1,20,7:13 AM,BOERNE DISPATCH,7:27 AM,6/24/2013,Y,,10000,7,92,1,8,2,4,20,64,54,1,1,1,21,21,130,1695,29.89820411,-98.81762626,IH,10,,529.47,IH0010,,72,5,10.234,531,0.2,,,,NOT REPORTED,,,,,Y,Y,Y,3,0,Y,MON,5,0,4,10,96,2,4,350,76,48,4,0,0,2,8,5,2,20,5,3,88,1,1,26166,2014,26166,2.3,8,10.4,,,,,,,,,,,,,,,,,,,,,,,,,,,0,0,1,3,0,1,0,28,,,
13330817,N,N,N,N,N,N,N,6/19/2013,3:15 PM,154617A,,57,107,N,Y,,,19,,,1,8400,,FOREST,LN,N,N,40,N,N,,Y,19,,,1,8400,,STULTS,RD,,,,,,,11,1,4,,1,1,5,3:23 PM,DISPATCHED,3:38 PM,6/19/2013,Y,TX0000006,2471,,,33,8,2,1,14,64,54,1,5,1,21,21,57,107,32.90912423,-96.75868257,,,,,FOREST LN,,,,,,,,,,STULTS RD,,,,,Y,N,N,5,9,Y,WED,,,,,,,,,,,,,,,,,,,,,,,,,,,,,,,,,,,,,,,,,,,,,,,,,,,,,,,,0,0,0,3,0,0,0,282,,,
13331008,N,N,N,N,N,N,N,6/24/2013,7:10 PM,SAPD13135788,7160,15,379,N,N,,,19,,,1,4911,,CAMBRAY,DR,Y,N,30,N,N,,N,19,,,,4900,,CHEDDAR,DR,,,,,,,11,1,0,,5,1,20,7:12 PM,DISPATCHED,7:24 PM,6/24/2013,Y,TXSPD0000,2473,,61,123,8,4,4,4,64,3,7,9,5,1,21,15,379,,,,,,,CAMBRAY DR,,,,,,,,,,,,,,,N,N,N,0,9,N,MON,,,,,,,,,,,,,,,,,,,,,,,,,,,,,,,,,,,,,,,,,,,,,,,,,,,,,,,,0,0,0,0,1,0,0,,,,
13331051,N,N,N,N,N,N,N,6/1/2013,4:55 AM,0067643913K,,101,208,N,Y,,,3,3,,1,15600,,GALVESTON,RD,N,N,55,N,N,,Y,19,,,1,,,EL DORADO,BLVD,,,,,,,11,4,4,3,1,1,5,4:56 AM,SE DISPATCH,5:03 AM,6/21/2013,Y,TXHPD0000,2469,9,104,17,8,2,1,34,64,3,1,2,1,21,21,101,208,29.56192468,-95.14071332,SH,3,,10.919,SH0003,15599,51,2,11.447,486,0.92,,,,EL DORADO BLVD,,,,,Y,Y,N,2,9,Y,SAT,2,0,6,6,0,3,4,100,60,44,4,0,0,3,6,5,3,6,5,0,0,4,14,19547,2014,19547,9.3,5.2,14.4,,,,,,,,,,,,,,,,,,,,,,,,,,,0,1,0,2,0,1,0,15,,,
13331058,N,N,N,N,N,N,N,6/24/2013,9:15 PM,SAPD13135853,3130,15,379,N,N,,,19,,,1,17100,,REDLAND,RD,N,N,40,N,N,,N,19,,,,16800,,JONES MALTSBERGER,,,,,,,,11,4,4,,1,1,5,9:25 PM,DISPATCHED,9:28 PM,6/24/2013,N,TXSPD0000,2473,,29,131,8,2,2,21,64,9,1,5,1,21,21,15,379,29.59490745,-98.43536874,,,,,REDLAND RD,17101,,,,,,,,,JONES MALTSBERGER RD,,,,,N,N,N,5,9,Y,MON,,,,,,,,,,,,,,,,,,,,,,,,,,,,,,,,,,,,,,,,,,,,,,,,,,,,,,,,0,0,0,3,0,0,0,28,,,
13331336,N,Y,N,N,N,N,N,6/10/2013,12:25 PM,13-018178,,240,254,N,N,,,19,,,1,600,,UNION PACIFIC,BLVD,N,N,30,N,N,,N,19,,,1,11000,,MCPHERSON,,,,,,,,11,1,0,,1,1,1,12:27 PM,MCT DISPATCHED,12:39 PM,6/10/2013,Y,TX2400100,1644,,,29,8,2,4,31,64,54,1,5,1,21,21,240,254,27.61816205,-99.47912871,,,,,UNION PACIFIC BLVD,727,,,,,,,,,,,,,,N,N,N,5,8,Y,MON,,,,,,,,,,,,,,,,,,,,,,,,,,,,,,,,,,,,,,,,,,,,,,,,,,,,,,,,0,0,0,2,0,0,0,205,,,
13331454,N,N,N,N,N,N,N,6/16/2013,2:30 PM,C13-001088,,14,236,N,Y,,,19,,,1,4600,,JANELLE,DR,N,N,30,N,N,ASPHALT,N,19,,,,3700,,FABIANNA,DR,,,,,ASPHALT,,11,1,0,,1,1,1,2:30 PM,DISPATCHED,2:34 PM,6/16/2013,Y,TX0140400,1587,,,,8,2,3,24,64,13,1,5,1,32,21,14,236,31.10004173,-97.79860509,,,,,JANELLE DR,4926,,,,,,,,,,,,,,Y,N,N,3,8,Y,SUN,,,,,,,,,,,,,,,,,,,,,,,,,,,,,,,,,,,,,,,,,,,,,,,,,,,,,,,,0,0,1,5,0,1,0,277,,,
13331470,N,N,N,N,N,N,N,6/18/2013,4:13 PM,13061818,,181,441,N,Y,,,1,10,,1,,,IH 10 WEST,,N,N,75,N,N,,N,19,,,,,,CLAIBORNE STREET,,,,,,,,2,1,0,2,1,2,20,4:13 PM,DISPATCHED,4:32 PM,6/18/2013,Y,TX181040,2368,,,,8,7,4,1,56,54,1,1,2,21,21,181,441,30.13561014,-94.00193336,IH,10,,860.828,IH0010,,28,11,6.801,862,-0.074,,,,,,,,,Y,Y,N,2,5,Y,TUE,5,0,8,12,24,9,6,290,112,72,5,0,0,2,16,5,2,24,5,2,8,3,11,50090,2014,50090,2.3,30.1,32.4,,,,,,,,,,,,,,,,,,,,,,,,,,,0,1,0,0,0,1,0,135,,,
13332001,N,N,N,N,N,N,N,6/8/2013,8:00 PM,P13-79407,,188,12,N,Y,,,19,,,1,1700,S,EASTERN,ST,N,N,35,N,N,,N,19,,,1,,SE,17TH,AVE,,,,,,,11,1,0,,1,1,1,10:11 PM,DISPATCHED,10:18 PM,6/8/2013,Y,TX1880100,33,,,105,8,10,4,1,1,54,1,5,1,21,21,188,12,35.19407533,-101.7785188,,,,,S EASTERN ST,1711,,,,,,,,,,,,,,Y,N,N,3,8,Y,SAT,,,,,,,,,,,,,,,,,,,,,,,,,,,,,,,,,,,,,,,,,,,,,,,,,,,,,,,,0,0,1,0,0,1,0,120,,,
13332018,N,N,N,N,N,N,N,6/4/2013,8:00 PM,2013060109,,101,164,N,N,,,17,,,7,2010,,CLINTON,DR,Y,N,0,N,N,,N,19,,,1,100,,CENTER,ST,,,,,,,11,5,0,,1,1,1,8:29 PM,DISPATCHER,8:32 PM,6/4/2013,N,TX1010600,1338,,,74,8,4,4,4,64,12,7,9,5,33,21,101,164,,,,,,,CLINTON DR,,,,,,,,,,,,,,,N,N,N,0,5,N,TUE,,,,,,,,,,,,,,,,,,,,,,,,,,,,,,,,,,,,,,,,,,,,,,,,,,,,,,,,0,0,0,0,1,0,0,,,,
13332020,N,N,N,N,N,N,N,6/14/2013,11:30 AM,2013060386,,101,164,N,Y,,,19,,,1,1800,,3RD,ST,N,N,20,N,N,,N,19,,,1,300,,MAIN,ST,,,,,,,11,6,0,,1,1,20,6:54 AM,DISPATCHER,7:02 AM,6/15/2013,Y,TX1010600,1338,,,74,8,4,4,5,64,54,1,5,1,21,21,101,164,29.73466279,-95.23922609,,,,,3RD ST,1819,,,,,,,,,,,,,,Y,N,N,0,5,Y,FRI,,,,,,,,,,,,,,,,,,,,,,,,,,,,,,,,,,,,,,,,,,,,,,,,,,,,,,,,0,0,0,0,1,0,0,15,,,
13332119,N,N,N,N,N,N,N,6/2/2013,9:55 PM,13-017352,,240,254,N,N,,,19,,,1,2400,S,NEW YORK,AVE,N,N,30,N,N,,Y,19,,,1,2800,,ZACATECAS,,,,,,,,11,4,4,,1,1,8,9:59 PM,WAVED DOWN,9:59 PM,6/3/2013,Y,TX2400100,1644,,,,8,2,1,10,64,54,1,5,1,21,21,240,254,27.47495538,-99.46639215,,,,,S NEW YORK AVE,2501,,,,,,,,,ZACATECAS ST,,,,,N,N,N,5,8,Y,SUN,,,,,,,,,,,,,,,,,,,,,,,,,,,,,,,,,,,,,,,,,,,,,,,,,,,,,,,,0,0,0,3,0,0,0,205,,,
13332197,N,N,N,N,N,N,N,6/25/2013,7:52 AM,13-06638,306,61,259,N,Y,,,19,,,1,400,E,CORPORATE,DR,N,N,35,N,N,,N,1,35,E,,1800,S,NOT REPORTED,,,,,,,,12,1,0,,2,1,9,7:54 AM,DISPATCHED,8:01 AM,6/25/2013,Y,TX0610600,1659,,,35,8,2,2,22,64,38,2,1,1,21,21,61,259,33.01871422,-96.98112251,,,,,E CORPORATE DR,400,,,,,,,,,UNKNOWN,,,,,Y,N,N,5,7,Y,TUE,,,,,,,,,,,,,,,,,,,,,,,,,,,,,,,,,,,,,,,,,,,,,,,,,,,,,,,,0,0,0,2,0,0,0,282,,,
13332217,N,N,N,N,N,N,N,6/7/2013,12:12 PM,13-017860,,240,254,N,Y,,,19,,,1,1700,,LAREDO,ST,N,N,30,N,N,,Y,19,,,1,1200,N,MENDIOLA,,,,,,,,12,1,4,,1,1,8,12:16 PM,MCT DISPATCHED,12:22 PM,6/7/2013,Y,TX2400100,1644,,,27,8,2,1,10,64,54,1,5,1,21,21,240,254,27.50748539,-99.47932214,,,,,LAREDO ST,1699,,,,,,,,,N MENDIOLA AVE,,,,,Y,N,N,3,8,Y,FRI,,,,,,,,,,,,,,,,,,,,,,,,,,,,,,,,,,,,,,,,,,,,,,,,,,,,,,,,0,0,1,1,0,1,0,205,,,
13332345,N,N,N,N,N,N,N,6/6/2013,12:49 PM,13KP040914,,220,231,N,Y,,,4,1709,,1,800,,KELLER PKWY,,N,N,40,N,N,,N,19,,,,,,BOURLAND,RD,,,,,,,2,1,0,2,1,2,20,12:51 PM,DISPATCHED,12:58 PM,6/6/2013,Y,TX2203000,1565,,8,34,8,2,4,22,64,42,1,3,1,21,21,220,231,32.93428997,-97.23449402,FM,1709,,1.11,FM1709,,1603,3,6.116,562,-0.878,,,,,,,,,Y,Y,N,5,6,Y,THU,3,0,0,0,20,2,6,130,72,72,4,1,1,1,0,0,1,0,0,1,20,4,14,28735,2014,28735,0.8,0.1,0.9,,,,,,,,,,,,,,,,,,,,,,,,,,,0,0,0,10,0,0,0,282,,,
13332583,N,N,N,N,N,N,N,6/22/2013,8:00 AM,13-61824,,220,156,N,Y,32.71886,-97.41263,19,,,1,5900,,HUMBERT,AVE,N,N,-1,N,N,,N,19,,,,4200,,BRYANT IRVIN,RD,,,,,,,11,8,0,,1,1,1,7:23 PM,WALK UP CP,7:23 PM,6/22/2013,N,TX2201200,1318,885,19,120,8,4,4,5,64,54,1,5,1,21,21,220,156,32.7188525,-97.4132066,,,,,HUMBERT AVE,5980,,,,,,,,,,,,,,Y,N,N,5,9,Y,SAT,,,,,,,,,,,,,,,,,,,,,,,,,,,,,,,,,,,,,,,,,,,,,,,,,,,,,,,,0,0,0,1,0,0,0,282,,,
13332654,N,N,N,N,N,N,N,6/23/2013,5:19 PM,13-62111,,220,156,N,N,32.69902,-97.35081,19,,,1,2200,W,BIDDISON,ST,N,N,35,N,N,,N,19,,,,3500,,WAYSIDE,AVE,,,,,,,11,1,0,,1,1,1,5:19 PM,CALLED OUT ON,5:19 PM,6/23/2013,Y,TX2201200,1318,885,19,120,8,2,2,22,64,47,1,5,1,21,21,220,156,32.69859291,-97.35162957,,,,,W BIDDISON ST,,,,,,,,,,WAYSIDE AVE,,,,,N,N,N,5,9,Y,SUN,,,,,,,,,,,,,,,,,,,,,,,,,,,,,,,,,,,,,,,,,,,,,,,,,,,,,,,,0,0,0,3,0,0,0,282,,,
13332694,N,N,N,N,N,N,N,6/24/2013,1:45 PM,13-62452,,220,156,N,Y,32.78111,-97.34758,19,,,1,200,NW,20TH,ST,N,N,-1,N,N,,Y,19,,,1,2000,,ELLIS,AVE,,,,,,,11,1,2,,1,1,1,1:55 PM,DISPATCHED,2:04 PM,6/24/2013,Y,TX2201200,1318,885,29,120,8,2,1,34,64,3,1,5,1,21,21,220,156,32.78105428,-97.35043243,,,,,NW 20TH ST,198,,,,,,,,,ELLIS AVE,,,,,Y,N,N,3,9,Y,MON,,,,,,,,,,,,,,,,,,,,,,,,,,,,,,,,,,,,,,,,,,,,,,,,,,,,,,,,0,0,1,2,0,1,0,282,,,
13332730,N,N,N,N,N,N,N,6/18/2013,8:51 AM,0075480413L,,101,208,N,Y,,,19,,,1,7600,N,SHEPHERD,DR,N,N,45,N,N,,Y,19,,,1,,,VICTORY,DR,,,,,,,11,1,4,2,1,1,5,8:57 AM,HPD DISPATCH,8:57 AM,6/24/2013,Y,TXHPD0000,2469,6,152,59,8,2,1,34,64,54,1,2,1,21,21,101,208,29.87049556,-95.41260935,SS,261,,0.52,SS0261,,110,6,0.521,462,0.286,,,,S VICTORY DR,,,,,Y,Y,N,3,9,Y,TUE,3,0,0,0,20,3,6,210,120,80,6,1,1,1,0,0,1,0,0,1,20,4,14,28004,2014,28004,6.5,3.7,10.2,1,121,1,1,6,,,,,,,,,,,,,,,,,,,,,,0,0,1,1,0,1,0,15,,,
13332947,N,N,N,N,N,N,N,6/23/2013,3:20 PM,SAPD13134758,2350,15,379,N,Y,,,19,,,1,300,SW,18TH,ST,N,N,30,N,N,,N,19,,,,3100,,MONTEREY,,,,,,,,12,1,0,,2,1,1,3:20 PM,DISPATCHER,3:26 PM,6/23/2013,N,TXSPD0000,2473,,3,122,8,7,4,1,21,54,1,4,2,21,21,15,379,29.42620573,-98.5340582,,,,,SW 18TH ST,337,,,,,,,,,,,,,,Y,N,N,0,9,Y,SUN,,,,,,,,,,,,,,,,,,,,,,,,,,,,,,,,,,,,,,,,,,,,,,,,,,,,,,,,0,0,0,0,2,0,0,28,,,
13332951,N,N,N,N,N,N,N,6/6/2013,5:00 AM,SAPD13135469,4220,15,379,N,Y,,,1,10,,1,2600,,10,HWY,N,N,65,N,N,,N,19,,,,300,,ROLAND,AVE,,,,,,,11,3,0,2,1,1,20,1:30 PM,DISPATCH,2:11 PM,6/24/2013,Y,TXSPD0000,2473,,3,122,8,2,4,20,64,3,1,1,1,21,21,15,379,29.4028808,-98.44405141,IH,10,,575.603,IH0010,,25,2,4.542,577,0.064,,,,,,,,,Y,Y,N,5,9,Y,THU,5,0,24,12,51,9,6,300,144,72,6,0,0,2,48,5,2,24,5,,3,4,11,70953,2014,70953,1.9,2.8,4.7,,,,,,,,,,,,,,,,,,,,,,,,,,,0,0,0,1,1,0,0,28,,,
13333019,N,N,N,N,N,N,N,6/18/2013,6:50 PM,0075731813D,,101,208,N,N,,,1,45,,2,4400,N,NORTH SER E,FWY,N,N,40,N,N,DRY PAVED ROAD,Y,19,,,1,1300,,CROSSTIMBERS,,,,,,,,12,1,4,,1,1,5,6:56 PM,ON VIEW,6:56 PM,6/18/2013,Y,TXHPD0000,2469,14,152,27,8,2,2,22,64,38,2,1,1,21,21,101,208,,,IH,45,,,IH0045,,,,,,,,,,CROSSTIMBERS,,,,,Y,Y,N,1,9,N,TUE,,,,,,,,,,,,,,,,,,,,,,,,,,,,,,,,,,,,,,,,,,,,,,,,,,,,,,,,1,0,0,5,0,1,0,,,,
13333059,N,N,N,N,N,N,N,6/20/2013,2:00 AM,155167A,,57,107,N,N,,,19,,,1,3700,,SPRING,AVE,N,N,30,N,N,PUBLIC STREET,N,19,,,,2700,,ASHWORTH,LN,,,,,,,12,4,2,,1,1,1,3:47 AM,DISPATCHER,3:55 AM,6/20/2013,N,TX0000006,2471,,,27,8,1,4,4,64,4,1,5,1,21,21,57,107,32.76910276,-96.74859213,,,,,SPRING AVE,3772,,,,,,,,,,,,,,Y,N,N,1,9,Y,THU,,,,,,,,,,,,,,,,,,,,,,,,,,,,,,,,,,,,,,,,,,,,,,,,,,,,,,,,1,0,0,0,1,1,0,282,,,
13333095,N,N,N,N,N,Y,N,6/10/2013,5:38 PM,145708A,,57,107,N,Y,,,19,,,1,7100,,INWOOD,RD,N,N,35,N,N,,Y,19,,,1,5200,W,UNIVERSITY,BLVD,,,,,,,11,1,4,,1,1,5,6:26 PM,DISPATCHED,6:32 PM,8/16/2013,Y,TX0000006,2471,,,87,8,2,1,10,64,54,1,5,1,21,21,57,107,32.84491424,-96.82142256,,,,,INWOOD RD,,,,,,,,,,W UNIVERSITY BLVD,,,,,Y,N,N,5,9,Y,MON,,,,,,,,,,,,,,,,,,,,,,,,,,,,,,,,,,,,,,,,,,,,,,,,,,,,,,,,0,0,0,4,0,0,0,282,,,
13333153,N,N,N,N,N,N,N,6/18/2013,8:50 PM,153935A,153936A,57,107,N,Y,,,2,75,,1,6600,N,CENTRAL,EXPY,N,N,60,N,N,,N,19,,,,,,MOCKINGBIRD,LN,,,,,,,11,4,0,2,1,1,20,9:19 PM,DISPATCHED,8:41 PM,6/19/2013,N,TX0000006,2471,,,59,8,2,4,21,64,54,1,2,1,21,21,57,107,32.83744686,-96.77803956,US,75,,72.177,US0075,,47,7,11.405,268,-0.321,,,,,,,,,Y,Y,N,5,9,Y,TUE,5,0,10,10,24,3,8,300,136,96,5,0,0,2,20,5,2,20,5,2,4,4,12,265987,2014,265987,2.8,5.4,8.3,,,,,,,,,,,,,,,,,,,,,,,,,,,0,0,0,1,1,0,0,282,,,
13333180,N,N,N,N,N,N,N,6/25/2013,11:35 PM,160934A,,57,107,N,Y,,,1,35,E,2,3700,S,RL THORNTON,FWY,N,N,35,N,N,SERVICE ROAD,Y,19,,,1,200,W,OVERTON,RD,,,,,,,11,4,4,,1,1,8,12:08 AM,DISPATCHED,12:17 AM,6/26/2013,Y,TX0000006,2471,,,71,8,2,1,10,64,54,2,1,1,21,21,57,107,,,IH,35,E,,IH0035E,,,,,,,,,,W OVERTON RD,,,,,Y,Y,N,3,9,N,TUE,,,,,,,,,,,,,,,,,,,,,,,,,,,,,,,,,,,,,,,,,,,,,,,,,,,,,,,,0,0,7,0,0,7,0,,,,
13333318,N,N,N,N,N,N,N,6/12/2013,9:50 AM,131630568,,227,22,N,Y,,,19,,,1,3500,S,FIRST,ST,N,N,35,Y,Y,,Y,19,,,,500,W,ALPINE,RD,,,,,,,11,1,2,,3,1,8,9:50 AM,DISPATCH,9:55 AM,6/12/2013,Y,TX2270100,74,21,93,112,8,2,1,10,64,49,1,5,1,21,21,227,22,30.23074479,-97.76679246,,,,,S 1ST ST,3601,,,,,,,,,ALPINE RD W,,,,,Y,N,N,3,9,Y,WED,,,,,,,,,,,,,,,,,,,,,,,,,,,,,,,,,,,,,,,,,,,,,,,,,,,,,,,,0,0,1,1,0,1,0,90,,,
13333523,N,N,N,N,N,N,N,6/18/2013,3:00 PM,13-3020,,84,255,N,N,,,4,646,,1,1620,W,FM 646,,Y,N,0,N,N,BULLRITOS PARKING LOT,N,19,,,1,3000,W,WALKER,ST,,,,,,,12,1,0,,1,1,8,3:05 PM,DISPATCH,3:17 PM,6/18/2013,Y,TX0840800,1648,,,,8,2,4,22,64,38,7,9,5,33,21,84,255,,,FM,646,,,FM0646,,,,,,,,,,,,,,,N,Y,N,2,7,N,TUE,,,,,,,,,,,,,,,,,,,,,,,,,,,,,,,,,,,,,,,,,,,,,,,,,,,,,,,,0,1,0,3,0,1,0,,,,
13333580,N,N,N,N,N,N,N,6/12/2013,11:29 AM,13-0347,,114,39,N,Y,,,2,87,,1,2700,S,GREGG,ST,N,N,40,N,N,,N,4,700,,,200,W,MARCY,DR,,,,,,,11,1,0,3,1,1,8,11:32 AM,RADIO,11:40 AM,6/12/2013,Y,TX1140100,123,,,33,8,2,3,14,64,14,1,2,1,32,21,114,39,32.22696448,-101.470145,US,87,,350.988,US0087,,69,1,24.175,380,-0.045,,,,,,,,,Y,Y,N,5,6,Y,WED,2,0,5,5,0,2,4,120,74,64,4,0,0,2,5,5,2,5,5,0,0,2,14,18316,2014,18316,2.8,21.7,24.5,1,436,1,2,30,,,,,,,,,,,,,,,,,,,,,,0,0,0,5,0,0,0,,,,
13333683,N,N,N,N,N,N,N,6/14/2013,2:49 PM,13061410,,220,277,N,Y,,,2,287,,2,2000,N,US 287 W FR,,N,N,40,N,N,,Y,4,157,,1,1700,,FM 157,,,,,,,,11,1,0,2,1,1,5,2:51 PM,DISPATCH,2:56 PM,6/14/2013,Y,TX2202000,1726,,,,8,2,2,22,64,38,2,2,1,21,21,220,277,32.59745898,-97.14733755,US,287,,449.651,US0287,,172,9,27.068,476,-0.076,FM,157,,FM0157,,,,,Y,Y,N,5,7,Y,FRI,5,0,4,10,87,3,4,420,76,48,5,0,0,2,14,5,2,14,5,3,73,4,12,50069,2014,50069,4.7,12.7,17.4,,,,,,,,,,,,,,,,,,,,,,,,,,,0,0,0,3,0,0,0,282,,,
13333691,N,N,N,N,N,N,N,6/13/2013,9:49 PM,13061312,,220,277,N,Y,,,3,360,,1,300,N,SH 360,,N,N,45,N,N,,Y,19,,,1,300,,HERITAGE,PKWY,,,,,,,11,4,4,2,1,1,8,9:52 PM,DISPATCH,9:55 PM,6/13/2013,Y,TX2202000,1726,,,87,8,2,1,10,64,54,1,2,1,21,21,220,277,32.56075169,-97.08528853,SH,360,,25.362,SH0360,,2266,2,25.37,282,-0.639,US,287,,US0287,,,,,Y,Y,N,5,7,Y,THU,4,0,0,10,322,3,4,500,68,48,5,1,1,1,10,0,2,10,5,1,312,4,14,29300,2014,29300,3.4,2.4,5.9,,,,,,,,,,,,,,,,,,,,,,,,,,,0,0,0,3,0,0,0,282,,,
13333722,N,N,N,N,N,N,N,6/16/2013,11:48 AM,2013007741,,125,6,N,Y,,,3,44,,1,1100,E,MAIN,ST,N,N,35,N,N,,N,19,,,,100,N,TEXAS,BLVD,,,,,,,11,1,0,3,1,1,20,11:48 AM,RADIO,11:50 AM,6/16/2013,Y,TX1250100,20,,,,8,2,3,10,64,14,1,2,1,32,21,125,6,27.75172303,-98.06331543,SH,44,,95.114,SH0044,1140,87,1,10.68,522,0.726,,,,,,,,,Y,Y,N,5,5,Y,SUN,2,0,0,0,0,2,4,80,60,60,4,2,2,1,0,0,1,0,0,0,0,2,14,17269,2014,17269,6.3,3.4,9.7,,,,,,,,,,,,,,,,,,,,,,,,,,,0,0,0,1,0,0,0,,,,