Crash_ID,Crash_Fatal_Fl,Cmv_Involv_Fl,Schl_Bus_Fl,Rr_Relat_Fl,Medical_Advisory_Fl,Amend_Supp_Fl,Active_School_Zone_Fl,Crash_Date,Crash_Time,Case_ID,Local_Use,Rpt_CRIS_Cnty_ID,Rpt_City_ID,Rpt_Outside_City_Limit_Fl,Thousand_Damage_Fl,Rpt_Latitude,Rpt_Longitude,Rpt_Rdwy_Sys_ID,Rpt_Hwy_Num,Rpt_Hwy_Sfx,Rpt_Road_Part_ID,Rpt_Block_Num,Rpt_Street_Pfx,Rpt_Street_Name,Rpt_Street_Sfx,Private_Dr_Fl,Toll_Road_Fl,Crash_Speed_Limit,Road_Constr_Zone_Fl,Road_Constr_Zone_Wrkr_Fl,Rpt_Street_Desc,At_Intrsct_Fl,Rpt_Sec_Rdwy_Sys_ID,Rpt_Sec_Hwy_Num,Rpt_Sec_Hwy_Sfx,Rpt_Sec_Road_Part_ID,Rpt_Sec_Block_Num,Rpt_Sec_Street_Pfx,Rpt_Sec_Street_Name,Rpt_Sec_Street_Sfx,Rpt_Ref_Mark_Offset_Amt,Rpt_Ref_Mark_Dist_Uom,Rpt_Ref_Mark_Dir,Rpt_Ref_Mark_Nbr,Rpt_Sec_Street_Desc,Rpt_CrossingNumber,Wthr_Cond_ID,Light_Cond_ID,Entr_Road_ID,Road_Type_ID,Road_Algn_ID,Surf_Cond_ID,Traffic_Cntl_ID,Investigat_Notify_Time,Investigat_Notify_Meth,Investigat_Arrv_Time,Report_Date,Investigat_Comp_Fl,ORI_Number,Investigat_Agency_ID,Investigat_Area_ID,Investigat_District_ID,Investigat_Region_ID,Bridge_Detail_ID,Harm_Evnt_ID,Intrsct_Relat_ID,FHE_Collsn_ID,Obj_Struck_ID,Othr_Factr_ID,Road_Part_Adj_ID,Road_Cls_ID,Road_Relat_ID,Phys_Featr_1_ID,Phys_Featr_2_ID,Cnty_ID,City_ID,Latitude,Longitude,Hwy_Sys,Hwy_Nbr,Hwy_Sfx,Dfo,Street_Name,Street_Nbr,Control,Section,Milepoint,Ref_Mark_Nbr,Ref_Mark_Displ,Hwy_Sys_2,Hwy_Nbr_2,Hwy_Sfx_2,Street_Name_2,Street_Nbr_2,Control_2,Section_2,Milepoint_2,Txdot_Rptable_Fl,Onsys_Fl,Rural_Fl,Crash_Sev_ID,Pop_Group_ID,Located_Fl,Day_of_Week,Hwy_Dsgn_Lane_ID,Hwy_Dsgn_Hrt_ID,Hp_Shldr_Left,Hp_Shldr_Right,Hp_Median_Width,Base_Type_ID,Nbr_Of_Lane,Row_Width_Usual,Roadbed_Width,Surf_Width,Surf_Type_ID,Curb_Type_Left_ID,Curb_Type_Right_ID,Shldr_Type_Left_ID,Shldr_Width_Left,Shldr_Use_Left_ID,Shldr_Type_Right_ID,Shldr_Width_Right,Shldr_Use_Right_ID,Median_Type_ID,Median_Width,Rural_Urban_Type_ID,Func_Sys_ID,Adt_Curnt_Amt,Adt_Curnt_Year,Adt_Adj_Curnt_Amt,Pct_Single_Trk_Adt,Pct_Combo_Trk_Adt,Trk_Aadt_Pct,Curve_Type_ID,Curve_Lngth,Cd_Degr,Delta_Left_Right_ID,Dd_Degr,Feature_Crossed,Structure_Number,I_R_Min_Vert_Clear,Approach_Width,Bridge_Median_ID,Bridge_Loading_Type_ID,Bridge_Loading_In_1000_Lbs,Bridge_Srvc_Type_On_ID,Bridge_Srvc_Type_Under_ID,Culvert_Type_ID,Roadway_Width,Deck_Width,Bridge_Dir_Of_Traffic_ID,Bridge_Rte_Struct_Func_ID,Bridge_IR_Struct_Func_ID,CrossingNumber,RRCo,Poscrossing_ID,WDCode_ID,Standstop,Yield,Incap_Injry_Cnt,Nonincap_Injry_Cnt,Poss_Injry_Cnt,Non_Injry_Cnt,Unkn_Injry_Cnt,Tot_Injry_Cnt,Death_Cnt,MPO_ID,Investigat_Service_ID,Investigat_DA_ID,Investigator_Narrative
13333812,N,N,N,N,N,N,N,6/17/2013,11:01 AM,13-061061,,243,459,N,Y,33.90836,-98.49576,19,,,1,1100,,9TH,ST,N,N,30,N,N,,Y,19,,,1,800,,BURNETT,ST,,,,,,,11,1,4,,2,1,8,11:02 AM,DISPATCHED,11:07 AM,6/17/2013,Y,TX2430500,2426,,,,8,2,1,10,64,3,1,5,1,21,21,243,459,33.90841412,-98.49572207,,,,,9TH ST,1201,,,,,,,,,BURNETT ST,,,,,Y,N,N,5,8,Y,MON,,,,,,,,,,,,,,,,,,,,,,,,,,,,,,,,,,,,,,,,,,,,,,,,,,,,,,,,0,0,0,2,0,0,0,151,,,
13333853,N,N,N,N,N,N,N,6/18/2013,10:30 AM,13-12373,FSI ACC,161,442,N,N,,,19,,,1,1100,,DUTTON,AVE,N,N,30,N,N,,N,19,,,1,1000,S,11TH,ST,,,,,,,0,4,0,,1,0,11,10:45 AM,DISPATCH,10:47 AM,6/18/2013,N,TX1551200,2372,,,100,8,4,4,1,64,54,1,5,1,21,21,161,442,31.5440964,-97.12807486,,,,,DUTTON AVE,1113,,,,,,,,,,,,,,N,N,N,0,8,Y,TUE,,,,,,,,,,,,,,,,,,,,,,,,,,,,,,,,,,,,,,,,,,,,,,,,,,,,,,,,0,0,0,0,1,0,0,140,,,
13334055,N,N,N,N,N,N,N,6/17/2013,9:21 PM,13-014114,,1,320,N,Y,,,3,155,,1,1500,,ST HWY 155,,N,N,45,N,N,PAVED,N,11,256,,1,,,NOT REPORTED,,,,,,PAVED,,11,3,0,3,1,1,1,9:21 PM,DISPATCHED,9:21 PM,6/18/2013,Y,TX0010100,1896,,,35,8,6,4,1,64,54,1,2,1,21,21,1,320,31.78445103,-95.62167865,SH,155,,122.05,SH0155,2106,520,8,21.822,370,-0.252,,,,,,,,,Y,Y,N,5,5,Y,MON,2,0,10,10,0,2,4,120,68,48,4,2,2,3,10,3,3,10,3,0,0,2,14,4881,2014,4881,2.2,3.8,6,,,,,,,,,,,,,,,,,,,,,,,,,,,0,0,0,1,0,0,0,,,,
13334061,N,N,N,N,N,N,N,6/13/2013,7:39 AM,13-013707,,1,320,N,Y,,,11,256,,1,,,1016 SWIFT,,N,N,45,N,N,,N,19,,,1,,,100 DOWLING,,,,,,,,11,1,0,,1,1,1,7:39 AM,DISPATCHED,7:45 AM,6/13/2013,Y,TX0010100,1896,,,27,8,8,3,4,98,14,1,2,1,32,21,1,320,,,SL,256,,,SL0256,,,,,,,,,,,,,,,Y,Y,N,5,5,N,THU,,,,,,,,,,,,,,,,,,,,,,,,,,,,,,,,,,,,,,,,,,,,,,,,,,,,,,,,0,0,0,2,0,0,0,,,,
13334275,N,N,N,N,N,N,N,6/26/2013,7:35 AM,SAPD13136933,2110,15,379,N,Y,,,2,281,,1,1600,N,NOT REPORTED,,N,N,60,N,N,,N,19,,,,0,,JOSEPHINE,,,,,,,,12,1,0,,5,1,1,7:36 AM,DISPATCH,7:40 AM,6/26/2013,Y,TXSPD0000,2473,,7,147,8,2,4,20,64,42,1,2,1,21,21,15,379,,,US,281,,,US0281,,,,,,,,,,,,,,,Y,Y,N,2,9,N,WED,,,,,,,,,,,,,,,,,,,,,,,,,,,,,,,,,,,,,,,,,,,,,,,,,,,,,,,,0,1,1,1,0,2,0,,,,
13334364,N,N,N,N,N,N,N,6/26/2013,7:58 AM,13-06682,423,61,259,N,Y,,,1,35,E,1,600,N,STEMMONS,FWY,N,N,60,N,N,,N,4,1171,,,600,W,MAIN,ST,,,,,OVERPASS,,11,1,0,2,2,1,20,8:04 AM,DISPATCHED,8:26 AM,6/26/2013,Y,TX0610600,1659,,,35,8,2,4,20,64,42,1,1,1,21,21,61,259,33.04907663,-97.00939538,IH,35,E,81.345,IH0035E,,196,2,7.094,452,0.465,,,,,,,,,Y,Y,N,5,7,Y,WED,5,0,12,10,28,3,6,300,116,72,6,0,0,2,24,5,2,20,5,2,4,4,11,136542,2014,136542,3.2,6.1,9.3,,,,,,,,,,,,,,,,,,,,,,,,,,,0,0,0,2,0,0,0,282,,,
13334527,N,N,N,N,N,N,N,6/25/2013,3:44 PM,SAPD13136437,7180,15,379,N,Y,,,19,,,1,7600,,CALLAGHAN,,N,N,45,N,N,,N,19,,,,7700,,TORINO,,,,,,,,11,1,0,,2,1,11,3:47 PM,DISPATCHED,3:56 PM,6/25/2013,Y,TXSPD0000,2473,,61,123,8,2,3,34,64,13,1,5,1,32,21,15,379,29.5063361,-98.55716115,,,,,CALLAGHAN RD,7602,,,,,,,,,,,,,,Y,N,N,3,9,Y,TUE,,,,,,,,,,,,,,,,,,,,,,,,,,,,,,,,,,,,,,,,,,,,,,,,,,,,,,,,0,0,1,1,0,1,0,28,,,
13334530,N,N,N,N,N,N,N,6/24/2013,1:30 PM,SAPD13135529,7150B,15,379,N,Y,,,17,,,1,7411,,JOHN SMITH,DR,Y,N,10,N,N,,N,17,,,,2500,,BABCOCK,RD,,,,,,,11,1,0,,1,1,8,2:33 PM,DISPATCHED,2:48 PM,6/24/2013,Y,TXSPD0000,2473,,61,123,8,4,4,5,64,54,7,9,5,33,21,15,379,,,,,,,JOHN SMITH DR,,,,,,,,,,,,,,,N,N,N,0,9,N,MON,,,,,,,,,,,,,,,,,,,,,,,,,,,,,,,,,,,,,,,,,,,,,,,,,,,,,,,,0,0,0,0,1,0,0,,,,
13334646,N,Y,N,N,N,Y,N,6/21/2013,11:00 AM,,,156,1721,Y,Y,32.20717,-101.93068,3,176,,1,,,NOT REPORTED,,N,N,50,N,N,,Y,4,829,,1,,,NOT REPORTED,,,,,,,,11,1,4,1,1,1,11,11:05 AM,MIDLAND COMMS,11:30 AM,7/4/2013,Y,TXDPS1800,10000,19,32,1,8,2,1,24,64,7,1,2,1,21,21,156,1721,32.30682373,-101.9308624,SH,176,,67.754,SH0176,,548,2,17.505,290,0.491,FM,829,,FM0829,,1368,1,15.856,Y,Y,Y,5,0,Y,FRI,2,0,10,10,0,1,2,120,44,24,2,0,0,2,10,5,2,10,5,0,0,1,6,4560,2014,4560,21.2,20.2,41.4,1,249,0,2,6,,,,,,,,,,,,,,,,,,,,,,0,0,0,6,0,0,0,,,,
13334778,N,N,N,N,N,N,N,6/15/2013,3:55 PM,,,91,1656,Y,Y,33.40545,-96.51507,4,3133,,1,,,NOT REPORTED,,N,N,55,N,N,,N,15,,,,,,JIM CANNON,RD,,,,,,,11,1,0,1,1,1,12,4:05 PM,DPS DISPATCH,4:18 PM,6/15/2013,Y,,10000,12,103,1,8,2,4,20,64,54,1,3,1,21,21,91,1656,33.40548594,-96.5160179,FM,3133,,3.162,FM3133,3194,3236,1,3.19,602,-0.786,,,,,,,,,Y,Y,Y,3,0,Y,SAT,2,0,4,4,0,3,2,120,28,20,2,0,0,5,4,5,5,4,5,0,0,1,7,620,2014,620,7.5,6,13.4,,,,,,,,,,,,,,,,,,,,,,,,,,,0,0,1,1,0,1,0,,,,
13335104,N,N,N,N,N,N,N,6/16/2013,7:48 PM,13-018897,,240,254,N,N,,,19,,,1,1100,,TIARA,TRL,N,N,30,N,N,,Y,19,,,1,1100,,DIAMOND,,,,,,,,11,1,2,,1,1,8,8:03 PM,MCT DISPATCHED,8:11 PM,6/16/2013,Y,TX2400100,1644,,,21,8,2,1,10,64,54,1,5,1,21,21,240,254,27.59630537,-99.48394214,,,,,TIARA TRL,1113,,,,,,,,,DIAMOND DR,,,,,N,N,N,5,8,Y,SUN,,,,,,,,,,,,,,,,,,,,,,,,,,,,,,,,,,,,,,,,,,,,,,,,,,,,,,,,0,0,0,2,0,0,0,205,,,
13335227,N,N,N,N,N,N,N,6/26/2013,7:42 AM,2013079598,,61,67,N,Y,,,19,,,1,3300,E,HEBRON,PKWY,N,N,45,N,N,,N,19,,,,2000,,MIDWAY,RD,,,,,,,11,1,0,2,1,1,20,7:45 AM,DISPATCH,8:00 AM,6/26/2013,Y,TX0570400,214,,,170,8,2,2,22,64,42,1,3,1,21,21,61,67,33.02579372,-96.8434926,FM,544,,6.004,FM0544,,619,4,0.003,586,0.004,,,,MIDWAY RD,,,,,Y,Y,N,3,8,Y,WED,3,0,0,0,15,2,6,120,66,66,5,1,2,1,0,0,1,0,0,1,15,4,14,30610,2014,30610,1.7,0.7,2.4,1,139,6,1,0,,,,,,,,,,,,,,,,,,,,,,0,0,1,1,0,1,0,282,,,
13335409,N,N,N,N,N,N,N,6/8/2013,4:30 PM,1306143,,70,140,N,Y,,,1,45,,7,100,N,IH 45,,Y,N,55,N,N,INTERSTATE HIGHWAY,N,3,34,,1,1200,E,ENNIS,AVE,,,,,STATE HIGHWAY,,11,1,0,,1,1,1,5:00 PM,EPD DISPATCH,5:05 PM,6/8/2013,Y,TX0700100,1274,,,,8,4,4,4,64,12,7,9,5,33,21,70,140,,,IH,45,,,IH0045,,,,,,,,,,,,,,,N,Y,N,5,5,N,SAT,,,,,,,,,,,,,,,,,,,,,,,,,,,,,,,,,,,,,,,,,,,,,,,,,,,,,,,,0,0,0,2,0,0,0,,,,
13335540,N,N,N,N,N,N,N,5/31/2013,10:01 PM,13-18964,,152,270,N,N,,,19,,,1,3200,,ITASCA,ST,N,N,30,N,N,,N,19,,,1,900,N,HARTFORD,AVE,,,,,,,11,3,4,,1,1,1,11:07 PM,DISPATCH,11:17 PM,5/31/2013,Y,TX1520200,1706,,,,8,4,3,4,64,14,1,5,1,32,21,152,270,33.61049433,-101.8855513,,,,,ITASCA ST,3301,,,,,,,,,,,,,,N,N,N,5,8,Y,FRI,,,,,,,,,,,,,,,,,,,,,,,,,,,,,,,,,,,,,,,,,,,,,,,,,,,,,,,,0,0,0,1,0,0,0,122,,,
13335575,N,N,N,N,N,N,N,6/19/2013,12:00 AM,13-21411,,152,270,N,Y,,,19,,,1,9800,,TOLEDO,AVE,N,N,10,N,N,,N,19,,,1,4600,,98TH,ST,,,,,,,11,4,0,,1,1,1,11:41 AM,POLICE RADIO CALL,11:51 AM,6/19/2013,Y,TX1520200,1706,,,,8,7,4,1,36,3,7,7,5,11,21,152,270,33.50495435,-101.9121813,,,,,TOLEDO AVE,9800,,,,,,,,,,,,,,Y,N,N,5,8,Y,WED,,,,,,,,,,,,,,,,,,,,,,,,,,,,,,,,,,,,,,,,,,,,,,,,,,,,,,,,0,0,0,1,0,0,0,122,,,
13335835,N,N,N,N,N,N,N,6/26/2013,6:26 PM,13063557,,31,53,N,Y,,,3,48,,1,4500,,PADRE ISLAND,HWY,N,N,45,N,N,,N,3,48,,,3300,,BOCA CHICA,BLVD,,,,,,,11,1,0,3,1,1,20,6:27 PM,RADIO,6:34 PM,6/26/2013,Y,TX0310100,172,,125,42,8,2,3,10,64,14,1,2,1,32,21,31,53,25.92088739,-97.46603454,SH,48,,2.93,SH0048,,220,5,2.975,560,0.93,,,,,,,,,Y,Y,N,5,8,Y,WED,2,0,8,8,0,2,4,100,76,60,4,0,0,2,8,5,2,8,5,0,0,4,14,26120,2014,26120,2.5,0.4,2.9,,,,,,,,,,,,,,,,,,,,,,,,,,,0,0,0,3,0,0,0,248,,,
13335845,N,N,N,N,N,N,N,6/1/2013,5:37 PM,1301311,,31,340,N,Y,,,3,100,,7,1400,,NOT REPORTED,,Y,N,30,N,N,PARKING LOT,N,19,,,,100,,2ND,ST,,,,,ASPHALT,,11,1,0,,1,1,1,5:39 PM,DISPATCH,5:39 PM,6/1/2013,Y,TX3100600,1949,,,42,8,4,4,4,64,12,7,9,5,33,21,31,340,,,SH,100,,,SH0100,,,,,,,,,,,,,,,N,Y,N,5,4,N,SAT,,,,,,,,,,,,,,,,,,,,,,,,,,,,,,,,,,,,,,,,,,,,,,,,,,,,,,,,0,0,0,2,0,0,0,,,,
13335895,N,N,N,N,N,N,N,6/12/2013,7:09 AM,2013-07287,,220,1785,Y,Y,32.57968,-97.24103,4,1187,,1,5600,,RENDON BLOODWORTH,RD,N,N,45,N,N,,N,19,,,1,,,RENDON,RD,,,,,,,11,1,0,1,4,1,11,7:10 AM,RADIO DISPATCHED,7:21 AM,6/12/2013,Y,TX2200000,2213,,354,416,8,2,4,34,64,54,1,3,1,21,21,220,156,32.57983519,-97.24130536,FM,1187,,29.871,FM1187,,1330,2,24.628,572,-0.999,,,,,,,,,Y,Y,N,5,9,Y,WED,2,0,6,6,0,2,2,100,36,24,4,0,0,2,6,5,2,6,5,0,0,4,14,10923,2014,10923,5.3,6.8,12.1,1,170,7,2,63,,,,,,,,,,,,,,,,,,,,,,0,0,0,2,0,0,0,282,,,
13335906,N,N,N,N,N,N,N,5/31/2013,7:00 AM,130073329,0,101,3313,N,N,,,19,,,1,14000,,GRANT,RD,N,N,30,Y,N,PUBLIC ROADWAY,Y,19,,,1,14000,,SPRING CYPRESS,RD,,,,,PUBLIC ROADWAY,,11,1,0,,1,1,5,7:09 AM,ON VIEW,7:09 AM,5/31/2013,Y,TX1014900,2744,44,5,6,8,2,2,23,64,49,1,5,1,21,21,101,1666,30.00425476,-95.63559301,,,,,GRANT RD,14098,,,,,,,,,SPRING CYPRESS RD,,,,,N,N,Y,5,0,Y,FRI,,,,,,,,,,,,,,,,,,,,,,,,,,,,,,,,,,,,,,,,,,,,,,,,,,,,,,,,0,0,0,2,0,0,0,15,,,
13335928,N,N,N,N,N,N,N,6/18/2013,8:31 AM,2013015057,,123,30,N,Y,,,19,,,1,3500,,DELAWARE,,N,N,35,N,N,,N,19,,,,2900,,19TH,ST,,,,,,,11,1,0,,1,1,20,8:33 AM,DISPATCHED,8:38 AM,6/18/2013,Y,TX1230100,104,,,,8,2,3,10,64,14,1,5,1,32,21,123,30,30.10445422,-94.13851701,,,,,DELAWARE ST,3535,,,,,,,,,,,,,,Y,N,N,5,8,Y,TUE,,,,,,,,,,,,,,,,,,,,,,,,,,,,,,,,,,,,,,,,,,,,,,,,,,,,,,,,0,0,0,4,0,0,0,135,,,
13336050,N,Y,N,N,N,N,N,6/13/2013,5:24 PM,13-018561,,240,254,N,Y,,,4,1472,,1,13000,,FM 1472,,N,N,45,N,N,PAVED,Y,19,,,1,8000,,KILLAM INDUSTRIAL,BLVD,,,,,PAVED,,12,1,4,3,1,2,20,5:30 PM,MCT DISPATCHED,5:43 PM,6/13/2013,Y,TX2400100,1644,,,49,8,2,1,25,64,54,1,3,1,21,21,240,254,27.61315617,-99.52210783,FM,1472,,30.362,FM1472,,2150,4,14.648,438,0.672,,,,KILLAM INDUSTRIAL BLVD,,,,,Y,Y,N,5,8,Y,THU,2,0,0,0,0,2,6,200,95,88,4,2,2,1,0,0,1,0,0,0,0,4,14,22034,2014,22034,4.3,3.9,8.2,,,,,,,,,,,,,,,,,,,,,,,,,,,0,0,0,3,0,0,0,205,,,
13336132,N,N,N,N,N,N,N,6/26/2013,7:30 AM,0079047313I,,101,208,N,Y,,,1,45,,2,13700,N,NORTH SER W,FWY,N,N,45,N,N,CHEVRON,Y,19,,,1,,W,RANKIN,RD,,,,,,,11,1,0,,1,1,9,12:16 PM,DISPATCHED,12:16 PM,6/26/2013,Y,TXHPD0000,2469,18,121,33,8,2,2,25,64,38,2,1,1,21,21,101,208,,,IH,45,,,IH0045,,,,,,,,,,W RANKIN RD,,,,,Y,Y,N,3,9,N,WED,,,,,,,,,,,,,,,,,,,,,,,,,,,,,,,,,,,,,,,,,,,,,,,,,,,,,,,,0,0,1,1,0,1,0,,,,
13336178,N,N,N,N,N,N,N,6/27/2013,12:19 AM,13-14743,1UNIT DWI MINOR,57,218,N,Y,,,3,183,,1,3301,E,AIRPORT FREEWAY,FWY,N,N,60,N,N,,N,19,,,,2000,,REGENCY,DR,,,,,,,11,4,0,,3,1,20,12:19 AM,DISPATCHED,12:26 AM,6/27/2013,N,TX0571500,1518,,,33,8,7,4,1,39,54,1,2,4,21,21,57,218,,,SH,183,,,SH0183,,,,,,,,,,,,,,,Y,Y,N,5,8,N,THU,,,,,,,,,,,,,,,,,,,,,,,,,,,,,,,,,,,,,,,,,,,,,,,,,,,,,,,,0,0,0,1,0,0,0,,,,
13336351,N,Y,N,N,N,N,N,6/9/2013,4:15 AM,0071368213V,,101,208,N,Y,,,2,59,,1,5400,S,SOUTHWEST,FWY,N,N,65,N,N,FOUR LANE/CONCRETE,N,19,,,,3500,,CHIMNEY ROCK,RD,,,,,,,11,6,0,,1,1,20,4:37 AM,DISPATCHED,4:42 AM,6/14/2013,Y,TXHPD0000,2469,24,106,54,8,2,4,21,64,54,1,2,1,21,21,101,208,,,US,59,,,US0059,,,,,,,,,,,,,,,Y,Y,N,5,9,N,SUN,,,,,,,,,,,,,,,,,,,,,,,,,,,,,,,,,,,,,,,,,,,,,,,,,,,,,,,,0,0,0,2,0,0,0,,,,
13336370,N,N,N,N,N,N,N,6/27/2013,12:00 PM,SAPD13137982,3130,15,379,N,N,,,19,,,1,19200,,BULVERDE,RD,N,N,40,Y,N,,N,19,,,,3500,,CANYON,PKWY,,,,,,,11,1,0,,1,1,5,12:22 PM,DISPATCHED,12:32 PM,6/27/2013,Y,TXSPD0000,2473,,29,131,8,2,2,22,64,49,1,5,1,21,21,15,379,29.63105935,-98.42341999,,,,,BULVERDE RD,,,,,,,,,,CANYON PKWY,,,,,N,N,N,5,9,Y,THU,,,,,,,,,,,,,,,,,,,,,,,,,,,,,,,,,,,,,,,,,,,,,,,,,,,,,,,,0,0,0,2,0,0,0,28,,,
13336424,N,N,N,N,N,N,N,6/22/2013,5:35 PM,0077957213B,,101,208,N,Y,,,4,1959,,1,1100,,DIXIE FARM,RD,N,N,45,N,N,,N,1,45,,,15400,S,GULF SER W,FWY,,,,,,,11,1,2,1,1,1,5,5:38 PM,DISPATCHED,5:45 PM,6/27/2013,Y,TXHPD0000,2469,6,104,17,8,2,4,20,64,54,1,3,1,21,21,101,208,29.58677068,-95.18424161,FM,1959,,0.243,FM1959,1009,1844,1,10.2,480,-0.065,,,,,,,,,Y,Y,N,5,9,Y,SAT,2,0,6,6,0,2,2,120,36,24,4,0,0,2,6,5,2,6,5,0,0,4,16,9591,2014,9591,2.8,1.4,4.2,,,,,,,,,,,,,,,,,,,,,,,,,,,0,0,0,2,0,0,0,15,,,
13336502,N,N,N,N,N,N,N,6/22/2013,1:23 PM,0077424913I,,101,208,N,Y,,,1,10,,1,100,W,KATY,FWY,N,N,60,N,N,CONCRETE,N,1,45,,,100,,NORTH,,,,,,,,11,1,0,2,1,1,20,1:54 PM,DISPATCHED,2:02 PM,6/23/2013,Y,TXHPD0000,2469,16,121,33,8,2,4,20,64,54,1,1,1,21,21,101,208,29.77674111,-95.36961602,IH,10,,767.062,IH0010,,271,7,27.133,768,0.488,,,,,,,,,Y,Y,N,5,9,Y,SAT,5,0,10,10,40,9,8,320,136,96,5,0,0,2,20,5,2,20,5,2,20,4,11,143100,2014,143100,2.8,3.6,6.4,,,,,,,,,,,,,,,,,,,,,,,,,,,0,0,0,10,0,0,0,15,,,
13336545,N,N,N,N,N,N,N,6/26/2013,12:40 PM,130626030,,165,291,N,Y,,,19,,,1,4300,,STOREY,AVE,N,N,30,N,N,,N,19,,,,900,N,MIDLAND,DR,,,,,,,11,1,0,,1,1,8,12:50 PM,DISPATCHED,12:53 PM,6/27/2013,Y,TX1650100,1782,,,127,8,2,2,22,64,38,1,5,1,21,21,165,291,31.9916976,-102.1334071,,,,,STOREY AVE,4396,,,,,,,,,N MIDLAND DR,,,,,Y,N,N,3,8,Y,WED,,,,,,,,,,,,,,,,,,,,,,,,,,,,,,,,,,,,,,,,,,,,,,,,,,,,,,,,0,0,1,2,0,1,0,174,,,
13336567,N,N,N,N,N,N,N,6/19/2013,11:36 AM,13-15592,,227,1792,Y,Y,30.4255,-97.25728,19,,,1,2300,,HEATHERWILDE,BLVD,N,N,55,N,N,,N,19,,,,300,,WILD SENNA,DR,,,,,,,11,1,0,,4,1,11,11:36 AM,RADIO DISPATCH,11:39 AM,6/27/2013,Y,TX2270000,2292,,7,118,8,7,4,1,39,54,1,4,4,21,21,227,1792,30.42520376,-97.65731157,,,,,HEATHERWILDE BLVD,,,,,,,,,,,,,,,Y,N,Y,2,0,Y,WED,,,,,,,,,,,,,,,,,,,,,,,,,,,,,,,,,,,,,,,,,,,,,,,,,,,,,,,,0,1,0,0,0,1,0,90,,,
13336645,N,N,N,N,N,N,N,6/27/2013,5:15 AM,0079736713M,,101,208,N,N,,,1,45,,1,13800,S,GULF,FWY,N,N,55,N,N,,N,19,,,,12900,,SCARSDALE,BLVD,,,,,,,11,1,0,2,1,1,20,5:26 PM,DISPATCHED,5:40 PM,6/27/2013,Y,TXHPD0000,2469,18,104,17,8,2,4,20,64,9,1,1,1,21,21,101,208,29.60439616,-95.20320671,IH,45,,32.41,IH0045,,500,3,8.488,32,0.239,,,,,,,,,Y,Y,N,3,9,Y,THU,5,0,12,10,52,9,6,300,120,72,6,0,0,2,24,5,2,20,5,2,28,4,11,147169,2014,147169,5.5,4.6,10.1,1,48,1,1,0,,,,,,,,,,,,,,,,,,,,,,0,0,1,1,0,1,0,15,,,
13336703,N,N,N,N,N,N,N,6/26/2013,8:24 PM,13006706,,61,114,N,Y,,,1,35,,1,2400,S,IH 35 EAST,,N,N,-1,N,N,,Y,19,,,1,2400,,LILLIAN MILLER,PKWY,,,,,,,11,1,3,2,1,1,5,8:27 PM,DISPATCH,8:31 PM,6/26/2013,Y,TX0610200,1196,,,411,8,2,1,24,64,54,2,1,1,21,21,61,114,33.18649715,-97.1079948,IH,35,E,92.902,IH0035E,,196,1,17.528,464,-0.235,,,,LILLIAN MILLER PKWY,,,,,Y,Y,N,5,8,Y,WED,5,0,4,10,48,3,4,400,76,48,6,0,0,2,8,5,2,20,5,2,40,4,11,80623,2014,80623,3.2,6.1,9.3,,,,,,,,,,,,,,,,,,,,,,,,,,,0,0,0,3,0,0,0,282,,,
13337025,N,N,N,N,N,N,N,6/12/2013,7:15 PM,13-0600470,,21,55,N,Y,,,9,6,,1,3000,S,TEXAS,AVE,N,N,40,N,N,,N,4,1179,,1,600,E,VILLA MARIA,RD,,,,,,,11,1,0,3,1,1,20,7:16 PM,BRYAN RD. DISPATCH,7:27 PM,6/12/2013,Y,TX0210100,174,,,,8,2,2,23,64,54,1,2,1,21,21,21,55,30.64347263,-96.35334649,BS,6,R,7.204,BS0006R,3006,50,1,3.562,414,-0.849,FM,1179,,FM1179,,,,,Y,Y,N,5,7,Y,WED,2,0,0,0,0,9,4,100,60,60,6,1,1,1,0,0,1,0,0,0,0,3,14,20212,2014,20212,6,11.8,17.8,,,,,,,,,,,,,,,,,,,,,,,,,,,0,0,0,3,0,0,0,249,,,
13337035,N,N,N,N,N,N,N,6/14/2013,5:16 PM,13-0600557,,21,55,N,Y,,,19,,,1,3700,,WINDRIDGE,DR,N,N,30,N,N,,N,19,,,1,2300,,OAK GROVE,LN,,,,,,,11,1,0,,1,1,1,5:18 PM,RADIO DISPATCHED,5:31 PM,6/14/2013,Y,TX0210100,174,,,,8,7,4,1,31,3,1,5,2,21,21,21,55,30.64859515,-96.32729624,,,,,WINDRIDGE DR,3716,,,,,,,,,,,,,,Y,N,N,5,7,Y,FRI,,,,,,,,,,,,,,,,,,,,,,,,,,,,,,,,,,,,,,,,,,,,,,,,,,,,,,,,0,0,0,5,0,0,0,249,,,
13337089,N,N,N,N,N,N,N,5/25/2013,3:32 PM,130070580,0,101,1666,Y,N,,,12,,,1,7000,N,BW 8 W,,N,N,65,N,N,,N,3,249,,,,,TOMBALL,PKWY,,,,,,,11,1,0,,1,1,11,3:32 PM,DISPATCHED,3:32 PM,5/25/2013,Y,TX1014900,2744,66,5,6,8,2,4,20,64,9,1,6,1,21,21,101,1666,29.9346339,-95.53358875,,,,,N BELT DR W,,,,,,,,,,,,,,,N,N,Y,5,0,Y,SAT,,,,,,,,,,,,,,,,,,,,,,,,,,,,,,,,,,,,,,,,,,,,,,,,,,,,,,,,0,0,0,5,1,0,0,15,,,