Crash_ID,Crash_Fatal_Fl,Cmv_Involv_Fl,Schl_Bus_Fl,Rr_Relat_Fl,Medical_Advisory_Fl,Amend_Supp_Fl,Active_School_Zone_Fl,Crash_Date,Crash_Time,Case_ID,Local_Use,Rpt_CRIS_Cnty_ID,Rpt_City_ID,Rpt_Outside_City_Limit_Fl,Thousand_Damage_Fl,Rpt_Latitude,Rpt_Longitude,Rpt_Rdwy_Sys_ID,Rpt_Hwy_Num,Rpt_Hwy_Sfx,Rpt_Road_Part_ID,Rpt_Block_Num,Rpt_Street_Pfx,Rpt_Street_Name,Rpt_Street_Sfx,Private_Dr_Fl,Toll_Road_Fl,Crash_Speed_Limit,Road_Constr_Zone_Fl,Road_Constr_Zone_Wrkr_Fl,Rpt_Street_Desc,At_Intrsct_Fl,Rpt_Sec_Rdwy_Sys_ID,Rpt_Sec_Hwy_Num,Rpt_Sec_Hwy_Sfx,Rpt_Sec_Road_Part_ID,Rpt_Sec_Block_Num,Rpt_Sec_Street_Pfx,Rpt_Sec_Street_Name,Rpt_Sec_Street_Sfx,Rpt_Ref_Mark_Offset_Amt,Rpt_Ref_Mark_Dist_Uom,Rpt_Ref_Mark_Dir,Rpt_Ref_Mark_Nbr,Rpt_Sec_Street_Desc,Rpt_CrossingNumber,Wthr_Cond_ID,Light_Cond_ID,Entr_Road_ID,Road_Type_ID,Road_Algn_ID,Surf_Cond_ID,Traffic_Cntl_ID,Investigat_Notify_Time,Investigat_Notify_Meth,Investigat_Arrv_Time,Report_Date,Investigat_Comp_Fl,ORI_Number,Investigat_Agency_ID,Investigat_Area_ID,Investigat_District_ID,Investigat_Region_ID,Bridge_Detail_ID,Harm_Evnt_ID,Intrsct_Relat_ID,FHE_Collsn_ID,Obj_Struck_ID,Othr_Factr_ID,Road_Part_Adj_ID,Road_Cls_ID,Road_Relat_ID,Phys_Featr_1_ID,Phys_Featr_2_ID,Cnty_ID,City_ID,Latitude,Longitude,Hwy_Sys,Hwy_Nbr,Hwy_Sfx,Dfo,Street_Name,Street_Nbr,Control,Section,Milepoint,Ref_Mark_Nbr,Ref_Mark_Displ,Hwy_Sys_2,Hwy_Nbr_2,Hwy_Sfx_2,Street_Name_2,Street_Nbr_2,Control_2,Section_2,Milepoint_2,Txdot_Rptable_Fl,Onsys_Fl,Rural_Fl,Crash_Sev_ID,Pop_Group_ID,Located_Fl,Day_of_Week,Hwy_Dsgn_Lane_ID,Hwy_Dsgn_Hrt_ID,Hp_Shldr_Left,Hp_Shldr_Right,Hp_Median_Width,Base_Type_ID,Nbr_Of_Lane,Row_Width_Usual,Roadbed_Width,Surf_Width,Surf_Type_ID,Curb_Type_Left_ID,Curb_Type_Right_ID,Shldr_Type_Left_ID,Shldr_Width_Left,Shldr_Use_Left_ID,Shldr_Type_Right_ID,Shldr_Width_Right,Shldr_Use_Right_ID,Median_Type_ID,Median_Width,Rural_Urban_Type_ID,Func_Sys_ID,Adt_Curnt_Amt,Adt_Curnt_Year,Adt_Adj_Curnt_Amt,Pct_Single_Trk_Adt,Pct_Combo_Trk_Adt,Trk_Aadt_Pct,Curve_Type_ID,Curve_Lngth,Cd_Degr,Delta_Left_Right_ID,Dd_Degr,Feature_Crossed,Structure_Number,I_R_Min_Vert_Clear,Approach_Width,Bridge_Median_ID,Bridge_Loading_Type_ID,Bridge_Loading_In_1000_Lbs,Bridge_Srvc_Type_On_ID,Bridge_Srvc_Type_Under_ID,Culvert_Type_ID,Roadway_Width,Deck_Width,Bridge_Dir_Of_Traffic_ID,Bridge_Rte_Struct_Func_ID,Bridge_IR_Struct_Func_ID,CrossingNumber,RRCo,Poscrossing_ID,WDCode_ID,Standstop,Yield,Incap_Injry_Cnt,Nonincap_Injry_Cnt,Poss_Injry_Cnt,Non_Injry_Cnt,Unkn_Injry_Cnt,Tot_Injry_Cnt,Death_Cnt,MPO_ID,Investigat_Service_ID,Investigat_DA_ID,Investigator_Narrative
13337248,N,N,N,N,N,N,N,6/19/2013,6:50 AM,130034064,,220,19,N,Y,,,19,,,1,4500,W,SUBLETT,RD,N,N,40,N,N,,N,19,,,,6000,,WINDSONG,DR,,,,,,,11,1,0,,1,1,20,6:54 AM,DISPATCH,7:00 AM,6/19/2013,Y,TX2200100,59,,8,114,8,7,4,1,29,24,1,5,4,21,21,220,19,32.64899429,-97.17941248,,,,,W SUBLETT RD,4500,,,,,,,,,,,,,,Y,N,N,5,9,Y,WED,,,,,,,,,,,,,,,,,,,,,,,,,,,,,,,,,,,,,,,,,,,,,,,,,,,,,,,,0,0,0,1,0,0,0,282,,,
13337282,N,N,N,N,N,N,N,6/21/2013,9:42 AM,13-061351,,243,459,N,Y,33.86185,-98.53608,19,,,1,4500,,KEMP,BLVD,N,N,40,N,N,,Y,19,,,1,4400,,WESTGATE,ST,,,,,,,11,1,4,,1,1,8,9:43 AM,DISPATCH,9:49 AM,6/21/2013,Y,TX2430500,2426,,,,8,2,1,10,64,3,1,5,1,21,21,243,459,33.86189413,-98.53585206,,,,,KEMP BLVD,4501,,,,,,,,,WESTGATE ST,,,,,Y,N,N,5,8,Y,FRI,,,,,,,,,,,,,,,,,,,,,,,,,,,,,,,,,,,,,,,,,,,,,,,,,,,,,,,,0,0,0,2,0,0,0,151,,,
13337422,N,N,N,N,N,N,N,6/22/2013,10:21 AM,13-113468,,43,336,N,Y,,,19,,,1,100,W,SPRING CREEK,PKWY,N,N,40,N,N,,N,19,,,,,,CENTRAL,EXPY,,,,,,,11,1,0,,1,1,20,10:23 AM,RADIO DISPATCHED,10:28 AM,6/22/2013,Y,TX0430600,1938,54,165,58,8,2,4,22,64,36,1,5,1,21,21,43,336,33.05729814,-96.6954923,,,,,W SPRING CREEK PKWY,,,,,,,,,,,,,,,Y,N,N,5,9,Y,SAT,,,,,,,,,,,,,,,,,,,,,,,,,,,,,,,,,,,,,,,,,,,,,,,,,,,,,,,,0,0,0,6,0,0,0,282,,,
13337572,N,N,N,N,N,N,N,6/16/2013,2:15 PM,13-167105,,71,136,N,N,31.81689,-106.54699,19,,,1,800,,SUNLAND PARK,DR,N,N,45,N,N,THREE SOUTHBOUND LANE RDWY,N,19,,,1,900,,MESA HILLS,DR,,,,,SIX LANE RODWY,,11,1,0,,1,1,1,2:36 PM,DISPATCHED,2:38 PM,6/16/2013,Y,TX0710200,1259,,,142,8,2,4,22,64,42,1,5,1,21,21,71,136,31.81831796,-106.5450643,,,,,SUNLAND PARK DR,,,,,,,,,,,,,,,N,N,N,5,9,Y,SUN,,,,,,,,,,,,,,,,,,,,,,,,,,,,,,,,,,,,,,,,,,,,,,,,,,,,,,,,0,0,0,8,0,0,0,66,,,
13337804,N,N,N,N,N,N,N,6/18/2013,11:32 AM,SAPD13130460,2380,15,379,N,Y,,,19,,,1,100,,TAOS,,N,N,30,N,N,,N,19,,,,200,,CAROLYN,,,,,,,,11,1,0,,1,1,1,11:33 AM,DISPATCHED,11:40 AM,6/18/2013,Y,TXSPD0000,2473,,3,122,8,4,4,1,64,3,1,5,1,21,21,15,379,29.40119579,-98.53407958,,,,,TAOS DR,138,,,,,,,,,,,,,,Y,N,N,0,9,Y,TUE,,,,,,,,,,,,,,,,,,,,,,,,,,,,,,,,,,,,,,,,,,,,,,,,,,,,,,,,0,0,0,0,1,0,0,28,,,
13337968,N,N,N,N,N,N,N,6/6/2013,7:55 AM,130076487,0,101,1666,Y,Y,,,12,,,1,7300,W,BW 8 N,,N,Y,65,N,N,,N,19,,,1,,,GULF BANK,RD,,,,,,,11,1,0,,1,1,11,7:55 AM,DISPATCHED,7:55 AM,6/6/2013,Y,TX1014900,2744,66,5,6,8,2,4,20,64,54,1,6,1,21,21,101,1666,29.88189907,-95.54935675,,,,,W BELT DR N,,,,,,,,,,,,,,,Y,N,Y,5,0,Y,THU,,,,,,,,,,,,,,,,,,,,,,,,,,,,,,,,,,,,,,,,,,,,,,,,,,,,,,,,0,0,0,3,0,0,0,15,,,
13337976,N,N,N,N,N,N,N,6/11/2013,1:00 PM,0072388713I,,101,208,N,Y,,,19,,,1,900,,WILBURFORCE,,N,N,35,N,N,CONCRETE/DRY,N,19,,,,6500,,UTAH,ST,,,,,,,12,1,0,,1,1,20,1:05 PM,DISPATCH,1:06 PM,6/25/2013,Y,TXHPD0000,2469,24,152,59,8,2,3,11,64,14,1,5,1,32,21,101,208,29.85777297,-95.42529122,,,,,WILBURFORCE ST,965,,,,,,,,,,,,,,Y,N,N,3,9,Y,TUE,,,,,,,,,,,,,,,,,,,,,,,,,,,,,,,,,,,,,,,,,,,,,,,,,,,,,,,,0,0,2,1,0,2,0,15,,,
13338248,N,N,N,N,N,N,N,6/27/2013,6:30 PM,0079768513S,,101,208,N,Y,,,11,8,,2,3800,W,WEST SAM HOUSTON S,PKWY,N,N,40,N,N,,N,19,,,,,,WESTPARK,,,,,,,,11,1,0,1,1,1,11,6:40 PM,HPD DISPATCH,6:43 PM,6/27/2013,Y,TXHPD0000,2469,16,128,21,8,2,4,22,64,42,2,2,1,21,21,101,208,29.72907007,-95.5575169,SL,8,,16.546,SL0008,,3256,1,7.47,696,0.574,,,,,,,,,Y,Y,N,3,9,Y,THU,1,0,0,0,0,9,3,300,36,36,5,1,1,1,0,0,1,0,0,0,0,4,14,24530,2014,24530,1.8,1.4,3.2,,,,,,,,,,,,,,,,,,,,,,,,,,,0,0,3,1,0,3,0,15,,,
13338314,N,N,N,N,N,N,N,6/25/2013,9:30 PM,0078925213J,,101,208,N,Y,,,19,,,1,3800,,RICHMOND,AVE,N,N,40,N,N,,Y,19,,,1,3600,,CUMMINS,ST,,,,,,,11,3,0,,1,1,20,9:39 PM,DISPATCH,9:44 PM,6/25/2013,Y,TXHPD0000,2469,14,121,35,8,2,1,10,64,54,1,5,1,21,21,101,208,29.73277481,-95.43843307,,,,,RICHMOND AVE,,,,,,,,,,CUMMINS ST,,,,,Y,N,N,3,9,Y,TUE,,,,,,,,,,,,,,,,,,,,,,,,,,,,,,,,,,,,,,,,,,,,,,,,,,,,,,,,0,0,2,0,0,2,0,15,,,
13338368,N,N,N,N,N,N,N,6/28/2013,12:13 PM,13-28020,,108,331,N,N,,,19,,,1,400,E,BUSINESS 83,HWY,Y,N,10,N,N,,N,19,,,,100,S,DOGWOOD,ST,,,,,,,11,1,0,,7,1,1,12:13 PM,DISPATCHED,12:16 PM,6/28/2013,Y,TX1081100,1926,,,35,8,2,4,40,64,12,7,9,5,33,21,108,331,,,,,,,E BUSINESS 83 HWY,,,,,,,,,,,,,,,N,N,N,5,7,N,FRI,,,,,,,,,,,,,,,,,,,,,,,,,,,,,,,,,,,,,,,,,,,,,,,,,,,,,,,,0,0,0,3,0,0,0,,,,
13338482,N,N,N,N,N,N,N,6/28/2013,1:20 PM,0080101513U,,101,208,N,Y,,,1,10,,1,21500,W,KATY,FWY,N,N,65,N,N,EAST AND WEST,N,19,,,,100,,MASON,RD,,,,,,,11,1,0,2,1,1,20,1:26 PM,HPD DISPATCHER,1:42 PM,6/28/2013,Y,TXHPD0000,2469,52,128,21,8,2,4,20,64,54,1,1,1,21,21,101,1666,29.7852061,-95.75136052,IH,10,,743.931,IH0010,,271,6,3.922,745,0.261,,,,,,,,,Y,Y,Y,2,0,Y,FRI,5,0,24,12,80,3,8,300,168,96,5,0,0,2,48,5,2,24,5,2,32,4,11,184991,2014,184991,4.3,5.2,9.5,1,108,0,1,1,,,,,,,,,,,,,,,,,,,,,,0,1,0,4,0,1,0,15,,,
13338606,N,N,N,N,N,N,N,6/27/2013,6:18 PM,162612A,,57,107,N,Y,,,19,,,1,11300,,NEWKIRK,ST,N,N,30,Y,N,,N,19,,,,,,JOE FIELD,RD,,,,,,,11,1,0,,1,1,11,6:29 PM,DISPATCHED,4:41 PM,6/29/2013,N,TXDPD0000,2471,,,87,8,2,3,10,64,49,1,5,1,32,21,57,107,32.89242424,-96.90747254,,,,,NEWKIRK ST,11200,,,,,,,,,,,,,,Y,N,N,5,9,Y,THU,,,,,,,,,,,,,,,,,,,,,,,,,,,,,,,,,,,,,,,,,,,,,,,,,,,,,,,,0,0,0,2,0,0,0,282,,,
13338652,N,N,N,N,N,N,N,6/25/2013,4:30 PM,,,123,30,N,Y,30.13243,-94.16703,2,69,,2,,,NOT REPORTED,,N,N,45,N,N,,Y,3,105,,2,,,NOT REPORTED,,,,,,,,11,1,4,2,4,1,9,4:30 PM,WITNESSED,4:30 PM,6/25/2013,Y,,10000,17,58,1,8,2,1,10,64,54,2,2,1,21,21,123,30,30.13344193,-94.16742706,US,69,,320.944,US0069,,200,11,0.57,520,-0.645,SH,105,,SH0105,,339,5,6.694,Y,Y,N,5,8,Y,TUE,5,0,6,10,18,9,4,300,80,48,6,0,0,2,10,5,2,20,5,2,8,3,12,47354,2014,47354,1.6,7.8,9.4,,,,,,,,,,,,,,,,,,,,,,,,,,,0,0,0,2,0,0,0,135,,,
13338694,N,N,N,N,N,N,N,6/27/2013,4:39 PM,13006743,,61,114,N,Y,,,1,35,E,2,1200,N,HWY 35E,HWY,N,N,50,N,N,,N,19,,,,1500,,MCCORMICK,ST,,,,,,,11,1,0,2,1,1,1,4:39 PM,DISPATCH,4:53 PM,6/27/2013,Y,TX0610200,1196,,,411,8,2,4,21,64,9,2,1,1,21,21,61,114,33.20181671,-97.14755946,IH,35,E,95.489,IH0035E,,195,3,12.086,466,0.46,,,,,,,,,Y,Y,N,5,8,Y,THU,5,0,4,10,48,3,4,300,76,48,6,0,0,2,8,5,2,20,5,2,40,4,11,69105,2014,69105,3.2,6.1,9.3,1,442,0,1,17,,,,,,,,,,,,,,,,,,,,,,0,0,0,1,1,0,0,282,,,
13338804,N,N,N,N,N,N,N,6/27/2013,9:18 AM,13-4941,,220,214,N,Y,,,4,3029,,1,1700,,NOT REPORTED,,N,N,40,N,N,,N,19,,,,800,,HARWOOD,RD,,,,,,,11,1,0,,2,1,20,9:18 AM,DISPATCHED,9:34 AM,6/29/2013,Y,TX2201600,1503,,,35,8,2,4,20,64,3,1,3,1,21,21,220,214,,,FM,3029,,,FM3029,,,,,,,,,,,,,,,Y,Y,N,3,6,N,THU,,,,,,,,,,,,,,,,,,,,,,,,,,,,,,,,,,,,,,,,,,,,,,,,,,,,,,,,0,0,1,2,0,1,0,,,,
13338820,N,N,N,N,N,N,N,6/29/2013,5:35 PM,,,145,1710,Y,Y,31.36003,-96.01614,1,45,,1,,,NOT REPORTED,,N,N,75,N,N,,N,,,,,,,NOT REPORTED,,0.3,M,N,171,,,11,1,0,2,1,1,20,5:39 PM,DISPATCHED,5:47 PM,6/29/2013,Y,,10000,1,15,1,8,7,4,1,39,54,1,1,4,21,21,145,1710,31.3623518,-96.01666435,IH,45,,171.426,IH0045,,675,3,18.993,171,0.3,,,,NOT REPORTED,,,,,Y,Y,Y,5,0,Y,SAT,5,0,6,10,60,2,4,345,80,48,5,0,0,2,12,5,2,20,5,,48,1,1,29439,2014,29439,3.9,36.5,40.4,,,,,,,,,,,,,,,,,,,,,,,,,,,0,0,0,2,0,0,0,,,,
13338885,N,N,N,N,N,N,N,6/16/2013,1:30 AM,155215A,FLID - 151123A,57,107,N,N,,,19,,,1,3200,W,JEFFERSON,BLVD,N,N,35,N,N,,N,19,,,,200,S,WESTMORELAND,RD,,,,,,,11,4,0,,1,1,20,1:39 AM,DISPATCHED,1:47 AM,6/20/2013,N,TX0000006,2471,,,44,8,2,2,22,64,38,1,5,1,21,21,57,107,32.74291894,-96.87419452,,,,,W JEFFERSON BLVD,3301,,,,,,,,,S WESTMORELAND RD,,,,,N,N,N,5,9,Y,SUN,,,,,,,,,,,,,,,,,,,,,,,,,,,,,,,,,,,,,,,,,,,,,,,,,,,,,,,,0,0,0,1,1,0,0,282,,,
13338935,N,N,N,N,N,N,N,6/27/2013,10:10 AM,0079563813Z,,101,208,N,Y,,,1,10,,2,13300,W,KATY SER S,FWY,N,N,60,N,N,CONCRETE,N,19,,,,900,,ELDRIDGE,PKWY,,,,,,,11,1,0,2,1,1,20,10:16 AM,ON VIEWED,10:16 AM,6/27/2013,Y,TXHPD0000,2469,52,128,21,8,2,2,20,64,54,2,1,1,21,21,101,208,29.78485264,-95.61882424,IH,10,,751.903,IH0010,,271,7,11.924,753,0.317,,,,N ELDRIDGE PKWY,,,,,Y,Y,N,5,9,Y,THU,5,1,10,10,40,9,6,325,112,72,5,0,0,2,20,5,2,20,5,2,20,4,11,183870,2014,183870,4.3,5.2,9.5,,,,,,,,,,,,,,,,,,,,,,,,,,,0,0,0,4,0,0,0,15,,,
13339145,N,N,N,N,N,N,N,6/19/2013,11:10 PM,13002624,,57,124,N,Y,,,19,,,1,800,N,CEDAR RIDGE,DR,N,N,40,N,N,,N,19,,,,700,,JELLISON,BLVD,,,,,,,11,4,0,,1,1,20,11:12 PM,RADIO DISPATCH,11:13 PM,6/19/2013,Y,TX0570900,1223,,53,284,8,7,4,1,29,3,1,5,4,21,21,57,124,32.66477723,-96.92563442,,,,,N CEDAR RIDGE DR,890,,,,,,,,,,,,,,Y,N,N,3,6,Y,WED,,,,,,,,,,,,,,,,,,,,,,,,,,,,,,,,,,,,,,,,,,,,,,,,,,,,,,,,0,0,1,0,0,1,0,282,,,
13339231,N,Y,N,N,N,N,N,5/30/2013,5:01 PM,13-003637,13-003637,59,197,N,Y,,,2,60,,1,100,E,1ST,ST,N,N,35,N,N,,Y,4,1259,,1,100,S,MAIN,ST,,,,,,,11,1,4,3,1,1,5,5:01 PM,VIA PD DISPATCHER,5:01 PM,5/30/2013,Y,TX0590100,1445,,,,8,2,1,34,64,54,1,2,1,21,21,59,197,34.81497574,-102.3981476,US,60,,47.874,US0060,,168,7,1.441,276,0.935,FM,1259,,FM1259,,1243,2,1,Y,Y,N,5,5,Y,THU,2,0,0,0,0,2,4,70,61,61,4,1,1,1,0,0,1,0,0,0,0,2,14,9782,2014,9782,8.7,18.3,26.9,,,,,,,,,,,,,,,,,,,,,,,,,,,0,0,0,2,0,0,0,,,,
13339459,N,N,N,N,N,N,N,6/10/2013,7:39 PM,6485,,160,45,N,Y,,,19,,,1,200,E,9TH,ST,N,N,30,N,N,,N,19,,,1,900,S,BLACKBURN,ST,,,,,,,11,1,0,,1,1,1,7:42 PM,DISPATCH,8:50 PM,6/14/2013,Y,TX1540100,147,,,,8,8,4,1,98,54,1,5,1,21,21,160,45,31.12799373,-99.33407198,,,,,E 9TH ST,120,,,,,,,,,,,,,,Y,N,N,0,4,Y,MON,,,,,,,,,,,,,,,,,,,,,,,,,,,,,,,,,,,,,,,,,,,,,,,,,,,,,,,,0,0,0,0,1,0,0,,,,
13339463,N,N,N,N,N,N,N,6/18/2013,3:50 PM,2013-14777,,101,325,N,Y,,,12,8,,2,1800,E,BELTWAY,HWY,N,N,45,N,N,,Y,19,,,1,3800,,RED BLUFF,RD,,,,,,,11,1,4,,1,1,5,3:54 PM,POLICE RADIO,3:55 PM,6/18/2013,Y,TX1011500,1912,,2,94,8,2,1,28,64,54,2,6,1,21,21,101,325,,,,,,,TL0008,,,,,,,,,,RED BLUFF RD,,,,,Y,N,N,5,8,N,TUE,,,,,,,,,,,,,,,,,,,,,,,,,,,,,,,,,,,,,,,,,,,,,,,,,,,,,,,,0,0,0,2,0,0,0,,,,
13339533,N,N,N,N,N,N,N,6/16/2013,12:23 PM,13-001960,13-0370,220,59,N,Y,,,19,,,7,800,NE,ALSBURY,BLVD,Y,N,0,N,N,,N,1,35W,,2,1100,N,BURLESON,BLVD,,,,,,,11,1,98,,1,1,8,12:24 PM,POLICE DISPATCH,12:35 PM,6/16/2013,Y,TX1260200,185,30,26,41,8,2,4,24,64,3,7,9,5,33,21,220,59,,,,,,,NE ALSBURY BLVD,,,,,,,,,,,,,,,N,N,N,5,6,N,SUN,,,,,,,,,,,,,,,,,,,,,,,,,,,,,,,,,,,,,,,,,,,,,,,,,,,,,,,,0,0,0,1,1,0,0,,,,
13339542,N,N,N,N,N,N,N,6/7/2013,4:33 PM,13-06-110,,108,139,N,Y,,,3,107,,1,,,HIGHWAY 107,HWY,N,N,55,N,N,,Y,3,107,,1,,,MILE 6 WEST,RD,,,,,,,11,1,4,,1,1,5,4:33 PM,RADIO,4:35 PM,6/8/2013,Y,1080500,1270,,48,29,8,2,1,34,64,54,1,2,1,21,21,108,139,,,SH,107,,,SH0107,,,,,,,SH,107,,SH0107,,,,,Y,Y,N,2,4,N,FRI,,,,,,,,,,,,,,,,,,,,,,,,,,,,,,,,,,,,,,,,,,,,,,,,,,,,,,,,0,1,1,0,0,2,0,,,,
13339593,N,N,N,N,N,N,N,6/14/2013,12:58 PM,T13-05732,,19,427,N,Y,,,4,559,,1,2600,,RICHMOND,RD,N,N,55,N,N,,Y,19,,,1,3900,,GIBSON,LN,,,,,,,11,1,4,3,1,1,5,12:59 PM,DISPATCH,1:03 PM,6/14/2013,Y,TX0190500,2230,359,7,23,8,2,1,10,64,54,1,3,1,21,21,19,427,33.45948163,-94.08980563,FM,559,,9.227,FM0559,2698,1020,1,14.183,214,-0.786,,,,GIBSON LN,,,,,Y,Y,N,3,6,Y,FRI,2,0,0,0,0,2,4,150,66,52,5,2,2,1,0,0,1,0,0,0,0,3,14,27135,2014,27135,18.3,2.8,21.1,,,,,,,,,,,,,,,,,,,,,,,,,,,0,0,1,2,0,1,0,211,,,
13339621,N,N,N,N,N,N,N,6/14/2013,8:12 PM,T13-05744,,19,427,N,Y,,,2,82,,1,2900,,NEW BOSTON,RD,N,N,40,N,N,,Y,19,,,1,1900,N,ROBISON,RD,,,,,,,11,4,4,,1,1,5,8:18 PM,RADIO DISPATCH,8:22 PM,6/14/2013,Y,TX0190500,2230,283,19,23,8,2,1,34,64,54,1,2,1,21,21,19,427,,,US,82,,,US0082,,,,,,,,,,N ROBISON RD,,,,,Y,Y,N,3,6,N,FRI,,,,,,,,,,,,,,,,,,,,,,,,,,,,,,,,,,,,,,,,,,,,,,,,,,,,,,,,0,0,1,6,0,1,0,,,,
13339683,N,N,N,N,N,N,N,6/20/2013,1:08 AM,S13-02779,,235,1800,Y,Y,,,2,59,,1,4600,SW,MOODY,ST,N,N,55,N,N,,N,8,77,,1,100,,OLD REFUGIO HIGHWAY,,,,,,,,11,3,0,3,1,1,11,1:08 AM,PERSON,1:30 AM,6/20/2013,Y,TX2350000,2364,,,,8,6,4,1,64,54,1,2,1,21,21,235,440,28.78829493,-97.03389787,BU,59,T,10.301,BU0059T,2877,88,6,1.412,640,0.387,,,,,,,,,Y,Y,N,5,7,Y,THU,2,0,0,8,0,2,4,120,76,62,4,0,0,1,0,0,2,8,5,0,0,3,14,11368,2014,11368,4.8,19.3,24.1,,,,,,,,,,,,,,,,,,,,,,,,,,,0,0,0,1,0,0,0,363,,,
13339770,N,N,N,N,N,N,N,6/12/2013,8:45 AM,CG130602968,"2 VEHICLE, MINOR",101,208,N,Y,,,12,8,,1,4000,S,SAM HOUSTON TOLLWAY W,,N,Y,65,Y,Y,,N,19,,,,,,HIRAM CLARKE,,,,,,,,11,1,0,,1,1,20,8:53 AM,TOLL ROAD DISPATCH,8:56 AM,6/12/2013,Y,TX1015200,1418,,,,8,2,4,22,64,49,1,6,1,21,21,101,208,29.59616046,-95.44895832,,,,,S SAM HOUSTON PKWY W,,,,,,,,,,,,,,,Y,N,N,5,9,Y,WED,,,,,,,,,,,,,,,,,,,,,,,,,,,,,,,,,,,,,,,,,,,,,,,,,,,,,,,,0,0,0,2,0,0,0,15,,,
13339849,N,N,N,N,N,N,N,6/13/2013,3:15 PM,0073340613L,FSGI,101,208,N,Y,,,19,,,1,7000,,PARKER,RD,N,N,30,N,N,,N,19,,,,,,BRETSHIRE,DR,,,,,,,11,1,0,,1,1,1,3:15 PM,HPD DISPATCH,3:18 PM,6/13/2013,Y,TXHPD0000,2469,52,124,42,8,2,4,30,64,54,1,5,1,21,21,101,208,29.8570475,-95.30381879,,,,,PARKER RD,7083,,,,,,,,,,,,,,Y,N,N,5,9,Y,THU,,,,,,,,,,,,,,,,,,,,,,,,,,,,,,,,,,,,,,,,,,,,,,,,,,,,,,,,0,0,0,1,1,0,0,15,,,
13339904,N,N,N,N,N,N,N,6/29/2013,9:23 AM,13-12525,,221,2,N,Y,,,19,,,1,1200,,AMARILLO,ST,N,N,30,N,N,,N,19,,,,1900,,SOUTH 12TH,ST,,,,,,,11,1,0,,1,1,1,9:29 AM,DISPATCHED,9:33 AM,6/29/2013,N,TX2210100,10,,,113,8,2,4,30,64,11,1,5,1,21,21,221,2,32.43540557,-99.74673036,,,,,AMARILLO ST,1229,,,,,,,,,,,,,,Y,N,N,5,8,Y,SAT,,,,,,,,,,,,,,,,,,,,,,,,,,,,,,,,,,,,,,,,,,,,,,,,,,,,,,,,0,0,0,2,1,0,0,166,,,
13340017,N,N,N,N,N,N,N,6/23/2013,12:20 PM,13-15967,,227,1792,Y,Y,,,4,734,,1,9100,,PARMER,LN,N,N,45,Y,N,,N,3,290,,,10200,E,SH 290,,,,,,,,11,1,3,2,4,1,11,12:28 PM,RADIO DISPATCH,12:30 PM,6/23/2013,Y,TX2270000,2292,,7,118,8,2,4,24,64,49,1,3,1,20,21,227,22,30.34648705,-97.58238047,FM,734,,19.065,FM0734,,3417,3,7.444,438,1.24,,,,,,,,,Y,Y,N,5,9,Y,SUN,3,0,4,0,70,2,4,200,56,48,4,0,2,2,4,5,1,4,0,3,66,4,14,15025,2014,15025,2.6,8.7,11.3,,,,,,,,,,,,,,,,,,,,,,,,,,,0,0,0,5,0,0,0,90,,,
13340059,N,N,N,N,N,N,N,6/22/2013,2:47 AM,,,49,163,N,Y,33.6407,-97.15842,2,82,,1,,,NOT REPORTED,,N,N,40,N,N,,N,1,35,,,,,NOT REPORTED,,,,,,,,11,4,0,2,1,1,11,2:58 AM,CCSO DISPATCH,3:00 AM,6/25/2013,Y,TXDPS5526,10000,19,103,1,8,2,4,24,64,3,1,2,1,21,21,49,163,33.6406245,-97.15799562,US,82,,376.244,US0082,,44,8,39.241,610,-0.755,,,,,,,,,Y,Y,N,3,5,Y,SAT,3,0,4,10,28,8,4,100,78,48,4,1,0,2,8,4,2,20,4,3,20,2,14,24284,2014,24284,3.6,1.3,4.9,,,,,,,,,,,,,,,,,,,,,,,,,,,0,0,1,1,0,1,0,,,,
13340065,N,N,N,N,N,Y,N,6/15/2013,9:45 PM,173679,,108,1673,Y,Y,26.2248,-98.0371,4,493,,1,,,NOT REPORTED,,N,N,55,N,N,,Y,15,,,1,,,FOX LAKE,CT,,,,,,,11,3,0,1,1,1,11,9:48 PM,DPS WESLACO,9:57 PM,4/10/2014,Y,TXDPS5804,10000,19,127,1,8,2,2,22,64,47,1,3,1,21,21,108,1673,26.22432576,-98.03701111,FM,493,,18.717,FM0493,6700,863,1,19.189,722,0.693,,,,FOX LAKE CT,,,,,Y,Y,Y,3,0,Y,SAT,2,0,8,8,0,2,2,80,40,24,4,0,0,2,8,5,2,8,5,0,0,4,16,14089,2014,14089,2.4,2.9,5.3,,,,,,,,,,,,,,,,,,,,,,,,,,,0,0,3,5,0,3,0,230,,,
13340211,N,N,N,N,N,N,N,6/28/2013,7:26 AM,,,79,1644,Y,Y,29.53003,-95.47337,15,,,7,1302,N,TEAL ESTATES,CIR,N,N,30,N,N,,N,15,,,,,W,ARBOR BOUGH,CIR,,,,,,,11,1,0,,1,1,1,8:00 AM,DPS PIERCE,8:30 AM,6/28/2013,Y,,10000,16,52,1,8,7,4,1,31,33,1,4,2,21,21,79,1644,29.52998383,-95.47335673,,,,,N TEAL ESTATES CIR,1309,,,,,,,,,,,,,,Y,N,Y,5,0,Y,FRI,,,,,,,,,,,,,,,,,,,,,,,,,,,,,,,,,,,,,,,,,,,,,,,,,,,,,,,,0,0,0,1,0,0,0,15,,,