Crash_ID,Crash_Fatal_Fl,Cmv_Involv_Fl,Schl_Bus_Fl,Rr_Relat_Fl,Medical_Advisory_Fl,Amend_Supp_Fl,Active_School_Zone_Fl,Crash_Date,Crash_Time,Case_ID,Local_Use,Rpt_CRIS_Cnty_ID,Rpt_City_ID,Rpt_Outside_City_Limit_Fl,Thousand_Damage_Fl,Rpt_Latitude,Rpt_Longitude,Rpt_Rdwy_Sys_ID,Rpt_Hwy_Num,Rpt_Hwy_Sfx,Rpt_Road_Part_ID,Rpt_Block_Num,Rpt_Street_Pfx,Rpt_Street_Name,Rpt_Street_Sfx,Private_Dr_Fl,Toll_Road_Fl,Crash_Speed_Limit,Road_Constr_Zone_Fl,Road_Constr_Zone_Wrkr_Fl,Rpt_Street_Desc,At_Intrsct_Fl,Rpt_Sec_Rdwy_Sys_ID,Rpt_Sec_Hwy_Num,Rpt_Sec_Hwy_Sfx,Rpt_Sec_Road_Part_ID,Rpt_Sec_Block_Num,Rpt_Sec_Street_Pfx,Rpt_Sec_Street_Name,Rpt_Sec_Street_Sfx,Rpt_Ref_Mark_Offset_Amt,Rpt_Ref_Mark_Dist_Uom,Rpt_Ref_Mark_Dir,Rpt_Ref_Mark_Nbr,Rpt_Sec_Street_Desc,Rpt_CrossingNumber,Wthr_Cond_ID,Light_Cond_ID,Entr_Road_ID,Road_Type_ID,Road_Algn_ID,Surf_Cond_ID,Traffic_Cntl_ID,Investigat_Notify_Time,Investigat_Notify_Meth,Investigat_Arrv_Time,Report_Date,Investigat_Comp_Fl,ORI_Number,Investigat_Agency_ID,Investigat_Area_ID,Investigat_District_ID,Investigat_Region_ID,Bridge_Detail_ID,Harm_Evnt_ID,Intrsct_Relat_ID,FHE_Collsn_ID,Obj_Struck_ID,Othr_Factr_ID,Road_Part_Adj_ID,Road_Cls_ID,Road_Relat_ID,Phys_Featr_1_ID,Phys_Featr_2_ID,Cnty_ID,City_ID,Latitude,Longitude,Hwy_Sys,Hwy_Nbr,Hwy_Sfx,Dfo,Street_Name,Street_Nbr,Control,Section,Milepoint,Ref_Mark_Nbr,Ref_Mark_Displ,Hwy_Sys_2,Hwy_Nbr_2,Hwy_Sfx_2,Street_Name_2,Street_Nbr_2,Control_2,Section_2,Milepoint_2,Txdot_Rptable_Fl,Onsys_Fl,Rural_Fl,Crash_Sev_ID,Pop_Group_ID,Located_Fl,Day_of_Week,Hwy_Dsgn_Lane_ID,Hwy_Dsgn_Hrt_ID,Hp_Shldr_Left,Hp_Shldr_Right,Hp_Median_Width,Base_Type_ID,Nbr_Of_Lane,Row_Width_Usual,Roadbed_Width,Surf_Width,Surf_Type_ID,Curb_Type_Left_ID,Curb_Type_Right_ID,Shldr_Type_Left_ID,Shldr_Width_Left,Shldr_Use_Left_ID,Shldr_Type_Right_ID,Shldr_Width_Right,Shldr_Use_Right_ID,Median_Type_ID,Median_Width,Rural_Urban_Type_ID,Func_Sys_ID,Adt_Curnt_Amt,Adt_Curnt_Year,Adt_Adj_Curnt_Amt,Pct_Single_Trk_Adt,Pct_Combo_Trk_Adt,Trk_Aadt_Pct,Curve_Type_ID,Curve_Lngth,Cd_Degr,Delta_Left_Right_ID,Dd_Degr,Feature_Crossed,Structure_Number,I_R_Min_Vert_Clear,Approach_Width,Bridge_Median_ID,Bridge_Loading_Type_ID,Bridge_Loading_In_1000_Lbs,Bridge_Srvc_Type_On_ID,Bridge_Srvc_Type_Under_ID,Culvert_Type_ID,Roadway_Width,Deck_Width,Bridge_Dir_Of_Traffic_ID,Bridge_Rte_Struct_Func_ID,Bridge_IR_Struct_Func_ID,CrossingNumber,RRCo,Poscrossing_ID,WDCode_ID,Standstop,Yield,Incap_Injry_Cnt,Nonincap_Injry_Cnt,Poss_Injry_Cnt,Non_Injry_Cnt,Unkn_Injry_Cnt,Tot_Injry_Cnt,Death_Cnt,MPO_ID,Investigat_Service_ID,Investigat_DA_ID,Investigator_Narrative
13340218,N,N,N,N,N,N,N,6/30/2013,7:36 PM,0081174813P,,101,208,N,Y,,,19,,,1,3200,,SMITH,,N,N,30,N,N,CONCRETE,Y,19,,,1,600,,ELGIN,ST,,,,,,,11,1,4,,1,1,5,8:17 PM,ON VIEWED,8:17 PM,6/30/2013,Y,TXHPD0000,2469,24,121,35,8,2,1,10,64,54,1,5,1,21,21,101,208,29.74370481,-95.38049309,,,,,SMITH ST,3201,,,,,,,,,ELGIN ST,,,,,Y,N,N,5,9,Y,SUN,,,,,,,,,,,,,,,,,,,,,,,,,,,,,,,,,,,,,,,,,,,,,,,,,,,,,,,,0,0,0,2,0,0,0,15,,,
13340247,N,N,N,N,N,N,N,6/11/2013,3:05 PM,0072440313E,FSRA,101,208,N,Y,,,1,610,,1,1400,N,NORTH LP E,,N,N,60,N,N,CONCRETE,N,19,,,,1300,W,31,ST,,,,,,,11,1,0,,1,2,20,3:05 PM,DISPATCH,3:05 PM,6/28/2013,Y,TXHPD0000,2469,16,121,33,8,2,4,20,64,54,1,1,1,21,21,101,208,,,IH,610,,,IH0610,,,,,,,,,,,,,,,Y,Y,N,3,9,N,TUE,,,,,,,,,,,,,,,,,,,,,,,,,,,,,,,,,,,,,,,,,,,,,,,,,,,,,,,,0,0,3,3,1,3,0,,,,
13340263,N,N,N,N,N,N,N,6/24/2013,4:45 PM,,,184,1749,Y,Y,32.78229,-97.55962,15,,,1,,,WHITE SETTLEMENT,RD,N,N,40,N,N,,N,15,,,,,,LUNA VISTA,DR,,,,,,,11,1,0,,5,1,11,4:49 PM,DPS MINERAL WELLS,5:15 PM,6/25/2013,Y,TXDPS1900,10000,12,118,1,8,8,4,1,98,54,1,4,1,21,21,184,1749,32.78229564,-97.55998861,,,,,WHITE SETTLEMENT RD,13935,,,,,,,,,,,,,,Y,N,Y,5,0,Y,MON,,,,,,,,,,,,,,,,,,,,,,,,,,,,,,,,,,,,,,,,,,,,,,,,,,,,,,,,0,0,0,1,0,0,0,282,,,
13340265,N,N,N,N,N,N,N,6/27/2013,2:10 PM,162399A,,57,107,N,Y,,,19,,,1,5600,,ROYAL,LN,N,N,35,N,N,,N,19,,,,10800,,NETHERLANDS,DR,,,,,,,11,1,0,,1,1,11,2:13 PM,DISPATCHED,2:22 PM,6/27/2013,Y,TX0000006,2471,,,59,8,2,2,20,20,46,1,5,1,21,21,57,107,32.89480384,-96.81244992,,,,,ROYAL LN,,,,,,,,,,NETHERLAND DR,,,,,Y,N,N,5,9,Y,THU,,,,,,,,,,,,,,,,,,,,,,,,,,,,,,,,,,,,,,,,,,,,,,,,,,,,,,,,0,0,0,2,0,0,0,282,,,
13340316,N,N,N,N,N,N,N,6/22/2013,1:35 AM,,,45,1610,Y,Y,29.76565,-96.40295,19,,,1,,,CAT SPRING,RD,N,N,60,N,N,,N,19,,,,,,REITZ QUINN,RD,,,,,,,11,3,0,,4,1,1,1:39 AM,CCSO - RADIO,2:03 AM,6/25/2013,Y,,10000,15,52,1,8,7,4,1,30,54,1,4,2,21,21,45,1610,29.79564813,-96.4030056,,,,,CAT SPRING RD,1700,,,,,,,,,,,,,,Y,N,Y,5,0,Y,SAT,,,,,,,,,,,,,,,,,,,,,,,,,,,,,,,,,,,,,,,,,,,,,,,,,,,,,,,,0,0,0,1,0,0,0,,,,
13340395,N,N,N,N,N,N,N,6/28/2013,9:55 AM,,,184,1749,Y,Y,32.81842,-97.77635,4,51,,1,,,NOT REPORTED,,N,N,55,N,N,,Y,15,,,1,,,HALL,RD,,,,,,,11,1,2,1,5,1,11,10:10 AM,DPS - MINERAL WELLS,10:22 AM,6/28/2013,Y,TXDPS1900,10000,22,118,1,8,2,2,22,64,47,1,3,1,21,21,184,1749,32.81842793,-97.7763616,FM,51,,71.053,FM0051,3303,313,2,15.034,282,0.011,FM,920,,FM0920,,,,,Y,Y,Y,2,0,Y,FRI,2,0,6,8,0,3,3,130,50,36,4,0,0,2,6,5,2,8,5,0,0,1,6,5005,2014,5005,7.5,14,21.6,1,125,0,,0,,,,,,,,,,,,,,,,,,,,,,0,1,0,1,0,1,0,282,,,
13340447,N,N,N,N,N,N,N,6/27/2013,2:58 PM,27 JOHNSON,,102,1667,Y,Y,32.45911,-94.67216,1,20,,1,,,NOT REPORTED,,N,N,75,N,N,,N,2,259,,,,,NOT REPORTED,,,,,,,,11,1,0,2,1,1,11,3:01 PM,HARRISON COUNTY SO,3:14 PM,6/28/2013,Y,TXDPS3100,10000,8,28,1,8,2,4,21,64,9,1,1,1,21,21,102,1667,32.45934777,-94.67219343,IH,20,,597.458,IH0020,,495,8,1.806,599,-0.242,,,,,,,,,Y,Y,Y,5,0,Y,THU,5,0,4,10,46,3,4,300,76,48,6,0,0,2,8,5,2,20,5,3,38,3,11,30188,2014,30188,3.4,35.2,38.5,,,,,,,,,,,,,,,,,,,,,,,,,,,0,0,0,5,0,0,0,361,,,
13340584,N,N,N,N,N,N,N,6/27/2013,6:03 PM,2013-27919,,108,331,N,Y,,,2,281,,1,2600,S,CAGE,BLVD,N,N,45,N,N,,N,19,,,,100,E,HALL ACRES,RD,,,,,,,11,1,0,3,1,1,5,6:03 PM,DISPATCH,6:14 PM,6/27/2013,Y,TX1081100,1926,,,35,8,2,3,10,64,14,1,2,1,32,21,108,331,26.1660663,-98.18882829,US,281,,573.574,US0281,2630,255,9,43.395,786,-0.765,,,,,,,,,Y,Y,N,5,7,Y,THU,2,0,8,8,0,2,4,100,84,64,4,2,2,2,8,5,2,8,5,0,0,4,14,22519,2014,22519,9.5,6.5,16,,,,,,,,,,,,,,,,,,,,,,,,,,,0,0,0,3,0,0,0,230,,,
13340885,N,N,N,N,N,N,N,6/24/2013,1:51 PM,13-00194,,90,322,N,Y,,,3,70,,1,1100,N,HOBART ST,,N,N,40,N,N,,N,19,,,1,500,W,FLORIDA AVE,,,,,,,,11,1,2,,1,1,20,1:51 PM,RADIO,1:52 PM,6/24/2013,Y,TX0900200,1901,,,33,8,2,3,14,64,14,1,2,1,32,21,90,322,,,SH,70,,,SH0070,,,,,,,,,,,,,,,Y,Y,N,5,5,N,MON,,,,,,,,,,,,,,,,,,,,,,,,,,,,,,,,,,,,,,,,,,,,,,,,,,,,,,,,0,0,0,2,0,0,0,,,,
13341259,N,N,N,N,N,N,N,6/12/2013,11:33 AM,13-00179,,90,322,N,Y,,,19,,,1,300,S,STARKWEATHER ST,,N,N,30,N,N,,N,19,,,1,500,E,TYNG AVE,,,,,,,,11,1,0,,1,1,20,11:33 AM,RADIO,11:38 AM,6/12/2013,Y,TX0900200,1901,,,27,8,2,2,35,64,42,1,5,1,21,21,90,322,35.53611004,-100.9554749,,,,,S STARKWEATHER ST,304,,,,,,,,,E TYNG AVE,,,,,Y,N,N,5,5,Y,WED,,,,,,,,,,,,,,,,,,,,,,,,,,,,,,,,,,,,,,,,,,,,,,,,,,,,,,,,0,0,0,4,0,0,0,,,,
13341353,N,N,N,N,N,N,N,6/12/2013,11:45 AM,201309971,6/26/2013,171,123,N,Y,,,19,,,1,800,E,14TH,ST,Y,N,0,N,N,APARTMENT PARKING LOT,N,19,,,1,1300,S,MADDOX,AVE,,,,,,,11,1,0,,1,1,1,11:45 AM,CITIZEN,1:19 PM,6/12/2013,Y,TX1710100,1221,,,,8,2,4,43,64,12,7,9,5,33,21,171,123,,,,,,,E 14TH ST,,,,,,,,,,,,,,,N,N,N,5,5,N,WED,,,,,,,,,,,,,,,,,,,,,,,,,,,,,,,,,,,,,,,,,,,,,,,,,,,,,,,,0,0,0,2,0,0,0,,,,
13341475,N,N,N,N,N,N,N,6/29/2013,12:00 PM,0080995913U,FSGI,101,208,N,Y,,,19,,,1,500,,BAYBROOK MALL,DR,Y,N,-1,N,N,CONCRETE,N,19,,,,1400,,BENTBROOK,DR,,,,,,,11,1,0,,1,1,1,9:50 AM,WALK-IN-REPORT,9:50 AM,6/30/2013,Y,TXHPD0000,2469,9,104,17,8,4,4,1,64,54,7,9,5,33,21,101,208,,,,,,,BAYBROOK MALL DR,,,,,,,,,,,,,,,N,N,N,0,9,N,SAT,,,,,,,,,,,,,,,,,,,,,,,,,,,,,,,,,,,,,,,,,,,,,,,,,,,,,,,,0,0,0,0,1,0,0,,,,
13341508,N,N,N,N,N,N,N,5/24/2013,3:00 PM,13-3195,,79,413,N,Y,,,19,,,1,1400,,VICKERY,,N,N,35,N,N,,N,19,,,1,14200,,VINEHILL,,,,,,,,11,1,0,,1,1,11,3:00 PM,DISPATCHED,3:04 PM,5/27/2013,Y,TX0790500,2189,,,,8,2,4,21,64,11,1,5,1,21,21,79,413,29.64111894,-95.63434663,,,,,VICKERY DR,1514,,,,,,,,,,,,,,Y,N,N,5,7,Y,FRI,,,,,,,,,,,,,,,,,,,,,,,,,,,,,,,,,,,,,,,,,,,,,,,,,,,,,,,,0,0,0,6,0,0,0,15,,,
13341570,N,N,N,N,N,N,N,6/22/2013,2:55 PM,13-05443,,84,165,N,N,,,19,,,1,2300,,AVE P,,N,N,30,N,N,TWO LANE ONE WAY,Y,19,,,1,23,,STREET,,,,,,,,11,1,0,,1,1,5,3:00 PM,DISPATCH,3:05 PM,6/22/2013,Y,TX0840400,1341,,,,8,2,1,24,64,54,1,5,1,21,21,84,165,29.29215488,-94.78922326,,,,,AVENUE P,2300,,,,,,,,,UNKNOWN,,,,,N,N,N,5,6,Y,SAT,,,,,,,,,,,,,,,,,,,,,,,,,,,,,,,,,,,,,,,,,,,,,,,,,,,,,,,,0,0,0,3,0,0,0,15,,,
13341637,N,Y,N,N,N,N,N,6/28/2013,11:41 AM,13-63913,,220,156,N,Y,32.77814,-97.33732,19,,,1,900,E,NORTHSIDE,DR,N,N,40,N,N,,Y,19,,,1,1200,,SAMUELS,AVE,,,,,,,11,1,0,,1,1,11,11:59 AM,DISPATCHED,12:08 PM,6/28/2013,Y,TX2201200,1318,885,3,120,8,2,2,21,64,32,1,5,1,21,21,220,156,32.77809428,-97.33795243,,,,,E NORTHSIDE DR,900,,,,,,,,,UNKNOWN,,,,,Y,N,N,5,9,Y,FRI,,,,,,,,,,,,,,,,,,,,,,,,,,,,,,,,,,,,,,,,,,,,,,,,,,,,,,,,0,0,0,4,0,0,0,282,,,
13341687,N,N,N,N,N,N,N,6/17/2013,3:20 PM,13-002311,,14,36,N,Y,,,14,253,,1,100,E,CENTRAL,AVE,N,N,30,N,N,,N,3,317,,1,100,N,MAIN,ST,,,,,,,11,1,0,,1,1,20,3:21 PM,DISPATCH,3:23 PM,6/17/2013,Y,TX0140200,113,,,,8,2,4,40,64,12,1,2,1,12,21,14,36,,,,,,,SP0253,,,,,,,,,,,,,,,Y,Y,N,5,5,N,MON,,,,,,,,,,,,,,,,,,,,,,,,,,,,,,,,,,,,,,,,,,,,,,,,,,,,,,,,0,0,0,2,0,0,0,,,,
13341912,N,N,N,N,N,N,N,6/15/2013,10:05 PM,2.01E+11,WW,57,357,N,Y,,,2,75,,2,800,S,CENTRAL,EXPY,N,N,45,N,N,EAST FRONTAGE ROAD,N,19,,,1,,W,SPRING VALLEY,RD,,,,,,,12,4,0,2,1,1,20,10:05 PM,RADIO DISPATCH,10:17 PM,6/15/2013,Y,TX0572000,2011,,8,77,8,2,4,21,64,9,2,2,1,21,21,57,357,32.9405016,-96.74514303,US,75,,64.505,US0075,,47,7,3.79,260,-0.056,,,,,,,,,Y,Y,N,5,8,Y,SAT,5,0,12,10,28,3,8,360,140,96,5,0,0,2,24,5,2,20,5,2,4,4,12,216946,2014,216946,2.8,5.4,8.3,,,,,,,,,,,,,,,,,,,,,,,,,,,0,0,0,2,2,0,0,282,,,
13342010,N,N,N,N,N,N,N,6/23/2013,7:00 PM,13-001126,,14,236,N,N,,,19,,,7,1505,,WINDWARD,DR,N,N,30,N,N,,N,19,,,1,1700,,BENTTREE,DR,,,,,,,11,1,0,,4,1,1,10:13 PM,DISPATCH,10:16 PM,6/23/2013,Y,TX0140400,1587,,,,8,7,3,4,31,14,1,5,2,32,21,14,236,31.1177769,-97.6752377,,,,,WINDWARD DR,1704,,,,,,,,,,,,,,N,N,N,0,8,Y,SUN,,,,,,,,,,,,,,,,,,,,,,,,,,,,,,,,,,,,,,,,,,,,,,,,,,,,,,,,0,0,0,0,1,0,0,277,,,
13342367,N,N,N,N,N,N,N,6/25/2013,12:47 PM,13-000230,,25,54,N,Y,,,4,2524,,1,900,W,AUSTIN AVE,,N,N,40,N,N,,N,19,,,1,1000,,CORDELL ST,,,,,,,,12,3,0,3,4,1,1,12:47 PM,RADIO,12:49 PM,6/25/2013,Y,TX0250200,2550,135,95,142,8,2,3,10,64,14,1,3,1,32,21,25,54,31.72370914,-98.99201455,FM,2524,,0.683,FM2524,1027,2377,1,10.669,340,0.644,,,,,,,,,Y,Y,N,5,5,Y,TUE,2,0,0,0,0,2,4,80,48,48,2,2,2,1,0,0,1,0,0,0,0,2,14,8360,2014,8360,7.5,4.1,11.6,1,121,10,1,63,,,,,,,,,,,,,,,,,,,,,,0,0,0,6,0,0,0,,,,
13342573,N,N,N,N,N,N,N,6/10/2013,9:49 PM,13-018238,,240,254,N,N,,,3,20,,1,100,,JAIME ZAPATA,HWY,N,N,45,N,N,PAVED,Y,3,359,,1,4400,,STATE HIGHWAY 359,,,,,,,,11,4,4,3,1,1,5,9:58 PM,MCT DISPATCH,10:04 PM,6/10/2013,Y,TX2400100,1644,,,28,8,2,1,21,64,25,1,2,1,21,21,240,254,27.49710274,-99.44745636,SH,359,,1.406,SH0359,4506,86,1,3.656,434,-0.215,SL,20,,SL0020,,86,16,9.668,N,Y,N,5,8,Y,MON,2,0,8,8,0,2,4,120,81,62,4,2,2,2,8,5,2,8,5,0,0,4,14,16637,2014,16637,3.3,6.2,9.4,,,,,,,,,,,,,,,,,,,,,,,,,,,0,0,0,9,0,0,0,205,,,
13342589,N,N,N,N,N,N,N,6/23/2013,3:50 AM,158215A,158216a,57,107,N,Y,,,19,,,1,6100,,FLAGSTAFF,DR,N,N,30,N,N,PUBLIC STREET,N,19,,,,3900,,MEHALIA,DR,,,,,PUBLIC STREET,,11,3,0,,2,1,1,5:59 AM,DISPATCHED,6:01 AM,6/24/2013,N,TX0000006,2471,,,113,8,4,4,1,64,54,1,5,1,21,21,57,107,32.67366711,-96.75559812,,,,,FLAGSTAFF DR,6107,,,,,,,,,,,,,,Y,N,N,0,9,Y,SUN,,,,,,,,,,,,,,,,,,,,,,,,,,,,,,,,,,,,,,,,,,,,,,,,,,,,,,,,0,0,0,0,1,0,0,282,,,
13342726,N,N,N,N,N,N,N,7/1/2013,12:25 PM,0081462313E,FSGI,101,208,N,Y,,,19,,,1,100,W,DYNA,DR,N,N,30,N,N,,N,19,,,,,N,FREEWAY SERV,RD,,,,,,,11,1,0,,1,1,11,12:25 PM,DISPATCHED,12:37 PM,7/1/2013,Y,TXHPD0000,2469,14,152,59,8,2,4,20,64,47,1,5,1,21,21,101,208,29.92212477,-95.40760308,,,,,W DYNA DR,100,,,,,,,,,,,,,,Y,N,N,3,9,Y,MON,,,,,,,,,,,,,,,,,,,,,,,,,,,,,,,,,,,,,,,,,,,,,,,,,,,,,,,,0,0,1,0,1,1,0,15,,,
13342923,N,N,N,N,N,N,N,6/18/2013,5:54 PM,,,212,1777,Y,Y,32.3718,-95.35537,15,46,,1,,,NOT REPORTED,,N,N,55,N,N,,N,15,46,,,,,NOT REPORTED,,,,,,,,12,1,0,1,3,1,12,5:56 PM,DPS COMMUNICATIONS,6:27 PM,6/18/2013,Y,TXDPS5500,10000,3,28,1,8,2,4,22,64,42,1,2,1,21,21,212,1777,32.3723868,-95.35683327,SH,110,,33.843,SH0110,2974,505,2,19.701,306,-0.359,,,,,,,,,Y,Y,Y,5,0,Y,TUE,2,0,3,3,0,2,2,80,60,24,2,0,0,2,3,5,2,3,5,0,0,3,16,8824,2014,8824,5.3,7.8,13.1,,,,,,,,,,,,,,,,,,,,,,,,,,,0,0,0,2,0,0,0,213,,,
13342935,N,N,N,N,N,N,N,7/1/2013,6:15 PM,0081623613F,,101,208,N,Y,,,1,45,,1,18000,S,GULF,FWY,N,N,60,N,N,,N,19,,,,100,,EL DORADO,BLVD,,,,,,,11,1,0,,1,1,20,6:33 PM,DISPATCHED,6:47 PM,7/2/2013,Y,TXHPD0000,2469,9,104,17,8,2,4,22,64,42,1,1,1,21,21,101,208,,,IH,45,,,IH0045,,,,,,,,,,,,,,,Y,Y,N,5,9,N,MON,,,,,,,,,,,,,,,,,,,,,,,,,,,,,,,,,,,,,,,,,,,,,,,,,,,,,,,,0,0,0,2,0,0,0,,,,
13342943,N,N,N,N,N,Y,N,6/16/2013,12:00 AM,,,170,1735,Y,Y,30.1577,-95.66822,3,249,,1,,,NOT REPORTED,,N,N,55,N,N,,N,19,,,,,,WOODTRACE,BLVD,,,,,,,0,3,0,2,1,1,20,12:17 AM,DPS COMMUNICATIONS,5:00 PM,2/4/2014,Y,,10000,17,52,1,8,2,4,21,64,54,1,2,1,21,21,170,1735,30.15840265,-95.66921118,SH,249,,1.263,SH0249,,720,2,33.679,446,-0.336,,,,,,,,,Y,Y,Y,5,0,Y,SUN,5,0,0,0,14,2,6,350,78,76,5,1,2,1,0,0,1,0,0,3,14,4,14,26881,2014,26881,6.5,3.7,10.2,,,,,,,,,,,,,,,,,,,,,,,,,,,0,0,0,3,2,0,0,15,,,
13342983,N,N,N,N,N,N,N,6/29/2013,4:09 PM,13-64354,,220,156,N,Y,32.76525,-97.28806,19,,,1,4000,E,1ST,ST,N,N,40,N,N,CONCRETE,N,19,,,,100,,GROSS,ST,,,,,CONCRETE,,11,1,0,,1,1,1,4:09 PM,DISPATCHED,4:13 PM,6/29/2013,Y,TX2201200,1318,885,3,120,8,2,4,20,64,36,1,5,1,21,21,220,156,32.76522985,-97.28833487,,,,,E 1ST ST,4002,,,,,,,,,,,,,,Y,N,N,3,9,Y,SAT,,,,,,,,,,,,,,,,,,,,,,,,,,,,,,,,,,,,,,,,,,,,,,,,,,,,,,,,0,0,3,2,0,3,0,282,,,
13342997,N,N,N,N,N,N,N,6/23/2013,6:10 AM,,,39,1604,Y,N,33.6589,-98.40448,4,172,,1,,,NOT REPORTED,,N,N,60,N,N,,N,,,,,,,NOT REPORTED,,0.8,M,W,500,,,11,2,0,1,1,1,20,6:15 AM,WICHITA FALLS DPS,7:10 AM,6/23/2013,N,,10000,19,17,1,8,7,4,1,33,54,1,3,2,21,21,39,1604,33.65989382,-98.40278402,FM,172,,10.861,FM0172,,824,3,2.208,500,-0.8,,,,NOT REPORTED,,,,,N,Y,Y,0,0,Y,SUN,2,0,0,0,0,2,2,80,22,20,2,0,0,1,0,0,1,0,0,0,0,1,7,258,2014,258,10.2,18,28.2,,,,,,,,,,,,,,,,,,,,,,,,,,,0,0,0,0,1,0,0,,,,
13343236,N,N,N,N,N,N,N,7/2/2013,8:37 PM,167549A,,57,107,N,Y,,,19,,,1,8200,,FERGUSON,RD,N,N,40,N,N,,N,19,,,,2300,,DORRINGTON,DR,,,,,,,11,5,0,,2,1,20,8:42 PM,DISPATCHED,9:00 PM,7/2/2013,Y,TX0000006,2471,,,71,8,7,2,1,21,9,1,5,2,21,21,57,107,32.80644157,-96.70836361,,,,,FERGUSON RD,,,,,,,,,,DORRINGTON DR,,,,,Y,N,N,5,9,Y,TUE,,,,,,,,,,,,,,,,,,,,,,,,,,,,,,,,,,,,,,,,,,,,,,,,,,,,,,,,0,0,0,1,0,0,0,282,,,
13343267,N,N,N,N,N,N,N,7/2/2013,6:07 PM,130702031,,165,291,N,Y,,,19,,,1,4500,N,MIDLAND,DR,N,N,45,N,N,,Y,19,,,1,4400,,BRIARWOOD,,,,,,,,11,1,2,,1,1,5,6:07 PM,DISPATCHED,6:09 PM,7/2/2013,Y,TX1650100,1782,,,629,8,2,1,34,64,54,1,5,1,21,21,165,291,32.03177462,-102.1465513,,,,,N MIDLAND DR,4698,,,,,,,,,BRIARWOOD AVE,,,,,Y,N,N,3,8,Y,TUE,,,,,,,,,,,,,,,,,,,,,,,,,,,,,,,,,,,,,,,,,,,,,,,,,,,,,,,,0,0,2,2,0,2,0,174,,,
13343616,N,N,N,N,N,N,N,6/22/2013,2:25 PM,131731075,,227,22,N,Y,,,4,1327,,1,1280,,NOT REPORTED,RD,N,N,55,N,N,,N,19,,,,,,BRADSHAW,RD,,,,,,,11,1,2,,4,1,11,2:25 PM,DISPATCHED,2:52 PM,6/22/2013,N,TX2270100,74,17,131,9,8,7,2,1,23,54,1,3,2,21,21,227,22,,,FM,1327,,,FM1327,,,,,,,,,,BRADSHAW RD,,,,,Y,Y,N,0,9,N,SAT,,,,,,,,,,,,,,,,,,,,,,,,,,,,,,,,,,,,,,,,,,,,,,,,,,,,,,,,0,0,0,0,1,0,0,,,,
13343663,N,N,N,N,N,N,N,6/22/2013,2:21 PM,131731069,,227,22,N,Y,,,1,35,,2,13700,S,SVRD NB,,N,N,0,N,N,,N,3,45E,,,,S,EASTBOUND,,,,,,,,11,1,0,2,2,1,1,2:34 PM,DISPATCH,2:39 PM,6/22/2013,Y,TX2270100,74,163,99,130,8,7,4,1,23,3,2,1,2,21,21,227,22,30.10750252,-97.80933787,IH,35,,222.107,IH0035,,16,1,0.607,223,-0.422,,,,,,,,,Y,Y,N,1,9,Y,SAT,5,0,2,10,14,2,6,300,96,72,4,0,0,2,4,5,2,20,5,,10,4,11,116132,2014,116132,4.9,8,13,1,84,0,1,2,,,,,,,,,,,,,,,,,,,,,,1,0,0,0,0,1,0,90,,,
13343763,N,N,N,N,N,N,N,6/24/2013,2:45 AM,131750171,DWI,227,22,N,Y,,,19,,,7,1020,E,45TH,ST,N,N,10,N,N,,N,19,,,,,E,45TH,ST,,,,,,,11,4,0,,1,1,1,2:45 AM,DISPATCHED,2:50 AM,6/24/2013,Y,TX2270100,74,,120,14,8,7,4,3,58,13,1,5,5,32,21,227,22,30.30360477,-97.71688247,,,,,E 45TH ST,1020,,,,,,,,,,,,,,Y,N,N,5,9,Y,MON,,,,,,,,,,,,,,,,,,,,,,,,,,,,,,,,,,,,,,,,,,,,,,,,,,,,,,,,0,0,0,3,0,0,0,90,,,
13343871,N,N,N,N,N,N,N,6/27/2013,11:41 AM,,,61,1626,Y,Y,33.34663,-96.90218,4,1385,,1,,,NOT REPORTED,,N,N,55,N,N,,N,15,,,,,,FRIENDSHIP,RD,,,,,,,11,1,0,1,1,1,1,11:41 AM,DENTON COUNTY SO,12:06 PM,6/27/2013,Y,,10000,3,118,1,8,7,2,1,32,3,1,3,2,21,21,61,1626,33.34679883,-96.90211289,FM,1385,,2.874,FM1385,10685,1315,1,2.842,226,0.851,,,,FRIENDSHIP RD,,,,,Y,Y,Y,3,0,Y,THU,2,0,0,0,0,2,2,80,20,20,4,0,0,1,0,0,1,0,0,0,0,1,7,2010,2014,2010,1.6,4.2,5.9,,,,,,,,,,,,,,,,,,,,,,,,,,,0,0,1,0,0,1,0,282,,,
13343965,N,N,N,N,N,N,N,6/28/2013,4:45 PM,13-63999,,220,156,N,N,32.91463,-97.31808,1,35,,2,9600,,NORTH FREEWAY,,N,N,35,N,N,,Y,19,,,1,2800,,HERITAGE TRACE,PKWY,,,,,,,11,1,4,2,1,1,9,4:53 PM,RADIO DISPATCHED,4:54 PM,6/28/2013,N,TX2201200,1318,885,29,120,8,2,2,22,64,38,2,1,1,21,21,220,156,32.91462817,-97.31716065,IH,35,W,62.517,IH0035W,,81,12,1.614,62,0.465,US,81,,US0081,,,,,N,Y,N,5,9,Y,FRI,5,0,4,10,48,3,4,350,76,48,5,0,0,2,8,5,2,20,5,3,40,4,11,73776,2014,73776,3.2,11.8,15.1,,,,,,,,,,,,,,,,,,,,,,,,,,,0,0,0,1,1,0,0,282,,,