Crash_ID,Crash_Fatal_Fl,Cmv_Involv_Fl,Schl_Bus_Fl,Rr_Relat_Fl,Medical_Advisory_Fl,Amend_Supp_Fl,Active_School_Zone_Fl,Crash_Date,Crash_Time,Case_ID,Local_Use,Rpt_CRIS_Cnty_ID,Rpt_City_ID,Rpt_Outside_City_Limit_Fl,Thousand_Damage_Fl,Rpt_Latitude,Rpt_Longitude,Rpt_Rdwy_Sys_ID,Rpt_Hwy_Num,Rpt_Hwy_Sfx,Rpt_Road_Part_ID,Rpt_Block_Num,Rpt_Street_Pfx,Rpt_Street_Name,Rpt_Street_Sfx,Private_Dr_Fl,Toll_Road_Fl,Crash_Speed_Limit,Road_Constr_Zone_Fl,Road_Constr_Zone_Wrkr_Fl,Rpt_Street_Desc,At_Intrsct_Fl,Rpt_Sec_Rdwy_Sys_ID,Rpt_Sec_Hwy_Num,Rpt_Sec_Hwy_Sfx,Rpt_Sec_Road_Part_ID,Rpt_Sec_Block_Num,Rpt_Sec_Street_Pfx,Rpt_Sec_Street_Name,Rpt_Sec_Street_Sfx,Rpt_Ref_Mark_Offset_Amt,Rpt_Ref_Mark_Dist_Uom,Rpt_Ref_Mark_Dir,Rpt_Ref_Mark_Nbr,Rpt_Sec_Street_Desc,Rpt_CrossingNumber,Wthr_Cond_ID,Light_Cond_ID,Entr_Road_ID,Road_Type_ID,Road_Algn_ID,Surf_Cond_ID,Traffic_Cntl_ID,Investigat_Notify_Time,Investigat_Notify_Meth,Investigat_Arrv_Time,Report_Date,Investigat_Comp_Fl,ORI_Number,Investigat_Agency_ID,Investigat_Area_ID,Investigat_District_ID,Investigat_Region_ID,Bridge_Detail_ID,Harm_Evnt_ID,Intrsct_Relat_ID,FHE_Collsn_ID,Obj_Struck_ID,Othr_Factr_ID,Road_Part_Adj_ID,Road_Cls_ID,Road_Relat_ID,Phys_Featr_1_ID,Phys_Featr_2_ID,Cnty_ID,City_ID,Latitude,Longitude,Hwy_Sys,Hwy_Nbr,Hwy_Sfx,Dfo,Street_Name,Street_Nbr,Control,Section,Milepoint,Ref_Mark_Nbr,Ref_Mark_Displ,Hwy_Sys_2,Hwy_Nbr_2,Hwy_Sfx_2,Street_Name_2,Street_Nbr_2,Control_2,Section_2,Milepoint_2,Txdot_Rptable_Fl,Onsys_Fl,Rural_Fl,Crash_Sev_ID,Pop_Group_ID,Located_Fl,Day_of_Week,Hwy_Dsgn_Lane_ID,Hwy_Dsgn_Hrt_ID,Hp_Shldr_Left,Hp_Shldr_Right,Hp_Median_Width,Base_Type_ID,Nbr_Of_Lane,Row_Width_Usual,Roadbed_Width,Surf_Width,Surf_Type_ID,Curb_Type_Left_ID,Curb_Type_Right_ID,Shldr_Type_Left_ID,Shldr_Width_Left,Shldr_Use_Left_ID,Shldr_Type_Right_ID,Shldr_Width_Right,Shldr_Use_Right_ID,Median_Type_ID,Median_Width,Rural_Urban_Type_ID,Func_Sys_ID,Adt_Curnt_Amt,Adt_Curnt_Year,Adt_Adj_Curnt_Amt,Pct_Single_Trk_Adt,Pct_Combo_Trk_Adt,Trk_Aadt_Pct,Curve_Type_ID,Curve_Lngth,Cd_Degr,Delta_Left_Right_ID,Dd_Degr,Feature_Crossed,Structure_Number,I_R_Min_Vert_Clear,Approach_Width,Bridge_Median_ID,Bridge_Loading_Type_ID,Bridge_Loading_In_1000_Lbs,Bridge_Srvc_Type_On_ID,Bridge_Srvc_Type_Under_ID,Culvert_Type_ID,Roadway_Width,Deck_Width,Bridge_Dir_Of_Traffic_ID,Bridge_Rte_Struct_Func_ID,Bridge_IR_Struct_Func_ID,CrossingNumber,RRCo,Poscrossing_ID,WDCode_ID,Standstop,Yield,Incap_Injry_Cnt,Nonincap_Injry_Cnt,Poss_Injry_Cnt,Non_Injry_Cnt,Unkn_Injry_Cnt,Tot_Injry_Cnt,Death_Cnt,MPO_ID,Investigat_Service_ID,Investigat_DA_ID,Investigator_Narrative
13344065,N,N,N,N,N,N,N,6/30/2013,4:04 PM,13064117,,31,53,N,N,,,4,802,,1,2900,,RUBEN M TORRES,BLVD,N,N,45,N,N,,N,19,,,,2900,,SEVILLE,ST,,,,,,,11,1,0,2,1,1,5,4:06 PM,DISPATCHED,4:06 PM,6/30/2013,Y,TX0310100,172,,125,42,8,2,4,22,64,42,1,3,1,21,21,31,53,25.94986893,-97.47425465,FM,802,,4.228,FM0802,,1140,2,9.128,562,0.087,,,,,,,,,N,Y,N,5,8,Y,SUN,3,0,0,8,44,2,4,160,120,48,4,1,2,1,8,0,2,8,3,1,36,4,14,29275,2014,29275,4.2,13.4,17.6,,,,,,,,,,,,,,,,,,,,,,,,,,,0,0,0,3,0,0,0,248,,,
13344090,N,N,N,N,N,N,N,6/21/2013,7:22 PM,13-61498,,220,156,N,Y,32.69525,-97.30965,19,,,1,3650,,MC CLURE,ST,N,N,30,N,N,,N,19,,,,1200,,MINDEN,ST,,,,,,,11,1,0,,1,1,8,7:41 PM,DISPATCH,7:49 PM,6/21/2013,Y,TX2201200,1318,885,11,120,8,2,4,31,64,54,1,5,1,21,21,220,156,32.69525008,-97.30963758,,,,,MCCLURE ST,3674,,,,,,,,,,,,,,Y,N,N,5,9,Y,FRI,,,,,,,,,,,,,,,,,,,,,,,,,,,,,,,,,,,,,,,,,,,,,,,,,,,,,,,,0,0,0,3,0,0,0,282,,,
13344097,N,Y,N,N,N,Y,N,7/3/2013,8:40 AM,13-06953,219,61,259,N,Y,,,9,121,,1,900,E,NOT REPORTED,,N,N,60,N,N,,N,19,,,,100,S,VALLEY RIDGE,BLVD,,,,,,,11,1,0,2,1,1,1,8:43 AM,DISPATCHED,8:54 AM,7/10/2013,Y,TX0610600,1659,,,35,8,2,4,20,64,9,1,2,1,21,21,61,259,33.04413299,-96.97523866,BS,121,H,3.43,BS0121H,,364,3,8.782,272,0.02,,,,,,,,,Y,Y,N,5,7,Y,WED,3,0,1,10,17,3,4,350,70,48,5,1,0,2,2,5,2,20,5,1,15,4,14,40450,2014,40450,3.9,6.6,10.5,,,,,,,,,,,,,,,,,,,,,,,,,,,0,0,0,2,0,0,0,282,,,
13344117,N,N,N,N,N,N,N,7/3/2013,10:00 AM,SAPD13142780,3250,15,379,N,Y,,,1,410,,1,,NE,LOOP 410,,N,N,65,N,N,,N,19,,,,,,PERRIN BIETEL,,,,,,,,11,1,0,2,5,1,20,10:00 AM,PULLED UP ON IT,10:00 AM,7/3/2013,Y,TXSPD0000,2473,,7,147,8,2,4,20,64,42,1,1,1,21,21,15,379,29.51600016,-98.40949751,IH,410,,25.54,IH0410,,521,4,25.9,26,-0.14,,,,,,,,,Y,Y,N,2,9,Y,WED,5,0,10,10,23,2,7,300,122,84,4,0,0,2,20,5,2,18,5,2,3,4,11,107186,2014,107186,2.9,1.9,4.7,,,,,,,,,,,,,,,,,,,,,,,,,,,0,1,0,2,0,1,0,28,,,
13344141,N,N,N,N,N,N,N,7/1/2013,3:56 PM,201304843,Adam District,11,27,N,Y,,,3,21,,1,800,W,SH 21,,N,N,55,Y,Y,SH 71,N,4,20,,,,,NOT REPORTED,,,,,,FM 20,,11,1,0,2,1,1,17,3:56 PM,DISPATCHED,4:01 PM,7/1/2013,Y,TX0110100,91,,,35,8,2,4,20,64,49,1,2,1,21,21,11,1576,30.11087736,-97.37805004,SH,21,,38.106,SH0021,,265,4,11.465,566,0.364,,,,,,,,,Y,Y,Y,3,0,Y,MON,5,0,6,10,60,2,4,300,80,48,4,0,0,2,12,5,2,20,5,3,48,1,2,39902,2014,39902,3.3,5.4,8.7,,,,,,,,,,,,,,,,,,,,,,,,,,,0,0,1,1,0,1,0,90,,,
13344225,N,N,N,N,N,N,N,6/28/2013,9:46 PM,163771A,163773A,57,107,N,Y,,,19,,,1,1600,,HOMELAND,ST,N,N,30,N,N,,Y,19,,,1,3600,,NAVARO,ST,,,,,,,11,4,2,,1,1,8,9:47 PM,FLAGGED DOWN,9:47 PM,6/29/2013,N,TX0000006,2471,,,44,8,7,2,2,30,54,1,5,2,21,21,57,107,32.78769426,-96.84633256,,,,,HOMELAND ST,1629,,,,,,,,,NAVARO ST,,,,,Y,N,N,3,9,Y,FRI,,,,,,,,,,,,,,,,,,,,,,,,,,,,,,,,,,,,,,,,,,,,,,,,,,,,,,,,0,0,2,0,0,2,0,282,,,
13344229,N,N,N,N,N,N,N,7/2/2013,7:25 AM,13021730,,61,151,N,Y,,,19,,,1,2700,,FLOWER MOUND,RD,N,N,40,N,N,,N,4,2499,,,2000,,LONG PRAIRIE,RD,,,,,,,11,1,0,,1,1,1,5:56 PM,DISPATCHED,6:10 PM,7/2/2013,N,TX0611200,1304,967,889,87,8,2,4,20,64,9,1,5,1,21,21,61,151,33.01373189,-97.07201968,,,,,FLOWER MOUND RD,,,,,,,,,,,,,,,Y,N,N,5,7,Y,TUE,,,,,,,,,,,,,,,,,,,,,,,,,,,,,,,,,,,,,,,,,,,,,,,,,,,,,,,,0,0,0,2,1,0,0,282,,,
13344395,N,N,N,N,N,N,N,6/30/2013,8:15 PM,SAPD13140758,5360,15,379,N,Y,,,19,,,1,10100,W,MILITARY,DR,N,N,45,N,N,,Y,3,151,,2,9800,,SH 151,,,,,,,,11,1,4,2,1,1,5,8:15 PM,DISPATCHED,8:18 PM,7/1/2013,Y,TXSPD0000,2473,,19,148,8,2,1,34,64,3,2,2,1,21,21,15,379,29.4501231,-98.68486471,SH,151,,2.858,SH0151,,3508,1,2.749,480,0.728,,,,MILITARY DR W,,,,,Y,Y,N,5,9,Y,SUN,5,0,4,10,48,2,4,350,88,60,4,0,0,2,8,5,2,20,5,3,40,4,12,46549,2014,46549,1.8,0.6,2.3,1,743,1,1,0,,,,,,,,,,,,,,,,,,,,,,0,0,0,2,0,0,0,28,,,
13344513,N,N,N,N,N,N,N,6/27/2013,7:00 PM,1300041960,,220,141,N,Y,,,19,,,7,164,,MERLIN,WAY,Y,N,10,N,N,,N,19,,,,100,E,MIDCITIES,BLVD,,,,,,,11,1,98,,1,1,1,12:15 PM,RADIO DISPATCHED,12:18 PM,6/28/2013,Y,TX2200900,1279,,210,24,8,4,4,4,64,12,7,9,5,33,21,220,141,,,,,,,MERLIN WAY,,,,,,,,,,,,,,,N,N,N,0,7,N,THU,,,,,,,,,,,,,,,,,,,,,,,,,,,,,,,,,,,,,,,,,,,,,,,,,,,,,,,,0,0,0,0,1,0,0,,,,
13344754,N,N,N,N,N,N,N,6/15/2013,10:00 AM,SAPD13127370,4110,15,379,N,N,,,17,,,1,401,N,WW WHITE,RD,Y,N,-1,N,N,,N,19,,,,400,N,W W WHITE,,,,,,,,12,1,0,,1,0,1,12:14 PM,DISPATCHED,12:18 PM,6/15/2013,N,TXSPD0000,2473,,9,162,8,4,4,5,64,54,7,9,5,33,21,15,379,,,,,,,N WW WHITE RD,,,,,,,,,,,,,,,N,N,N,0,9,N,SAT,,,,,,,,,,,,,,,,,,,,,,,,,,,,,,,,,,,,,,,,,,,,,,,,,,,,,,,,0,0,0,0,1,0,0,,,,
13344936,N,N,N,N,N,N,N,6/27/2013,8:14 AM,SAPD13137810,3310,15,379,N,Y,,,2,410,,1,230,N,LOOP 410,,N,N,65,N,N,,N,19,,,,8000,,JONES MALTSBERGER,,,,,,,,11,1,0,2,1,1,20,8:15 AM,DISPATCH,8:16 AM,6/27/2013,Y,TXSPD0000,2473,,7,147,8,2,4,22,64,42,1,1,1,21,21,15,379,29.52050809,-98.49575954,IH,410,,20.313,IH0410,,521,4,20.452,20,0.318,,,,,,,,,Y,Y,N,2,9,Y,THU,5,0,8,8,21,2,8,300,132,96,4,0,0,2,18,5,2,18,5,2,3,4,11,204203,2014,204203,2.9,1.9,4.7,,,,,,,,,,,,,,,,,,,,,,,,,,,0,2,0,1,0,2,0,28,,,
13345124,N,N,N,N,N,N,N,7/4/2013,10:45 AM,0082818713W,,101,208,N,Y,,,19,,,1,10181,,WINDMILL LAKES,BLVD,Y,N,5,N,N,,N,19,,,,,,WINDWATER,DR,,,,,,,11,1,0,,1,1,1,11:00 AM,HPD DISPATCHER,11:06 AM,7/4/2013,Y,TXHPD0000,2469,16,104,17,8,2,4,45,64,12,7,9,5,33,21,101,208,,,,,,,WINDMILL LAKES BLVD,,,,,,,,,,,,,,,N,N,N,5,9,N,THU,,,,,,,,,,,,,,,,,,,,,,,,,,,,,,,,,,,,,,,,,,,,,,,,,,,,,,,,0,0,0,2,0,0,0,,,,
13345161,N,N,N,N,N,N,N,6/23/2013,3:15 AM,13-13628,,68,315,N,Y,,,2,80,,1,6000,E,BUS,LOOP,N,N,45,N,N,,N,11,,,1,2200,E,LOOP 338,,,,,,CURBLINE,,11,4,2,2,1,1,5,3:15 AM,DISPATCH,3:23 AM,6/23/2013,Y,TX0690200,1873,,,,8,7,4,1,20,3,1,2,2,21,21,68,315,31.87394728,-102.3105374,BI,20,E,8.276,BI0020E,,5,1,13.275,304,0.054,,,,,,,,,Y,Y,N,3,8,Y,SUN,4,0,0,10,25,2,4,230,76,52,4,0,0,1,0,0,2,20,5,3,25,3,14,20061,2014,20061,2.2,3.4,5.7,,,,,,,,,,,,,,,,,,,,,,,,,,,0,0,1,1,0,1,0,174,,,
13345243,N,N,N,N,N,N,N,6/5/2013,7:55 AM,13A06686,,24,146,N,Y,,,19,,,1,400,W,W ADAMS,,N,N,30,N,N,,Y,19,,,1,500,S,CENTER,ST,,,,,,,12,1,0,,1,1,8,7:56 AM,RADIO DISPATCHED,7:58 AM,6/14/2013,Y,TX0240100,1287,,101,135,8,2,1,10,64,54,1,5,1,21,21,24,146,,,,,,,W W ADAMS,,,,,,,,,,S CENTER ST,,,,,Y,N,Y,5,3,N,WED,,,,,,,,,,,,,,,,,,,,,,,,,,,,,,,,,,,,,,,,,,,,,,,,,,,,,,,,0,0,0,2,0,0,0,,,,
13345274,N,N,N,N,N,N,N,6/28/2013,7:30 AM,13MP018171,,70,292,N,N,,,19,,,1,100,,WALTER STEPHENSON,RD,N,N,30,N,N,,N,19,,,1,800,S,9TH,ST,,,,,,,11,1,0,,2,1,11,7:31 AM,DISPATCHED,7:35 AM,6/28/2013,Y,TX0700500,1783,,8,37,8,1,4,1,64,54,1,5,1,21,21,70,292,32.47450523,-96.99362465,,,,,WALTER STEPHENSON RD,119,,,,,,,,,,,,,,Y,N,N,2,5,Y,FRI,,,,,,,,,,,,,,,,,,,,,,,,,,,,,,,,,,,,,,,,,,,,,,,,,,,,,,,,0,1,0,0,0,1,0,282,,,
13345354,N,N,N,N,N,N,N,6/25/2013,5:23 PM,2013-15746,,123,30,N,Y,,,1,10,,2,400,,NOT REPORTED,,N,N,40,N,N,,Y,19,,,1,3100,,CALDER,AVE,,,,,,,11,1,0,2,1,1,11,5:28 PM,DISPATCHED,5:36 PM,6/25/2013,Y,TX1230100,104,,,,8,2,1,28,64,54,2,1,1,21,21,123,30,30.08551472,-94.13591564,IH,10,,851.282,IH0010,,28,13,1.329,852,0.304,,,,CALDER AVE,,,,,Y,Y,N,5,8,Y,TUE,5,0,4,10,20,9,11,300,188,132,5,0,0,2,8,5,2,20,5,2,12,3,11,96917,2014,96917,5,2.6,7.6,,,,,,,,,,,,,,,,,,,,,,,,,,,0,0,0,5,0,0,0,135,,,
13345373,N,N,N,N,N,N,N,6/23/2013,1:36 PM,2013-02066,,43,7,N,Y,33.08757,-96.67107,19,,,1,800,S,GREENVILLE,AVE,N,N,45,N,N,,N,19,,,,400,E,BETHANY,DR,,,,,,,11,1,0,,1,1,20,1:36 PM,DISPATCHED,1:40 PM,6/23/2013,Y,TX0430100,22,,,104,8,7,2,1,39,54,1,5,4,21,21,43,7,33.0874056,-96.6712783,,,,,S GREENVILLE AVE,,,,,,,,,,E BETHANY DR,,,,,Y,N,N,3,7,Y,SUN,,,,,,,,,,,,,,,,,,,,,,,,,,,,,,,,,,,,,,,,,,,,,,,,,,,,,,,,0,0,1,0,0,1,0,282,,,
13345657,N,N,N,N,N,N,N,6/25/2013,4:10 PM,1300044728,,220,179,N,Y,,,3,114,,2,2100,W,NOT REPORTED,,N,N,40,Y,Y,NORTH FRONTAGE RD,Y,19,,,1,2100,W,WALL,ST,,,,,,,11,1,3,2,2,1,9,4:28 PM,DISPATCHED,4:34 PM,6/25/2013,Y,TX2201300,1379,,,87,8,2,1,14,64,49,2,2,1,21,21,220,406,32.93874671,-97.10015917,SH,114,,377.178,SH0114,,353,3,6.48,608,-0.4,SH,26,,SH0026,,,,,Y,Y,N,5,6,Y,TUE,5,0,12,12,64,3,4,350,96,48,5,0,0,2,24,5,2,24,5,2,40,4,12,31279,2014,31279,3.2,3.5,6.7,1,231,0,2,0,,,,,,,,,,,,,,,,,,,,,,0,0,0,2,0,0,0,282,,,
13345729,N,Y,N,N,N,N,N,6/19/2013,9:45 AM,13-170093,,71,136,N,N,31.77061,-106.37728,19,,,1,7100,,GATEWAY EAST,BLVD,N,N,45,N,N,,N,19,,,7,1000,,HAWKINS,DR,,,,,,,11,1,0,2,1,1,1,10:20 AM,WALK IN REPORT,10:20 AM,6/19/2013,Y,TX0710200,1259,,,212,8,2,4,21,64,9,1,1,1,21,21,71,136,31.76978516,-106.3735672,IH,10,,26.853,IH0010,8898,2121,3,27.63,27,-0.11,,,,,,,,,N,Y,N,5,9,Y,WED,5,0,10,10,42,8,8,300,136,96,5,0,1,2,20,5,2,20,5,2,22,4,11,131071,2014,131071,2.3,5.2,7.5,,,,,,,,,,,,,,,,,,,,,,,,,,,0,0,0,3,0,0,0,66,,,
13345974,N,N,N,N,N,N,N,7/4/2013,11:38 PM,2013083778,,61,67,N,Y,,,19,,,1,3600,,STOCKTON,DR,N,N,30,N,N,,N,19,,,,1900,,CRAWFORD,DR,,,,,,,11,3,98,,4,1,1,11:42 PM,DISPATCHED,11:48 PM,7/5/2013,Y,TX0570400,214,,,170,8,4,4,1,1,54,1,5,1,21,21,61,67,33.01406422,-96.94871252,,,,,STOCKTON DR,3600,,,,,,,,,,,,,,Y,N,N,5,8,Y,THU,,,,,,,,,,,,,,,,,,,,,,,,,,,,,,,,,,,,,,,,,,,,,,,,,,,,,,,,0,0,0,1,0,0,0,282,,,
13345994,N,N,N,N,N,N,N,7/1/2013,4:57 PM,2013-25240,,102,281,N,Y,,,2,59,,1,900,N,EAST END,BLVD,N,N,45,N,N,,N,19,,,,1700,,POPLAR,ST,,,,,,,11,1,0,3,1,1,11,4:57 PM,DISCOVERED,4:57 PM,7/1/2013,Y,TX1020200,1740,,,118,8,2,4,20,64,42,1,2,1,21,21,102,281,32.55558306,-94.35000528,US,59,,79.094,US0059,1209,62,7,11.004,284,-0.944,,,,,,,,,Y,Y,N,5,5,Y,MON,2,0,10,10,0,2,4,150,85,48,3,0,0,2,10,5,2,10,5,0,0,2,14,24452,2014,24452,8.5,36.4,44.9,1,193,0,1,0,,,,,,,,,,,,,,,,,,,,,,0,0,0,2,0,0,0,,,,
13346035,N,N,N,N,N,N,N,6/21/2013,2:39 PM,,,117,1682,Y,Y,35.74597,-101.41793,3,136,,1,,,NOT REPORTED,,N,N,70,N,N,,N,,,,,,,NOT REPORTED,,100,F,N,68,,,11,1,0,3,2,1,20,2:45 PM,BORGER PD,2:57 PM,6/21/2013,Y,,10000,22,130,1,8,2,4,20,64,54,1,2,1,21,21,117,1682,35.74582888,-101.4177334,SH,136,,56.739,SH0136,,356,1,24.568,68,-100,,,,NOT REPORTED,,,,,Y,Y,Y,2,0,Y,FRI,2,0,10,10,0,2,4,170,80,60,4,0,0,2,10,5,2,10,5,0,0,1,6,3947,2014,3947,3.7,17.5,21.2,,,,,,,,,,,,,,,,,,,,,,,,,,,0,1,0,1,0,1,0,,,,
13346147,N,N,N,N,N,N,N,6/7/2013,4:11 PM,,,237,1802,Y,Y,30.17253,-96.06604,3,6,,1,,,SH 006,RD,N,N,65,N,N,,N,4,1736,,,,,FM 1736,RD,,,,,,,11,1,0,2,2,1,11,4:11 PM,DISPATCHED,4:49 PM,6/18/2013,Y,,10000,1,52,1,8,7,4,1,62,54,1,2,2,21,21,237,1802,30.17949226,-96.06447673,SH,6,,445.167,SH0006,,50,4,3.599,630,-0.517,,,,,,,,,Y,Y,Y,2,0,Y,FRI,3,0,8,8,24,8,4,210,78,48,4,0,0,2,12,5,2,18,5,3,12,1,2,16904,2014,16904,6,11.8,17.8,,,,,,,,,,,,,,,,,,,,,,,,,,,0,3,0,0,0,3,0,15,,,
13346209,N,N,N,N,Y,N,N,6/27/2013,10:10 AM,,,247,1812,Y,Y,29.05494999,-98.19945,15,134,,1,,,NOT REPORTED,,N,N,60,N,N,,N,4,1344,,,,,NOT REPORTED,,,,,,,,11,1,0,,1,8,1,10:16 AM,WILSON COUNTY SO,10:27 AM,7/4/2013,Y,,10000,12,92,1,8,7,4,1,33,54,1,4,2,21,21,247,1812,29.05488474,-98.19941562,,,,,COUNTY ROAD 134,589,,,,,,,,,,,,,,Y,N,Y,3,0,Y,THU,,,,,,,,,,,,,,,,,,,,,,,,,,,,,,,,,,,,,,,,,,,,,,,,,,,,,,,,0,0,1,0,0,1,0,,,,
13346302,N,N,N,N,N,N,N,7/5/2013,2:00 PM,SAPD13144596,2220,15,379,N,N,,,19,,,1,900,,BASSE,,N,N,35,N,N,COMMERCIAL,N,19,,,,5800,,SAN PEDRO,AVE,,,,,COMMERCIAL,,11,1,0,,1,1,20,2:59 PM,DISPATCHED,2:59 PM,7/5/2013,N,TXSPD0000,2473,,29,131,8,2,3,14,64,14,1,5,1,32,21,15,379,29.48817496,-98.49913783,,,,,BASSE RD,995,,,,,,,,,,,,,,N,N,N,5,9,Y,FRI,,,,,,,,,,,,,,,,,,,,,,,,,,,,,,,,,,,,,,,,,,,,,,,,,,,,,,,,0,0,0,1,1,0,0,28,,,
13346510,N,N,N,N,N,N,N,7/3/2013,1:00 PM,13-4101,,79,413,N,Y,,,2,59,,1,15500,S,NOT REPORTED,HWY,N,N,65,N,N,,N,19,,,,,,WILLIAMS TRACE,BLVD,,,,,,,11,1,0,,1,1,20,1:03 PM,RADIO DISPATCH,1:11 PM,7/3/2013,Y,TX0790500,2189,,,35,8,2,4,22,64,42,1,2,1,21,21,79,413,,,US,59,,,US0059,,,,,,,,,,,,,,,Y,Y,N,3,7,N,WED,,,,,,,,,,,,,,,,,,,,,,,,,,,,,,,,,,,,,,,,,,,,,,,,,,,,,,,,0,0,1,4,0,1,0,,,,
13346525,N,N,N,N,N,N,N,7/6/2013,6:35 AM,,,219,1784,Y,Y,34.48048,-101.60715,3,86,,1,,,NOT REPORTED,,N,N,75,N,N,,N,15,22,,,,,NOT REPORTED,,,,,,,,11,1,0,1,1,1,20,7:32 AM,TULIA COMMUNICATIONS,8:01 AM,7/6/2013,Y,,10000,8,130,1,8,6,4,1,64,54,1,2,1,21,21,219,1784,34.48066717,-101.6073476,SH,86,,75.985,SH0086,8322,303,1,10.576,312,-0.369,,,,,,,,,Y,Y,Y,5,0,Y,SAT,2,0,8,8,0,2,2,100,42,24,2,0,0,2,8,5,2,8,5,0,0,1,6,571,2014,571,5.6,12.1,17.7,,,,,,,,,,,,,,,,,,,,,,,,,,,0,0,0,1,0,0,0,,,,
13346541,N,N,N,N,N,N,N,6/30/2013,2:04 PM,0081063113Q,,101,208,N,Y,,,19,,,1,4500,W,FUQUA,ST,Y,N,5,N,N,CONCRETE,N,19,,,,4500,W,FUQUA,RD,,,,,,,11,1,0,,1,1,1,2:19 PM,DISPATHCED,2:22 PM,6/30/2013,Y,TXHPD0000,2469,24,125,81,8,7,4,4,36,12,7,9,5,33,21,101,208,,,,,,,W FUQUA ST,,,,,,,,,,,,,,,N,N,N,5,9,N,SUN,,,,,,,,,,,,,,,,,,,,,,,,,,,,,,,,,,,,,,,,,,,,,,,,,,,,,,,,0,0,0,3,1,0,0,,,,
13346669,N,Y,N,N,N,N,N,7/5/2013,7:25 PM,SAPD13144847,6230,15,379,N,N,,,19,,,1,3000,SE,MILITARY,DR,N,N,45,N,N,,N,19,,,,7100,S,NEW BRAUNFELS,AVE,,,,,,,11,1,0,2,1,1,20,7:46 PM,DISPATCHED,7:57 PM,7/5/2013,Y,TSXPD0000,2473,,11,175,8,1,4,1,64,54,1,2,1,21,21,15,379,29.35173525,-98.44524027,SL,13,,12.64,SL0013,,521,1,2.159,496,0.68,,,,,,,,,Y,Y,N,2,9,Y,FRI,3,0,0,0,14,2,6,160,70,70,4,1,0,1,0,0,1,0,0,1,14,4,14,23826,2014,23826,2.4,4.7,7,,,,,,,,,,,,,,,,,,,,,,,,,,,0,1,0,11,0,1,0,28,,,
13346760,N,N,N,N,N,N,N,7/5/2013,7:49 PM,SAPD13144827,5320,15,379,N,N,,,17,,,7,6301,,INGRAM,RD,Y,N,10,N,N,,N,19,,,,3299,,WURZBACH,RD,,,,,,,11,1,0,,2,1,1,7:56 PM,DISPATCHED,7:58 PM,7/5/2013,Y,TXSPD0000,2473,,19,148,8,2,4,35,64,3,7,9,5,33,21,15,379,,,,,,,INGRAM RD,,,,,,,,,,,,,,,N,N,N,5,9,N,FRI,,,,,,,,,,,,,,,,,,,,,,,,,,,,,,,,,,,,,,,,,,,,,,,,,,,,,,,,0,0,0,5,1,0,0,,,,
13346870,N,N,N,N,N,N,N,7/5/2013,5:50 AM,SAPD13144291,5140,15,379,N,Y,,,2,90,,1,,W,US HWY 90 W,HWY,N,N,65,N,N,,N,19,,,,,S,GENERAL MCMULLEN,,,,,,,,11,4,0,,1,1,1,5:51 AM,DISPATCHED,5:56 AM,7/5/2013,Y,TXSPD0000,2473,,19,148,8,7,4,1,56,35,1,2,2,21,21,15,379,,,US,90,,,US0090,,,,,,,,,,,,,,,Y,Y,N,3,9,N,FRI,,,,,,,,,,,,,,,,,,,,,,,,,,,,,,,,,,,,,,,,,,,,,,,,,,,,,,,,0,0,1,0,1,1,0,,,,
13346892,N,N,N,N,N,N,N,7/4/2013,11:00 PM,169674A,169674A,57,107,N,Y,,,19,,,1,2400,N,ST AUGUSTINE,DR,N,N,30,N,N,,Y,19,,,1,9500,,BLUFFCREEK,DR,,,,,,,11,4,4,,1,1,8,12:32 AM,DISPATCHED,12:38 AM,7/5/2013,Y,tx0000006,2471,,,27,8,2,4,24,64,11,1,5,1,21,21,57,107,32.75403425,-96.65687261,,,,,N ST AUGUSTINE DR,2454,,,,,,,,,,,,,,Y,N,N,2,9,Y,THU,,,,,,,,,,,,,,,,,,,,,,,,,,,,,,,,,,,,,,,,,,,,,,,,,,,,,,,,0,1,0,1,0,1,0,282,,,
13346912,N,N,N,N,N,N,N,6/16/2013,9:55 AM,0074636813Z,,101,208,N,Y,,,19,,,1,16400,,IMPERIAL VALLEY,DR,N,N,35,N,N,DRY CONCRETE,Y,11,8,,2,400,,SAM HOUSTON,PKWY,,,,,,,11,1,4,1,1,1,5,10:06 AM,DISPATCH,10:06 AM,7/5/2013,Y,TXHPD0000,2469,14,152,59,8,2,1,14,64,54,2,2,1,21,21,101,208,29.93928933,-95.39727765,SL,8,,40.316,SL0008,,3256,2,6.776,720,0.868,,,,IMPERIAL VALLEY DR,,,,,Y,Y,N,2,9,Y,SUN,1,0,0,0,0,2,2,350,20,20,2,1,0,1,0,0,1,0,0,0,0,4,17,13415,2014,13415,1.8,1.4,3.2,,,,,,,,,,,,,,,,,,,,,,,,,,,0,1,0,3,0,1,0,15,,,
13346944,N,N,N,N,N,N,N,7/4/2013,5:00 PM,13070754,,170,92,N,Y,,,19,,,1,1400,S,THIRD,ST,N,N,30,N,N,,Y,19,,,1,100,,VAL WOODS,DR,,,,,,,12,1,2,,1,1,9,5:24 PM,DISPATCH,5:39 PM,7/4/2013,N,TX1700100,325,,,122,8,2,2,14,64,54,1,5,1,21,21,170,92,30.29692469,-95.44682305,,,,,S 3RD ST,1499,,,,,,,,,VALWOOD DR,,,,,Y,N,N,5,7,Y,THU,,,,,,,,,,,,,,,,,,,,,,,,,,,,,,,,,,,,,,,,,,,,,,,,,,,,,,,,0,0,0,3,1,0,0,15,,,