Crash_ID,Crash_Fatal_Fl,Cmv_Involv_Fl,Schl_Bus_Fl,Rr_Relat_Fl,Medical_Advisory_Fl,Amend_Supp_Fl,Active_School_Zone_Fl,Crash_Date,Crash_Time,Case_ID,Local_Use,Rpt_CRIS_Cnty_ID,Rpt_City_ID,Rpt_Outside_City_Limit_Fl,Thousand_Damage_Fl,Rpt_Latitude,Rpt_Longitude,Rpt_Rdwy_Sys_ID,Rpt_Hwy_Num,Rpt_Hwy_Sfx,Rpt_Road_Part_ID,Rpt_Block_Num,Rpt_Street_Pfx,Rpt_Street_Name,Rpt_Street_Sfx,Private_Dr_Fl,Toll_Road_Fl,Crash_Speed_Limit,Road_Constr_Zone_Fl,Road_Constr_Zone_Wrkr_Fl,Rpt_Street_Desc,At_Intrsct_Fl,Rpt_Sec_Rdwy_Sys_ID,Rpt_Sec_Hwy_Num,Rpt_Sec_Hwy_Sfx,Rpt_Sec_Road_Part_ID,Rpt_Sec_Block_Num,Rpt_Sec_Street_Pfx,Rpt_Sec_Street_Name,Rpt_Sec_Street_Sfx,Rpt_Ref_Mark_Offset_Amt,Rpt_Ref_Mark_Dist_Uom,Rpt_Ref_Mark_Dir,Rpt_Ref_Mark_Nbr,Rpt_Sec_Street_Desc,Rpt_CrossingNumber,Wthr_Cond_ID,Light_Cond_ID,Entr_Road_ID,Road_Type_ID,Road_Algn_ID,Surf_Cond_ID,Traffic_Cntl_ID,Investigat_Notify_Time,Investigat_Notify_Meth,Investigat_Arrv_Time,Report_Date,Investigat_Comp_Fl,ORI_Number,Investigat_Agency_ID,Investigat_Area_ID,Investigat_District_ID,Investigat_Region_ID,Bridge_Detail_ID,Harm_Evnt_ID,Intrsct_Relat_ID,FHE_Collsn_ID,Obj_Struck_ID,Othr_Factr_ID,Road_Part_Adj_ID,Road_Cls_ID,Road_Relat_ID,Phys_Featr_1_ID,Phys_Featr_2_ID,Cnty_ID,City_ID,Latitude,Longitude,Hwy_Sys,Hwy_Nbr,Hwy_Sfx,Dfo,Street_Name,Street_Nbr,Control,Section,Milepoint,Ref_Mark_Nbr,Ref_Mark_Displ,Hwy_Sys_2,Hwy_Nbr_2,Hwy_Sfx_2,Street_Name_2,Street_Nbr_2,Control_2,Section_2,Milepoint_2,Txdot_Rptable_Fl,Onsys_Fl,Rural_Fl,Crash_Sev_ID,Pop_Group_ID,Located_Fl,Day_of_Week,Hwy_Dsgn_Lane_ID,Hwy_Dsgn_Hrt_ID,Hp_Shldr_Left,Hp_Shldr_Right,Hp_Median_Width,Base_Type_ID,Nbr_Of_Lane,Row_Width_Usual,Roadbed_Width,Surf_Width,Surf_Type_ID,Curb_Type_Left_ID,Curb_Type_Right_ID,Shldr_Type_Left_ID,Shldr_Width_Left,Shldr_Use_Left_ID,Shldr_Type_Right_ID,Shldr_Width_Right,Shldr_Use_Right_ID,Median_Type_ID,Median_Width,Rural_Urban_Type_ID,Func_Sys_ID,Adt_Curnt_Amt,Adt_Curnt_Year,Adt_Adj_Curnt_Amt,Pct_Single_Trk_Adt,Pct_Combo_Trk_Adt,Trk_Aadt_Pct,Curve_Type_ID,Curve_Lngth,Cd_Degr,Delta_Left_Right_ID,Dd_Degr,Feature_Crossed,Structure_Number,I_R_Min_Vert_Clear,Approach_Width,Bridge_Median_ID,Bridge_Loading_Type_ID,Bridge_Loading_In_1000_Lbs,Bridge_Srvc_Type_On_ID,Bridge_Srvc_Type_Under_ID,Culvert_Type_ID,Roadway_Width,Deck_Width,Bridge_Dir_Of_Traffic_ID,Bridge_Rte_Struct_Func_ID,Bridge_IR_Struct_Func_ID,CrossingNumber,RRCo,Poscrossing_ID,WDCode_ID,Standstop,Yield,Incap_Injry_Cnt,Nonincap_Injry_Cnt,Poss_Injry_Cnt,Non_Injry_Cnt,Unkn_Injry_Cnt,Tot_Injry_Cnt,Death_Cnt,MPO_ID,Investigat_Service_ID,Investigat_DA_ID,Investigator_Narrative
13353085,N,N,N,N,N,N,N,7/7/2013,9:45 AM,2013084780,,57,67,N,Y,,,1,35,,2,1900,N,NOT REPORTED,,N,N,35,N,N,,Y,19,,,1,1600,,WHITLOCK,LN,,,,,,,11,1,4,2,1,1,5,10:00 AM,DISPATCHED,10:02 AM,7/7/2013,Y,TX0570400,214,,,170,8,2,1,10,64,54,2,1,1,21,21,57,67,32.96829402,-96.91946807,IH,35,E,73.564,IH0035E,,196,3,32.449,444,0.447,,,,WHITLOCK LN,,,,,Y,Y,N,5,8,Y,SUN,5,1,4,10,18,3,6,300,112,72,6,0,0,2,14,5,2,20,5,2,4,4,11,155050,2014,155050,3.2,6.1,9.3,,,,,,,,,,,,,,,,,,,,,,,,,,,0,0,0,3,0,0,0,282,,,
13353095,N,N,N,N,N,N,N,7/2/2013,6:00 AM,0081807513Y,,101,208,N,Y,,,19,,,1,8100,W,TIDWELL,RD,N,N,35,N,N,DRY CONCRETE SURFACE,Y,19,,,1,5800,,GUHN,,,,,,,,11,4,4,,1,1,8,6:37 AM,DISPATCH,6:54 AM,7/2/2013,Y,TXHPD0000,2469,18,106,87,8,2,1,10,64,54,1,5,1,21,21,101,208,29.85083479,-95.51538305,,,,,W TIDWELL RD,8099,,,,,,,,,GUHN RD,,,,,Y,N,N,2,9,Y,TUE,,,,,,,,,,,,,,,,,,,,,,,,,,,,,,,,,,,,,,,,,,,,,,,,,,,,,,,,0,1,1,3,0,2,0,15,,,
13353096,N,N,N,N,N,N,N,7/7/2013,3:46 PM,2013084857,,57,67,N,Y,,,19,,,2,2000,N,IH 35E,,N,N,35,N,N,,Y,19,,,1,1700,,SANDY LAKE,RD,,,,,,,11,1,0,2,1,1,5,3:46 PM,DISPATCH,3:50 PM,7/7/2013,Y,TX0570400,214,,,170,8,2,2,22,64,38,2,1,1,21,21,57,67,32.96831433,-96.91947944,IH,35,E,73.566,IH0035E,,196,3,32.45,444,0.449,SH,190,,SH0190,,,,,Y,Y,N,5,8,Y,SUN,5,1,4,10,18,3,6,300,112,72,6,0,0,2,14,5,2,20,5,2,4,4,11,155050,2014,155050,3.2,6.1,9.3,,,,,,,,,,,,,,,,,,,,,,,,,,,0,0,0,6,0,0,0,282,,,
13353159,N,N,N,N,N,N,N,7/6/2013,2:17 PM,2013-187-011,,246,169,N,Y,,,19,,,7,,,SONIC PARKING LOT,,Y,N,0,N,N,PRIVATE PARKING LOT,N,19,,,7,,,LAKEWAY,DR,,,,,,,11,1,0,,7,1,17,2:18 PM,DISPATCHED,2:20 PM,7/6/2013,Y,TX2460200,1351,,,214,8,2,4,40,64,12,7,9,5,33,21,246,169,,,,,,,SONIC PARKING LOT,,,,,,,,,,,,,,,N,N,N,5,7,N,SAT,,,,,,,,,,,,,,,,,,,,,,,,,,,,,,,,,,,,,,,,,,,,,,,,,,,,,,,,0,0,0,5,0,0,0,,,,
13353329,N,N,N,N,N,N,N,7/1/2013,11:47 AM,201315424,,249,110,N,Y,,,2,81,,1,1200,S,US 81,HWY,N,N,55,N,N,US 81 SOUTH,N,19,,,1,600,W,FORD,ST,,,,,WEST FORD ST.,,11,1,0,,1,1,20,11:47 AM,DISPATCHER,11:49 AM,7/1/2013,Y,TX2490200,1189,,,32,8,2,4,13,64,54,1,2,1,21,21,249,110,,,US,81,,,US0081,,,,,,,,,,,,,,,Y,Y,N,5,4,N,MON,,,,,,,,,,,,,,,,,,,,,,,,,,,,,,,,,,,,,,,,,,,,,,,,,,,,,,,,0,0,0,2,0,0,0,,,,
13353451,N,N,N,N,N,N,N,6/27/2013,7:43 PM,13-90161,,191,12,N,N,,,19,,,1,5900,,BELL,ST,N,N,45,N,N,,N,19,,,1,,,HILLSIDE,RD,,,,,,,11,1,0,,1,1,20,7:43 PM,DISPATCH,7:43 PM,6/27/2013,N,TX1880100,33,,,2,8,2,4,22,64,42,1,5,1,21,21,191,12,35.14684113,-101.9020326,,,,,BELL ST,5977,,,,,,,,,,,,,,N,N,N,5,8,Y,THU,,,,,,,,,,,,,,,,,,,,,,,,,,,,,,,,,,,,,,,,,,,,,,,,,,,,,,,,0,0,0,2,0,0,0,120,,,
13353522,N,N,N,N,N,N,N,7/8/2013,11:16 AM,C-13-00077,,144,170,N,Y,,,2,290,,1,1700,W,AUSTIN,ST,N,N,55,N,N,,N,19,,,,100,,ROLLING OAKS,DR,,,,,,,11,1,0,,1,1,11,11:16 AM,911,11:18 AM,7/8/2013,Y,TX1440100,1352,17,2,102,8,2,4,20,35,9,1,2,1,21,21,144,170,,,US,290,,,US0290,,,,,,,,,,,,,,,Y,Y,Y,5,3,N,MON,,,,,,,,,,,,,,,,,,,,,,,,,,,,,,,,,,,,,,,,,,,,,,,,,,,,,,,,0,0,0,3,0,0,0,,,,
13353552,N,N,N,N,N,N,N,6/26/2013,4:32 PM,2.01E+11,W/W,57,357,N,Y,,,19,,,1,1300,S,PLANO,RD,N,N,40,N,N,,N,19,,,,1400,,BALTIMORE,DR,,,,,,,11,1,0,,1,1,20,4:38 PM,DISPATCHED,4:47 PM,6/26/2013,Y,TX0572000,2011,,8,194,8,2,4,22,64,42,1,5,1,21,21,57,357,32.93317309,-96.70012049,,,,,S PLANO RD,,,,,,,,,,,,,,,Y,N,N,3,8,Y,WED,,,,,,,,,,,,,,,,,,,,,,,,,,,,,,,,,,,,,,,,,,,,,,,,,,,,,,,,0,0,1,2,0,1,0,282,,,
13353566,N,N,N,N,N,N,N,7/1/2013,1:17 PM,C1304839,,178,97,N,Y,,,19,,,1,5600,,LEOPARD,ST,N,N,40,N,N,,N,19,,,1,1928,N,PADRE ISLAND,DR,,,,,,,11,1,0,3,1,1,5,1:20 PM,DISPATCHED,1:20 PM,7/1/2013,Y,TX1780200,1115,,,51,8,2,2,22,64,38,1,2,1,21,21,178,97,27.79755068,-97.46779766,SS,407,,9.575,SS0407,5607,74,9,10.738,560,0.858,SH,358,,SH0358,,,,,Y,Y,N,3,9,Y,MON,2,0,8,8,0,2,4,120,62,46,4,0,0,2,8,5,2,8,5,0,0,4,16,10206,2014,10206,4.9,3.9,8.8,,,,,,,,,,,,,,,,,,,,,,,,,,,0,0,1,2,0,1,0,96,,,
13353652,N,N,N,N,N,N,N,7/8/2013,3:29 PM,13-067585,,220,156,N,Y,32.75345,-97.31981,1,35,,4,1200,,NORTH SOUTH,FWY,N,N,60,N,N,DOWNWARD SLOPING,N,14,280,,,,,NOT REPORTED,,,,,,,,11,1,98,2,5,1,11,3:32 PM,DISPATCHED,3:42 PM,7/8/2013,Y,TX2201200,1318,885,3,120,8,2,4,22,64,42,4,1,1,21,21,220,156,32.75564011,-97.31931534,IH,35,W,51.403,IH0035W,,14,16,7.405,51,0.446,,,,,,,,,Y,Y,N,3,9,Y,MON,5,0,10,10,40,3,8,300,136,96,5,0,0,2,20,5,2,20,5,2,20,4,11,170316,2014,170316,4.9,6.2,11.2,,,,,,,,,,,,,,,,,,,,,,,,,,,0,0,2,3,0,2,0,282,,,
13353676,N,N,N,N,N,N,N,7/4/2013,12:00 AM,201307-1360,,108,1177,N,N,,,2,83,,1,,,83,HWY,N,N,55,N,N,,N,19,,,,,,TOM GILL,RD,,,,,,,11,4,2,2,1,1,21,12:00 AM,ON SCENE,12:00 AM,7/4/2013,Y,TX1083000,277,,,,8,2,2,22,64,38,1,2,1,21,21,108,1177,26.243744,-98.44603178,US,83,,817.11,US0083,,39,2,9.725,848,0.66,,,,TOM GILL RD,,,,,N,Y,Y,5,3,Y,THU,4,0,6,12,32,2,4,157,84,48,4,0,0,2,12,5,2,22,5,3,20,4,14,31049,2014,31049,5,4.8,9.8,,,,,,,,,,,,,,,,,,,,,,,,,,,0,0,0,3,0,0,0,230,,,
13353821,N,N,N,N,N,N,N,7/2/2013,3:25 PM,13-120444,,43,336,N,Y,,,19,,,1,100,W,PARKER,RD,N,N,40,N,N,,N,19,,,,,,CENTRAL,EXPY,,,,,SERVICE ROAD,,11,1,0,,5,1,20,3:27 PM,RADIO DISPATCHED,3:29 PM,7/2/2013,Y,TX430600,1938,59,155,150,8,2,1,21,64,9,1,5,1,21,21,43,336,33.0409572,-96.72815912,,,,,W PARKER RD,1755,,,,,,,,,COUNTRY PLACE DR,,,,,Y,N,N,5,9,Y,TUE,,,,,,,,,,,,,,,,,,,,,,,,,,,,,,,,,,,,,,,,,,,,,,,,,,,,,,,,0,0,0,4,0,0,0,282,,,
13353951,N,N,N,N,N,N,N,7/10/2013,8:10 AM,,,14,1579,Y,Y,30.93987,-97.78713,3,195,,1,,,NOT REPORTED,,N,N,75,N,N,,N,15,,,,,,BRIGGS,RD,,,,,,,11,1,0,2,1,1,20,8:10 AM,BELL CO COMM,8:23 AM,7/11/2013,Y,,10000,8,119,1,8,7,4,1,23,3,1,2,2,21,21,14,1579,30.94447919,-97.78476107,SH,195,,13.741,SH0195,,836,2,13.742,396,0.234,,,,,,,,,Y,Y,Y,5,0,Y,WED,3,0,6,10,62,2,4,200,82,50,4,0,0,2,12,5,2,20,5,3,50,1,2,9509,2014,9509,1.5,9.3,10.8,1,233,1,2,15,,,,,,,,,,,,,,,,,,,,,,0,0,0,1,0,0,0,277,,,
13354036,N,N,N,N,N,N,N,7/3/2013,8:20 AM,0082304013X,FSRA,101,208,N,Y,,,19,,,1,1100,,MAIN,ST,N,N,30,N,N,DRY PAVEMENT,Y,19,,,1,900,,LAMAR,ST,,,,,,,11,1,4,,1,1,5,8:30 AM,DISPATCH,8:34 AM,7/11/2013,Y,TXHPD0000,2469,16,121,35,8,1,2,1,64,54,1,5,1,21,21,101,208,29.7562348,-95.36555309,,,,,MAIN ST,,,,,,,,,,LAMAR ST,,,,,Y,N,N,3,9,Y,WED,,,,,,,,,,,,,,,,,,,,,,,,,,,,,,,,,,,,,,,,,,,,,,,,,,,,,,,,0,0,1,0,1,1,0,15,,,
13354156,N,N,N,N,N,N,N,7/9/2013,8:55 AM,0085047113Y,,101,208,N,Y,,,19,,,1,10700,,HARWIN,DR,N,N,35,N,N,DRY/CONCRETE,N,19,,,,5800,W,SAM HOUSTON,PKWY,,,,,,,11,1,3,,1,1,1,9:20 AM,HPD DISPATCHER,9:29 AM,7/9/2013,Y,TXHPD0000,2469,16,128,21,8,2,2,20,64,54,1,5,1,21,21,101,208,29.71661053,-95.55802013,,,,,HARWIN DR,10804,,,,,,,,,W SAM HOUSTON PKWY S,,,,,Y,N,N,5,9,Y,TUE,,,,,,,,,,,,,,,,,,,,,,,,,,,,,,,,,,,,,,,,,,,,,,,,,,,,,,,,0,0,0,3,0,0,0,15,,,
13354160,N,N,N,N,N,Y,N,6/22/2013,8:50 PM,,,163,5048,N,N,29.30707,-98.81415,19,,,1,11675,,CASIANO,AVE,N,N,30,N,N,,N,19,,,,,,BREWSTER,ST,,,,,,,11,3,0,,1,1,1,8:58 PM,MEDINA COUNTY SO,9:17 PM,9/29/2013,N,,10000,8,92,1,8,7,4,1,33,54,1,5,2,21,21,163,5048,29.30679334,-98.81408744,,,,,CASIANO AVE,,,,,,,,,,,,,,,N,N,Y,5,1,Y,SAT,,,,,,,,,,,,,,,,,,,,,,,,,,,,,,,,,,,,,,,,,,,,,,,,,,,,,,,,0,0,0,1,0,0,0,,,,
13354183,N,N,N,N,N,N,N,7/9/2013,7:31 AM,P131900221,,79,1644,Y,Y,,,3,99,,4,2500,,NOT REPORTED,,N,N,60,N,N,GRAND PARKWAY,N,19,,,,23400,,CINCO RANCH,BLVD,,,,,,,11,1,0,,1,1,1,7:31 AM,DISPATCHED,7:31 AM,7/10/2013,Y,TX0790000,1312,,,35,8,2,4,22,52,10,4,2,1,21,21,79,1644,,,SH,99,,,SH0099,,,,,,,,,,,,,,,Y,Y,Y,5,0,N,TUE,,,,,,,,,,,,,,,,,,,,,,,,,,,,,,,,,,,,,,,,,,,,,,,,,,,,,,,,0,0,0,1,0,0,0,,,,
13354184,N,N,N,N,N,N,N,7/9/2013,7:28 AM,P131900213,,79,1644,Y,Y,,,3,99,,4,2500,,NOT REPORTED,,N,N,60,N,N,GRAND PARKWAY,N,19,,,,23400,,CINCO RANCH,BLVD,,,,,,,11,1,0,,1,1,1,7:28 AM,DISPATCHED,7:30 AM,7/10/2013,Y,TX0790000,1312,,,35,8,2,2,22,64,38,4,2,1,21,21,79,1644,,,SH,99,,,SH0099,,,,,,,,,,CINCO RANCH BLVD,,,,,Y,Y,Y,5,0,N,TUE,,,,,,,,,,,,,,,,,,,,,,,,,,,,,,,,,,,,,,,,,,,,,,,,,,,,,,,,0,0,0,2,0,0,0,,,,
13354204,N,N,N,N,N,N,N,7/4/2013,9:00 AM,0082793013Z,,101,208,N,Y,,,19,,,1,6700,,WILCREST,DR,N,N,35,N,N,CONCRETE,N,19,,,,,,BELLAIRE,BLVD,,,,,,,11,1,0,,1,1,1,9:12 AM,DISPATCHER,9:29 AM,7/4/2013,Y,TXHPD0000,2469,24,128,39,8,2,4,21,64,9,1,5,1,21,21,101,208,29.70404039,-95.57129509,,,,,WILCREST DR,,,,,,,,,,,,,,,Y,N,N,3,9,Y,THU,,,,,,,,,,,,,,,,,,,,,,,,,,,,,,,,,,,,,,,,,,,,,,,,,,,,,,,,0,0,1,1,0,1,0,15,,,
13354261,N,N,N,N,N,N,N,7/5/2013,12:30 AM,169740A,FLID 169739A,57,107,N,Y,,,19,,,1,5900,,VICKERY,BLVD,N,N,30,N,N,,N,19,,,,2800,,DELMAR AVE,,,,,,,,11,6,98,,1,1,1,1:53 AM,DISPATCHED,2:04 AM,7/5/2013,N,TX0000006,2471,,,35,8,4,4,1,64,54,1,5,1,21,21,57,107,32.82292963,-96.76481398,,,,,VICKERY BLVD,5946,,,,,,,,,,,,,,Y,N,N,0,9,Y,FRI,,,,,,,,,,,,,,,,,,,,,,,,,,,,,,,,,,,,,,,,,,,,,,,,,,,,,,,,0,0,0,0,1,0,0,282,,,
13354417,N,N,N,N,N,N,N,7/5/2013,11:03 AM,,,68,1633,Y,Y,31.84312,-102.50698,15,,,1,,,FLAMINGO,AVE,N,N,40,N,N,,N,15,,,,,,BRADLEY,,,,,,,,11,1,2,,1,1,8,11:05 AM,DISPATCHED,11:18 AM,7/11/2013,Y,,10000,22,32,1,8,7,2,1,33,54,1,4,2,21,21,68,1633,31.84280432,-102.5067953,,,,,N FLAMINGO AVE,2906,,,,,,,,,W BRADLEY DR,,,,,Y,N,Y,0,0,Y,FRI,,,,,,,,,,,,,,,,,,,,,,,,,,,,,,,,,,,,,,,,,,,,,,,,,,,,,,,,0,0,0,0,1,0,0,174,,,
13354472,N,N,N,N,N,N,N,7/5/2013,11:50 PM,0083648013V,,101,208,N,Y,,,11,8,,2,10600,S,SOUTH SAM HOUSTON E,PKWY,N,N,50,N,N,CONCRETE,Y,19,,,1,1100,,BEAMER,RD,,,,,,,11,4,0,1,1,1,20,11:57 PM,DISPATCH,12:01 AM,7/6/2013,Y,TXHPD0000,2469,24,104,17,8,2,1,10,64,54,2,2,1,21,21,101,208,29.60086882,-95.22870537,SL,8,,78.336,SL0008,,3256,4,11.845,760,0.677,,,,BEAMER RD,,,,,Y,Y,N,3,9,Y,FRI,1,0,0,0,0,9,3,300,36,36,5,1,1,1,0,0,1,0,0,0,0,4,14,13650,2014,13650,1.8,1.4,3.2,,,,,,,,,,,,,,,,,,,,,,,,,,,0,0,1,3,0,1,0,15,,,
13354602,N,N,N,N,N,N,N,7/10/2013,7:15 PM,131866PD,180,79,409,N,Y,,,4,1092,,1,400,,MURPHY,RD,N,N,45,N,N,,N,19,,,,300,,AVENUE E,,,,,,,,11,1,0,3,1,1,20,7:20 PM,DISPATCH,7:23 PM,7/10/2013,Y,TX0790400,2173,,,35,8,2,3,14,64,14,1,3,1,32,21,79,409,29.613397,-95.5645552,FM,1092,,2.694,FM1092,443,1257,1,2.748,480,0.196,,,,,,,,,Y,Y,N,5,5,Y,WED,2,0,0,0,0,3,4,80,60,60,4,1,1,1,0,0,1,0,0,0,0,4,16,33950,2014,33950,3.9,1.4,5.2,,,,,,,,,,,,,,,,,,,,,,,,,,,0,0,0,2,0,0,0,15,,,
13354804,N,N,N,N,N,N,N,6/4/2013,4:18 PM,13-155243,,71,136,N,Y,,,19,,,1,10300,,ALBUM,AVE,N,N,30,N,N,,N,19,,,1,10300,,BUSH,,,,,,,,11,1,0,,1,1,1,4:59 PM,DISPATCHED,5:02 PM,6/4/2013,Y,TX0710200,1259,,,220,8,2,3,34,64,13,1,5,1,32,21,71,136,31.7797405,-106.3405175,,,,,ALBUM AVE,10361,,,,,,,,,,,,,,Y,N,N,5,9,Y,TUE,,,,,,,,,,,,,,,,,,,,,,,,,,,,,,,,,,,,,,,,,,,,,,,,,,,,,,,,0,0,0,2,0,0,0,66,,,
13354968,N,N,N,N,N,N,N,7/1/2013,6:11 PM,C1304858,,178,97,N,Y,,,3,358,,1,4501,,NOT REPORTED,,N,N,60,N,N,ROADWAY,N,19,,,1,5100,,EVERHART,,,,,,ROADWAY,,11,1,0,2,1,1,20,6:12 PM,DISPATCHED,6:16 PM,7/1/2013,Y,TX1780200,1115,,,19,8,10,4,1,1,31,1,2,1,21,21,178,97,27.71607827,-97.38714623,SH,358,,8.793,SH0358,,617,1,8.661,564,0.759,,,,,,,,,Y,Y,N,2,9,Y,MON,5,0,10,10,22,8,6,250,112,72,4,0,0,2,20,5,2,20,5,2,2,4,12,88672,2014,88672,3.2,3,6.2,,,,,,,,,,,,,,,,,,,,,,,,,,,0,2,0,1,0,2,0,96,,,
13355027,N,Y,N,N,N,N,N,6/10/2013,12:05 PM,13-161119,,71,136,N,Y,,,19,,,1,5500,,MARSHALL,RD,N,N,40,N,N,,N,17,,,7,5500,,MARSHALL,RD,,,,,,,11,1,98,,5,1,20,12:06 PM,DISPATCHED,12:18 PM,6/10/2013,Y,TX0710200,1259,,,18,8,2,3,14,64,14,1,5,1,32,21,71,136,,,,,,,MARSHALL RD,,,,,,,,,,,,,,,Y,N,N,2,9,N,MON,,,,,,,,,,,,,,,,,,,,,,,,,,,,,,,,,,,,,,,,,,,,,,,,,,,,,,,,0,1,0,1,0,1,0,,,,
13355088,N,N,N,N,N,N,N,6/1/2013,3:54 AM,13-152072,,71,136,N,N,,,19,,,1,500,,COPIA,RD,N,N,35,N,N,,N,19,,,1,3500,,GATEWAY WEST,RD,,,,,,,11,4,0,3,1,1,5,4:15 AM,DISPATCHED,4:23 AM,6/1/2013,Y,TX0710200,1259,,,,8,2,2,22,64,38,1,2,1,21,21,71,136,31.7781462,-106.4508759,SL,478,,0.611,SL0478,,167,2,0.625,20,0.588,IH,10,,IH0010,,,,,N,Y,N,5,9,Y,SAT,2,0,0,0,0,2,4,70,56,56,4,1,1,1,0,0,1,0,0,0,0,4,14,9551,2014,9551,6.9,6.8,13.7,,,,,,,,,,,,,,,,,,,,,,,,,,,0,0,0,3,0,0,0,66,,,
13355091,N,N,N,N,N,N,N,6/1/2013,2:11 AM,13-152048,,71,136,N,Y,,,19,,,1,1795,,ZARAGOZA,,N,N,50,N,N,,N,19,,,1,1700,,SAIL KLEINFELD,,,,,,,,11,4,0,3,1,1,1,2:22 AM,DISPATCH,2:22 AM,6/1/2013,Y,TX0710200,1259,,,213,8,7,4,1,32,31,1,3,2,21,21,71,136,31.75566063,-106.274535,FM,659,,5.537,FM0659,1796,1046,1,5.635,328,-0.438,,,,,,,,,Y,Y,N,5,9,Y,SAT,2,0,4,6,0,3,4,100,66,12,4,0,0,2,4,5,2,6,5,0,0,4,14,19379,2014,19379,1.9,10.6,12.6,,,,,,,,,,,,,,,,,,,,,,,,,,,0,0,0,1,0,0,0,66,,,
13355290,N,N,N,N,N,N,N,6/23/2013,12:11 AM,13-00478,,108,382,N,N,,,19,,,7,2101,N,RAUL LONGORIA,RD,Y,N,5,N,N,DRIVE THRU,N,19,,,1,100,W,SIOUX,RD,,,,,,,11,4,0,,1,1,1,12:11 AM,RADIO,12:22 AM,6/23/2013,N,TX1081300,2083,,,27,8,2,4,35,64,54,7,9,5,33,21,108,382,,,,,,,N RAUL LONGORIA RD,,,,,,,,,,,,,,,N,N,N,5,6,N,SUN,,,,,,,,,,,,,,,,,,,,,,,,,,,,,,,,,,,,,,,,,,,,,,,,,,,,,,,,0,0,0,1,1,0,0,,,,
13355361,N,N,N,N,N,N,N,7/6/2013,10:21 AM,C1304989,,178,97,N,Y,,,19,,,1,5300,S,STAPLES,ST,N,N,35,N,N,,Y,19,,,1,5600,,WILLIAMS,DR,,,,,,,11,1,0,,1,1,5,10:29 AM,DISPATCH,10:37 AM,7/6/2013,Y,TX1780200,1115,,,19,8,2,1,34,64,54,1,2,1,21,21,178,97,27.70453529,-97.37194266,,,,,S STAPLES ST,5300,,,,,,,,,WILLIAMS DR,,,,,Y,N,N,5,9,Y,SAT,,,,,,,,,,,,,,,,,,,,,,,,,,,,,,,,,,,,,,,,,,,,,,,,,,,,,,,,0,0,0,4,0,0,0,96,,,
13355386,N,N,N,N,N,N,N,6/30/2013,3:16 PM,1300029593,,46,309,N,Y,,,1,35,,1,2700,N,35,HWY,N,N,70,N,N,,N,4,306,,1,100,,306,,,,,,,,11,1,0,2,2,1,20,3:16 PM,DISPATCHED,3:20 PM,6/30/2013,Y,TX0460100,1841,,73,93,8,4,4,1,1,10,1,1,1,21,21,46,309,29.72999105,-98.07698472,IH,35,,190.942,IH0035,,16,4,14.164,191,0.392,,,,,,,,,Y,Y,N,1,7,Y,SUN,5,0,12,10,26,2,6,350,116,72,4,0,0,2,24,5,2,20,5,2,2,4,11,96539,2014,96539,3.4,11.2,14.6,,,,,,,,,,,,,,,,,,,,,,,,,,,1,3,0,0,0,4,0,28,,,
13355413,N,N,N,N,N,N,N,7/9/2013,3:28 PM,2013-86160,,31,189,N,Y,,,1,2,,1,3700,W,IH 2,EXPY,N,N,65,N,N,FORMERLY US 83,N,19,,,,300,S,LEWIS,LN,,,,,,,12,1,0,,2,2,11,3:28 PM,DISPATCH,3:33 PM,7/9/2013,Y,TX0310300,1417,,,23,8,7,4,1,39,1,1,1,4,21,21,31,189,,,IH,2,,,IH0002,,,,,,,,,,,,,,,Y,Y,N,5,7,N,TUE,,,,,,,,,,,,,,,,,,,,,,,,,,,,,,,,,,,,,,,,,,,,,,,,,,,,,,,,0,0,0,3,0,0,0,,,,
13355624,N,N,N,N,N,N,N,6/3/2013,5:06 PM,13-154222,,71,136,N,Y,31.69317999,-106.33121,19,,,1,100,N,YSLETA,LN,N,N,30,N,N,MAIN ROADWAY,N,19,,,1,8900,E,ALAMEDA,AVE,,,,,MAIN ROADWAY,,11,1,0,,1,1,20,5:07 PM,DISPATCHED,5:09 PM,6/3/2013,Y,TX0710200,1259,,,180,8,2,3,11,64,14,1,5,1,32,21,71,136,31.69316948,-106.331227,,,,,YSLETA LN,104,,,,,,,,,,,,,,Y,N,N,5,9,Y,MON,,,,,,,,,,,,,,,,,,,,,,,,,,,,,,,,,,,,,,,,,,,,,,,,,,,,,,,,0,0,0,3,0,0,0,66,,,
13355658,N,N,N,N,N,N,N,6/21/2013,7:47 AM,13-172198,,71,136,N,N,,,19,,,1,,,GEORGE DIETER DR NB,,N,N,0,N,N,,Y,19,,,1,,,PELLICANO DR WB,,,,,,,,11,1,4,,1,1,5,4:33 PM,BY PHONE,4:33 PM,6/21/2013,Y,TX0710200,1259,,,184,8,2,2,22,64,38,1,5,1,21,21,71,136,31.74434484,-106.3018204,,,,,GEORGE DIETER DR,,,,,,,,,,PELLICANO DR,,,,,N,N,N,5,9,Y,FRI,,,,,,,,,,,,,,,,,,,,,,,,,,,,,,,,,,,,,,,,,,,,,,,,,,,,,,,,0,0,0,2,0,0,0,66,,,