Crash_ID,Crash_Fatal_Fl,Cmv_Involv_Fl,Schl_Bus_Fl,Rr_Relat_Fl,Medical_Advisory_Fl,Amend_Supp_Fl,Active_School_Zone_Fl,Crash_Date,Crash_Time,Case_ID,Local_Use,Rpt_CRIS_Cnty_ID,Rpt_City_ID,Rpt_Outside_City_Limit_Fl,Thousand_Damage_Fl,Rpt_Latitude,Rpt_Longitude,Rpt_Rdwy_Sys_ID,Rpt_Hwy_Num,Rpt_Hwy_Sfx,Rpt_Road_Part_ID,Rpt_Block_Num,Rpt_Street_Pfx,Rpt_Street_Name,Rpt_Street_Sfx,Private_Dr_Fl,Toll_Road_Fl,Crash_Speed_Limit,Road_Constr_Zone_Fl,Road_Constr_Zone_Wrkr_Fl,Rpt_Street_Desc,At_Intrsct_Fl,Rpt_Sec_Rdwy_Sys_ID,Rpt_Sec_Hwy_Num,Rpt_Sec_Hwy_Sfx,Rpt_Sec_Road_Part_ID,Rpt_Sec_Block_Num,Rpt_Sec_Street_Pfx,Rpt_Sec_Street_Name,Rpt_Sec_Street_Sfx,Rpt_Ref_Mark_Offset_Amt,Rpt_Ref_Mark_Dist_Uom,Rpt_Ref_Mark_Dir,Rpt_Ref_Mark_Nbr,Rpt_Sec_Street_Desc,Rpt_CrossingNumber,Wthr_Cond_ID,Light_Cond_ID,Entr_Road_ID,Road_Type_ID,Road_Algn_ID,Surf_Cond_ID,Traffic_Cntl_ID,Investigat_Notify_Time,Investigat_Notify_Meth,Investigat_Arrv_Time,Report_Date,Investigat_Comp_Fl,ORI_Number,Investigat_Agency_ID,Investigat_Area_ID,Investigat_District_ID,Investigat_Region_ID,Bridge_Detail_ID,Harm_Evnt_ID,Intrsct_Relat_ID,FHE_Collsn_ID,Obj_Struck_ID,Othr_Factr_ID,Road_Part_Adj_ID,Road_Cls_ID,Road_Relat_ID,Phys_Featr_1_ID,Phys_Featr_2_ID,Cnty_ID,City_ID,Latitude,Longitude,Hwy_Sys,Hwy_Nbr,Hwy_Sfx,Dfo,Street_Name,Street_Nbr,Control,Section,Milepoint,Ref_Mark_Nbr,Ref_Mark_Displ,Hwy_Sys_2,Hwy_Nbr_2,Hwy_Sfx_2,Street_Name_2,Street_Nbr_2,Control_2,Section_2,Milepoint_2,Txdot_Rptable_Fl,Onsys_Fl,Rural_Fl,Crash_Sev_ID,Pop_Group_ID,Located_Fl,Day_of_Week,Hwy_Dsgn_Lane_ID,Hwy_Dsgn_Hrt_ID,Hp_Shldr_Left,Hp_Shldr_Right,Hp_Median_Width,Base_Type_ID,Nbr_Of_Lane,Row_Width_Usual,Roadbed_Width,Surf_Width,Surf_Type_ID,Curb_Type_Left_ID,Curb_Type_Right_ID,Shldr_Type_Left_ID,Shldr_Width_Left,Shldr_Use_Left_ID,Shldr_Type_Right_ID,Shldr_Width_Right,Shldr_Use_Right_ID,Median_Type_ID,Median_Width,Rural_Urban_Type_ID,Func_Sys_ID,Adt_Curnt_Amt,Adt_Curnt_Year,Adt_Adj_Curnt_Amt,Pct_Single_Trk_Adt,Pct_Combo_Trk_Adt,Trk_Aadt_Pct,Curve_Type_ID,Curve_Lngth,Cd_Degr,Delta_Left_Right_ID,Dd_Degr,Feature_Crossed,Structure_Number,I_R_Min_Vert_Clear,Approach_Width,Bridge_Median_ID,Bridge_Loading_Type_ID,Bridge_Loading_In_1000_Lbs,Bridge_Srvc_Type_On_ID,Bridge_Srvc_Type_Under_ID,Culvert_Type_ID,Roadway_Width,Deck_Width,Bridge_Dir_Of_Traffic_ID,Bridge_Rte_Struct_Func_ID,Bridge_IR_Struct_Func_ID,CrossingNumber,RRCo,Poscrossing_ID,WDCode_ID,Standstop,Yield,Incap_Injry_Cnt,Nonincap_Injry_Cnt,Poss_Injry_Cnt,Non_Injry_Cnt,Unkn_Injry_Cnt,Tot_Injry_Cnt,Death_Cnt,MPO_ID,Investigat_Service_ID,Investigat_DA_ID,Investigator_Narrative
13359312,N,N,N,N,N,N,N,7/8/2013,3:14 AM,,,229,1794,Y,Y,30.8793,-94.42408,2,69,,1,,,NOT REPORTED,,N,N,75,N,N,,N,15,3200,,,,,NOT REPORTED,,,,,,,,11,3,0,1,2,1,12,3:16 AM,TYLER CO. S.O.,3:39 AM,7/9/2013,N,,10000,3,58,1,8,7,4,1,62,54,1,2,2,21,21,229,1794,30.85131873,-94.4245473,US,69,,265.069,US0069,,200,6,3.86,464,0.146,,,,,,,,,Y,Y,Y,2,0,Y,MON,2,0,9,9,0,9,2,100,44,26,6,0,0,2,9,5,2,9,5,0,0,1,2,3758,2014,3758,4,10.4,14.5,,,,,,,,,,,,,,,,,,,,,,,,,,,0,1,0,0,0,1,0,,,,
13359487,N,N,N,N,N,N,N,7/9/2013,9:30 AM,,,129,425,N,Y,32.73925,-96.30553,17,,,7,,,PARKING LOT,,Y,N,15,N,N,,N,3,205,,,,,NOT REPORTED,,,,,,,,11,1,0,,1,1,20,9:35 AM,DISPATCHED,10:15 AM,7/10/2013,Y,,10000,19,107,1,8,2,4,45,64,12,7,9,5,33,21,129,425,,,,,,,PARKING LOT,,,,,,,,,,,,,,,N,N,N,5,5,N,TUE,,,,,,,,,,,,,,,,,,,,,,,,,,,,,,,,,,,,,,,,,,,,,,,,,,,,,,,,0,0,0,2,0,0,0,,,,
13359549,N,N,N,N,N,N,N,7/3/2013,1:51 PM,13-36610,,108,132,N,Y,,,19,,,1,400,S,23RD,AVE,N,N,30,N,N,,N,19,,,,,E,STUBBS,ST,,,,,,,11,1,0,,1,1,1,1:51 PM,DISPATCHED,1:56 PM,7/3/2013,Y,TX1080400,1248,,,35,8,2,4,30,64,54,1,5,1,21,21,108,132,26.29612512,-98.14899219,,,,,S 23RD AVE,427,,,,,,,,,,,,,,Y,N,N,5,7,Y,WED,,,,,,,,,,,,,,,,,,,,,,,,,,,,,,,,,,,,,,,,,,,,,,,,,,,,,,,,0,0,0,3,0,0,0,230,,,
13359710,N,N,N,N,N,N,N,7/9/2013,7:23 AM,183744,,108,1673,Y,Y,26.29365,-98.0568,3,107,,1,,,NOT REPORTED,,N,N,55,N,N,,N,15,,,,,,SKINNER,RD,,,,,,,11,1,0,2,1,1,11,8:27 AM,DROVE UP TO SCENE,8:27 AM,7/11/2013,Y,,10000,17,127,1,8,6,4,1,64,54,1,2,1,21,21,108,1673,26.29354932,-98.05708374,SH,107,,24.016,SH0107,10061,342,1,26.597,528,0.004,,,,,,,,,Y,Y,Y,5,0,Y,TUE,3,0,4,10,24,2,4,152,76,48,4,0,0,2,4,5,2,10,5,3,20,4,14,13448,2014,13448,1.3,1.4,2.7,,,,,,,,,,,,,,,,,,,,,,,,,,,0,0,0,1,0,0,0,230,,,
13359806,N,N,N,N,N,N,N,7/15/2013,4:54 PM,SAPD13152926,3140,15,379,N,Y,,,2,281,,1,15200,,US HWY 281 N,HWY,N,N,60,N,N,DIVIDED HIGHWAY,N,19,,,,14500,,BROOKHOLLOW,BLVD,,,,,TWO WAY,,2,1,0,2,1,3,11,6:37 PM,DISPATCHER,6:59 PM,7/15/2013,N,TXSPD0000,2473,,29,131,8,2,4,21,64,1,1,2,1,21,21,15,379,29.58304564,-98.47597442,US,281,,321.135,US0281,,253,4,10.787,526,-0.402,,,,,,,,,Y,Y,N,5,9,Y,MON,5,0,8,8,21,2,8,300,132,96,4,0,0,2,18,5,2,18,5,2,3,4,12,151019,2014,151019,1.8,0.6,2.3,,,,,,,,,,,,,,,,,,,,,,,,,,,0,0,0,1,1,0,0,28,,,
13359932,N,N,N,N,N,N,N,6/29/2013,12:27 AM,163881A,,57,107,N,Y,,,11,12,,1,2900,S,BUCKNER,BLVD,N,N,40,N,N,,Y,19,,,1,8000,,SCYENE,RD,,,,,,,11,4,3,2,1,1,10,12:35 AM,DISPATCH,12:48 AM,7/1/2013,Y,TX0000006,2471,,,27,8,2,1,34,64,9,1,2,1,21,21,57,107,32.76335789,-96.68257966,SL,12,,35.578,SL0012,2997,581,1,7.639,620,0.083,,,,SCYENE RD,,,,,Y,Y,N,5,9,Y,SAT,3,0,0,0,14,3,6,100,66,66,6,1,1,1,0,0,1,0,0,1,14,4,14,29574,2014,29574,2.3,0.4,2.7,,,,,,,,,,,,,,,,,,,,,,,,,,,0,0,0,2,0,0,0,282,,,
13360041,N,N,N,N,N,N,N,6/29/2013,1:35 PM,13-020306,,240,254,N,Y,,,19,,,1,,,SAN EDUARDO,AVE,N,N,0,N,N,,Y,19,,,1,,,GARZA,,,,,,,,11,1,4,,1,1,8,3:00 PM,VIA MCT DISPATCH,3:11 PM,6/29/2013,Y,TX2400100,1644,,,42,8,2,1,10,64,54,1,5,1,21,21,240,254,27.51517538,-99.50160214,,,,,SAN EDUARDO AVE,1801,,,,,,,,,GARZA ST,,,,,Y,N,N,5,8,Y,SAT,,,,,,,,,,,,,,,,,,,,,,,,,,,,,,,,,,,,,,,,,,,,,,,,,,,,,,,,0,0,0,3,0,0,0,205,,,
13360182,N,N,N,N,N,N,N,7/9/2013,8:00 PM,13-04709,,128,903,N,Y,,,19,,,1,100,N,SUNSET STRIP,RD,N,N,50,N,N,,N,19,,,1,800,W,MAIN,ST,,,,,,,11,1,4,,1,1,5,8:06 PM,KCSO,8:10 PM,7/9/2013,Y,TX1280200,1576,,,,8,2,2,14,64,3,1,5,1,21,21,128,903,28.8128389,-97.857954,,,,,S SUNSET STRIP DR,140,,,,,,,,,W MAIN ST,,,,,Y,N,Y,5,3,Y,TUE,,,,,,,,,,,,,,,,,,,,,,,,,,,,,,,,,,,,,,,,,,,,,,,,,,,,,,,,0,0,0,2,0,0,0,,,,
13360233,N,N,N,N,N,N,N,6/24/2013,7:32 PM,13-019771,,240,254,N,Y,,,19,,,1,2400,,BISMARK,ST,N,N,30,N,N,,N,2,83,,1,1300,S,US HWY 83,,,,,,,,11,1,4,,1,1,1,3:47 PM,MCT-DISPATCH,4:13 PM,6/24/2013,N,TX2400100,1644,,,,8,2,4,11,64,54,1,5,1,21,21,240,254,27.48594539,-99.47135747,,,,,BISMARK ST,2420,,,,,,,,,,,,,,Y,N,N,5,8,Y,MON,,,,,,,,,,,,,,,,,,,,,,,,,,,,,,,,,,,,,,,,,,,,,,,,,,,,,,,,0,0,0,4,0,0,0,205,,,
13360402,N,Y,N,N,N,N,N,6/24/2013,12:12 PM,13-019747,,240,254,N,Y,,,19,,,1,400,,FLORES,AVE,N,N,30,N,N,,N,19,,,1,1000,,ITURBIDE,ST,,,,,,,11,1,0,,1,1,1,12:17 PM,RADIO DISPATCHED,12:21 PM,6/24/2013,Y,TX2400100,1644,,,87,8,4,4,1,64,11,1,5,1,21,21,240,254,27.50351539,-99.50655214,,,,,FLORES AVE,401,,,,,,,,,,,,,,Y,N,N,5,8,Y,MON,,,,,,,,,,,,,,,,,,,,,,,,,,,,,,,,,,,,,,,,,,,,,,,,,,,,,,,,0,0,0,1,0,0,0,205,,,
13360825,N,N,N,N,N,N,N,7/8/2013,10:37 AM,2013-016462,,101,325,N,Y,,,19,,,1,2600,,SHAVER,RD,N,N,35,N,N,,N,19,,,1,100,,FRESA,RD,,,,,,,2,1,0,,1,2,1,10:42 AM,DISPATCHED,10:48 AM,7/8/2013,Y,TX1011500,1912,,,132,8,2,4,20,64,54,1,5,1,21,21,101,325,29.67467813,-95.20801313,,,,,SHAVER ST,2503,,,,,,,,,,,,,,Y,N,N,2,8,Y,MON,,,,,,,,,,,,,,,,,,,,,,,,,,,,,,,,,,,,,,,,,,,,,,,,,,,,,,,,0,1,0,3,0,1,0,15,,,
13360878,N,N,N,N,N,N,N,7/9/2013,10:25 AM,1300019318,,61,364,N,Y,,,2,377,,1,1200,N,FRONT,ST,N,N,50,N,N,,N,3,114,,1,100,E,NOT REPORTED,,,,,,,,11,1,98,1,1,1,21,10:24 AM,DISPATCHED,10:27 AM,7/9/2013,Y,TX0612900,2025,,73,177,8,2,1,34,64,54,1,2,1,21,21,61,364,33.01198892,-97.22150526,US,377,,70.479,US0377,,81,3,11.693,264,0.375,SH,114,,SH0114,,,,,Y,Y,N,5,4,Y,TUE,2,0,8,8,0,3,2,114,40,24,4,0,0,2,8,5,2,8,5,0,0,4,14,16763,2014,16763,5.5,2.5,8,,,,,,,,,,,,,,,,,,,,,,,,,,,0,0,0,3,0,0,0,282,,,
13361048,N,N,N,N,N,N,N,6/28/2013,4:00 PM,2013-13786,,116,180,N,Y,,,1,30,,1,7401,,30,,Y,N,0,N,N,WALMART PARKING LOT,N,3,34,,1,7600,,WESLEY,ST,,,,,,,11,1,0,,1,1,1,4:01 PM,GREENVILLE PD DISPAT,4:02 PM,6/28/2013,Y,TX1160300,1383,,,,8,2,4,40,64,11,7,9,5,33,21,116,180,,,IH,30,,,IH0030,,,,,,,,,,,,,,,N,Y,N,5,6,N,FRI,,,,,,,,,,,,,,,,,,,,,,,,,,,,,,,,,,,,,,,,,,,,,,,,,,,,,,,,0,0,0,2,0,0,0,,,,
13361083,N,N,N,N,N,N,N,7/5/2013,12:06 PM,13-001189,,14,236,N,Y,31.05419,-97.76151,19,,,1,7800,,TYREL,DR,N,N,30,N,N,,N,19,,,1,400,,STAGECOACH,RD,,,,,,,11,0,0,,3,1,1,12:06 PM,DISPATCHED,12:15 PM,7/5/2013,Y,TX0140400,1587,,,,8,4,4,5,64,54,1,5,1,21,21,14,236,31.0558883,-97.76085674,,,,,TYREL DR,7888,,,,,,,,,,,,,,Y,N,N,0,8,Y,FRI,,,,,,,,,,,,,,,,,,,,,,,,,,,,,,,,,,,,,,,,,,,,,,,,,,,,,,,,0,0,0,0,1,0,0,277,,,
13361214,N,N,N,N,N,N,N,6/18/2013,4:34 PM,13-0132,,61,332,N,Y,33.23339,-96.56536,2,377,,7,460,S,HWY 377,,Y,N,0,N,N,MARKED PARKING LOT,N,2,377,,,,,NOT REPORTED,,,,,,US 377,,11,1,0,,1,1,17,4:36 PM,RADIO DISPATCH,4:42 PM,6/18/2013,Y,TX0610700,1929,,,,8,4,4,4,64,12,7,9,5,33,21,61,332,,,US,377,,,US0377,,,,,,,,,,,,,,,N,Y,Y,0,3,N,TUE,,,,,,,,,,,,,,,,,,,,,,,,,,,,,,,,,,,,,,,,,,,,,,,,,,,,,,,,0,0,0,0,1,0,0,,,,
13361219,N,N,N,N,N,N,N,6/28/2013,5:55 AM,13-0144,,61,332,N,Y,,,19,,,1,1200,N,ST JAMES,CIR,N,N,30,N,N,LEVEL ASPHALT ROAD WITH 90 DEGREE TURN,N,19,,,1,1200,N,ST CHARLES,AVE,,,,,LEVEL ASPHALT RESIDENTIAL ROADWAY,,12,1,0,,4,1,1,6:24 AM,DISPATCHED,6:32 AM,6/28/2013,Y,TX0610700,1929,,,,8,4,4,1,64,54,1,5,1,21,21,61,332,33.40785675,-96.95349827,,,,,N ST JAMES CIR,1208,,,,,,,,,,,,,,Y,N,Y,5,3,Y,FRI,,,,,,,,,,,,,,,,,,,,,,,,,,,,,,,,,,,,,,,,,,,,,,,,,,,,,,,,0,0,0,2,0,0,0,282,,,
13361282,N,N,N,N,N,N,N,7/4/2013,3:50 AM,,13004917,72,1637,Y,Y,32.09022,-98.08336,2,281,,1,10340,,NOT REPORTED,,N,N,70,N,N,PAVED ROAD,N,15,226,,,,,NOT REPORTED,,,,,,,,11,3,0,,1,1,1,4:02 AM,ERATH DISPATCH,4:08 AM,7/5/2013,Y,72000000,1275,,,,8,10,4,1,33,3,1,2,2,21,21,72,1637,,,US,281,,,US0281,,,,,,,,,,,,,,,Y,Y,Y,5,0,N,THU,,,,,,,,,,,,,,,,,,,,,,,,,,,,,,,,,,,,,,,,,,,,,,,,,,,,,,,,0,0,0,1,0,0,0,,,,
13361404,N,N,N,N,N,N,N,6/23/2013,11:55 PM,13066853,,57,289,N,Y,,,1,635,,1,21600,,IH 635,,N,N,60,N,N,,N,19,,,1,1700,W,SCYENE,RD,,,,,,,11,4,4,2,1,1,1,11:59 PM,DISPATCHED,12:03 AM,6/23/2013,Y,571800,1774,,41,28,8,10,4,1,29,35,1,1,4,21,21,57,289,32.76973253,-96.62268169,IH,635,,5.142,IH0635,,2374,2,5.185,5,-0.471,,,,,,,,,Y,Y,N,2,8,Y,SUN,5,0,11,11,30,2,8,330,140,96,6,0,0,2,22,5,2,22,5,2,8,4,11,143934,2014,143934,5.2,8.7,14,,,,,,,,,,,,,,,,,,,,,,,,,,,0,1,0,0,0,1,0,282,,,
13361417,N,N,N,N,Y,Y,N,7/6/2013,10:12 AM,1300009855,,225,300,N,Y,,,2,271,,1,2300,S,JEFFERSON,AVE,N,N,45,N,N,FLAT LEVEL SURFACE,N,19,,,1,100,E,ALEXANDER RD,AVE,,,,,FLAT LEVEL SURFACE,,11,1,2,,1,1,11,10:12 AM,DISPATCHED,10:15 AM,7/6/2013,Y,TX2250100,1813,,8,36,8,10,4,1,1,54,1,2,1,21,21,225,300,,,US,271,,,US0271,,,,,,,,,,,,,,,Y,Y,N,5,5,N,SAT,,,,,,,,,,,,,,,,,,,,,,,,,,,,,,,,,,,,,,,,,,,,,,,,,,,,,,,,0,0,0,3,2,0,0,,,,
13361433,N,N,N,N,N,N,N,7/2/2013,3:29 PM,13-3321,,84,255,N,Y,,,4,518,,1,3900,E,FM 518,,N,N,50,N,N,E FM 518,Y,4,1266,,1,100,,COLUMBIA MEMORIAL,PKWY,,,,,,,11,1,2,2,1,1,5,3:29 PM,POLICE DISPATCH,3:37 PM,7/3/2013,Y,TX0840800,1648,,,,8,2,1,34,64,54,1,3,1,21,21,84,255,29.52823207,-95.03933429,FM,518,,24.089,FM0518,,976,5,10.032,706,-0.387,FM,1266,,FM1266,,,,,Y,Y,N,5,7,Y,TUE,3,0,3,3,17,2,4,180,73,48,4,0,0,2,3,5,2,13,5,3,14,4,14,10621,2014,10621,3.9,1.4,5.2,,,,,,,,,,,,,,,,,,,,,,,,,,,0,0,0,4,0,0,0,15,,,
13361450,N,N,N,N,N,N,N,6/29/2013,12:04 PM,13-3245,,84,255,N,N,,,17,,,7,515,E,MAIN,ST,Y,N,15,N,N,,N,19,,,1,,,3RD,ST,,,,,,,11,1,0,,1,1,1,12:04 PM,DISPATCHED,12:12 PM,6/29/2013,Y,TX0840800,1648,,2,94,8,4,4,4,64,12,7,9,5,33,21,84,255,,,,,,,E MAIN ST,,,,,,,,,,,,,,,N,N,N,5,7,N,SAT,,,,,,,,,,,,,,,,,,,,,,,,,,,,,,,,,,,,,,,,,,,,,,,,,,,,,,,,0,0,0,1,0,0,0,,,,
13361523,N,N,N,N,N,N,N,7/5/2013,7:02 PM,201309102,,244,439,N,Y,,,8,287,,1,2900,,WILBARGER,ST,Y,N,0,N,N,,N,19,,,1,1700,,TOLAR,ST,,,,,,,11,1,4,,1,1,5,7:02 PM,DISPATCHED,7:06 PM,7/5/2013,Y,TX2440100,2362,,,,8,4,4,3,64,3,7,9,5,33,21,244,439,,,,,,,BU0287,,,,,,,,,,,,,,,N,Y,N,5,5,N,FRI,,,,,,,,,,,,,,,,,,,,,,,,,,,,,,,,,,,,,,,,,,,,,,,,,,,,,,,,0,0,0,1,0,0,0,,,,
13361527,N,N,N,N,N,N,N,7/1/2013,5:00 PM,13032590,,57,373,N,Y,32.91028,-96.5316,19,,,1,7200,,LAKEVIEW,PKWY,N,N,50,N,N,,N,19,,,1,5600,,CHIESA,RD,,,,,,,11,1,4,2,2,1,5,5:10 PM,DISPATCHED,5:20 PM,7/2/2013,Y,TX0573300,2049,,,21,8,2,2,22,64,46,1,2,1,21,21,57,373,32.91063341,-96.53148659,SH,66,,5.916,SH0066,,9,3,36.296,602,0.064,,,,CHIESA RD,,,,,Y,Y,N,5,7,Y,MON,3,0,2,2,19,8,6,120,80,72,5,1,2,2,4,5,2,4,5,1,15,4,14,29522,2014,29522,8.1,9.1,17.2,,,,,,,,,,,,,,,,,,,,,,,,,,,0,0,0,2,0,0,0,282,,,
13361798,N,N,N,N,N,N,N,7/11/2013,10:04 PM,,,126,1691,Y,Y,32.51142,-97.13952,15,617,,1,,,NOT REPORTED,,N,N,40,N,N,,N,15,,,,,,SORRELL,WAY,,,,,,,11,3,0,,5,1,10,10:18 PM,DISPATCHED,10:23 PM,7/14/2013,Y,,10000,19,118,1,8,7,4,1,62,3,1,4,2,21,21,126,1691,32.51142099,-97.13951208,,,,,CR 617,4282,,,,,,,,,,,,,,Y,N,Y,5,0,Y,THU,,,,,,,,,,,,,,,,,,,,,,,,,,,,,,,,,,,,,,,,,,,,,,,,,,,,,,,,0,0,0,1,0,0,0,282,,,
13362062,N,N,N,N,N,N,N,7/15/2013,5:30 PM,0087870513W,FSGI,101,208,N,Y,,,19,,,1,10600,,TELEPHONE,RD,N,N,40,N,N,,Y,19,,,1,7700,,FUQUA,ST,,,,,,,2,1,0,3,1,2,5,5:38 PM,DISPATCH,5:43 PM,7/15/2013,Y,TXHPD0000,2469,6,104,28,8,7,2,2,36,54,1,2,4,21,21,101,208,29.61154509,-95.28563697,SH,35,,6.189,SH0035,10601,178,1,6.192,480,0.193,,,,FUQUA ST,,,,,Y,Y,N,0,9,Y,MON,2,0,6,6,0,3,6,122,84,72,5,0,0,3,6,5,3,6,5,0,0,4,14,19433,2014,19433,6.5,3.7,10.2,,,,,,,,,,,,,,,,,,,,,,,,,,,0,0,0,0,1,0,0,15,,,
13362184,N,N,N,N,N,N,N,7/3/2013,5:50 PM,SAPD13143131,3140,15,379,N,Y,,,2,218,,1,18000,N,US HWY 281,HWY,N,N,65,N,N,,N,19,,,,14000,,BROOK HOLLOW,RD,,,,,,,11,1,0,,3,1,20,5:52 PM,SELF ASSIGNED,5:53 PM,7/3/2013,Y,TXSPD0000,2473,,29,131,8,2,4,22,64,42,1,2,1,21,21,15,379,,,,,,,US0218,,,,,,,,,,,,,,,Y,Y,N,5,9,N,WED,,,,,,,,,,,,,,,,,,,,,,,,,,,,,,,,,,,,,,,,,,,,,,,,,,,,,,,,0,0,0,4,0,0,0,,,,
13362271,N,N,N,N,N,N,N,7/8/2013,6:10 AM,,,121,1686,Y,Y,31.07318,-94.15125,15,54,,1,,,NOT REPORTED,,N,N,60,N,N,,N,19,,,,,,LETNEY,RD,,,,,,,11,1,0,,4,1,1,6:14 AM,JASPER CO SO,6:33 AM,7/8/2013,Y,,10000,15,58,1,8,10,4,1,1,29,1,4,2,21,21,121,1686,31.07314362,-94.15122902,,,,,COUNTY ROAD 054,207,,,,,,,,,,,,,,Y,N,Y,5,0,Y,MON,,,,,,,,,,,,,,,,,,,,,,,,,,,,,,,,,,,,,,,,,,,,,,,,,,,,,,,,0,0,0,1,0,0,0,,,,
13362385,N,N,N,N,N,Y,N,7/13/2013,2:40 AM,SAPD13150761,West,15,379,N,Y,,,19,,,1,1300,N,NAVARRO,ST,N,N,35,N,N,,Y,19,,,1,600,,SOLEDAD,ST,,,,,,,11,4,4,,1,1,17,2:47 AM,DISPATCH,2:56 AM,12/28/2013,Y,TXSPD0000,2473,,109,138,8,7,2,1,29,3,1,5,2,21,21,15,379,29.43303497,-98.49334231,,,,,NAVARRO ST,,,,,,,,,,SOLEDAD ST,,,,,Y,N,N,3,9,Y,SAT,,,,,,,,,,,,,,,,,,,,,,,,,,,,,,,,,,,,,,,,,,,,,,,,,,,,,,,,0,0,1,0,0,1,0,28,,,
13362432,N,N,N,N,N,N,N,7/15/2013,4:20 PM,SAPD13152834,7170,15,379,N,N,,,19,,,1,4730,,FREDRICKSBURG,RD,N,N,40,N,N,,Y,19,,,1,6800,,CITIZENS,PKWY,,,,,,,2,1,2,,1,2,20,5:41 PM,DISPATCHED,5:55 PM,7/15/2013,Y,TXSPD0000,2473,,61,123,8,5,1,1,64,42,1,5,1,21,21,15,379,29.49533497,-98.5552123,,,,,FREDERICKSBURG RD,4730,,,,,,,,,UNKNOWN,,,,,N,N,N,5,9,Y,MON,,,,,,,,,,,,,,,,,,,,,,,,,,,,,,,,,,,,,,,,,,,,,,,,,,,,,,,,0,0,0,3,0,0,0,28,,,
13362564,N,N,N,N,N,N,N,6/12/2013,8:46 AM,13-163001,,71,136,N,Y,,,17,,,7,2050,,SUN BOWL,DR,Y,N,0,N,N,,N,17,,,,,,SUN BOWL,DR,,,,,,,11,1,0,,1,1,1,8:48 AM,DISPATCHED,8:51 AM,6/12/2013,Y,TX0710400,3086,,,250,8,2,4,10,64,54,7,9,5,33,21,71,136,,,,,,,SUN BOWL DR,,,,,,,,,,,,,,,N,N,N,3,9,N,WED,,,,,,,,,,,,,,,,,,,,,,,,,,,,,,,,,,,,,,,,,,,,,,,,,,,,,,,,0,0,3,3,0,3,0,,,,
13362610,N,N,N,N,N,N,N,7/14/2013,8:43 AM,2013-195-005,,246,169,N,Y,,,3,29,,7,1333,W,UNIVERSITY,AVE,N,N,55,N,N,W UNIVERSITY,N,19,,,7,,,D B WOOD,RD,,,,,,,11,1,0,3,1,1,5,8:44 AM,DISPATCH,8:45 AM,7/14/2013,Y,TX2460200,1351,,,,8,7,3,2,21,33,1,2,2,32,21,246,169,30.63279197,-97.71055198,SH,29,,131.799,SH0029,1508,337,1,10.098,554,-0.644,,,,,,,,,Y,Y,N,2,7,Y,SUN,2,0,0,0,0,2,4,100,64,48,4,0,0,1,0,0,1,0,0,0,0,4,14,15816,2014,15816,9.1,6,15.1,1,182,1,1,0,,,,,,,,,,,,,,,,,,,,,,0,2,0,0,0,2,0,90,,,
13362717,N,N,N,N,N,N,N,7/12/2013,5:48 PM,13-002697,,14,36,N,Y,,,1,35,,1,4700,S,IH 35,FWY,N,N,70,Y,N,,N,19,,,1,100,W,SHANKLIN,RD,,,,,,,11,1,0,2,2,1,11,5:50 PM,RADIO DISPATCH,6:02 PM,7/12/2013,Y,TX0140200,113,,,,8,2,4,20,64,49,1,1,1,21,21,14,36,31.01443545,-97.48382319,IH,35,,290.04,IH0035,,15,6,12.697,291,-0.456,,,,,,,,,Y,Y,N,3,5,Y,FRI,5,0,6,0,34,2,6,250,80,68,4,0,1,2,6,5,1,6,0,2,28,1,1,59532,2014,59532,4.1,19,23,,,,,,,,,,,,,,,,,,,,,,,,,,,0,0,2,4,0,2,0,277,,,
13362830,N,N,N,N,N,N,N,7/13/2013,12:55 PM,0086924913E,,101,208,N,Y,,,19,,,1,2200,,MARONEAL,,N,N,20,N,N,,N,19,,,,,,GREENBRIAR,,,,,,,,11,1,0,,1,1,1,1:05 PM,DISPATCHED,1:13 PM,7/13/2013,Y,TXHPD0000,2469,51,113,29,8,7,4,1,32,3,1,5,2,21,21,101,208,29.70342302,-95.4111247,,,,,MARONEAL ST,2264,,,,,,,,,,,,,,Y,N,N,3,9,Y,SAT,,,,,,,,,,,,,,,,,,,,,,,,,,,,,,,,,,,,,,,,,,,,,,,,,,,,,,,,0,0,1,0,0,1,0,15,,,
13363126,N,N,N,N,N,N,N,7/16/2013,2:20 PM,180862A,180863A,57,107,N,Y,,,17,,,7,2305,N,CENTRAL,EXPY,Y,N,15,N,N,COMMERCIAL PARKING LOT,N,19,,,,2200,N,HALL,ST,,,,,PUBLIC STREET,,11,1,98,,7,1,1,2:08 PM,DISPATCHED,2:30 PM,7/16/2013,N,TX0000006,2471,,,35,8,4,4,4,64,54,7,9,5,33,21,57,107,,,,,,,N CENTRAL EXPY,,,,,,,,,,,,,,,N,N,N,0,9,N,TUE,,,,,,,,,,,,,,,,,,,,,,,,,,,,,,,,,,,,,,,,,,,,,,,,,,,,,,,,0,0,0,0,1,0,0,,,,
13363130,N,N,N,N,N,N,N,6/26/2013,7:00 AM,0079038613Z,,101,208,N,Y,,,3,6,,2,1000,N,HWY 6,,N,N,40,N,N,DRY CONCRETE SURFACE,N,1,10,,,,W,KATY SER N,FWY,,,,,,,12,1,0,2,1,1,5,7:02 AM,DISPATCH,7:09 AM,6/26/2013,Y,TXHPD0000,2469,18,106,44,8,2,2,20,64,54,1,2,1,21,21,101,208,29.78496793,-95.64481392,SH,6,,490.985,SH0006,,1685,5,10.585,674,-0.286,IH,10,,IH0010,,,,,Y,Y,N,2,9,Y,WED,4,0,10,10,11,9,4,210,82,48,5,0,0,2,10,5,2,10,5,1,1,4,14,64053,2014,64053,3.9,1.4,5.2,,,,,,,,,,,,,,,,,,,,,,,,,,,0,1,1,2,0,2,0,15,,,