Crash_ID,Crash_Fatal_Fl,Cmv_Involv_Fl,Schl_Bus_Fl,Rr_Relat_Fl,Medical_Advisory_Fl,Amend_Supp_Fl,Active_School_Zone_Fl,Crash_Date,Crash_Time,Case_ID,Local_Use,Rpt_CRIS_Cnty_ID,Rpt_City_ID,Rpt_Outside_City_Limit_Fl,Thousand_Damage_Fl,Rpt_Latitude,Rpt_Longitude,Rpt_Rdwy_Sys_ID,Rpt_Hwy_Num,Rpt_Hwy_Sfx,Rpt_Road_Part_ID,Rpt_Block_Num,Rpt_Street_Pfx,Rpt_Street_Name,Rpt_Street_Sfx,Private_Dr_Fl,Toll_Road_Fl,Crash_Speed_Limit,Road_Constr_Zone_Fl,Road_Constr_Zone_Wrkr_Fl,Rpt_Street_Desc,At_Intrsct_Fl,Rpt_Sec_Rdwy_Sys_ID,Rpt_Sec_Hwy_Num,Rpt_Sec_Hwy_Sfx,Rpt_Sec_Road_Part_ID,Rpt_Sec_Block_Num,Rpt_Sec_Street_Pfx,Rpt_Sec_Street_Name,Rpt_Sec_Street_Sfx,Rpt_Ref_Mark_Offset_Amt,Rpt_Ref_Mark_Dist_Uom,Rpt_Ref_Mark_Dir,Rpt_Ref_Mark_Nbr,Rpt_Sec_Street_Desc,Rpt_CrossingNumber,Wthr_Cond_ID,Light_Cond_ID,Entr_Road_ID,Road_Type_ID,Road_Algn_ID,Surf_Cond_ID,Traffic_Cntl_ID,Investigat_Notify_Time,Investigat_Notify_Meth,Investigat_Arrv_Time,Report_Date,Investigat_Comp_Fl,ORI_Number,Investigat_Agency_ID,Investigat_Area_ID,Investigat_District_ID,Investigat_Region_ID,Bridge_Detail_ID,Harm_Evnt_ID,Intrsct_Relat_ID,FHE_Collsn_ID,Obj_Struck_ID,Othr_Factr_ID,Road_Part_Adj_ID,Road_Cls_ID,Road_Relat_ID,Phys_Featr_1_ID,Phys_Featr_2_ID,Cnty_ID,City_ID,Latitude,Longitude,Hwy_Sys,Hwy_Nbr,Hwy_Sfx,Dfo,Street_Name,Street_Nbr,Control,Section,Milepoint,Ref_Mark_Nbr,Ref_Mark_Displ,Hwy_Sys_2,Hwy_Nbr_2,Hwy_Sfx_2,Street_Name_2,Street_Nbr_2,Control_2,Section_2,Milepoint_2,Txdot_Rptable_Fl,Onsys_Fl,Rural_Fl,Crash_Sev_ID,Pop_Group_ID,Located_Fl,Day_of_Week,Hwy_Dsgn_Lane_ID,Hwy_Dsgn_Hrt_ID,Hp_Shldr_Left,Hp_Shldr_Right,Hp_Median_Width,Base_Type_ID,Nbr_Of_Lane,Row_Width_Usual,Roadbed_Width,Surf_Width,Surf_Type_ID,Curb_Type_Left_ID,Curb_Type_Right_ID,Shldr_Type_Left_ID,Shldr_Width_Left,Shldr_Use_Left_ID,Shldr_Type_Right_ID,Shldr_Width_Right,Shldr_Use_Right_ID,Median_Type_ID,Median_Width,Rural_Urban_Type_ID,Func_Sys_ID,Adt_Curnt_Amt,Adt_Curnt_Year,Adt_Adj_Curnt_Amt,Pct_Single_Trk_Adt,Pct_Combo_Trk_Adt,Trk_Aadt_Pct,Curve_Type_ID,Curve_Lngth,Cd_Degr,Delta_Left_Right_ID,Dd_Degr,Feature_Crossed,Structure_Number,I_R_Min_Vert_Clear,Approach_Width,Bridge_Median_ID,Bridge_Loading_Type_ID,Bridge_Loading_In_1000_Lbs,Bridge_Srvc_Type_On_ID,Bridge_Srvc_Type_Under_ID,Culvert_Type_ID,Roadway_Width,Deck_Width,Bridge_Dir_Of_Traffic_ID,Bridge_Rte_Struct_Func_ID,Bridge_IR_Struct_Func_ID,CrossingNumber,RRCo,Poscrossing_ID,WDCode_ID,Standstop,Yield,Incap_Injry_Cnt,Nonincap_Injry_Cnt,Poss_Injry_Cnt,Non_Injry_Cnt,Unkn_Injry_Cnt,Tot_Injry_Cnt,Death_Cnt,MPO_ID,Investigat_Service_ID,Investigat_DA_ID,Investigator_Narrative
13371013,N,N,N,N,N,N,N,7/22/2013,12:28 PM,SAPD13158197,5170,15,379,N,Y,,,1,410,,1,7100,SW,LOOP 410,,N,N,70,N,N,,N,19,,,,6900,,RAY ELLISON,BLVD,,,,,,,11,1,0,2,2,1,1,12:30 PM,DISPATCHED,12:35 PM,7/22/2013,N,TXSPD0000,2473,,19,148,8,10,4,1,1,35,1,1,1,21,21,15,379,29.36351105,-98.63388545,IH,410,,3.656,IH0410,,521,5,4.171,4,-0.296,,,,,,,,,Y,Y,N,2,9,Y,MON,5,0,4,10,44,2,4,300,76,48,2,0,0,2,8,5,2,20,5,2,36,4,11,54645,2014,54645,2.4,3,5.4,,,,,,,,,,,,,,,,,,,,,,,,,,,0,2,0,0,1,2,0,28,,,
13371031,N,N,N,N,N,N,N,7/15/2013,5:53 PM,C1305233,,178,97,N,N,,,19,,,1,4700,,OLD BROWNSVILLE,RD,N,N,35,N,N,,N,19,,,1,1200,S,OMAHA,DR,,,,,,,12,1,0,3,1,1,11,5:53 PM,DISPATCHED,5:56 PM,7/15/2013,Y,TX1780200,1115,,,51,8,2,1,34,64,54,1,3,1,21,21,178,97,27.76615138,-97.44650316,FM,665,,44.478,FM0665,4690,1052,2,22.906,564,0.717,,,,OMAHA DR,,,,,Y,Y,N,1,9,Y,MON,2,0,0,0,0,2,4,120,56,56,4,2,2,1,0,0,1,0,0,0,0,4,14,8733,2014,8733,4.9,3.9,8.8,,,,,,,,,,,,,,,,,,,,,,,,,,,1,0,1,0,0,2,0,96,,,
13371058,N,N,N,N,N,N,N,6/29/2013,12:57 AM,1300026174,,94,394,N,Y,,,1,10,,1,3100,W,10,HWY,N,N,75,N,N,,N,1,10,,1,,,IH 10,HWY,0.3,M,E,611,,,11,3,0,2,1,1,20,12:57 AM,DISPATCHED,1:02 AM,6/29/2013,Y,TX0940300,2109,,8,37,8,8,4,1,1,54,1,1,2,21,21,94,394,29.59936218,-97.93275468,IH,10,,609.92,IH0010,,535,1,17.057,611,0.3,,,,,,,,,Y,Y,N,2,6,Y,SAT,5,0,6,10,76,2,4,340,80,48,4,0,0,2,12,5,2,20,5,,64,1,1,34801,2014,34801,2.3,3.5,5.9,,,,,,,,,,,,,,,,,,,,,,,,,,,0,1,0,1,0,1,0,28,,,
13371143,N,N,N,N,N,Y,N,7/22/2013,4:15 PM,130722039,,165,291,N,Y,,,9,20,,1,2100,W,FRONT,ST,N,N,45,N,N,,N,9,158,,,900,S,GARFIELD,,,,,,,,11,1,0,3,1,1,5,4:18 PM,DISPATCHED,4:23 PM,8/1/2013,Y,TX1650100,1782,,,127,8,2,2,22,64,38,1,2,1,21,21,165,291,31.98557337,-102.0942888,BI,20,E,23.181,BI0020E,,5,9,2.009,320,-0.369,BS,158,B,BS0158B,,,,,Y,Y,N,5,8,Y,MON,2,0,0,0,0,2,4,100,66,48,4,1,1,1,0,0,1,0,0,0,0,3,17,12078,2014,12078,2.3,1.2,3.4,,,,,,,,,,,,,,,,,,,,,,,,,,,0,0,0,5,0,0,0,174,,,
13371264,N,N,N,N,N,N,N,7/13/2013,2:18 AM,13-0407,,114,39,N,N,,,19,,,1,2500,,MARCH,CIR,N,N,30,N,N,,N,19,,,,3200,,RANDOLPH,BLVD,,,,,,,11,3,0,,4,1,1,2:17 AM,RADIO,2:22 AM,7/13/2013,Y,TX1140100,123,,,33,8,8,2,1,98,54,1,5,2,21,21,114,39,32.21742456,-101.4946415,,,,,MARCH CIR,2500,,,,,,,,,UNKNOWN,,,,,N,N,N,5,6,Y,SAT,,,,,,,,,,,,,,,,,,,,,,,,,,,,,,,,,,,,,,,,,,,,,,,,,,,,,,,,0,0,0,1,0,0,0,,,,
13371347,N,N,N,N,N,N,N,7/10/2013,12:55 PM,,,138,1703,Y,Y,,,3,222,,1,,W,222,HWY,N,N,75,N,N,STATE HIGHWAY,N,4,1292,,1,,N,1292,RD,,,,,FM 1292,,11,1,0,1,5,1,11,12:58 PM,RADIO DISPATCH,1:14 PM,7/10/2013,Y,1380000,1598,,,35,8,7,4,1,20,29,1,2,2,21,21,138,1703,33.42208675,-99.85527723,SH,222,,17.034,SH0222,,496,4,9.955,412,0.252,,,,,,,,,Y,Y,Y,5,0,Y,WED,2,0,4,4,0,2,2,100,31,22,2,0,0,2,4,5,2,4,5,0,0,1,7,1283,2014,1283,2.4,4,6.3,,,,,,,,,,,,,,,,,,,,,,,,,,,0,0,0,1,0,0,0,,,,
13371373,N,N,N,N,Y,N,N,6/28/2013,1:43 PM,,,201,1766,Y,Y,32.17729,-94.89152,3,64,,1,,,NOT REPORTED,,N,N,70,N,N,,N,15,481,,,,,NOT REPORTED,,,,,,,,11,1,0,1,1,1,11,1:49 PM,RUSK CO S.O.,2:09 PM,7/8/2013,Y,TXDPS2500,10000,16,28,1,8,2,4,30,1,25,1,2,1,21,21,201,1766,32.17714358,-94.89155105,SH,64,,77.982,SH0064,6508,245,8,5.797,714,-0.2,,,,,,,,,Y,Y,Y,2,0,Y,FRI,2,0,6,6,0,9,3,120,50,36,6,0,0,2,6,5,2,6,5,0,0,1,6,5768,2014,5768,2.9,7.1,10,,,,,,,,,,,,,,,,,,,,,,,,,,,0,1,1,3,0,2,0,,,,
13371413,N,N,N,N,N,N,N,7/16/2013,11:55 AM,1300019581,,112,415,N,Y,,,3,154,,1,100,,GILMER,ST,N,N,30,N,N,,Y,19,,,1,100,,TOMLINSON,ST,,,,,,,11,1,4,3,1,1,8,11:56 AM,DISPATCHED,11:57 AM,7/16/2013,Y,TX1120200,2193,,8,36,8,2,1,10,64,16,1,2,1,21,21,112,415,33.13722175,-95.60085568,SH,154,,20.996,SH0154,147,83,3,0.047,668,1.084,,,,TOMLINSON ST,,,,,Y,Y,N,2,5,Y,TUE,0,0,0,8,0,2,4,98,64,48,2,0,2,1,0,0,2,8,2,4,0,2,14,623,2014,623,5.3,20.3,25.6,,,,,,,,,,,,,,,,,,,,,,,,,,,0,1,0,1,0,1,0,,,,
13371422,N,N,N,N,N,N,N,7/4/2013,5:30 PM,13-0391,,114,39,N,Y,,,2,87,,1,2600,S,GREGG,ST,N,N,40,N,N,,N,4,700,,,200,W,MARCY,DR,,,,,,,11,1,0,3,1,1,8,5:34 PM,PHONE,5:38 PM,7/4/2013,Y,TX1140100,123,,,27,8,2,3,14,64,13,1,2,1,32,21,114,39,32.22928229,-101.4705172,US,87,,350.828,US0087,,69,1,24.021,380,-0.205,,,,,,,,,Y,Y,N,3,6,Y,THU,2,0,0,0,0,2,4,120,64,64,4,1,1,1,0,0,1,0,0,0,0,2,14,18316,2014,18316,2.8,21.7,24.5,,,,,,,,,,,,,,,,,,,,,,,,,,,0,0,1,4,0,1,0,,,,
13371452,N,Y,N,N,N,N,N,7/23/2013,8:05 AM,,,165,1730,Y,Y,31.90787,-102.21442,1,20,,2,,,NOT REPORTED,,N,N,55,N,N,,Y,4,1788,,1,,,NOT REPORTED,,,,,,,,11,1,4,3,1,1,5,8:09 AM,DPS COMMUNICATIONS,8:22 AM,7/23/2013,Y,TXDPS1800,10000,17,32,1,8,2,1,39,64,47,2,3,1,21,21,165,1730,31.90907265,-102.2146874,FM,1788,,61.108,FM1788,,1718,1,12.954,330,-1.947,BI,20,E,BI0020E,,,,,Y,Y,Y,5,0,Y,TUE,2,0,1,3,0,1,4,150,67,47,2,1,1,2,1,5,2,3,5,0,0,1,7,7561,2014,7561,5.3,34.1,39.4,,,,,,,,,,,,,,,,,,,,,,,,,,,0,0,0,2,0,0,0,174,,,
13371489,N,N,N,N,N,N,N,7/22/2013,5:45 PM,13-92117,,31,189,N,Y,,,19,,,1,1100,S,D,ST,N,N,30,N,N,,N,19,,,,500,W,GRANT,AVE,,,,,,,11,1,0,,1,1,1,5:45 PM,DISPATCHED,5:59 PM,7/22/2013,Y,TX0310300,1417,,,23,8,2,3,46,64,14,1,5,1,32,21,31,189,26.18208386,-97.69996572,,,,,S D ST,1138,,,,,,,,,,,,,,Y,N,N,5,7,Y,MON,,,,,,,,,,,,,,,,,,,,,,,,,,,,,,,,,,,,,,,,,,,,,,,,,,,,,,,,0,0,0,3,0,0,0,201,,,
13371829,N,N,N,N,N,N,N,6/21/2013,5:00 PM,0077070113W,,101,208,N,Y,,,19,,,1,2700,N,SHEPHERD,DR,N,N,35,N,N,,Y,19,,,1,600,W,28TH,ST,,,,,,,11,1,4,,1,1,8,5:36 PM,HPD DISPATCH,5:47 PM,7/22/2013,Y,TXHPD0000,2469,18,121,33,8,2,1,10,64,54,1,5,1,21,21,101,208,29.81194479,-95.41030308,,,,,N SHEPHERD DR,2798,,,,,,,,,W 28TH ST,,,,,Y,N,N,5,9,Y,FRI,,,,,,,,,,,,,,,,,,,,,,,,,,,,,,,,,,,,,,,,,,,,,,,,,,,,,,,,0,0,0,6,0,0,0,15,,,
13371833,N,N,N,N,N,N,N,7/20/2013,6:20 PM,0090444613X,,101,208,N,Y,,,19,,,1,3400,,LOUISIANA,ST,N,N,35,N,N,CONCRETE,Y,19,,,1,700,,FRANCIS,,,,,,,,11,1,0,,1,1,8,6:30 PM,DISPATCH,6:33 PM,7/20/2013,Y,TXHPD0000,2469,24,121,35,8,2,1,10,64,54,1,5,1,21,21,101,208,29.74191481,-95.38063309,,,,,LOUISIANA ST,3401,,,,,,,,,FRANCIS ST,,,,,Y,N,N,5,9,Y,SAT,,,,,,,,,,,,,,,,,,,,,,,,,,,,,,,,,,,,,,,,,,,,,,,,,,,,,,,,0,0,0,2,0,0,0,15,,,
13371865,N,N,N,N,N,N,N,7/16/2013,12:56 AM,,,188,1753,Y,Y,35.31048,-101.68,3,136,,1,,,NOT REPORTED,,N,N,75,N,N,,N,,,,,,,NOT REPORTED,,0.2,M,N,112,,,11,3,0,1,1,1,11,1:00 AM,DPS AMARILLO COMM,1:23 AM,7/19/2013,Y,,10000,17,130,1,8,6,4,1,64,54,1,2,1,21,21,188,1753,35.36965467,-101.6366372,SH,136,,95.296,SH0136,,379,2,17.746,112,-0.2,,,,NOT REPORTED,,,,,Y,Y,Y,5,0,Y,TUE,2,0,10,10,0,2,2,180,44,24,4,0,0,2,10,5,2,10,5,0,0,1,6,3657,2014,3657,8.9,4.1,13,,,,,,,,,,,,,,,,,,,,,,,,,,,0,0,0,2,0,0,0,,,,
13371946,N,N,N,N,N,N,N,7/14/2013,5:45 PM,,,170,1735,Y,Y,30.16532,-95.50383,15,,,1,,,WOODLANDS,PKWY,N,N,45,N,N,,Y,15,,,1,,W,PANTHER CREEK,DR,,,,,,,11,1,4,,1,1,5,5:58 PM,DPS HOUSTON,6:10 PM,7/14/2013,Y,,10000,3,52,1,8,2,1,10,64,54,1,4,1,21,21,170,1735,30.16540472,-95.50395304,,,,,WOODLANDS PKWY,4400,,,,,,,,,W PANTHER CREEK DR,,,,,Y,N,Y,5,0,Y,SUN,,,,,,,,,,,,,,,,,,,,,,,,,,,,,,,,,,,,,,,,,,,,,,,,,,,,,,,,0,0,0,4,0,0,0,15,,,
13372030,N,N,N,N,N,N,N,7/18/2013,3:30 PM,0089284013N,,101,208,N,Y,,,19,,,1,10900,,BISSONNET,ST,N,N,35,N,N,CONCRETE,N,19,,,,9600,,KINNEY,,,,,,,,11,1,0,,1,1,20,3:37 PM,DISPATCHED,3:47 PM,7/18/2013,Y,TXHPD0000,2469,14,128,39,8,2,4,20,64,54,1,5,1,21,21,101,208,29.67419427,-95.57155775,,,,,BISSONNET ST,,,,,,,,,,,,,,,Y,N,N,5,9,Y,THU,,,,,,,,,,,,,,,,,,,,,,,,,,,,,,,,,,,,,,,,,,,,,,,,,,,,,,,,0,0,0,2,2,0,0,15,,,
13372220,N,N,N,N,N,N,N,7/18/2013,2:29 PM,2013-00018465,,105,239,N,Y,,,1,35,,1,18000,,NOT REPORTED,,N,N,70,N,N,,N,19,,,1,100,,KELLY SMITH,LN,,,,,,,11,1,0,2,1,1,20,2:29 PM,DISPATCH,2:34 PM,7/18/2013,Y,TX1050700,1604,,,,8,7,4,1,23,29,1,1,4,21,21,105,1670,30.04208872,-97.842264,IH,35,,217.192,IH0035,,16,2,20.032,218,-0.348,,,,,,,,,Y,Y,Y,1,0,Y,THU,5,0,2,10,6,2,6,350,96,72,4,0,0,2,4,5,2,20,5,,2,4,11,115369,2014,115369,4.9,8,13,,,,,,,,,,,,,,,,,,,,,,,,,,,1,0,0,0,0,1,0,90,,,
13372244,N,N,N,N,N,N,N,7/8/2013,6:10 PM,13-189263,,71,136,N,Y,,,19,,,1,10000,,GATEWAY WEST,BLVD,N,N,45,N,N,,Y,19,,,1,1000,,MCRAE,ST,,,,,,,11,1,0,2,1,1,5,6:13 PM,COMMUNICATIONS/DISPT,6:14 PM,7/8/2013,Y,TX0710200,1259,,,220,8,2,1,34,64,54,1,1,1,21,21,71,136,31.75900509,-106.3556395,IH,10,,28.14,IH0010,,2121,3,28.917,28,0.172,,,,MCRAE BLVD,,,,,Y,Y,N,3,9,Y,MON,5,0,10,10,43,2,7,300,124,84,4,0,1,2,20,5,2,20,5,,23,4,11,131071,2014,131071,2.3,5.2,7.5,,,,,,,,,,,,,,,,,,,,,,,,,,,0,0,1,2,0,1,0,66,,,
13372365,N,N,N,N,N,N,N,7/14/2013,4:04 AM,13-021802,,240,254,N,Y,,,19,,,1,700,,PARK,ST,N,N,30,N,N,,Y,19,,,1,1900,,SAN DARIO,,,,,,,,11,4,4,,1,1,5,4:04 AM,MCT DISPATHCED,4:06 AM,7/14/2013,Y,TX2400100,1644,,,113,8,2,1,10,64,54,1,1,1,21,21,240,254,27.51708538,-99.50262214,,,,,PARK ST,798,,,,,,,,,SAN DARIO AVE,,,,,Y,N,N,5,8,Y,SUN,,,,,,,,,,,,,,,,,,,,,,,,,,,,,,,,,,,,,,,,,,,,,,,,,,,,,,,,0,0,0,8,0,0,0,205,,,
13372389,N,N,N,N,N,N,N,7/14/2013,10:11 AM,13-021923,,240,254,N,Y,,,19,,,1,2900,,PECAN,,N,N,30,N,N,,Y,19,,,1,1600,S,NEW YORK,AVE,,,,,,,11,1,98,,1,1,8,10:12 AM,DISPATCH,10:15 AM,7/14/2013,Y,TX2400100,1644,,,28,8,2,1,10,33,54,1,5,1,21,21,240,254,27.48230539,-99.46644215,,,,,PECAN ST,2901,,,,,,,,,S NEW YORK AVE,,,,,Y,N,N,3,8,Y,SUN,,,,,,,,,,,,,,,,,,,,,,,,,,,,,,,,,,,,,,,,,,,,,,,,,,,,,,,,0,0,6,0,0,6,0,205,,,
13372574,N,N,N,N,N,N,N,7/23/2013,8:00 AM,13-16804,2 UNIT MINOR,57,218,N,Y,,,19,,,1,7400,N,BELTLINE,RD,N,N,45,N,N,,N,3,114,,,3400,W,JOHN CARPENTER,FWY,,,,,,,11,1,0,,1,1,5,8:00 AM,DROVE UP,8:00 AM,7/23/2013,Y,TX0571500,1518,,,33,8,2,4,20,64,3,1,5,1,21,21,57,218,32.90347992,-96.99161904,,,,,N BELT LINE RD,7400,,,,,,,,,,,,,,Y,N,N,5,8,Y,TUE,,,,,,,,,,,,,,,,,,,,,,,,,,,,,,,,,,,,,,,,,,,,,,,,,,,,,,,,0,0,0,2,0,0,0,282,,,
13372690,N,N,N,N,N,N,N,7/24/2013,7:45 AM,130724008,,165,291,N,Y,,,19,,,1,900,S,MARSHALL,ST,N,N,30,N,N,,N,19,,,,700,E,DAKOTA,ST,,,,,,,11,1,0,,1,1,1,7:47 AM,DISPATCHED,7:59 AM,7/24/2013,N,TX1650100,1782,,,127,8,4,4,1,64,54,1,5,1,21,21,165,291,31.98839162,-102.0655264,,,,,S MARSHALL ST,986,,,,,,,,,,,,,,Y,N,N,0,8,Y,WED,,,,,,,,,,,,,,,,,,,,,,,,,,,,,,,,,,,,,,,,,,,,,,,,,,,,,,,,0,0,0,0,1,0,0,174,,,
13372992,N,N,N,N,N,N,N,7/13/2013,3:30 PM,,,108,1673,Y,Y,26.264,-98.143,19,,,1,,,RAUL LONGORIA,RD,N,N,55,N,N,,N,19,,,,,,GARY,,,,,,,,11,1,2,,1,1,8,3:35 PM,DISPATCHED,3:50 PM,7/13/2013,Y,,10000,22,127,1,8,2,2,14,64,54,1,5,1,21,21,108,1673,26.26194851,-98.14314715,,,,,S RAUL LONGORIA RD,3601,,,,,,,,,GARY LN,,,,,Y,N,Y,5,0,Y,SAT,,,,,,,,,,,,,,,,,,,,,,,,,,,,,,,,,,,,,,,,,,,,,,,,,,,,,,,,0,0,0,2,0,0,0,230,,,
13373031,N,N,N,N,N,N,N,7/24/2013,1:30 PM,SAPD13159905,6110,15,379,N,N,,,2,90,W,3,100,,NOT REPORTED,,N,N,65,N,N,HIGHWAY TO OFF RAMP,N,19,,,,2700,,NOGALITOS,ST,,,,,BLACK TOP,,11,1,0,2,1,1,11,2:52 PM,DISPATCHTO114GREEN,2:58 PM,7/24/2013,Y,TXSPD0000,2473,,11,175,8,7,2,1,39,35,3,2,4,21,21,15,379,29.39625166,-98.51702872,US,90,,453.535,US0090,,24,8,8.928,572,-0.041,SL,353,,SL0353,,,,,N,Y,N,5,9,Y,WED,5,0,4,10,11,9,6,300,100,72,6,0,0,2,8,5,2,20,5,2,3,4,12,142831,2014,142831,1.8,0.6,2.3,1,187,0,,0,,,,,,,,,,,,,,,,,,,,,,0,0,0,1,1,0,0,28,,,
13373057,N,N,N,N,N,N,N,7/23/2013,4:17 PM,0091914913K,,101,208,N,Y,,,3,6,,1,2400,S,HWY 6,,N,N,45,N,N,,N,19,,,,14600,,WESTHEIMER,RD,,,,,,,11,1,0,2,1,1,20,4:23 PM,DISPATCHED,4:29 PM,7/23/2013,Y,TXHPD0000,2469,51,128,21,8,2,3,23,64,13,1,2,3,32,21,101,208,29.73670108,-95.6441016,SH,6,,494.338,SH0006,2479,1685,5,13.909,676,1.051,,,,,,,,,Y,Y,N,5,9,Y,TUE,3,0,0,0,1,3,6,160,96,84,6,1,1,1,0,0,1,0,0,1,1,4,14,64053,2014,64053,3.9,1.4,5.2,,,,,,,,,,,,,,,,,,,,,,,,,,,0,0,0,3,0,0,0,15,,,
13373179,N,N,N,N,N,N,N,7/24/2013,5:00 PM,0092440213L,,101,208,N,Y,,,1,45,,1,10500,N,NORTH,FWY,N,N,60,N,N,4 LANES,N,19,,,,,,WEST,RD,,,,,,,11,1,0,2,1,1,20,5:05 PM,DISPATCHER,5:15 PM,7/24/2013,Y,TXHPD0000,2469,14,152,59,8,2,4,22,64,42,3,1,1,21,21,101,208,29.91654006,-95.41258497,IH,45,,59.272,IH0045,,110,6,35.292,59,0.225,,,,,,,,,Y,Y,N,3,9,Y,WED,5,1,0,10,28,8,8,300,192,120,5,0,0,1,0,0,2,20,5,2,28,4,11,215390,2014,215390,5.5,4.6,10.1,,,,,,,,,,,,,,,,,,,,,,,,,,,0,0,1,1,0,1,0,15,,,
13373238,N,N,N,N,N,N,N,7/19/2013,8:00 AM,,,178,1743,Y,Y,27.78408,-97.57393,3,44,,1,,,NOT REPORTED,,N,N,75,N,N,,N,4,3386,,,,,NOT REPORTED,,,,,,,,11,1,4,2,1,1,9,8:08 AM,RADIO,8:16 AM,7/24/2013,Y,,10000,17,112,1,8,2,4,20,64,54,1,2,1,21,21,178,1743,27.78371804,-97.57392581,SH,44,,127.082,SH0044,2608,102,1,2.554,556,-0.679,,,,,,,,,Y,Y,Y,3,0,Y,FRI,3,0,0,8,23,2,4,350,62,44,6,0,0,1,0,0,2,16,5,3,23,1,2,17822,2014,17822,1.5,9.3,10.8,,,,,,,,,,,,,,,,,,,,,,,,,,,0,0,1,1,0,1,0,96,,,
13373477,N,N,N,N,N,N,N,7/16/2013,2:45 PM,2013-129737,,43,336,N,Y,,,19,,,1,400,,INDEPENDENCE,PKWY,N,N,30,N,N,,Y,3,190,,1,2900,,SH 190,,,,,,,,12,1,2,,1,1,20,2:46 PM,RADIO DISPATCHED,2:49 PM,7/16/2013,Y,TX0430600,1938,,,,8,2,1,22,64,45,1,2,1,21,21,43,336,33.00427421,-96.74871257,,,,,W PRESIDENT GEORGE BUSH HWY,,,,,,,,,,INDEPENDENCE PKWY,,,,,Y,N,N,5,9,Y,TUE,,,,,,,,,,,,,,,,,,,,,,,,,,,,,,,,,,,,,,,,,,,,,,,,,,,,,,,,0,0,0,2,0,0,0,282,,,
13373636,N,N,N,N,N,N,N,7/18/2013,5:33 PM,13020736,,43,468,N,Y,,,3,78,,1,2000,N,NOT REPORTED,,N,N,50,N,N,CONCRETE,Y,19,,,1,,,EUBANKS,,,,,,CONCRETE,,11,1,4,2,1,1,20,5:34 PM,DISPATCHED,5:38 PM,7/19/2013,Y,TX0430800,2460,,,,8,2,1,24,64,9,1,2,1,21,21,43,468,33.02300259,-96.51939529,SH,78,,69.144,SH0078,1799,281,2,33.641,266,-0.427,,,,EUBANKS LN,,,,,Y,Y,N,5,6,Y,THU,3,0,0,0,15,2,6,110,72,72,5,1,2,1,0,0,1,0,0,1,15,4,14,20554,2014,20554,8.1,9.1,17.2,1,368,2,2,38,,,,,,,,,,,,,,,,,,,,,,0,0,0,4,0,0,0,282,,,
13373801,N,N,N,N,N,N,N,7/24/2013,11:10 AM,2013-29351,,101,29,N,Y,,,19,,,1,6900,,GARTH,RD,N,N,45,N,N,,Y,19,,,1,900,,SHARON,RD,,,,,,,11,1,4,,1,1,5,11:10 AM,DISPATCH,11:11 AM,7/24/2013,Y,TX1010100,100,,,27,8,2,2,22,64,38,1,5,1,21,21,101,29,29.80181478,-94.98133319,,,,,GARTH RD,6900,,,,,,,,,SHARON RD,,,,,Y,N,N,5,7,Y,WED,,,,,,,,,,,,,,,,,,,,,,,,,,,,,,,,,,,,,,,,,,,,,,,,,,,,,,,,0,0,0,4,0,0,0,15,,,
13374483,N,N,N,N,N,N,N,7/18/2013,9:25 AM,13072415,,31,53,N,Y,,,19,,,1,2300,E,LOS EBANOS,BLVD,N,N,30,N,N,,N,19,,,,300,,NORTH,ST,,,,,,,11,1,0,,1,1,8,9:25 AM,DISPATCHED,9:33 AM,7/18/2013,Y,TX0310100,172,,125,42,8,2,4,22,64,42,1,5,1,21,21,31,53,25.9242608,-97.48532054,,,,,E LOS EBANOS BLVD,2395,,,,,,,,,,,,,,Y,N,N,3,8,Y,THU,,,,,,,,,,,,,,,,,,,,,,,,,,,,,,,,,,,,,,,,,,,,,,,,,,,,,,,,0,0,1,1,0,1,0,248,,,
13374601,N,Y,N,N,N,N,N,7/24/2013,3:08 PM,13-134824,,43,336,N,Y,,,2,75,,1,6900,N,CENTRAL,EXPY,N,N,60,N,N,,N,19,,,,,,LEGACY,DR,,,,,OVERPASS,,11,1,0,2,2,1,20,3:08 PM,DROVE UP ON,3:08 PM,7/24/2013,Y,TX0430600,1938,,,239,8,2,4,20,64,42,1,2,1,21,21,43,336,33.06512231,-96.69052662,US,75,,55.067,US0075,,47,6,8.903,248,0.738,,,,,,,,,Y,Y,N,3,9,Y,WED,5,0,12,10,28,3,6,300,116,72,5,0,0,2,24,5,2,20,5,2,4,4,12,174217,2014,174217,2.8,5.4,8.3,,,,,,,,,,,,,,,,,,,,,,,,,,,0,0,1,2,0,1,0,282,,,