Crash_ID,Crash_Fatal_Fl,Cmv_Involv_Fl,Schl_Bus_Fl,Rr_Relat_Fl,Medical_Advisory_Fl,Amend_Supp_Fl,Active_School_Zone_Fl,Crash_Date,Crash_Time,Case_ID,Local_Use,Rpt_CRIS_Cnty_ID,Rpt_City_ID,Rpt_Outside_City_Limit_Fl,Thousand_Damage_Fl,Rpt_Latitude,Rpt_Longitude,Rpt_Rdwy_Sys_ID,Rpt_Hwy_Num,Rpt_Hwy_Sfx,Rpt_Road_Part_ID,Rpt_Block_Num,Rpt_Street_Pfx,Rpt_Street_Name,Rpt_Street_Sfx,Private_Dr_Fl,Toll_Road_Fl,Crash_Speed_Limit,Road_Constr_Zone_Fl,Road_Constr_Zone_Wrkr_Fl,Rpt_Street_Desc,At_Intrsct_Fl,Rpt_Sec_Rdwy_Sys_ID,Rpt_Sec_Hwy_Num,Rpt_Sec_Hwy_Sfx,Rpt_Sec_Road_Part_ID,Rpt_Sec_Block_Num,Rpt_Sec_Street_Pfx,Rpt_Sec_Street_Name,Rpt_Sec_Street_Sfx,Rpt_Ref_Mark_Offset_Amt,Rpt_Ref_Mark_Dist_Uom,Rpt_Ref_Mark_Dir,Rpt_Ref_Mark_Nbr,Rpt_Sec_Street_Desc,Rpt_CrossingNumber,Wthr_Cond_ID,Light_Cond_ID,Entr_Road_ID,Road_Type_ID,Road_Algn_ID,Surf_Cond_ID,Traffic_Cntl_ID,Investigat_Notify_Time,Investigat_Notify_Meth,Investigat_Arrv_Time,Report_Date,Investigat_Comp_Fl,ORI_Number,Investigat_Agency_ID,Investigat_Area_ID,Investigat_District_ID,Investigat_Region_ID,Bridge_Detail_ID,Harm_Evnt_ID,Intrsct_Relat_ID,FHE_Collsn_ID,Obj_Struck_ID,Othr_Factr_ID,Road_Part_Adj_ID,Road_Cls_ID,Road_Relat_ID,Phys_Featr_1_ID,Phys_Featr_2_ID,Cnty_ID,City_ID,Latitude,Longitude,Hwy_Sys,Hwy_Nbr,Hwy_Sfx,Dfo,Street_Name,Street_Nbr,Control,Section,Milepoint,Ref_Mark_Nbr,Ref_Mark_Displ,Hwy_Sys_2,Hwy_Nbr_2,Hwy_Sfx_2,Street_Name_2,Street_Nbr_2,Control_2,Section_2,Milepoint_2,Txdot_Rptable_Fl,Onsys_Fl,Rural_Fl,Crash_Sev_ID,Pop_Group_ID,Located_Fl,Day_of_Week,Hwy_Dsgn_Lane_ID,Hwy_Dsgn_Hrt_ID,Hp_Shldr_Left,Hp_Shldr_Right,Hp_Median_Width,Base_Type_ID,Nbr_Of_Lane,Row_Width_Usual,Roadbed_Width,Surf_Width,Surf_Type_ID,Curb_Type_Left_ID,Curb_Type_Right_ID,Shldr_Type_Left_ID,Shldr_Width_Left,Shldr_Use_Left_ID,Shldr_Type_Right_ID,Shldr_Width_Right,Shldr_Use_Right_ID,Median_Type_ID,Median_Width,Rural_Urban_Type_ID,Func_Sys_ID,Adt_Curnt_Amt,Adt_Curnt_Year,Adt_Adj_Curnt_Amt,Pct_Single_Trk_Adt,Pct_Combo_Trk_Adt,Trk_Aadt_Pct,Curve_Type_ID,Curve_Lngth,Cd_Degr,Delta_Left_Right_ID,Dd_Degr,Feature_Crossed,Structure_Number,I_R_Min_Vert_Clear,Approach_Width,Bridge_Median_ID,Bridge_Loading_Type_ID,Bridge_Loading_In_1000_Lbs,Bridge_Srvc_Type_On_ID,Bridge_Srvc_Type_Under_ID,Culvert_Type_ID,Roadway_Width,Deck_Width,Bridge_Dir_Of_Traffic_ID,Bridge_Rte_Struct_Func_ID,Bridge_IR_Struct_Func_ID,CrossingNumber,RRCo,Poscrossing_ID,WDCode_ID,Standstop,Yield,Incap_Injry_Cnt,Nonincap_Injry_Cnt,Poss_Injry_Cnt,Non_Injry_Cnt,Unkn_Injry_Cnt,Tot_Injry_Cnt,Death_Cnt,MPO_ID,Investigat_Service_ID,Investigat_DA_ID,Investigator_Narrative
13374653,N,N,N,N,N,N,N,7/17/2013,1:20 PM,,,79,1644,Y,Y,29.66848,-95.64336,3,6,,1,,,NOT REPORTED,,N,N,45,N,N,,Y,19,,,1,,,OLD RICHMOND,,,,,,,,2,1,0,2,1,2,5,1:39 PM,DISPATCHED,1:50 PM,7/19/2013,Y,,10000,16,52,1,8,2,1,10,64,54,1,2,1,21,21,79,1644,29.66827366,-95.64328172,SH,6,,499.058,SH0006,,1685,6,2.24,682,-0.599,,,,OLD RICHMOND RD,,,,,Y,Y,Y,3,0,Y,WED,3,0,0,0,1,3,6,180,96,84,6,1,1,1,0,0,1,0,0,1,1,4,14,47844,2014,47844,3.9,1.4,5.2,,,,,,,,,,,,,,,,,,,,,,,,,,,0,0,1,3,0,1,0,15,,,
13374655,N,N,N,N,N,N,N,7/19/2013,6:00 PM,0089885913A,,101,208,N,Y,,,19,,,1,14500,,MEMORIAL,DR,N,N,35,N,N,,N,19,,,,700,S,DAIRY ASHFORD,,,,,,,,2,1,0,,1,2,20,6:18 PM,DISPATCHER,6:24 PM,7/25/2013,Y,TXHPD0000,2469,52,128,21,8,2,4,20,64,41,1,5,1,21,21,101,208,29.77010274,-95.60468624,,,,,MEMORIAL DR,14545,,,,,,,,,,,,,,Y,N,N,5,9,Y,FRI,,,,,,,,,,,,,,,,,,,,,,,,,,,,,,,,,,,,,,,,,,,,,,,,,,,,,,,,0,0,0,5,0,0,0,15,,,
13374745,N,N,N,N,N,N,N,7/24/2013,7:05 PM,0092515113G,,101,208,N,Y,,,19,,,1,3300,,WESTPARK,,N,N,30,N,N,CONCRETE,N,19,,,,,,WESLAYAN,,,,,,,,11,1,0,,1,1,20,7:05 PM,WALK IN,7:05 PM,7/25/2013,Y,TXHPD0000,2469,14,121,35,8,2,4,20,64,54,1,5,1,21,21,101,208,29.72773094,-95.44144605,,,,,WESTPARK DR,4103,,,,,,,,,,,,,,Y,N,N,5,9,Y,WED,,,,,,,,,,,,,,,,,,,,,,,,,,,,,,,,,,,,,,,,,,,,,,,,,,,,,,,,0,0,0,4,0,0,0,15,,,
13374938,N,N,N,N,N,N,N,7/5/2013,4:05 PM,130091563,32472,101,208,N,Y,,,12,,,4,6000,E,SAM HOUSTON,PKWY,N,Y,65,N,N,,N,19,,,3,10500,,OLD GALVESTON,RD,,,,,,,11,1,0,1,1,1,11,4:05 PM,DISPATCHED,4:07 PM,7/5/2013,Y,TX1015300,2747,4,461,415,8,2,4,22,64,45,4,2,1,21,21,101,208,29.77797,-95.56290295,SL,8,,19.981,SL0008,,3256,1,10.822,700,0.06,,,,,,,,,Y,Y,N,5,9,Y,FRI,1,0,0,0,0,9,3,300,36,36,5,1,1,1,0,0,1,0,0,0,0,4,14,40264,2014,40264,1.8,1.4,3.2,,,,,,,,,,,,,,,,,,,,,,,,,,,0,0,0,3,0,0,0,15,,,
13375227,N,N,N,N,N,N,N,7/19/2013,2:23 AM,C1305341,,178,97,N,Y,,,3,286,,5,5000,,NOT REPORTED,,N,N,60,N,N,,Y,3,358,,5,2100,,NOT REPORTED,,,,,,,,12,4,0,2,6,2,11,2:27 AM,DISPATCH,2:33 AM,7/19/2013,Y,TX1780200,1115,,,19,8,7,4,1,56,54,5,2,2,21,21,178,97,27.73722458,-97.4304657,SH,286,,4.535,SH0286,,326,1,0.031,620,0.362,,,,,,,,,Y,Y,N,5,9,Y,FRI,5,0,2,12,16,2,4,400,82,48,4,2,2,2,14,5,2,14,5,2,2,4,12,25466,2014,25466,4.9,3.9,8.8,,,,,,,,,,,,,,,,,,,,,,,,,,,0,0,0,3,0,0,0,96,,,
13375613,N,N,N,N,N,N,N,7/8/2013,10:36 AM,13T000698,,170,460,N,Y,,,1,45,,2,12400,,NOT REPORTED,,N,N,40,Y,N,,N,4,1097,,,,,NOT REPORTED,,,,,,,,2,1,4,2,1,2,5,10:30 AM,MCSO,10:36 AM,7/8/2013,Y,TX1701400,2432,17,8,23,8,2,2,22,64,49,2,1,1,21,21,170,460,30.421002,-95.4918694,IH,45,,94.637,IH0045,,675,8,21.877,95,-0.479,FM,1097,,FM1097,,,,,Y,Y,N,5,4,Y,MON,5,0,6,10,52,9,4,320,80,48,6,0,0,2,12,5,2,20,5,3,40,4,11,41250,2014,41250,2.8,19.2,22,,,,,,,,,,,,,,,,,,,,,,,,,,,0,0,0,3,0,0,0,15,,,
13375634,N,N,N,N,N,N,N,7/18/2013,6:27 PM,C1305336,,178,97,N,Y,,,19,,,1,3300,S,PADRE ISLAND,DR,N,N,45,N,N,,N,19,,,1,5000,,KOSTORYZ,RD,,,,,,,11,1,98,2,1,1,20,6:27 PM,DISPATCHED,7:20 PM,7/18/2013,Y,TX1780200,1115,,,19,8,2,4,21,64,9,1,2,1,21,21,178,97,27.72794413,-97.41164184,SH,358,,7.085,SH0358,,617,1,6.92,564,-0.949,,,,,,,,,Y,Y,N,5,9,Y,THU,5,0,10,10,12,8,7,250,104,84,4,0,0,2,10,5,2,10,5,2,2,4,12,125741,2014,125741,3.2,3,6.2,,,,,,,,,,,,,,,,,,,,,,,,,,,0,0,0,2,0,0,0,96,,,
13375756,N,N,N,N,N,N,N,6/14/2013,12:20 PM,130080851,33060,101,1666,Y,Y,,,19,,,1,11000,,LOUETTA,RD,N,N,40,N,N,,N,3,249,,,21100,,NOT REPORTED,,,,,,,,11,1,0,,1,1,11,12:30 PM,DISPATCHED,12:38 PM,6/28/2013,Y,TX1014900,2744,,151,62,8,2,2,22,64,38,1,2,1,21,21,101,1666,29.99674813,-95.57985481,,,,,LOUETTA RD,,,,,,,SH,249,,SH0249,,,,,Y,N,Y,5,0,Y,FRI,,,,,,,,,,,,,,,,,,,,,,,,,,,,,,,,,,,,,,,,,,,,,,,,,,,,,,,,0,0,0,4,0,0,0,15,,,
13376012,N,N,N,N,N,N,N,7/10/2013,4:25 PM,201310073,,129,154,N,Y,,,2,80,,1,1000,W,US HWY 80,,N,N,60,N,N,1000 BLK W US HWY 80,N,4,460,,4,600,,FM 460,,,,,,FM 460 EXIT RAMP,,11,1,0,2,4,1,20,4:29 PM,DISPATCH,4:37 PM,7/10/2013,Y,TX1290100,1310,,,,8,7,4,1,39,3,1,2,4,21,21,129,154,32.77067029,-96.48979456,US,80,,11.47,US0080,639,95,3,1.826,674,-0.183,,,,,,,,,Y,Y,N,0,5,Y,WED,5,0,2,10,44,2,4,300,76,48,4,0,0,2,4,5,2,22,5,2,40,2,12,76759,2014,76759,6,11.8,17.8,1,303,2,2,36,,,,,,,,,,,,,,,,,,,,,,0,0,0,0,1,0,0,282,,,
13376486,N,N,N,N,N,N,N,7/2/2013,2:00 PM,130089984,1001210,101,1666,Y,Y,,,19,,,1,1800,,FRY,RD,N,N,40,N,N,,N,15,,,,,,VILLAGE CHASE,,,,,,,,11,1,0,,1,1,20,2:15 PM,DISPATCHED,2:30 PM,7/2/2013,Y,TX1010000,1419,,8,224,8,2,3,10,64,14,1,4,1,32,21,101,1666,29.79371753,-95.718993,,,,,N FRY RD,1893,,,,,,,,,,,,,,Y,N,Y,3,0,Y,TUE,,,,,,,,,,,,,,,,,,,,,,,,,,,,,,,,,,,,,,,,,,,,,,,,,,,,,,,,0,0,1,5,0,1,0,15,,,
13376568,N,N,N,N,N,N,N,7/12/2013,5:49 PM,,,116,1681,Y,Y,33.31763,-96.19112,15,1048,,1,,,NOT REPORTED,,N,N,35,N,N,GRAVEL DIRT ROAD,Y,15,1049,,1,,,NOT REPORTED,,,,,,GRAVEL DIRT ROAD,,11,1,2,,1,8,1,5:54 PM,GARLAND DPS,6:22 PM,7/12/2013,Y,TXDPS8600,10000,7,107,1,8,2,1,10,33,54,1,4,1,21,21,116,1681,33.31762894,-96.1910853,,,,,COUNTY ROAD 1048,6498,,,,,,,,,UNKNOWN,,,,,Y,N,Y,5,0,Y,FRI,,,,,,,,,,,,,,,,,,,,,,,,,,,,,,,,,,,,,,,,,,,,,,,,,,,,,,,,0,0,0,3,0,0,0,282,,,
13376598,N,N,N,N,N,N,N,7/19/2013,9:19 PM,,,16,1581,Y,Y,30.16223,-98.37907,17,,,1,600,,LONESOME,LOOP,N,N,30,N,N,,N,15,411,,,,,MCCALL CREEK,RD,,,,,,,11,3,0,,2,1,1,9:23 PM,BLANCO SO DISPATCH,9:46 PM,7/22/2013,Y,,10000,1,22,1,8,7,4,1,32,29,1,4,2,21,21,16,1581,30.16223949,-98.3790425,,,,,LONESOME LOOP,170,,,,,,,,,,,,,,Y,N,Y,3,0,Y,FRI,,,,,,,,,,,,,,,,,,,,,,,,,,,,,,,,,,,,,,,,,,,,,,,,,,,,,,,,0,0,1,0,0,1,0,,,,
13376845,N,N,N,N,N,N,N,7/17/2013,8:13 PM,13-070789,,220,156,N,Y,32.6686,-97.3593,1,20,,4,2900,,SOUTHWEST LOOP 820,,N,N,45,N,N,,N,19,,,,5200,,RUSTON,AVE,,,,,,,11,1,0,2,2,1,1,8:18 PM,DISPATCHED,8:21 PM,7/17/2013,Y,TX2201200,1318,4,11,23,8,10,4,1,1,3,4,1,1,21,21,220,156,32.66886658,-97.35923366,IH,20,,434.584,IH0020,,8,12,7.154,435,0.496,,,,,,,,,Y,Y,N,2,9,Y,WED,5,0,10,10,22,3,7,280,124,84,5,0,0,2,20,5,2,20,5,2,2,4,11,133463,2014,133463,3.7,2.2,5.9,,,,,,,,,,,,,,,,,,,,,,,,,,,0,3,0,0,0,3,0,282,,,
13377026,N,Y,N,N,N,N,N,7/8/2013,10:11 PM,,,153,1718,Y,Y,33.03418,-101.62372,15,32,,1,,,NOT REPORTED,,N,N,60,N,N,,N,4,1054,,,,,NOT REPORTED,,,,,,,,11,3,0,,1,1,1,10:19 PM,DISPATCHED,11:12 PM,7/18/2013,Y,,10000,1,17,1,8,10,4,1,1,3,1,4,2,21,21,153,1718,33.03417753,-101.62372,,,,,COUNTY ROAD 32,2744,,,,,,,,,,,,,,Y,N,Y,5,0,Y,MON,,,,,,,,,,,,,,,,,,,,,,,,,,,,,,,,,,,,,,,,,,,,,,,,,,,,,,,,0,0,0,1,0,0,0,,,,
13377169,N,N,N,N,N,N,N,7/6/2013,3:08 AM,130018175,,220,177,N,Y,,,17,,,7,,,HEATHER HILL,CT,Y,N,10,N,N,APARTMENT ENTRANCE GATE,N,19,,,,2700,,HEATHER RIDGE,LN,,,,,,,12,4,98,,1,1,17,3:15 AM,DISPATCHED,3:27 AM,7/6/2013,Y,TX0571200,1372,,,44,8,2,4,30,64,54,7,9,5,1,21,220,177,,,,,,,HEATHER HILL CT,,,,,,,,,,,,,,,N,N,N,5,8,N,SAT,,,,,,,,,,,,,,,,,,,,,,,,,,,,,,,,,,,,,,,,,,,,,,,,,,,,,,,,0,0,0,1,1,0,0,,,,
13377346,N,N,N,N,N,N,N,7/20/2013,11:40 AM,,,14,1579,Y,Y,30.96393,-97.5283,1,35,,1,,,NOT REPORTED,,N,N,70,Y,Y,,N,,,,,,,NOT REPORTED,,500,F,N,286,,,11,1,0,2,2,1,20,11:41 AM,BELL CO. COMM CENTER,12:03 PM,7/22/2013,Y,,10000,7,119,1,8,2,4,22,64,49,1,1,1,21,21,14,1579,30.9641662,-97.52797351,IH,35,,285.673,IH0035,,15,7,8.247,286,500,,,,NOT REPORTED,,,,,Y,Y,Y,5,0,Y,SAT,5,0,8,12,42,2,4,250,92,48,4,0,0,2,14,5,2,22,5,2,28,1,1,60166,2014,60166,4.1,19,23,1,108,1,2,5,,,,,,,,,,,,,,,,,,,,,,0,0,0,4,0,0,0,277,,,
13377422,N,N,N,N,N,N,N,7/25/2013,10:21 PM,1300048485,,220,141,N,Y,,,19,,,1,900,E,HARWOOD,RD,N,N,40,N,N,"6 LANE, TWO WAY LOCAL ROAD",Y,19,,,1,1100,,BEAR CREEK,PKWY,,,,,"TWO LANE, TWO WAY LOCAL ROAD.",,11,4,4,,1,1,8,10:24 PM,RADIO DISPATCHED,10:26 PM,7/25/2013,Y,TX2200900,1279,,210,24,8,2,1,10,64,54,1,5,1,21,21,220,141,32.85175425,-97.0693325,,,,,E HARWOOD RD,,,,,,,,,,BEAR CREEK PKWY,,,,,Y,N,N,2,7,Y,THU,,,,,,,,,,,,,,,,,,,,,,,,,,,,,,,,,,,,,,,,,,,,,,,,,,,,,,,,0,1,0,1,0,1,0,282,,,
13377481,N,N,N,N,N,Y,N,7/27/2013,7:59 PM,SAPD13162658,2260,15,379,N,Y,,,19,,,1,400,W,MISTLETOE,AVE,N,N,-1,N,N,,Y,19,,,1,2100,,SAN PEDRO,AVE,,,,,,,11,1,0,,1,1,20,5:59 PM,DISPATCHED,8:05 PM,8/12/2013,Y,TXSPD0000,2473,,3,122,8,2,1,34,64,3,1,5,1,21,21,15,379,29.45385497,-98.49930231,,,,,W MISTLETOE AVE,400,,,,,,,,,SAN PEDRO AVE,,,,,Y,N,N,5,9,Y,SAT,,,,,,,,,,,,,,,,,,,,,,,,,,,,,,,,,,,,,,,,,,,,,,,,,,,,,,,,0,0,0,3,0,0,0,28,,,
13377624,N,N,N,N,N,N,N,7/27/2013,12:58 PM,0093777513U,,101,208,N,Y,,,19,,,1,9200,,BELLAIRE,BLVD,N,N,35,N,N,CONCRETE,N,19,,,,6800,,RANCHESTER,,,,,,,,11,1,2,,1,1,20,1:58 PM,DISPATCHED,2:01 PM,7/27/2013,Y,TXHPD0000,2469,52,106,54,8,2,3,14,64,14,1,5,1,32,21,101,208,29.70480482,-95.54864626,,,,,BELLAIRE BLVD,9421,,,,,,,,,,,,,,Y,N,N,5,9,Y,SAT,,,,,,,,,,,,,,,,,,,,,,,,,,,,,,,,,,,,,,,,,,,,,,,,,,,,,,,,0,0,0,4,0,0,0,15,,,
13377639,N,N,N,N,N,N,N,7/22/2013,5:54 PM,2.01E+11,,178,338,N,Y,,,19,,,1,400,N,ALISTER,ST,N,N,30,N,N,,Y,19,,,1,100,W,OAKES,AVE,,,,,,,11,1,4,,1,1,8,5:54 PM,DISPATCH RADIO,5:59 PM,7/22/2013,Y,TX1780500,1947,,,35,8,1,1,3,64,3,1,5,1,21,21,178,338,27.83603525,-97.06118273,,,,,N ALISTER ST,420,,,,,,,,,W OAKS AVE,,,,,Y,N,Y,5,3,Y,MON,,,,,,,,,,,,,,,,,,,,,,,,,,,,,,,,,,,,,,,,,,,,,,,,,,,,,,,,0,0,0,2,0,0,0,,,,
13377710,N,N,N,N,N,Y,N,7/17/2013,5:32 PM,1300010094,,101,391,N,Y,,,3,146,,1,2800,,N SH 146,,N,N,35,N,N,,Y,19,,,1,1800,E,MEYER,,,,,,,,11,1,4,3,1,1,5,5:32 PM,DISPATCHED,5:33 PM,7/31/2013,Y,TX1011700,2103,,,35,8,2,1,10,64,54,1,2,1,21,21,101,391,29.57602051,-95.02785929,SH,146,,95.115,SH0146,,389,5,6.4,500,-0.303,,,,E MEYER RD,,,,,Y,Y,N,1,5,Y,WED,2,0,8,8,0,2,4,120,60,44,4,0,0,2,8,5,2,8,5,0,0,4,12,28231,2014,28231,5.9,2.7,8.6,,,,,,,,,,,,,,,,,,,,,,,,,,,1,0,0,3,0,1,0,15,,,
13377768,N,N,N,N,N,N,N,7/27/2013,10:05 AM,201329186,,139,324,N,Y,,,2,82,,1,2000,E,LAMAR,AVE,N,N,40,N,N,,Y,19,,,1,10,NE,20TH,ST,,,,,,,11,1,0,1,1,1,5,10:05 AM,DISPATCH,10:09 AM,7/27/2013,Y,TX1390200,1907,,,35,8,2,1,13,64,54,1,3,1,21,21,139,324,33.66122055,-95.53552498,FM,195,,0,FM0195,2,730,2,0.006,656,0,BU,82,H,BU0082H,,,,,Y,Y,N,5,6,Y,SAT,2,0,8,0,0,3,2,50,28,20,2,0,0,2,8,5,1,0,0,0,0,2,17,5937,2014,5937,1.1,2.5,3.6,,,,,,,,,,,,,,,,,,,,,,,,,,,0,0,0,2,0,0,0,,,,
13377877,N,N,N,N,N,N,N,7/26/2013,8:45 PM,0093543713W,FSGI,101,208,N,Y,,,19,,,1,5711,,NECHES,,N,N,-1,N,N,,N,19,,,,,,KELLEY,,,,,,,,11,4,0,,1,1,1,11:14 PM,DISPATCH,11:17 PM,7/27/2013,Y,TXHPD0000,2469,24,124,113,8,7,4,1,33,54,1,5,2,21,21,101,208,29.81302138,-95.3362465,,,,,NECHES ST,,,,,,,,,,,,,,,Y,N,N,0,9,Y,FRI,,,,,,,,,,,,,,,,,,,,,,,,,,,,,,,,,,,,,,,,,,,,,,,,,,,,,,,,0,0,0,0,1,0,0,15,,,
13377898,N,N,N,N,Y,N,N,7/18/2013,3:30 PM,,,165,1730,Y,Y,31.99482,-102.03793,4,307,,1,,,NOT REPORTED,,N,N,60,N,N,,N,19,,,,,,FAIRGROUNDS,RD,,,,,,,11,1,0,1,1,1,20,3:32 PM,MIDLAND DPS,3:47 PM,7/28/2013,Y,TXDPS1800,10000,46,32,1,8,2,4,21,64,7,1,3,1,21,21,165,1730,31.99477698,-102.03792,FM,307,,1.456,FM0307,2428,887,1,11.447,380,-0.565,,,,,,,,,Y,Y,Y,3,0,Y,THU,2,0,8,8,0,1,2,130,40,24,2,0,0,2,8,5,2,8,5,0,0,3,16,4310,2014,4310,21.1,27.2,48.3,,,,,,,,,,,,,,,,,,,,,,,,,,,0,0,1,1,0,1,0,174,,,
13377934,N,Y,N,N,N,N,N,7/22/2013,5:05 PM,SAPD13158422,4110,15,379,N,N,,,17,,,1,3700,,BELGIUM,,Y,N,20,N,N,,N,19,,,,1100,,BRUSSELS,DR,,,,,,,11,1,0,,1,1,20,5:35 PM,DISPATCHED,5:45 PM,7/22/2013,Y,TXSPD0000,2473,,9,162,8,4,4,1,64,3,7,9,5,1,21,15,379,,,,,,,BELGIUM,,,,,,,,,,,,,,,N,N,N,5,9,N,MON,,,,,,,,,,,,,,,,,,,,,,,,,,,,,,,,,,,,,,,,,,,,,,,,,,,,,,,,0,0,0,5,0,0,0,,,,
13378276,N,N,N,N,N,N,N,7/19/2013,2:00 PM,13-007148,,20,326,N,Y,,,3,35,,1,2500,S,MAIN,,N,N,35,N,N,,N,19,,,1,4000,,WALNUT,ST,,,,,,,2,1,0,,1,2,5,2:05 PM,DISPATCH,2:10 PM,7/19/2013,Y,TX0201000,1917,,,,8,2,2,22,64,38,1,2,1,21,21,20,326,,,SH,35,,,SH0035,,,,,,,,,,WALNUT ST,,,,,Y,Y,N,5,7,N,FRI,,,,,,,,,,,,,,,,,,,,,,,,,,,,,,,,,,,,,,,,,,,,,,,,,,,,,,,,0,0,0,7,0,0,0,,,,
13378453,N,N,N,N,N,N,N,6/29/2013,3:04 PM,CR-1300085,,103,106,N,Y,,,2,87,,1,,,HWY 87,,N,N,50,N,N,,Y,19,,,1,,,16TH STREET,,,,,,,,11,1,4,3,3,1,3,3:04 PM,RADIO,5:08 AM,6/29/2013,Y,TX0560100,1165,,,,8,2,1,14,64,14,1,2,1,32,21,103,106,36.05088323,-102.5006014,US,87,,38.297,US0087,1399,41,1,1.5,56,0.465,BU,87,B,BU0087B,,,,,Y,Y,N,5,4,Y,SAT,2,0,8,8,0,2,4,100,64,48,4,1,1,2,8,2,2,8,2,0,0,2,14,7326,2014,7326,2.3,13.3,15.7,,,,,,,,,,,,,,,,,,,,,,,,,,,0,0,0,3,0,0,0,,,,
13378484,N,N,N,N,N,N,N,7/1/2013,2:28 PM,2013-13367,,239,48,N,Y,,,19,,,1,2300,S,DAY,ST,N,N,0,N,N,,N,2,290,,1,,,NOT REPORTED,,,,,,,,11,1,0,3,1,1,1,2:29 PM,DISPATCH,2:38 PM,7/1/2013,Y,TX2390100,156,,,,8,2,3,10,64,14,1,2,1,32,21,239,48,30.14241878,-96.39597445,BS,36,J,3.809,BS0036J,,187,1,1.716,446,-0.02,,,,,,,,,Y,Y,N,5,5,Y,MON,2,0,8,8,0,2,4,80,63,47,4,1,1,2,8,2,2,8,2,0,0,2,16,17168,2014,17168,10.3,14.7,25,,,,,,,,,,,,,,,,,,,,,,,,,,,0,0,0,2,0,0,0,,,,
13378504,N,N,N,N,N,N,N,7/11/2013,1:54 PM,2013-14020,,239,48,N,Y,,,19,,,1,1000,,HASSKARL,ST,N,N,25,N,N,BLACK TOP,N,19,,,1,,E,BLUE BELL,RD,,,,,BLACK TOP,,11,1,2,,4,1,1,1:54 PM,DISPATCH,1:54 PM,7/11/2013,Y,TX2390100,156,,,,8,4,3,4,64,14,1,5,1,32,21,239,48,30.17717253,-96.39491105,,,,,HASSKARL DR,1085,,,,,,,,,,,,,,Y,N,N,5,5,Y,THU,,,,,,,,,,,,,,,,,,,,,,,,,,,,,,,,,,,,,,,,,,,,,,,,,,,,,,,,0,0,0,1,0,0,0,,,,
13378560,N,N,N,N,N,N,N,7/14/2013,9:42 PM,13-15276,,68,315,N,Y,,,19,,,1,200,E,10TH,ST,N,N,30,N,N,,N,19,,,1,800,N,TEXAS,AVE,,,,,,,12,4,4,,1,1,8,9:49 PM,DISPATCH,10:06 PM,7/14/2013,N,680200,1873,,,,8,2,2,22,64,38,1,5,1,21,21,68,315,31.85347903,-102.3716838,,,,,E 10TH ST,202,,,,,,,,,N TEXAS AVE,,,,,Y,N,N,3,8,Y,SUN,,,,,,,,,,,,,,,,,,,,,,,,,,,,,,,,,,,,,,,,,,,,,,,,,,,,,,,,0,0,1,0,1,1,0,174,,,
13378636,N,N,N,N,N,N,N,7/15/2013,2:19 PM,130039763,,220,19,N,Y,,,19,,,1,1000,,WIMBLEDON,DR,N,N,30,N,N,,N,4,157,,,5000,S,COOPER,ST,,,,,,,11,1,0,,1,1,20,2:19 PM,DISPATCHED,2:25 PM,7/16/2013,Y,TX2200100,59,,8,218,8,2,4,24,64,7,1,5,1,21,21,220,19,32.66303429,-97.12579252,,,,,WIMBLEDON DR,1000,,,,,,,,,,,,,,Y,N,N,3,9,Y,MON,,,,,,,,,,,,,,,,,,,,,,,,,,,,,,,,,,,,,,,,,,,,,,,,,,,,,,,,0,0,2,2,0,2,0,282,,,
13378678,N,N,N,N,N,N,N,7/20/2013,7:18 AM,13-132379,,43,336,N,Y,,,19,,,1,2600,,COIT,RD,N,N,40,N,N,,N,19,,,,,,ROCKINGHAM,WAY,,,,,,,11,1,0,,1,1,11,7:33 AM,RADIO DISPATCHED,7:37 AM,7/20/2013,Y,TX0430600,1938,39,156,150,8,2,4,20,64,40,1,5,1,21,21,43,336,33.0341495,-96.76994521,,,,,COIT RD,2600,,,,,,,,,,,,,,Y,N,N,5,9,Y,SAT,,,,,,,,,,,,,,,,,,,,,,,,,,,,,,,,,,,,,,,,,,,,,,,,,,,,,,,,0,0,0,2,0,0,0,282,,,
13378720,N,N,N,N,N,N,N,7/12/2013,3:11 PM,130038995,,220,19,N,Y,,,14,303,,1,700,W,PIONEER,PKWY,N,N,40,N,N,,N,19,,,,2200,,MATLOCK,RD,,,,,,,11,1,0,2,1,1,20,3:12 PM,DISPATCH,3:17 PM,7/12/2013,Y,TX2200100,59,,8,103,8,2,2,22,64,38,1,2,1,21,21,220,19,32.70828267,-97.11457574,SS,303,,7.458,SS0303,,2208,1,17.43,568,-0.55,,,,MATLOCK RD,,,,,Y,Y,N,5,9,Y,FRI,3,0,0,0,14,3,6,130,96,96,5,1,1,1,0,0,1,0,0,1,14,4,14,28276,2014,28276,2.5,0.4,2.9,1,74,1,1,5,,,,,,,,,,,,,,,,,,,,,,0,0,0,2,0,0,0,282,,,
13378756,N,N,N,N,N,N,N,7/24/2013,11:30 AM,2013-28218,,102,281,N,Y,,,11,390,,4,,,ERNEST F SMITH,PKWY,N,N,65,N,N,,N,3,43,,,,,KARNACK,HWY,,,,,,,12,1,0,3,5,1,20,11:47 AM,DISPATCHED,11:47 AM,7/24/2013,Y,TX1020200,1740,,,147,8,7,4,1,63,54,4,2,2,21,21,102,281,32.56139529,-94.30532685,SL,390,,8.56,SL0390,,1575,5,9.189,734,-0.437,,,,,,,,,Y,Y,N,3,5,Y,WED,2,0,0,0,0,2,4,260,48,44,2,0,0,1,0,0,1,0,0,0,0,2,14,3162,2014,3162,3.3,10.2,13.5,,,,,,,,,,,,,,,,,,,,,,,,,,,0,0,1,0,0,1,0,,,,