Crash_ID,Crash_Fatal_Fl,Cmv_Involv_Fl,Schl_Bus_Fl,Rr_Relat_Fl,Medical_Advisory_Fl,Amend_Supp_Fl,Active_School_Zone_Fl,Crash_Date,Crash_Time,Case_ID,Local_Use,Rpt_CRIS_Cnty_ID,Rpt_City_ID,Rpt_Outside_City_Limit_Fl,Thousand_Damage_Fl,Rpt_Latitude,Rpt_Longitude,Rpt_Rdwy_Sys_ID,Rpt_Hwy_Num,Rpt_Hwy_Sfx,Rpt_Road_Part_ID,Rpt_Block_Num,Rpt_Street_Pfx,Rpt_Street_Name,Rpt_Street_Sfx,Private_Dr_Fl,Toll_Road_Fl,Crash_Speed_Limit,Road_Constr_Zone_Fl,Road_Constr_Zone_Wrkr_Fl,Rpt_Street_Desc,At_Intrsct_Fl,Rpt_Sec_Rdwy_Sys_ID,Rpt_Sec_Hwy_Num,Rpt_Sec_Hwy_Sfx,Rpt_Sec_Road_Part_ID,Rpt_Sec_Block_Num,Rpt_Sec_Street_Pfx,Rpt_Sec_Street_Name,Rpt_Sec_Street_Sfx,Rpt_Ref_Mark_Offset_Amt,Rpt_Ref_Mark_Dist_Uom,Rpt_Ref_Mark_Dir,Rpt_Ref_Mark_Nbr,Rpt_Sec_Street_Desc,Rpt_CrossingNumber,Wthr_Cond_ID,Light_Cond_ID,Entr_Road_ID,Road_Type_ID,Road_Algn_ID,Surf_Cond_ID,Traffic_Cntl_ID,Investigat_Notify_Time,Investigat_Notify_Meth,Investigat_Arrv_Time,Report_Date,Investigat_Comp_Fl,ORI_Number,Investigat_Agency_ID,Investigat_Area_ID,Investigat_District_ID,Investigat_Region_ID,Bridge_Detail_ID,Harm_Evnt_ID,Intrsct_Relat_ID,FHE_Collsn_ID,Obj_Struck_ID,Othr_Factr_ID,Road_Part_Adj_ID,Road_Cls_ID,Road_Relat_ID,Phys_Featr_1_ID,Phys_Featr_2_ID,Cnty_ID,City_ID,Latitude,Longitude,Hwy_Sys,Hwy_Nbr,Hwy_Sfx,Dfo,Street_Name,Street_Nbr,Control,Section,Milepoint,Ref_Mark_Nbr,Ref_Mark_Displ,Hwy_Sys_2,Hwy_Nbr_2,Hwy_Sfx_2,Street_Name_2,Street_Nbr_2,Control_2,Section_2,Milepoint_2,Txdot_Rptable_Fl,Onsys_Fl,Rural_Fl,Crash_Sev_ID,Pop_Group_ID,Located_Fl,Day_of_Week,Hwy_Dsgn_Lane_ID,Hwy_Dsgn_Hrt_ID,Hp_Shldr_Left,Hp_Shldr_Right,Hp_Median_Width,Base_Type_ID,Nbr_Of_Lane,Row_Width_Usual,Roadbed_Width,Surf_Width,Surf_Type_ID,Curb_Type_Left_ID,Curb_Type_Right_ID,Shldr_Type_Left_ID,Shldr_Width_Left,Shldr_Use_Left_ID,Shldr_Type_Right_ID,Shldr_Width_Right,Shldr_Use_Right_ID,Median_Type_ID,Median_Width,Rural_Urban_Type_ID,Func_Sys_ID,Adt_Curnt_Amt,Adt_Curnt_Year,Adt_Adj_Curnt_Amt,Pct_Single_Trk_Adt,Pct_Combo_Trk_Adt,Trk_Aadt_Pct,Curve_Type_ID,Curve_Lngth,Cd_Degr,Delta_Left_Right_ID,Dd_Degr,Feature_Crossed,Structure_Number,I_R_Min_Vert_Clear,Approach_Width,Bridge_Median_ID,Bridge_Loading_Type_ID,Bridge_Loading_In_1000_Lbs,Bridge_Srvc_Type_On_ID,Bridge_Srvc_Type_Under_ID,Culvert_Type_ID,Roadway_Width,Deck_Width,Bridge_Dir_Of_Traffic_ID,Bridge_Rte_Struct_Func_ID,Bridge_IR_Struct_Func_ID,CrossingNumber,RRCo,Poscrossing_ID,WDCode_ID,Standstop,Yield,Incap_Injry_Cnt,Nonincap_Injry_Cnt,Poss_Injry_Cnt,Non_Injry_Cnt,Unkn_Injry_Cnt,Tot_Injry_Cnt,Death_Cnt,MPO_ID,Investigat_Service_ID,Investigat_DA_ID,Investigator_Narrative
13378835,N,N,N,N,N,N,N,7/25/2013,5:55 PM,13-73662,,220,156,N,Y,,,19,,,1,3300,,SYCAMORE SCHOOL,RD,N,N,45,N,N,,N,19,,,,7400,,MC CART,AVE,,,,,,,11,1,0,,1,1,20,6:04 PM,DISPATCHED,6:13 PM,7/25/2013,Y,TX2201200,1318,4,11,23,8,2,1,34,64,54,1,5,1,21,21,220,156,32.63499431,-97.36739401,,,,,SYCAMORE SCHOOL RD,3300,,,,,,,,,UNKNOWN,,,,,Y,N,N,5,9,Y,THU,,,,,,,,,,,,,,,,,,,,,,,,,,,,,,,,,,,,,,,,,,,,,,,,,,,,,,,,0,0,0,3,0,0,0,282,,,
13378969,N,N,N,N,N,N,N,7/26/2013,5:23 PM,,,7,1572,Y,Y,28.78745,-98.76348,3,97,,1,,,NOT REPORTED,,N,N,60,N,N,,N,,,,,,,NOT REPORTED,,1,M,W,500,,,11,1,0,1,1,1,20,5:23 PM,ATASCOSA CO DISPATCH,5:40 PM,7/28/2013,Y,,10000,1,92,1,8,7,4,1,33,54,1,2,2,21,21,7,1572,28.78020817,-98.7672421,SH,97,,49.405,SH0097,,328,6,9.946,500,-1,,,,NOT REPORTED,,,,,Y,Y,Y,5,0,Y,FRI,2,0,4,4,0,2,2,100,32,24,2,0,0,2,4,5,2,4,5,0,0,1,6,4786,2014,4786,24.7,19.3,44,,,,,,,,,,,,,,,,,,,,,,,,,,,0,0,0,1,0,0,0,,,,
13379075,N,N,N,N,N,N,N,7/29/2013,9:00 AM,sapd13163208,sapd-2013-0716587,15,379,N,Y,,,19,,,1,700,W,COMMERCE,ST,N,N,30,N,N,,N,19,,,,700,W,COMMERCE,ST,,,,,,,11,1,4,,1,1,5,10:50 AM,DISPATCHED,10:55 AM,7/29/2013,Y,TXSPD0000,2473,,205,273,8,2,4,21,64,3,1,5,1,21,21,15,379,29.42588497,-98.50206231,,,,,W COMMERCE ST,700,,,,,,,,,,,,,,Y,N,N,5,9,Y,MON,,,,,,,,,,,,,,,,,,,,,,,,,,,,,,,,,,,,,,,,,,,,,,,,,,,,,,,,0,0,0,1,1,0,0,28,,,
13379191,N,Y,N,N,N,N,N,7/22/2013,12:35 AM,,,208,1773,Y,Y,32.63188,-100.75941,2,84,,1,,,NOT REPORTED,,N,N,75,N,N,,N,,,,,,,NOT REPORTED,,2.1,M,N,408,,,11,3,0,2,1,1,20,12:45 AM,ON SCENE,12:46 AM,7/27/2013,Y,,10000,19,1,1,8,6,4,1,64,54,1,2,1,21,21,208,1773,32.71494538,-100.8773037,US,84,,154.791,US0084,,53,9,23.13,408,-2.1,,,,NOT REPORTED,,,,,Y,Y,Y,5,0,Y,MON,3,0,4,10,40,2,4,260,76,48,4,0,0,2,8,5,2,20,5,3,32,1,2,6717,2014,6717,6.7,21.4,28.2,,,,,,,,,,,,,,,,,,,,,,,,,,,0,0,0,1,0,0,0,,,,
13379495,N,N,N,N,N,N,N,7/28/2013,3:45 AM,191875A,191879A,57,107,N,Y,,,19,,,1,1600,,GUS THOMASSON,RD,N,N,35,N,N,,N,19,,,,10500,,ALEDO,DR,,,,,,,11,4,0,,1,1,1,3:51 AM,DISPATCHED,3:55 AM,7/28/2013,N,TX0000006,2471,,,33,8,7,4,1,30,25,1,5,2,21,21,57,107,32.83851711,-96.68251988,,,,,GUS THOMASSON RD,,,,,,,,,,,,,,,Y,N,N,0,9,Y,SUN,,,,,,,,,,,,,,,,,,,,,,,,,,,,,,,,,,,,,,,,,,,,,,,,,,,,,,,,0,0,0,0,1,0,0,282,,,
13379691,N,N,N,N,N,N,N,7/23/2013,12:56 PM,13-134131,,43,336,N,Y,,,19,,,1,,,HEDGCOXE,RD,N,N,45,N,N,,Y,19,,,1,,,MERRIBROOK,DR,,,,,,,11,1,2,,1,1,20,12:57 PM,RADIO DISPATCHED,1:10 PM,7/23/2013,Y,TX0430600,1938,,,53,8,2,1,28,64,54,1,5,1,21,21,43,336,33.0858542,-96.76552256,,,,,HEDGCOXE RD,,,,,,,,,,MERRIBROOK DR,,,,,Y,N,N,5,9,Y,TUE,,,,,,,,,,,,,,,,,,,,,,,,,,,,,,,,,,,,,,,,,,,,,,,,,,,,,,,,0,0,0,1,2,0,0,282,,,
13379756,N,N,N,N,N,N,N,7/17/2013,12:56 PM,13-518983,,191,12,N,N,35.177,-101.9438,1,I27,,1,3500,,CANYON,DR,N,N,60,N,N,N,N,19,,,1,,S,TYLER,ST,,,,,,,11,1,0,,6,1,20,12:59 PM,DISPATCH,1:09 PM,7/17/2013,N,TX1880100,33,,,75,8,2,4,21,64,9,1,1,1,21,21,191,12,,,,,,,IH0I27,,,,,,,,,,,,,,,Y,Y,N,2,8,N,WED,,,,,,,,,,,,,,,,,,,,,,,,,,,,,,,,,,,,,,,,,,,,,,,,,,,,,,,,0,1,0,1,0,1,0,,,,
13379977,N,N,N,N,N,N,N,7/15/2013,12:47 PM,2013A001764,29A,57,166,N,Y,32.91071,-96.62841,19,,,1,200,E,B,AVE,N,N,40,N,N,,N,19,,,1,300,,HOPKINS,ST,,,,,,,12,1,0,,4,1,20,12:50 PM,DISPATCHED,1:05 PM,7/15/2013,Y,TX0571100,1344,,,133,8,2,4,21,64,9,1,2,1,21,21,57,166,,,,,,,E B AVE,,,,,,,,,,,,,,,Y,N,N,5,8,N,MON,,,,,,,,,,,,,,,,,,,,,,,,,,,,,,,,,,,,,,,,,,,,,,,,,,,,,,,,0,0,0,2,0,0,0,,,,
13380060,N,N,N,N,N,N,N,6/14/2013,8:05 AM,13-0614-0010,13A49,246,372,N,Y,,,19,,,1,700,,ROUND ROCK,AVE,N,N,40,N,N,,N,1,35,,,100,,SOUTH SOUTHBOUND FRONTAGE,,,,,,,,12,1,0,3,1,1,1,8:15 AM,DISPATCH,8:25 AM,6/14/2013,Y,TX2460500,2047,,,,8,2,3,10,64,14,1,3,1,32,21,246,372,30.50983809,-97.68645566,RM,620,,26.569,RM0620,,683,1,10.734,550,1.474,,,,,,,,,Y,Y,N,5,8,Y,FRI,2,0,2,2,0,2,4,80,60,48,4,1,1,2,2,5,2,2,5,0,0,4,14,38693,2014,38693,1.3,1.7,3,,,,,,,,,,,,,,,,,,,,,,,,,,,0,0,0,3,0,0,0,90,,,
13380149,N,Y,N,N,N,N,N,7/15/2013,7:22 AM,13-12363,,92,268,N,Y,,,19,,,1,400,N,GREEN,ST,N,N,35,N,N,,Y,19,,,1,300,E,WHALEY,ST,,,,,,,2,1,4,,1,2,5,7:23 AM,DISPATCHED,7:27 AM,7/15/2013,Y,920500,1691,,,,8,2,1,10,21,1,1,5,1,21,21,92,268,32.49643423,-94.73619312,,,,,N GREEN ST,398,,,,,,,,,E WHALEY ST,,,,,Y,N,N,2,7,Y,MON,,,,,,,,,,,,,,,,,,,,,,,,,,,,,,,,,,,,,,,,,,,,,,,,,,,,,,,,0,2,3,3,0,5,0,361,,,
13380177,N,Y,N,N,N,N,N,7/12/2013,9:05 AM,13-193070,,71,136,N,N,,,19,,,1,1100,,AIRWAY,BLVD,N,N,35,N,N,2 WAY 6 LANES,N,19,,,1,6600,,GATEWAY WEST,,,,,,"ONE WAY, 5 LANES",,11,1,98,,2,1,20,9:11 AM,DISPATCHED,9:32 AM,7/12/2013,Y,TX0710200,1259,,,101,8,2,2,22,64,38,1,5,1,21,21,71,136,31.77897215,-106.3924509,,,,,AIRWAY BLVD,,,,,,,,,,GATEWAY BLVD W,,,,,N,N,N,5,9,Y,FRI,,,,,,,,,,,,,,,,,,,,,,,,,,,,,,,,,,,,,,,,,,,,,,,,,,,,,,,,0,0,0,2,0,0,0,66,,,
13380181,N,N,N,N,N,N,N,7/24/2013,12:45 PM,13-15069,,161,442,N,Y,,,1,35,,1,1100,S,NOT REPORTED,HWY,N,N,65,N,N,MARKED LANES,N,,,,,,,NOT REPORTED,,300,F,S,337A,MARKED LANES,,11,1,0,,3,1,11,12:49 PM,DISPATCHED,12:55 PM,7/24/2013,Y,TX1551200,2372,,,100,8,2,2,14,64,9,1,1,1,21,21,161,442,,,IH,35,,,IH0035,,,,,,,,,,NOT REPORTED,,,,,Y,Y,N,5,8,N,WED,,,,,,,,,,,,,,,,,,,,,,,,,,,,,,,,,,,,,,,,,,,,,,,,,,,,,,,,0,0,0,3,0,0,0,,,,
13380188,N,Y,N,N,N,N,N,7/11/2013,9:40 PM,13-14161,,161,442,N,N,,,19,,,7,2400,S,NEW,RD,Y,N,0,N,N,2409 S NEW RD,N,1,35,,2,4100,S,JACK KULTGEN,EXPY,,,,,,,11,4,0,,7,1,1,9:47 PM,DISPATCH,9:57 PM,7/11/2013,N,TX1551200,2372,,,100,8,4,4,4,64,54,7,9,5,33,21,161,442,,,,,,,S NEW RD,,,,,,,,,,,,,,,N,N,N,5,8,N,THU,,,,,,,,,,,,,,,,,,,,,,,,,,,,,,,,,,,,,,,,,,,,,,,,,,,,,,,,0,0,0,1,1,0,0,,,,
13380277,N,N,N,N,N,N,N,7/12/2013,3:28 PM,13-193187,,71,136,N,N,31.77784,-106.47351,19,,,1,1000,N,COTTON,ST,N,N,35,N,N,,N,19,,,1,2000,,ATLANTA,,,,,,,,12,1,0,,2,1,1,3:42 PM,DISPATCHED,3:51 PM,7/12/2013,N,TX0710200,1259,,,133,8,2,4,21,64,8,1,5,1,21,21,71,136,31.77888191,-106.4735303,,,,,N COTTON ST,1124,,,,,,,,,,,,,,N,N,N,5,9,Y,FRI,,,,,,,,,,,,,,,,,,,,,,,,,,,,,,,,,,,,,,,,,,,,,,,,,,,,,,,,0,0,0,2,0,0,0,66,,,
13380421,N,N,N,N,N,N,N,7/23/2013,8:10 AM,,13-105451,57,107,N,Y,,,1,30,,2,2000,E,R L THORNTON,FWY,N,N,45,N,N,,N,19,,,,,,HARWOOD,ST,,,,,,,11,1,0,,1,1,5,8:17 AM,RADIO DISPATCHED,8:33 AM,7/23/2013,Y,TX0570000,1169,,70,22,8,2,2,22,64,38,2,1,1,21,21,57,107,,,IH,30,,,IH0030,,,,,,,,,,HARWOOD ST,,,,,Y,Y,N,3,9,N,TUE,,,,,,,,,,,,,,,,,,,,,,,,,,,,,,,,,,,,,,,,,,,,,,,,,,,,,,,,0,0,1,2,0,1,0,,,,
13380770,N,N,N,N,N,N,N,7/16/2013,5:01 PM,130716-006,,101,430,N,Y,,,19,,,1,400,E,400 MAIN ST,ST,N,N,45,N,N,WET,N,19,,,1,100,,HOWARD,ST,,,,,WET,,2,1,0,,4,2,11,5:03 PM,DISPATCHED,5:04 PM,7/16/2013,Y,TX1012300,2286,30,26,41,8,2,2,30,64,3,1,5,1,21,21,101,430,,,,,,,E 400 MAIN ST ST,,,,,,,,,,HOWARD ST,,,,,Y,N,N,3,5,N,TUE,,,,,,,,,,,,,,,,,,,,,,,,,,,,,,,,,,,,,,,,,,,,,,,,,,,,,,,,0,0,1,2,0,1,0,,,,
13380810,N,N,N,N,N,N,N,7/22/2013,6:14 PM,13-133679,,43,336,N,Y,,,19,,,1,5500,W,PARKER,RD,N,N,40,Y,Y,,N,19,,,,,,WILLOW BEND DRIVE,,,,,,,,11,1,0,,1,1,10,6:14 PM,DISPATCHED,6:20 PM,7/22/2013,Y,TX0430600,1938,80,202,33,8,2,4,22,64,50,1,5,1,21,21,43,336,33.04251515,-96.81098239,,,,,W PARKER RD,,,,,,,,,,,,,,,Y,N,N,5,9,Y,MON,,,,,,,,,,,,,,,,,,,,,,,,,,,,,,,,,,,,,,,,,,,,,,,,,,,,,,,,0,0,0,3,1,0,0,282,,,
13380827,N,N,N,N,N,N,N,7/26/2013,3:40 PM,13-73968,,220,156,N,N,32.86141,-97.29333,19,,,1,6600,,SPOONWOOD,LN,N,N,30,N,N,,Y,19,,,1,4200,,WESTERN CENTER,BLVD,,,,,,,12,1,4,,1,2,5,3:55 PM,DISPATCHED,4:06 PM,7/26/2013,N,TX2201200,1318,4,29,23,8,2,2,17,64,47,1,5,1,21,21,220,156,32.86098426,-97.29335244,,,,,SPOONWOOD LN,,,,,,,,,,WESTERN CENTER BLVD,,,,,N,N,N,5,9,Y,FRI,,,,,,,,,,,,,,,,,,,,,,,,,,,,,,,,,,,,,,,,,,,,,,,,,,,,,,,,0,0,0,3,0,0,0,282,,,
13380856,N,N,N,N,N,N,N,7/12/2013,11:20 AM,1307692,,70,140,N,Y,,,14,469,,1,2600,,OLD HWY 75,,N,N,0,N,N,,N,7,45,,1,2600,N,KAUFMAN,ST,,,,,,,11,1,0,1,1,1,1,11:27 AM,DISPATCHED,11:29 AM,7/12/2013,Y,,1274,,,,8,2,3,24,64,13,1,2,1,32,21,70,140,32.34974159,-96.63484685,SS,469,,1.88,SS0469,2572,92,15,1.877,296,0.047,,,,,,,,,Y,Y,N,5,5,Y,FRI,2,0,4,4,0,3,2,100,30,22,6,0,0,2,4,5,2,4,5,0,0,1,7,1485,2014,1485,4.7,0.8,5.5,,,,,,,,,,,,,,,,,,,,,,,,,,,0,0,0,2,0,0,0,282,,,
13380928,N,N,N,N,N,N,N,7/22/2013,6:47 AM,13-002546,,79,296,N,Y,,,19,,,1,13099,S,GESSNER,RD,N,N,40,N,N,,Y,19,,,1,12300,,CRAVENS,RD,,,,,,,11,1,4,,1,1,5,6:48 AM,DISPATCHED,6:53 AM,7/22/2013,Y,TX0790100,1792,,118,66,8,2,1,10,64,3,1,5,1,21,21,79,296,29.63179483,-95.53583305,,,,,S GESSNER RD,,,,,,,,,,S CRAVENS RD,,,,,Y,N,N,5,7,Y,MON,,,,,,,,,,,,,,,,,,,,,,,,,,,,,,,,,,,,,,,,,,,,,,,,,,,,,,,,0,0,0,2,0,0,0,15,,,
13381027,N,N,N,N,N,N,N,7/13/2013,6:27 PM,1300049450,,220,179,N,Y,,,9,114,,1,900,E,NOT REPORTED,,N,N,45,N,N,E NW HWY,N,19,,,1,100,,RUTH WALL,RD,,,,,,,11,1,0,,5,1,20,6:27 PM,DISPATCH,6:27 PM,7/13/2013,N,TX2201300,1379,,,42,8,7,2,1,29,54,1,2,4,21,21,220,179,32.94133501,-97.06476367,,,,,E NORTHWEST HWY,,,,,,,,,,RUTH WALL RD,,,,,Y,N,N,5,6,Y,SAT,,,,,,,,,,,,,,,,,,,,,,,,,,,,,,,,,,,,,,,,,,,,,,,,,,,,,,,,0,0,0,5,0,0,0,282,,,
13381158,N,N,N,N,N,N,N,7/30/2013,7:45 AM,SAPD13164038,4160,15,379,N,Y,,,1,37,,1,1100,S,NOT REPORTED,,N,N,65,N,N,,N,19,,,,400,E,CAROLINA,,,,,,,,11,1,0,,1,1,20,7:59 AM,DISPATCH,8:05 AM,7/30/2013,N,TXSPD0000,2473,,7,147,8,2,4,21,64,9,1,1,1,21,21,15,379,,,IH,37,,,IH0037,,,,,,,,,,,,,,,Y,Y,N,2,9,N,TUE,,,,,,,,,,,,,,,,,,,,,,,,,,,,,,,,,,,,,,,,,,,,,,,,,,,,,,,,0,1,0,0,1,1,0,,,,
13381805,N,N,N,N,N,N,N,7/28/2013,2:20 AM,0094086013L,FSGI,101,208,N,Y,,,19,,,1,2800,N,DURHAM,DR,N,N,35,N,N,,Y,1,610,,2,800,N,NORTH LP W SER S,,,,,,,,12,4,0,,1,1,5,2:30 AM,DISPATCH,2:35 AM,7/28/2013,Y,TXHPD0000,2469,52,121,33,8,2,1,10,64,54,2,1,1,21,21,101,208,29.81190479,-95.41227308,,,,,N DURHAM DR,2800,,,,,,,,,UNKNOWN,,,,,Y,N,N,5,9,Y,SUN,,,,,,,,,,,,,,,,,,,,,,,,,,,,,,,,,,,,,,,,,,,,,,,,,,,,,,,,0,0,0,1,1,0,0,15,,,
13381965,N,N,N,N,N,N,N,7/23/2013,9:27 AM,,,89,1334,N,Y,29.27201999,-97.63321,4,108,,1,400,,NOT REPORTED,,N,N,55,N,N,,N,2,87,,1,,,NOT REPORTED,,,,,,,,11,1,0,1,1,1,1,9:27 AM,RADIO,9:27 AM,7/23/2013,N,TX0890000,1364,30,87,5,8,2,4,20,64,3,1,3,1,21,21,89,1654,29.26088091,-97.63905183,FM,108,,16.864,FM0108,,715,2,0.449,512,0.875,,,,,,,,,Y,Y,Y,5,0,Y,TUE,2,0,0,0,0,2,2,80,22,22,2,0,0,1,0,0,1,0,0,0,0,1,7,1490,2014,1490,9.7,7.4,17.1,,,,,,,,,,,,,,,,,,,,,,,,,,,0,0,0,2,0,0,0,,,,
13381971,N,Y,N,N,N,N,N,7/23/2013,8:10 AM,13-00315,,227,330,N,Y,,,3,130,,1,,,SH 130,,N,N,80,N,N,TOLL ROAD,N,3,45,,4,,,SH 45,,657,F,S,428B,EXIT RAMP,,11,1,0,2,1,1,20,8:10 AM,911,8:15 AM,7/23/2013,Y,TX2270900,1925,40,224,295,8,2,4,21,1,9,1,2,1,21,21,227,330,30.47261548,-97.5923238,SH,130,,16.503,SH0130,,440,6,24.73,428,0.205,,,,,,,,,Y,Y,N,3,7,Y,TUE,5,3,4,10,143,3,4,350,76,48,5,0,0,2,8,5,2,20,5,3,135,4,12,23459,2014,23459,11.4,5.9,17.3,,,,,,,,,,,,,,,,,,,,,,,,,,,0,0,1,3,0,1,0,90,,,
13381976,N,N,N,N,N,Y,N,6/24/2013,3:33 PM,1300028581,,46,309,N,Y,,,3,46,,1,,S,46,HWY,N,N,35,N,N,,N,4,1101,,1,,,FM 1101,ST,,,,,,,11,1,0,3,1,1,21,3:33 PM,ON VIEW,3:33 PM,7/26/2013,Y,TX0460100,1841,,73,93,8,2,2,22,64,42,1,2,1,21,21,46,309,29.69845138,-98.09154322,SH,46,,56.356,SH0046,1198,216,1,18.386,526,0.333,FM,1101,,FM1101,,,,,Y,Y,N,5,7,Y,MON,2,0,4,4,0,2,4,120,70,62,4,1,1,2,4,5,2,4,5,0,0,4,14,25859,2014,25859,2.5,1.5,4,,,,,,,,,,,,,,,,,,,,,,,,,,,0,0,0,2,0,0,0,28,,,
13382242,N,N,N,N,N,N,N,6/10/2013,12:21 PM,13-14739,,227,1792,Y,Y,30.18638,-97.61012,3,71,,1,4490,E,NOT REPORTED,,N,N,65,N,N,,N,19,,,,4500,,ROSS,RD,,,,,,,11,1,0,2,1,1,20,12:21 PM,RADIO DISPATCH,12:27 PM,7/31/2013,Y,TX2270000,2292,,3,122,8,9,4,1,64,54,1,2,2,21,21,227,1792,30.18628945,-97.61015204,SH,71,,132.965,SH0071,,265,2,0.519,584,0.926,,,,,,,,,Y,Y,Y,5,0,Y,MON,3,0,3,10,53,2,4,240,80,48,4,0,0,2,13,5,2,13,5,2,40,4,12,42368,2014,42368,3.2,5.6,8.8,,,,,,,,,,,,,,,,,,,,,,,,,,,0,0,0,1,0,0,0,90,,,
13382255,N,N,N,N,N,N,N,7/23/2013,6:35 AM,23 SWINDLE,,183,1748,Y,Y,32.11013,-94.27727,4,699,,1,,,NOT REPORTED,,N,N,60,N,N,,Y,4,2517,,1,,,NOT REPORTED,,,,,,,,12,1,4,1,1,1,8,6:36 AM,PCSO DISPATCH,6:58 AM,7/23/2013,Y,TXDPS3100,10000,8,28,1,8,2,1,10,64,54,1,3,1,21,21,183,1748,32.11013794,-94.27727509,FM,699,,4.799,FM0699,2902,394,3,4.877,306,0.852,FM,2517,,FM2517,,2239,1,4.128,Y,Y,Y,2,0,Y,TUE,2,0,4,4,0,2,2,80,28,20,2,0,0,5,4,5,5,4,5,0,0,1,7,1181,2014,1181,5.7,1.6,7.2,,,,,,,,,,,,,,,,,,,,,,,,,,,0,1,1,2,0,2,0,,,,
13382293,N,N,N,N,N,N,N,7/29/2013,5:15 PM,SAPD13163604,5320,15,379,N,Y,,,19,,,1,6500,,INGRAM,RD,N,N,40,N,N,,Y,1,410,,2,6400,NW,LOOP 410 INTERSTATE FRONTAGE,RD,,,,,,,11,1,4,2,3,1,5,5:19 PM,DISPATCHED,5:33 PM,7/29/2013,Y,TXSPD0000,2473,,19,148,8,2,1,34,64,54,2,1,1,21,21,15,379,29.46565117,-98.61940253,IH,410,,11.447,IH0410,,521,4,11.497,11,0.271,,,,INGRAM RD,,,,,Y,Y,N,5,9,Y,MON,5,0,10,10,23,2,6,300,112,72,4,0,0,2,20,5,2,20,5,2,3,4,11,164650,2014,164650,2.9,1.9,4.7,1,648,0,2,25,,,,,,,,,,,,,,,,,,,,,,0,0,0,2,0,0,0,28,,,
13382295,N,N,N,N,N,N,N,7/30/2013,4:10 PM,0095164713I,FSGI,101,326,N,Y,,,19,,,1,11575,N,PEARLAND,PKWY,N,N,35,N,N,,N,12,,,,8400,E,S SAM HOUSTON,PKWY,,,,,,,11,1,0,,1,1,5,4:13 PM,DISPATCH,4:29 PM,7/30/2013,Y,TXHPD0000,2469,6,104,28,8,2,4,21,64,9,1,5,1,21,21,101,326,,,,,,,N PEARLAND PKWY,,,,,,,,,,,,,,,Y,N,N,5,7,N,TUE,,,,,,,,,,,,,,,,,,,,,,,,,,,,,,,,,,,,,,,,,,,,,,,,,,,,,,,,0,0,0,5,1,0,0,,,,
13382381,N,Y,N,N,N,N,N,7/24/2013,10:30 AM,,,37,1602,Y,Y,31.8484,-95.01457,2,84,,1,,,NOT REPORTED,,N,N,70,N,N,,Y,4,2962,,1,,,NOT REPORTED,,,,,,,,11,1,2,1,3,1,12,10:32 AM,CHEROKEE CO DISPATCH,10:40 AM,7/24/2013,Y,TXDPS5500,10000,1,28,1,8,2,1,34,64,54,1,2,1,21,21,37,1602,31.84864616,-95.0147934,US,84,,570.361,US0084,25898,123,3,24.713,826,0.645,FM,2962,,FM2962,,1150,3,0,Y,Y,Y,2,0,Y,WED,2,0,5,5,0,2,2,100,36,26,2,0,0,5,5,5,5,5,5,0,0,1,6,1594,2014,1594,8.6,15.9,24.5,1,120,1,,0,,,,,,,,,,,,,,,,,,,,,,0,1,0,2,0,1,0,,,,
13382408,N,N,N,N,N,N,N,7/16/2013,8:03 AM,2013-BCSO-029221,B30,15,379,N,Y,29.30793,-98.39431,1,37,,1,11500,N,IH 37,HWY,N,N,70,N,N,,N,11,410,,,,E,410,LOOP,,,,,,,2,1,0,2,1,2,20,8:07 AM,RADIO,8:07 AM,7/16/2013,Y,TX0150000,120,,,258,8,2,1,20,64,42,1,1,1,21,21,15,379,29.32519384,-98.41314087,IH,37,,133.286,IH0037,,73,8,2.741,133,0.399,IH,410,,IH0410,,,,,Y,Y,N,5,9,Y,TUE,5,0,10,10,96,2,5,360,126,72,4,0,0,2,32,5,2,22,5,2,64,4,11,78464,2014,78464,2.3,1.4,3.7,1,268,0,2,7,,,,,,,,,,,,,,,,,,,,,,0,0,0,6,0,0,0,28,,,
13382463,N,N,N,N,N,Y,N,7/26/2013,4:09 PM,SAPD13161668,6210,15,379,N,N,,,19,,,1,200,,FAIR,AVE,N,N,35,N,N,"PUBLIC STREET, DRY ASPHALT",Y,19,,,1,3300,S,HACKBERRY,ST,,,,,"PUBLIC STREET, DRY ASPHALT",,11,1,0,,1,1,5,4:09 PM,DISPATCHED,4:16 PM,12/28/2013,Y,TXSPD0000,2473,,109,138,8,7,2,3,21,54,1,5,2,21,21,15,379,29.38414498,-98.47347232,,,,,FAIR AVE,298,,,,,,,,,S HACKBERRY ST,,,,,Y,N,N,2,9,Y,FRI,,,,,,,,,,,,,,,,,,,,,,,,,,,,,,,,,,,,,,,,,,,,,,,,,,,,,,,,0,1,0,0,0,1,0,28,,,