Crash_ID,Crash_Fatal_Fl,Cmv_Involv_Fl,Schl_Bus_Fl,Rr_Relat_Fl,Medical_Advisory_Fl,Amend_Supp_Fl,Active_School_Zone_Fl,Crash_Date,Crash_Time,Case_ID,Local_Use,Rpt_CRIS_Cnty_ID,Rpt_City_ID,Rpt_Outside_City_Limit_Fl,Thousand_Damage_Fl,Rpt_Latitude,Rpt_Longitude,Rpt_Rdwy_Sys_ID,Rpt_Hwy_Num,Rpt_Hwy_Sfx,Rpt_Road_Part_ID,Rpt_Block_Num,Rpt_Street_Pfx,Rpt_Street_Name,Rpt_Street_Sfx,Private_Dr_Fl,Toll_Road_Fl,Crash_Speed_Limit,Road_Constr_Zone_Fl,Road_Constr_Zone_Wrkr_Fl,Rpt_Street_Desc,At_Intrsct_Fl,Rpt_Sec_Rdwy_Sys_ID,Rpt_Sec_Hwy_Num,Rpt_Sec_Hwy_Sfx,Rpt_Sec_Road_Part_ID,Rpt_Sec_Block_Num,Rpt_Sec_Street_Pfx,Rpt_Sec_Street_Name,Rpt_Sec_Street_Sfx,Rpt_Ref_Mark_Offset_Amt,Rpt_Ref_Mark_Dist_Uom,Rpt_Ref_Mark_Dir,Rpt_Ref_Mark_Nbr,Rpt_Sec_Street_Desc,Rpt_CrossingNumber,Wthr_Cond_ID,Light_Cond_ID,Entr_Road_ID,Road_Type_ID,Road_Algn_ID,Surf_Cond_ID,Traffic_Cntl_ID,Investigat_Notify_Time,Investigat_Notify_Meth,Investigat_Arrv_Time,Report_Date,Investigat_Comp_Fl,ORI_Number,Investigat_Agency_ID,Investigat_Area_ID,Investigat_District_ID,Investigat_Region_ID,Bridge_Detail_ID,Harm_Evnt_ID,Intrsct_Relat_ID,FHE_Collsn_ID,Obj_Struck_ID,Othr_Factr_ID,Road_Part_Adj_ID,Road_Cls_ID,Road_Relat_ID,Phys_Featr_1_ID,Phys_Featr_2_ID,Cnty_ID,City_ID,Latitude,Longitude,Hwy_Sys,Hwy_Nbr,Hwy_Sfx,Dfo,Street_Name,Street_Nbr,Control,Section,Milepoint,Ref_Mark_Nbr,Ref_Mark_Displ,Hwy_Sys_2,Hwy_Nbr_2,Hwy_Sfx_2,Street_Name_2,Street_Nbr_2,Control_2,Section_2,Milepoint_2,Txdot_Rptable_Fl,Onsys_Fl,Rural_Fl,Crash_Sev_ID,Pop_Group_ID,Located_Fl,Day_of_Week,Hwy_Dsgn_Lane_ID,Hwy_Dsgn_Hrt_ID,Hp_Shldr_Left,Hp_Shldr_Right,Hp_Median_Width,Base_Type_ID,Nbr_Of_Lane,Row_Width_Usual,Roadbed_Width,Surf_Width,Surf_Type_ID,Curb_Type_Left_ID,Curb_Type_Right_ID,Shldr_Type_Left_ID,Shldr_Width_Left,Shldr_Use_Left_ID,Shldr_Type_Right_ID,Shldr_Width_Right,Shldr_Use_Right_ID,Median_Type_ID,Median_Width,Rural_Urban_Type_ID,Func_Sys_ID,Adt_Curnt_Amt,Adt_Curnt_Year,Adt_Adj_Curnt_Amt,Pct_Single_Trk_Adt,Pct_Combo_Trk_Adt,Trk_Aadt_Pct,Curve_Type_ID,Curve_Lngth,Cd_Degr,Delta_Left_Right_ID,Dd_Degr,Feature_Crossed,Structure_Number,I_R_Min_Vert_Clear,Approach_Width,Bridge_Median_ID,Bridge_Loading_Type_ID,Bridge_Loading_In_1000_Lbs,Bridge_Srvc_Type_On_ID,Bridge_Srvc_Type_Under_ID,Culvert_Type_ID,Roadway_Width,Deck_Width,Bridge_Dir_Of_Traffic_ID,Bridge_Rte_Struct_Func_ID,Bridge_IR_Struct_Func_ID,CrossingNumber,RRCo,Poscrossing_ID,WDCode_ID,Standstop,Yield,Incap_Injry_Cnt,Nonincap_Injry_Cnt,Poss_Injry_Cnt,Non_Injry_Cnt,Unkn_Injry_Cnt,Tot_Injry_Cnt,Death_Cnt,MPO_ID,Investigat_Service_ID,Investigat_DA_ID,Investigator_Narrative
13382505,N,N,N,N,N,N,N,7/30/2013,3:25 PM,0095149213J,,101,208,N,Y,,,19,,,1,,,BAIRD,ST,N,N,30,N,N,CONCRETE,Y,19,,,1,,,JEFFERSON,ST,,,,,,,11,1,4,,1,1,8,3:29 PM,DISPATCHED,3:34 PM,7/30/2013,Y,TXHPD0000,2469,24,113,29,8,2,1,10,64,54,1,5,1,21,21,101,208,29.73210481,-95.3254731,,,,,BAIRD ST,1801,,,,,,,,,JEFFERSON ST,,,,,Y,N,N,5,9,Y,TUE,,,,,,,,,,,,,,,,,,,,,,,,,,,,,,,,,,,,,,,,,,,,,,,,,,,,,,,,0,0,0,8,0,0,0,15,,,
13382522,N,N,N,N,N,N,N,7/27/2013,9:50 PM,SAPD13162732,3340,15,379,N,Y,,,1,35,,4,,S,IH 35,HWY,N,N,45,N,N,ACCESS ROAD,N,19,,,,,E,RITTIMAN,RD,,,,,,,12,4,3,2,1,1,20,9:53 PM,DISPATCHED,9:58 PM,7/27/2013,Y,TXSPD0000,2473,,29,131,8,2,2,22,64,43,4,1,1,21,21,15,379,29.48746847,-98.40245778,IH,35,,163.924,IH0035,,17,10,31.076,165,-0.433,,,,RITTIMAN RD,,,,,Y,Y,N,5,9,Y,SAT,5,0,8,10,38,9,7,310,120,84,6,0,0,2,16,5,2,20,5,,22,4,11,148001,2014,148001,3.4,11.2,14.6,,,,,,,,,,,,,,,,,,,,,,,,,,,0,0,0,5,0,0,0,28,,,
13382672,N,Y,N,N,N,N,N,7/31/2013,10:00 PM,SAPD13165472,4210,15,379,N,Y,,,1,10,,2,,E,EB,,N,N,40,N,N,,N,19,,,,,,ACKERMAN,RD,,,,,,,11,4,0,2,4,1,1,9:55 PM,DIAPATCHED,10:03 PM,8/1/2013,Y,TXSPD0000,2473,,9,162,8,2,2,21,64,9,2,1,1,21,21,15,379,29.4378473,-98.38360722,IH,10,,580.132,IH0010,,25,2,8.973,581,0.489,,,,ACKERMAN RD,,,,,Y,Y,N,3,9,Y,WED,5,0,4,10,56,9,4,450,76,48,6,0,0,2,8,5,2,20,5,,48,4,11,35415,2014,35415,4.5,23.7,28.2,,,,,,,,,,,,,,,,,,,,,,,,,,,0,0,1,3,0,1,0,28,,,
13382737,N,N,N,N,N,N,N,7/31/2013,3:59 PM,13-14710,,221,2,N,Y,,,19,,,1,2100,,PINE,ST,N,N,35,N,N,,N,19,,,,900,,NORTH 21ST,ST,,,,,,,11,1,2,3,1,1,20,4:01 PM,DISPATCHED,4:05 PM,7/31/2013,Y,TX2210100,10,,,113,8,2,3,13,64,14,1,2,1,32,21,221,2,32.47359304,-99.72705293,BU,83,D,3.601,BU0083D,2107,33,8,4.047,290,0.018,,,,,,,,,Y,Y,N,3,8,Y,WED,2,0,0,4,0,2,4,100,65,57,4,0,0,1,0,0,2,4,5,0,0,3,14,15675,2014,15675,3.2,12.1,15.3,,,,,,,,,,,,,,,,,,,,,,,,,,,0,0,1,2,0,1,0,166,,,
13382819,N,N,N,N,N,N,N,7/21/2013,8:40 PM,13-1008,,152,270,N,Y,,,19,,,7,2803,,18TH,ST,Y,N,10,N,N,ZONE 3-F PARKING LOT,N,19,,,1,2600,,BOSTON,AVE,,,,,,,11,1,98,,1,1,1,8:40 PM,DISPATCH,8:42 PM,7/21/2013,Y,TX1520600,2262,30,87,5,8,4,4,3,64,3,7,9,5,33,21,152,270,,,,,,,18TH ST,,,,,,,,,,,,,,,N,N,N,5,8,N,SUN,,,,,,,,,,,,,,,,,,,,,,,,,,,,,,,,,,,,,,,,,,,,,,,,,,,,,,,,0,0,0,1,0,0,0,,,,
13382983,N,N,N,N,N,N,N,7/26/2013,5:13 PM,13-003673,,57,253,N,Y,,,3,I35,,2,500,N,I35E,HWY,N,N,45,N,N,,N,19,,,1,3200,W,BELT LINE,,,,,,,,2,1,0,,1,2,9,5:13 PM,DISPATCH,5:18 PM,7/26/2013,Y,TX0571700,1641,,,44,8,2,2,22,64,38,2,2,1,21,21,57,253,,,,,,,SH0I35,,,,,,,,,,W BELT LINE,,,,,Y,Y,N,3,6,N,FRI,,,,,,,,,,,,,,,,,,,,,,,,,,,,,,,,,,,,,,,,,,,,,,,,,,,,,,,,0,0,1,2,0,1,0,,,,
13383041,N,N,N,N,N,N,N,7/27/2013,8:01 PM,13-52098,,105,383,N,Y,,,1,35,,2,4000,S,NOT REPORTED,,N,N,55,N,N,,N,1,35,,,4000,S,NOT REPORTED,,,,,,,,11,1,4,2,4,1,9,8:01 PM,DISPATCH,8:05 PM,7/27/2013,Y,TX1050100,2084,,,12,8,2,2,22,64,38,2,1,1,21,21,105,383,29.82775523,-97.98557044,IH,35,,199.67,IH0035,,16,3,2.513,200,0.133,RM,12,,RM0012,,,,,Y,Y,N,2,7,Y,SAT,5,0,2,10,6,2,6,350,96,72,4,0,0,2,4,5,2,20,5,,2,1,1,98100,2014,98100,3.4,11.2,14.6,,,,,,,,,,,,,,,,,,,,,,,,,,,0,1,0,1,0,1,0,90,,,
13383075,N,N,N,N,N,N,N,6/21/2013,11:35 AM,201310959,,129,1316,N,Y,,,3,274,,1,20014,N,274,HWY,N,N,65,N,N,HIGHWAY,N,15,,,1,,,KAUFMAN COUNTY ROAD 4045,,,,,,BLACK TOP ROAD,,11,1,98,,1,1,3,11:50 AM,CITIZEN,11:55 AM,6/21/2013,Y,TX1070500,2112,,,187,8,2,2,20,64,47,1,2,1,21,21,129,1316,,,SH,274,,,SH0274,,,,,,,,,,KAUFMAN COUNTY ROAD 4045,,,,,Y,Y,Y,5,1,N,FRI,,,,,,,,,,,,,,,,,,,,,,,,,,,,,,,,,,,,,,,,,,,,,,,,,,,,,,,,0,0,0,2,0,0,0,,,,
13383322,N,N,N,N,N,N,N,7/26/2013,4:17 PM,2013-0001873,,226,378,N,Y,,,19,,,1,100,E,7TH,ST,N,N,40,N,N,,N,19,,,1,700,N,OAKES,ST,,,,,,,11,1,98,2,1,1,9,4:17 PM,DISPATCHED,4:24 PM,7/26/2013,Y,TX2260100,2067,,,,8,2,2,22,64,38,1,2,1,21,21,226,378,31.47157546,-100.4376892,US,67,,437.818,US0067,,158,2,15.302,670,-0.696,,,,N OAKES ST,,,,,Y,Y,N,3,7,Y,FRI,4,0,4,10,56,2,4,420,76,48,4,0,0,2,8,5,2,20,5,2,48,3,12,34855,2014,34855,2.1,14.7,16.8,,,,,,,,,,,,,,,,,,,,,,,,,,,0,0,1,2,0,1,0,208,,,
13383470,N,N,N,N,N,N,N,8/1/2013,5:20 AM,0095858113A,,101,208,N,Y,,,11,8,,2,5300,E,EAST SAM HOUSTON S,PKWY,N,N,50,N,N,,N,19,,,,,,GENOA RED BLUFF,RD,,,,,,,11,4,4,1,1,1,5,6:24 AM,HPD DISPATCHER,6:35 AM,8/1/2013,Y,TXHPD0000,2469,6,104,17,8,2,2,22,64,46,2,2,1,21,21,101,208,29.63006235,-95.17093837,SL,8,,74.187,SL0008,,3256,3,22.582,756,-0.756,,,,GENOA RED BLUFF RD,,,,,Y,Y,N,5,9,Y,THU,1,0,0,0,0,9,3,400,36,36,5,1,1,1,0,0,1,0,0,0,0,4,14,18823,2014,18823,1.8,1.4,3.2,,,,,,,,,,,,,,,,,,,,,,,,,,,0,0,0,2,0,0,0,15,,,
13383582,N,Y,N,N,N,N,N,7/31/2013,9:42 AM,SAPD13164928,3170,15,379,N,Y,,,2,281,,1,20100,N,NOT REPORTED,,N,N,65,N,N,,N,19,,,,1600,,ENCINO RIO,,,,,,,,11,1,0,,2,1,11,9:42 AM,DISPATCHED,9:52 AM,7/31/2013,Y,TXSPD0000,2473,,29,131,8,2,2,22,64,38,1,2,1,21,21,15,379,,,US,281,,,US0281,,,,,,,,,,ENCINO RIO,,,,,Y,Y,N,5,9,N,WED,,,,,,,,,,,,,,,,,,,,,,,,,,,,,,,,,,,,,,,,,,,,,,,,,,,,,,,,0,0,0,2,0,0,0,,,,
13383673,N,N,N,N,N,N,N,7/31/2013,6:42 AM,13-75529,,220,156,N,Y,32.64256,-97.36959,19,,,1,6900,,MCCART,AVE,N,N,35,N,N,,N,19,,,,3300,,SOUTHPARK,LN,,,,,,,11,1,0,,1,1,20,6:42 AM,DROVE UPON,6:42 AM,7/31/2013,Y,TX2201200,1318,4,11,23,8,2,4,20,64,36,1,5,1,21,21,220,156,32.64288207,-97.36948098,,,,,MCCART AVE,6870,,,,,,,,,,,,,,Y,N,N,3,9,Y,WED,,,,,,,,,,,,,,,,,,,,,,,,,,,,,,,,,,,,,,,,,,,,,,,,,,,,,,,,0,0,1,1,0,1,0,282,,,
13383895,N,N,N,N,N,N,N,7/21/2013,3:20 PM,195029A,FLID - 195061A,57,107,N,Y,,,14,408,,1,4700,,PATRIOT,PKWY,N,N,60,N,N,,N,19,,,,6800,,GRADY NIBLO,RD,,,,,,,11,1,0,2,1,1,20,3:30 PM,DISPATCHED,3:33 PM,7/31/2013,N,TX0000006,2471,,,44,8,2,4,21,64,54,1,2,1,21,21,57,107,32.68535357,-96.94290575,SS,408,,3.205,SS0408,,3000,1,4.233,274,-0.933,,,,,,,,,Y,Y,N,5,9,Y,SUN,5,0,10,10,268,3,6,500,112,72,5,0,0,2,20,5,2,20,5,3,248,4,12,83660,2014,83660,3.2,3.5,6.7,1,346,1,1,18,,,,,,,,,,,,,,,,,,,,,,0,0,0,1,1,0,0,282,,,
13384057,N,N,N,N,N,N,N,8/1/2013,6:21 PM,2.01E+11,,159,126,N,Y,,,19,,,1,,,TRAVIS,ST,N,N,30,N,N,ASPHALT,Y,19,,,1,,,WILLIAMS,ST,,,,,ASPHALT,,11,1,4,,1,1,8,6:21 PM,VIA RADIO,6:24 PM,8/1/2013,Y,TX1620100,1227,,,35,8,2,1,10,64,3,1,5,1,21,21,159,126,28.70416518,-100.4948019,,,,,TRAVIS ST,301,,,,,,,,,WILLIAMS ST,,,,,Y,N,N,3,6,Y,THU,,,,,,,,,,,,,,,,,,,,,,,,,,,,,,,,,,,,,,,,,,,,,,,,,,,,,,,,0,0,1,2,0,1,0,,,,
13384076,N,N,N,N,N,N,N,8/1/2013,10:05 PM,0096228313K,FSRA,101,208,N,Y,,,19,,,1,16800,,EL CAMINO REAL,,N,N,35,N,N,,Y,19,,,1,1000,,BAY AREA,BLVD,,,,,,,11,4,4,,1,1,5,10:12 PM,FLAGGED DOWN,10:12 PM,8/1/2013,Y,TXHPD0000,2469,52,104,17,8,2,1,34,64,54,1,5,1,21,21,101,208,29.55482484,-95.12035316,,,,,EL CAMINO REAL,,,,,,,,,,BAY AREA BLVD,,,,,Y,N,N,3,9,Y,THU,,,,,,,,,,,,,,,,,,,,,,,,,,,,,,,,,,,,,,,,,,,,,,,,,,,,,,,,0,0,1,0,1,1,0,15,,,
13384164,N,N,N,N,N,N,N,8/1/2013,7:55 PM,13-018229,,212,434,N,Y,,,3,110,,1,5100,,TROUP,HWY,N,N,50,N,N,,Y,19,,,1,3100,,SHILOH,RD,,,,,,,12,5,4,,1,2,5,3:58 PM,DISPATCHED,8:02 PM,8/1/2013,Y,TX2120400,2316,,,170,8,2,1,21,64,9,1,2,1,21,21,212,434,,,SH,110,,,SH0110,,,,,,,,,,SHILOH RD,,,,,Y,Y,N,5,8,N,THU,,,,,,,,,,,,,,,,,,,,,,,,,,,,,,,,,,,,,,,,,,,,,,,,,,,,,,,,0,0,0,1,2,0,0,,,,
13384220,N,N,N,N,N,N,N,8/1/2013,11:28 PM,SAPD13166408,7120,15,379,N,Y,,,19,,,1,10400,,SHAENFIELD,RD,N,N,40,N,N,,Y,4,1604,,1,,,NOT REPORTED,,,,,,,,11,4,98,,1,1,5,11:28 PM,DISPATCHED,12:04 AM,8/2/2013,Y,TXSPD0000,2473,,61,123,8,2,2,22,64,46,1,2,1,21,21,15,379,29.51590496,-98.69664226,,,,,SHAENFIELD RD,10400,,,,,,,,,UNKNOWN,,,,,Y,N,N,5,9,Y,THU,,,,,,,,,,,,,,,,,,,,,,,,,,,,,,,,,,,,,,,,,,,,,,,,,,,,,,,,0,0,0,2,0,0,0,28,,,
13384305,N,N,N,N,N,N,N,6/16/2013,1:31 PM,,131670899,227,22,N,N,,,19,,,1,7800,,MANASSAS,,N,N,30,N,N,,Y,19,,,,7800,,GAINES MILL,,,,,,,,11,1,2,,1,1,8,1:31 PM,DISPATCH,1:35 PM,6/16/2013,Y,TX2270100,74,,,,8,2,1,10,1,54,1,2,1,21,21,227,22,30.1971298,-97.81665745,,,,,MANASSAS DR,7800,,,,,,,,,UNKNOWN,,,,,Y,N,N,2,9,Y,SUN,,,,,,,,,,,,,,,,,,,,,,,,,,,,,,,,,,,,,,,,,,,,,,,,,,,,,,,,0,1,0,2,0,1,0,90,,,
13384311,N,N,N,N,N,N,N,7/2/2013,2:10 PM,131831038,,227,22,N,Y,,,19,,,1,4300,,JAMES CASEY,,N,N,30,N,N,,N,19,,,,,,ADAM,LN,,,,,,,11,1,0,,1,1,1,2:15 PM,DISPATCHED,2:25 PM,7/2/2013,Y,TX2270100,74,17,105,112,8,2,3,10,64,14,1,5,1,32,21,227,22,30.22462115,-97.77449905,,,,,JAMES CASEY ST,4300,,,,,,,,,,,,,,Y,N,N,2,9,Y,TUE,,,,,,,,,,,,,,,,,,,,,,,,,,,,,,,,,,,,,,,,,,,,,,,,,,,,,,,,0,1,0,1,0,1,0,90,,,
13384405,N,N,N,N,N,Y,N,6/9/2013,8:37 AM,13-1600580,,227,22,N,Y,,,1,35,,1,8200,N,NB,,N,N,70,N,N,,N,19,,,,,,FENELON,DR,,,,,,,2,1,0,2,1,2,20,8:38 AM,POLICE RADIO,8:42 AM,6/9/2013,Y,TX2270100,74,63,123,143,8,7,4,1,39,3,1,1,4,21,21,227,22,30.3457911,-97.69593337,IH,35,,240.124,IH0035,,15,13,23.708,241,-0.334,,,,,,,,,Y,Y,N,2,9,Y,SUN,5,0,10,10,23,2,6,300,112,72,4,0,0,2,20,5,2,20,5,2,3,4,11,130691,2014,130691,3.3,9.4,12.7,,,,,,,,,,,,,,,,,,,,,,,,,,,0,1,4,2,0,5,0,90,,,
13384498,N,N,N,N,N,N,N,7/5/2013,5:40 PM,13-20958,,108,295,N,Y,,,1,2,,2,23000,E,EXPRESSWAY 83,EXPY,N,N,55,N,N,INFRONT OF MAZADA,N,4,494,,,500,S,SHARY,RD,,,,,,,11,1,0,2,1,1,20,5:40 PM,DISPATCHED,5:45 PM,7/5/2013,Y,TX1081000,1791,,,,8,2,2,13,64,54,2,1,1,21,21,108,295,26.19593003,-98.28900708,IH,2,,8.598,IH0002,,39,17,20.221,860,-0.587,FM,494,,FM0494,,,,,Y,Y,N,5,7,Y,FRI,5,0,11,10,23,2,6,300,114,72,4,0,0,2,21,5,2,21,5,2,2,4,11,59855,2014,59855,3.4,2.4,5.9,,,,,,,,,,,,,,,,,,,,,,,,,,,0,0,0,2,0,0,0,230,,,
13384537,N,N,N,N,N,N,N,6/25/2013,10:06 PM,131761769,,227,22,N,Y,,,19,,,2,9300,,RESEARCH SVRD NB,BLVD,N,N,0,N,N,,N,19,,,,9500,N,CAPITAL OF TEXAS,HWY,,,,,,,11,4,0,,4,1,1,10:06 PM,DISPATCH,10:15 PM,6/25/2013,Y,TX2270100,74,,46,64,8,7,4,1,62,25,2,5,2,21,21,227,22,30.38432299,-97.74157184,,,,,RESEARCH BLVD,9392,,,,,,,,,,,,,,Y,N,N,2,9,Y,TUE,,,,,,,,,,,,,,,,,,,,,,,,,,,,,,,,,,,,,,,,,,,,,,,,,,,,,,,,0,1,0,0,0,1,0,90,,,
13384723,N,N,N,N,N,N,N,7/19/2013,6:09 PM,132001536,,227,22,N,Y,,,4,620,,1,7300,N,NOT REPORTED,RD,N,N,65,N,N,,N,4,2222,,,11500,,NOT REPORTED,RD,,,,,,,11,1,0,,8,1,20,6:09 PM,DISPATCHED,6:15 PM,7/19/2013,Y,TX2270100,74,,46,64,8,2,4,21,64,9,1,3,1,21,21,227,22,,,,,,,FM0620,,,,,,,,,,,,,,,Y,Y,N,2,9,N,FRI,,,,,,,,,,,,,,,,,,,,,,,,,,,,,,,,,,,,,,,,,,,,,,,,,,,,,,,,0,1,0,1,0,1,0,,,,
13385196,N,N,N,N,N,N,N,7/22/2013,4:04 PM,2013018240,,123,30,N,Y,,,2,90,,1,7000,,COLLEGE,ST,N,N,45,N,N,,Y,19,,,1,1000,,PINCHBACK,ST,,,,,,,12,1,0,3,1,1,20,4:04 PM,DISPATCHED,4:08 PM,7/22/2013,Y,TX1230100,104,,,,8,2,2,22,64,42,1,2,1,21,21,123,30,30.06760397,-94.17549353,US,90,,731.808,US0090,,28,7,0.851,916,0.339,,,,PINCHBACK RD,,,,,Y,Y,N,3,8,Y,MON,2,0,0,0,0,3,6,116,72,72,5,2,2,1,0,0,1,0,0,0,0,3,14,20336,2014,20336,4.7,24.9,29.6,,,,,,,,,,,,,,,,,,,,,,,,,,,0,0,1,2,0,1,0,135,,,
13385310,N,N,N,N,N,N,N,7/16/2013,12:25 PM,13-197122,,71,136,N,N,31.78206,-106.42551,19,,,1,900,,CHELSEA,ST,N,N,30,N,N,,Y,19,,,1,5200,,MONTANA,,,,,,,,11,1,4,2,1,1,5,12:28 PM,DISPATCHED,12:41 PM,7/16/2013,Y,TX0710200,1259,,,190,8,2,1,34,64,54,1,2,1,21,21,71,136,31.77868106,-106.4216102,US,62,,4.926,US0062,,2,12,10.396,23,0.106,,,,CHELSEA APARTMENTS,,,,,Y,Y,N,3,9,Y,TUE,3,0,0,0,24,2,6,168,72,72,4,1,1,1,0,0,1,0,0,1,24,4,14,11250,2014,11250,2.3,1.2,3.4,,,,,,,,,,,,,,,,,,,,,,,,,,,0,0,1,1,0,1,0,66,,,
13385665,N,N,N,N,N,N,N,7/23/2013,6:36 PM,P2013-0105442,,191,12,N,N,,,19,,,1,7300,SW,45TH,AVE,N,N,40,N,N,,Y,19,,,1,4400,S,COULTER,ST,,,,,,,11,1,4,,1,1,5,7:23 PM,DISPATCH,7:29 PM,7/23/2013,Y,TX1880100,33,,,2,8,2,2,22,64,38,1,5,1,21,21,191,12,35.16163407,-101.9201811,,,,,SW 45TH AVE,7300,,,,,,,,,COULTER ST S,,,,,N,N,N,5,8,Y,TUE,,,,,,,,,,,,,,,,,,,,,,,,,,,,,,,,,,,,,,,,,,,,,,,,,,,,,,,,0,0,0,3,0,0,0,120,,,
13385711,N,Y,N,N,N,N,N,7/29/2013,8:33 AM,,,68,1633,Y,Y,31.84143,-102.49657,4,2020,,1,,,NOT REPORTED,,N,N,55,N,N,,Y,15,,,1,,N,MOSS,AVE,,,,,,,11,1,4,3,1,1,5,8:39 AM,DISPATCHED,9:03 AM,7/30/2013,Y,,10000,22,32,1,8,2,2,23,64,8,1,3,1,21,21,68,1633,31.84192718,-102.4966866,FM,2020,,4.005,FM2020,10512,1870,1,4.004,252,0.041,FM,1936,,FM1936,,,,,Y,Y,Y,5,0,Y,MON,2,0,10,10,0,1,4,100,81,48,2,1,1,2,10,5,2,10,5,0,0,3,16,7497,2014,7497,3.2,12,15.2,,,,,,,,,,,,,,,,,,,,,,,,,,,0,0,0,3,0,0,0,174,,,
13385851,N,N,N,N,N,N,N,8/1/2013,6:08 PM,13-76103,,220,156,N,Y,32.72939,-97.41389,19,,,1,6000,,CAMP BOWIE,BLVD,N,N,-1,N,N,,N,19,,,,3100,,BRYANT IRVIN RD N,,,,,,,,11,1,0,2,1,1,20,6:08 PM,DISPATCHED,6:08 PM,8/1/2013,Y,TX2201200,1318,4,19,23,8,2,3,10,64,14,1,2,1,32,21,220,156,32.72965699,-97.4132464,US,377,,96.467,US0377,,8,4,10.614,302,-2.896,,,,,,,,,Y,Y,N,5,9,Y,THU,3,0,0,0,20,2,6,205,60,60,6,1,1,1,0,0,1,0,0,1,20,4,14,18995,2014,18995,2.5,0.4,2.9,,,,,,,,,,,,,,,,,,,,,,,,,,,0,0,0,3,0,0,0,282,,,
13385859,N,N,N,N,N,N,N,7/31/2013,8:42 AM,0095451213N,,101,208,N,Y,,,19,,,1,6200,,WINDFERN,RD,N,N,35,N,N,,Y,19,,,1,,,HEMPSTEAD,,,,,,,,11,1,6,,1,1,8,8:42 AM,DISPATCH,8:42 AM,7/31/2013,Y,TXHPD0000,2469,18,106,87,8,2,2,20,64,54,1,5,1,21,21,101,208,29.85696479,-95.53753304,,,,,WINDFERN RD,6000,,,,,,,,,HEMPSTEAD RD,,,,,Y,N,N,5,9,Y,WED,,,,,,,,,,,,,,,,,,,,,,,,,,,,,,,,,,,,,,,,,,,,,,,,,,,,,,,,0,0,0,5,0,0,0,15,,,
13386464,N,N,N,N,N,N,N,7/31/2013,10:11 AM,,,223,1788,Y,Y,33.09807,-102.34403,15,355,,7,,,NOT REPORTED,,N,N,60,N,N,,N,15,600,,,,,NOT REPORTED,,,,,,,,11,1,0,,1,1,1,10:14 AM,DISPATCHED/TERRY SO,10:23 AM,7/31/2013,Y,,10000,1,17,1,8,7,4,1,62,3,1,4,2,21,21,223,1788,33.09807042,-102.3439267,,,,,COUNTY ROAD 355,2066,,,,,,,,,,,,,,Y,N,Y,5,0,Y,WED,,,,,,,,,,,,,,,,,,,,,,,,,,,,,,,,,,,,,,,,,,,,,,,,,,,,,,,,0,0,0,1,0,0,0,,,,
13386905,N,N,N,N,N,Y,N,7/25/2013,1:45 PM,,,170,1735,Y,Y,30.14523,-95.44663,1,45,,1,,,NOT REPORTED,,N,N,65,N,N,,N,15,,,,,,WOODLANDS PARKWAY,DR,,,,,,,11,1,0,2,1,1,11,2:43 PM,DPS COMMUNICATIONS,2:57 PM,2/27/2014,Y,,10000,12,52,1,8,2,4,22,64,36,1,1,1,21,21,170,1735,30.14517332,-95.44690288,IH,45,,75.28,IH0045,,110,4,2.511,75,0.307,,,,,,,,,Y,Y,Y,5,0,Y,THU,5,0,10,10,42,3,10,321,160,120,5,0,0,2,20,5,2,20,5,2,22,4,11,224537,2014,224537,5.5,4.6,10.1,,,,,,,,,,,,,,,,,,,,,,,,,,,0,0,0,5,0,0,0,15,,,
13387261,N,N,N,N,N,N,N,7/7/2013,7:30 PM,13A009827,,170,1735,Y,Y,,,1,45,,2,25298,,NOT REPORTED,,N,N,45,N,N,,N,19,,,,100,,RAYFORD FOREST,DR,,,,,,,11,1,2,2,1,1,1,10:00 PM,ON VIEW,10:00 PM,7/8/2013,Y,TX1700000,1798,,,35,8,2,3,13,64,14,2,1,1,32,21,170,1735,30.13015322,-95.44388499,IH,45,,74.23,IH0045,,110,4,1.461,74,0.211,,,,,,,,,Y,Y,Y,5,0,Y,SUN,5,0,10,10,42,3,10,321,160,120,5,0,0,2,20,5,2,20,5,2,22,4,11,224537,2014,224537,5.5,4.6,10.1,,,,,,,,,,,,,,,,,,,,,,,,,,,0,0,0,1,1,0,0,15,,,
13387471,N,Y,N,N,N,Y,N,7/11/2013,10:01 AM,13-002679,,14,36,N,Y,31.10344,-97.4825,4,439,,1,3350,W,LAKE,RD,N,N,55,N,N,,Y,19,,,1,3300,N,SPRING CANYON,RD,,,,,,,11,1,2,1,4,1,20,10:01 AM,DISPATCH,10:06 AM,7/11/2013,Y,TX0140200,113,,,,8,7,2,1,32,32,1,3,2,21,21,14,1579,31.10114817,-97.49083222,FM,439,,14.577,FM0439,3400,836,3,25.691,554,-0.444,,,,SPRING CANYON RD,,,,,Y,Y,Y,0,0,Y,THU,2,0,6,6,0,2,2,100,36,24,2,0,0,3,6,5,3,6,5,0,0,3,16,8584,2014,8584,1.3,0.6,1.8,1,271,3,1,43,,,,,,,,,,,,,,,,,,,,,,0,0,0,0,1,0,0,277,,,