Crash_ID,Crash_Fatal_Fl,Cmv_Involv_Fl,Schl_Bus_Fl,Rr_Relat_Fl,Medical_Advisory_Fl,Amend_Supp_Fl,Active_School_Zone_Fl,Crash_Date,Crash_Time,Case_ID,Local_Use,Rpt_CRIS_Cnty_ID,Rpt_City_ID,Rpt_Outside_City_Limit_Fl,Thousand_Damage_Fl,Rpt_Latitude,Rpt_Longitude,Rpt_Rdwy_Sys_ID,Rpt_Hwy_Num,Rpt_Hwy_Sfx,Rpt_Road_Part_ID,Rpt_Block_Num,Rpt_Street_Pfx,Rpt_Street_Name,Rpt_Street_Sfx,Private_Dr_Fl,Toll_Road_Fl,Crash_Speed_Limit,Road_Constr_Zone_Fl,Road_Constr_Zone_Wrkr_Fl,Rpt_Street_Desc,At_Intrsct_Fl,Rpt_Sec_Rdwy_Sys_ID,Rpt_Sec_Hwy_Num,Rpt_Sec_Hwy_Sfx,Rpt_Sec_Road_Part_ID,Rpt_Sec_Block_Num,Rpt_Sec_Street_Pfx,Rpt_Sec_Street_Name,Rpt_Sec_Street_Sfx,Rpt_Ref_Mark_Offset_Amt,Rpt_Ref_Mark_Dist_Uom,Rpt_Ref_Mark_Dir,Rpt_Ref_Mark_Nbr,Rpt_Sec_Street_Desc,Rpt_CrossingNumber,Wthr_Cond_ID,Light_Cond_ID,Entr_Road_ID,Road_Type_ID,Road_Algn_ID,Surf_Cond_ID,Traffic_Cntl_ID,Investigat_Notify_Time,Investigat_Notify_Meth,Investigat_Arrv_Time,Report_Date,Investigat_Comp_Fl,ORI_Number,Investigat_Agency_ID,Investigat_Area_ID,Investigat_District_ID,Investigat_Region_ID,Bridge_Detail_ID,Harm_Evnt_ID,Intrsct_Relat_ID,FHE_Collsn_ID,Obj_Struck_ID,Othr_Factr_ID,Road_Part_Adj_ID,Road_Cls_ID,Road_Relat_ID,Phys_Featr_1_ID,Phys_Featr_2_ID,Cnty_ID,City_ID,Latitude,Longitude,Hwy_Sys,Hwy_Nbr,Hwy_Sfx,Dfo,Street_Name,Street_Nbr,Control,Section,Milepoint,Ref_Mark_Nbr,Ref_Mark_Displ,Hwy_Sys_2,Hwy_Nbr_2,Hwy_Sfx_2,Street_Name_2,Street_Nbr_2,Control_2,Section_2,Milepoint_2,Txdot_Rptable_Fl,Onsys_Fl,Rural_Fl,Crash_Sev_ID,Pop_Group_ID,Located_Fl,Day_of_Week,Hwy_Dsgn_Lane_ID,Hwy_Dsgn_Hrt_ID,Hp_Shldr_Left,Hp_Shldr_Right,Hp_Median_Width,Base_Type_ID,Nbr_Of_Lane,Row_Width_Usual,Roadbed_Width,Surf_Width,Surf_Type_ID,Curb_Type_Left_ID,Curb_Type_Right_ID,Shldr_Type_Left_ID,Shldr_Width_Left,Shldr_Use_Left_ID,Shldr_Type_Right_ID,Shldr_Width_Right,Shldr_Use_Right_ID,Median_Type_ID,Median_Width,Rural_Urban_Type_ID,Func_Sys_ID,Adt_Curnt_Amt,Adt_Curnt_Year,Adt_Adj_Curnt_Amt,Pct_Single_Trk_Adt,Pct_Combo_Trk_Adt,Trk_Aadt_Pct,Curve_Type_ID,Curve_Lngth,Cd_Degr,Delta_Left_Right_ID,Dd_Degr,Feature_Crossed,Structure_Number,I_R_Min_Vert_Clear,Approach_Width,Bridge_Median_ID,Bridge_Loading_Type_ID,Bridge_Loading_In_1000_Lbs,Bridge_Srvc_Type_On_ID,Bridge_Srvc_Type_Under_ID,Culvert_Type_ID,Roadway_Width,Deck_Width,Bridge_Dir_Of_Traffic_ID,Bridge_Rte_Struct_Func_ID,Bridge_IR_Struct_Func_ID,CrossingNumber,RRCo,Poscrossing_ID,WDCode_ID,Standstop,Yield,Incap_Injry_Cnt,Nonincap_Injry_Cnt,Poss_Injry_Cnt,Non_Injry_Cnt,Unkn_Injry_Cnt,Tot_Injry_Cnt,Death_Cnt,MPO_ID,Investigat_Service_ID,Investigat_DA_ID,Investigator_Narrative
13390989,N,N,N,N,N,N,N,7/23/2013,9:55 AM,0091683213H,,101,208,N,Y,,,1,610,,1,1000,N,NORTH LP,,N,N,60,N,N,,N,19,,,,3000,,AIRLINE,DR,,,,,,,11,1,0,,4,1,20,10:05 AM,DISPATCHED,10:10 AM,7/23/2013,Y,TXHPD0000,2469,6,152,27,8,7,2,1,39,54,1,1,4,21,21,101,208,,,IH,610,,,IH0610,,,,,,,,,,AIRLINE DR,,,,,Y,Y,N,5,9,N,TUE,,,,,,,,,,,,,,,,,,,,,,,,,,,,,,,,,,,,,,,,,,,,,,,,,,,,,,,,0,0,0,1,0,0,0,,,,
13391680,N,N,N,N,N,N,N,7/31/2013,7:08 PM,2013-212-014,TX02460200,246,169,N,Y,,,19,,,1,,,WILLIAMS,DR,N,N,35,N,N,,Y,1,,,4,,,IH 35 E FRONTAGE,,,,,,,,11,1,3,2,3,1,20,7:09 PM,RADIO DISPATCH,7:13 PM,8/1/2013,Y,TX2460200,1351,11,10,14,8,2,2,20,64,43,4,1,1,21,21,246,169,30.64989215,-97.67941026,IH,35,,262.026,IH0035,,15,8,12.165,263,-0.383,SS,158,,SS0158,,,,,Y,Y,N,3,7,Y,WED,5,0,10,10,70,2,6,300,112,72,4,0,0,2,20,5,2,20,5,2,50,4,11,69486,2014,69486,4.1,19,23,1,323,0,1,1,,,,,,,,,,,,,,,,,,,,,,0,0,1,5,0,1,0,90,,,
13391744,N,N,N,N,N,N,N,7/29/2013,6:36 PM,13-000273,,25,54,N,Y,,,2,377,,7,2000,,S US 377,,Y,N,15,N,N,PARKING LOT,N,19,,,1,,,500 BLK 8TH ST,,,,,,,,11,1,98,,7,1,1,6:43 PM,RADIO,6:52 PM,7/30/2013,Y,TX0250200,2550,135,95,134,8,4,4,1,64,54,7,9,5,33,21,25,54,,,US,377,,,US0377,,,,,,,,,,,,,,,N,Y,N,5,5,N,MON,,,,,,,,,,,,,,,,,,,,,,,,,,,,,,,,,,,,,,,,,,,,,,,,,,,,,,,,0,0,0,2,0,0,0,,,,
13391828,N,N,N,N,N,N,N,8/1/2013,10:54 AM,13-001333,,14,236,N,Y,,,4,2410,,1,4400,,MARTIN LUTHER KING JR,BLVD,N,N,45,Y,N,,Y,4,3470,,1,4400,E,E STAN SCHLUETER LP,,,,,,,,11,1,2,3,2,1,5,10:55 AM,DISPATCHED,10:57 AM,8/1/2013,Y,TX0140400,1587,,,,8,2,1,34,64,49,1,3,1,21,21,14,236,31.08161354,-97.69633484,FM,2410,,1.203,FM2410,,2304,2,5.089,538,0.982,FM,3470,,FM3470,,3534,1,9.393,Y,Y,N,2,8,Y,THU,2,0,0,10,0,2,4,140,77,64,4,0,0,1,0,0,2,10,5,0,0,4,14,17972,2014,17972,2.1,4.9,7,1,188,4,,0,,,,,,,,,,,,,,,,,,,,,,0,1,0,1,0,1,0,277,,,
13392189,N,N,N,N,N,N,N,7/26/2013,9:29 PM,132071919,DWI,227,22,N,Y,,,19,,,1,900,S,PLEASANT VALLEY,RD,N,N,40,N,N,,Y,19,,,,,S,LAKESHORE,BLVD,,,,,,,11,4,2,,1,1,5,9:24 PM,DISPATCHED,9:30 PM,7/26/2013,Y,TX2270100,74,,347,446,8,2,2,22,64,38,1,5,1,21,21,227,22,30.24247478,-97.71723247,,,,,S PLEASANT VALLEY RD,1009,,,,,,,,,S LAKESHORE BLVD,,,,,Y,N,N,5,9,Y,FRI,,,,,,,,,,,,,,,,,,,,,,,,,,,,,,,,,,,,,,,,,,,,,,,,,,,,,,,,0,0,0,3,0,0,0,90,,,
13392668,N,Y,N,Y,N,N,N,6/22/2013,9:15 AM,0077356413Z,,101,208,N,Y,,,19,,,1,700,N,SAN JACINTO,ST,N,N,30,N,N,,N,19,,,,1100,,ALLEN,ST,,,,,,758485U,11,1,0,,1,1,13,9:51 AM,DISPATCHED,10:00 AM,8/7/2013,Y,TXHPD0000,2469,16,121,35,8,3,2,1,10,54,1,5,1,17,21,101,208,29.76496492,-95.3570135,,,,,N SAN JACINTO ST,820,,,,,,,,,ALLEN ST,,,,,Y,N,N,5,9,Y,SAT,,,,,,,,,,,,,,,,,,,,,,,,,,,,,,,,,,,,,,,,,,,,,,,,,,758485U,UP,,8,,,0,0,0,1,0,0,0,15,,,
13392962,N,N,N,N,N,N,N,7/31/2013,8:15 PM,SAPD13165387,5230,15,379,N,Y,,,19,,,1,5400,,MUSCATINE,,N,N,30,N,N,,N,19,,,,3100,,MAJESTIC,DR,,,,,,,11,1,0,,1,1,1,8:20 PM,DISPATCH,8:30 PM,7/31/2013,Y,TXSPD0000,2473,,19,148,8,4,3,4,64,14,1,5,1,32,21,15,379,29.46688695,-98.59471444,,,,,MUSCATINE DR,5486,,,,,,,,,,,,,,Y,N,N,5,9,Y,WED,,,,,,,,,,,,,,,,,,,,,,,,,,,,,,,,,,,,,,,,,,,,,,,,,,,,,,,,0,0,0,1,0,0,0,28,,,
13393167,N,N,N,N,N,N,N,6/1/2013,2:05 AM,13-1511501,,227,22,N,N,,,19,,,1,300,W,6TH,ST,N,N,30,N,N,,N,19,,,,,,LAVACA,ST,,,,,,,11,4,98,,1,1,15,2:07 AM,FLAG DOWN,2:08 AM,6/1/2013,Y,TX2270100,74,36,67,282,8,1,2,3,64,54,1,5,1,21,21,227,22,30.26871164,-97.74522658,,,,,W 6TH ST,302,,,,,,,,,LAVACA ST,,,,,Y,N,N,3,9,Y,SAT,,,,,,,,,,,,,,,,,,,,,,,,,,,,,,,,,,,,,,,,,,,,,,,,,,,,,,,,0,0,1,3,0,1,0,90,,,
13393280,N,Y,N,N,N,N,N,7/23/2013,4:50 PM,,13-105841,57,107,N,Y,,,1,30,,1,1500,,R L THORNTON,FWY,N,N,55,N,N,,N,19,,,1,1500,,ST PAUL,ST,,,,,,,11,1,0,,2,1,20,5:00 PM,RADIO DISPATCHED,5:05 PM,8/1/2013,Y,TX0570000,1169,,85,22,8,2,4,22,64,42,1,1,1,21,21,57,107,,,IH,30,,,IH0030,,,,,,,,,,,,,,,Y,Y,N,5,9,N,TUE,,,,,,,,,,,,,,,,,,,,,,,,,,,,,,,,,,,,,,,,,,,,,,,,,,,,,,,,0,0,0,3,0,0,0,,,,
13393505,N,N,N,N,N,N,N,7/29/2013,3:25 PM,1300014650,,133,234,N,Y,30.05706,-99.12921,3,16,,1,1300,,SIDNEY BAKER,ST,N,N,35,N,N,,Y,19,,,1,100,,YORKTOWN BLVD,,,,,,,,11,1,2,3,2,1,5,3:26 PM,DISPATCHED,3:35 PM,7/29/2013,Y,TX1330100,1583,,8,11,8,2,2,22,64,38,1,2,1,21,21,133,234,30.05721007,-99.12917419,SH,16,,280.297,SH0016,1401,291,2,7.175,514,-0.8,,,,YORKTOWN BLVD N,,,,,Y,Y,N,5,5,Y,MON,2,0,5,5,0,2,4,130,70,60,4,1,1,2,5,5,2,5,5,0,0,2,14,19929,2014,19929,3.8,2.1,5.9,1,65,2,2,6,,,,,,,,,,,,,,,,,,,,,,0,0,0,4,0,0,0,,,,
13393627,N,N,N,N,N,N,N,6/22/2013,8:25 PM,2013-794-06,,107,1169,N,Y,,,3,198,,1,18000,N,CR 2529,RD,N,N,50,N,N,SLIGHT RIGHT CURVE,N,15,2529,,1,19000,,CR 2529,RD,,,,,PUBLIC ROADWAY,,12,2,98,,4,1,10,8:20 PM,,8:25 PM,6/22/2013,Y,1072500,1914,,,,8,10,4,1,1,3,1,2,2,21,21,107,1169,,,SH,198,,,SH0198,,,,,,,,,,,,,,,Y,Y,Y,2,1,N,SAT,,,,,,,,,,,,,,,,,,,,,,,,,,,,,,,,,,,,,,,,,,,,,,,,,,,,,,,,0,2,0,0,0,2,0,,,,
13393713,N,N,N,N,N,N,N,7/23/2013,2:17 PM,13-204168,,71,136,N,Y,,,1,10,,1,13,,I 10,HWY,N,N,60,N,N,STATE HIGHWAY,N,19,,,1,,,SUNLAND PARK,DR,,,,,LOCAL STREET ROADWAY,,12,1,0,,2,1,11,2:19 PM,DISPATCH,2:26 PM,7/23/2013,Y,TX0710200,1259,,,142,8,2,4,21,64,9,1,1,1,21,21,71,136,,,IH,10,,,IH0010,,,,,,,,,,,,,,,Y,Y,N,5,9,N,TUE,,,,,,,,,,,,,,,,,,,,,,,,,,,,,,,,,,,,,,,,,,,,,,,,,,,,,,,,0,0,0,3,0,0,0,,,,
13393824,N,N,N,N,N,N,N,7/24/2013,2:15 AM,2.01E+11,CP,57,357,N,Y,,,2,75,,2,2000,N,CENTRAL,EXPY,N,N,45,N,N,NE FRONTAGE RD,Y,19,,,1,100,W,CAMPBELL,RD,,,,,,,11,4,3,2,1,1,5,2:19 AM,DROVE ON SCENE,2:19 AM,7/24/2013,Y,TX0572000,2011,,8,349,8,7,2,3,26,3,2,2,2,21,21,57,357,32.97513501,-96.71623894,US,75,,61.566,US0075,,47,7,0.759,256,0.765,,,,W CAMPBELL RD,,,,,Y,Y,N,5,8,Y,WED,5,0,12,10,28,3,8,300,140,96,5,0,0,2,24,5,2,20,5,2,4,4,12,222196,2014,222196,2.8,5.4,8.3,1,134,0,2,1,,,,,,,,,,,,,,,,,,,,,,0,0,0,1,0,0,0,282,,,
13393844,N,N,N,N,N,N,N,7/28/2013,7:43 PM,,13-108875,57,107,N,N,,,1,30,,1,100,,R L THORNTON,FWY,N,N,55,N,N,,N,19,,,,,S,GRIFFIN,ST,,,,,,,11,1,0,,1,1,20,7:45 PM,RADIO DISPATCHED,7:55 PM,7/29/2013,Y,TX0570000,1169,,70,22,8,2,4,21,64,9,1,1,1,21,21,57,107,,,IH,30,,,IH0030,,,,,,,,,,,,,,,N,Y,N,5,9,N,SUN,,,,,,,,,,,,,,,,,,,,,,,,,,,,,,,,,,,,,,,,,,,,,,,,,,,,,,,,0,0,0,7,0,0,0,,,,
13393874,N,N,N,N,N,N,N,7/26/2013,12:00 AM,,13-107381,57,107,N,Y,,,1,20,,1,41200,,LYNDON B JOHNSON,FWY,N,N,65,N,N,IH20 EB,N,4,1382,,1,,,BELTLINE,RD,,,,,BELTLINE RD,,12,4,0,2,1,1,20,12:01 AM,RADIO DISPATCHED,12:09 AM,7/26/2013,Y,TX0570000,1169,,85,22,8,7,4,1,39,3,1,1,4,21,21,57,177,32.67225768,-96.98451549,IH,20,,456.939,IH0020,,2374,4,3.99,458,0.037,,,,,,,,,Y,Y,N,5,8,Y,FRI,5,0,10,12,50,3,8,300,140,96,6,0,0,2,22,5,2,22,5,2,28,4,11,165794,2014,165794,2.3,6.3,8.5,,,,,,,,,,,,,,,,,,,,,,,,,,,0,0,0,3,0,0,0,282,,,
13394116,N,N,N,N,N,N,N,7/29/2013,11:04 AM,P13-13473,,174,303,N,Y,,,3,21,,1,1500,,DOUGLASS,RD,N,N,40,N,N,,N,19,,,1,300,S,POPP,ST,,,,,,,11,1,0,,1,1,11,11:06 AM,DISPATCH,11:11 AM,7/29/2013,Y,TX1740200,1825,,,,8,2,3,10,64,14,1,2,1,32,21,174,303,,,SH,21,,,SH0021,,,,,,,,,,,,,,,Y,Y,N,3,6,N,MON,,,,,,,,,,,,,,,,,,,,,,,,,,,,,,,,,,,,,,,,,,,,,,,,,,,,,,,,0,0,1,1,0,1,0,,,,
13394224,N,N,N,N,N,N,N,6/19/2013,11:05 PM,130034238,,220,19,N,Y,,,4,157,,1,2200,S,COOPER,ST,N,N,40,N,N,,N,19,,,,500,W,ARKANSAS,LN,,,,,,,11,4,0,3,1,1,20,11:05 PM,DISPATCHED,11:15 PM,6/19/2013,N,TX2200100,59,,8,103,8,2,3,10,64,14,1,3,1,32,21,220,19,32.70655936,-97.11735895,FM,157,,12.286,FM0157,,747,4,16.931,274,0.184,,,,,,,,,Y,Y,N,5,9,Y,WED,2,0,0,0,0,3,7,100,84,84,5,1,1,1,0,0,1,0,0,0,0,4,14,38123,2014,38123,2.3,0.6,2.9,,,,,,,,,,,,,,,,,,,,,,,,,,,0,0,0,1,1,0,0,282,,,
13394233,N,N,N,N,N,N,N,7/24/2013,6:30 PM,13-01565,,15,5,N,Y,,,19,,,1,600,,ALAMO HEIGHTS BLVD,,N,N,25,N,N,,N,19,,,1,200,,INSLEE AVE,,,,,,,,11,1,0,,4,1,20,6:30 PM,RADIO,6:32 PM,7/24/2013,Y,TX0150100,14,30,26,41,8,7,2,1,21,54,1,5,2,21,21,15,5,29.48644036,-98.47008461,,,,,ALAMO HEIGHTS BLVD,650,,,,,,,,,INSLEE AVE,,,,,Y,N,N,5,4,Y,WED,,,,,,,,,,,,,,,,,,,,,,,,,,,,,,,,,,,,,,,,,,,,,,,,,,,,,,,,0,0,0,1,0,0,0,28,,,
13394243,N,N,N,N,N,N,N,7/24/2013,1:57 PM,130041222,,220,19,N,N,,,4,157,,7,4911,S,COOPER,ST,Y,N,0,N,N,,N,19,,,,1700,,OAK VILLAGE,BLVD,,,,,,,11,1,0,,1,1,1,1:57 PM,DISPATCHED,2:36 PM,7/24/2013,N,TX2200100,59,,8,218,8,4,4,5,64,54,7,9,5,33,21,220,19,,,FM,157,,,FM0157,,,,,,,,,,,,,,,N,Y,N,0,9,N,WED,,,,,,,,,,,,,,,,,,,,,,,,,,,,,,,,,,,,,,,,,,,,,,,,,,,,,,,,0,0,0,0,1,0,0,,,,
13394388,N,N,N,N,N,N,N,7/29/2013,3:13 PM,13-072025,,243,459,N,Y,33.91351,-98.49173,19,,,1,700,,INDIANA,AVE,N,N,0,N,N,,N,19,,,1,600,,6TH,ST,,,,,,,12,1,0,,1,1,20,3:13 PM,DISPATCH,3:39 PM,7/29/2013,Y,TX2430500,2426,,,,8,2,4,24,64,3,1,5,1,21,21,243,459,33.91478322,-98.49271345,,,,,INDIANA AVE,576,,,,,,,,,,,,,,Y,N,N,5,8,Y,MON,,,,,,,,,,,,,,,,,,,,,,,,,,,,,,,,,,,,,,,,,,,,,,,,,,,,,,,,0,0,0,3,0,0,0,151,,,
13394460,N,N,N,N,N,N,N,7/29/2013,12:17 PM,13-26481,,152,270,N,Y,,,11,289,,2,3300,S,289,LOOP,N,N,45,N,N,,N,19,,,1,7100,,INDIANA,AVE,,,,,,,11,1,4,2,1,1,5,10:21 AM,POLICE DISPATCH,10:26 AM,7/29/2013,Y,TX1520200,1706,,,,8,2,2,22,64,38,2,2,1,21,21,152,270,33.52930924,-101.8877262,SL,289,,22.339,SL0289,,783,1,11.052,310,0.24,,,,INDIANA AVE,,,,,Y,Y,N,3,8,Y,MON,5,0,10,10,23,2,6,300,114,72,4,0,0,2,20,5,2,20,5,2,3,4,12,69017,2014,69017,5.8,13.2,18.9,,,,,,,,,,,,,,,,,,,,,,,,,,,0,0,2,0,0,2,0,122,,,
13395751,N,N,N,N,Y,N,N,7/26/2013,1:08 PM,13072608,,220,277,N,Y,,,19,,,7,1415,,CHASE,TRL,Y,N,30,N,N,DRIVEWAY,N,19,,,1,1200,,THICKET,DR,,,,,,,12,1,0,,1,1,1,1:09 PM,DISPATCHED,1:20 PM,7/26/2013,Y,TX2202000,1726,,,,8,7,4,1,34,3,7,9,5,33,21,220,277,,,,,,,CHASE TRL,,,,,,,,,,,,,,,N,N,N,2,7,N,FRI,,,,,,,,,,,,,,,,,,,,,,,,,,,,,,,,,,,,,,,,,,,,,,,,,,,,,,,,0,1,0,1,0,1,0,,,,
13395810,N,N,N,N,N,N,N,7/31/2013,5:01 PM,13-139340,,43,336,N,Y,,,19,,,1,2800,W,PARKER,RD,N,N,40,N,N,,N,19,,,,,,INDEPENDENCE,PKWY,,,,,,,12,1,0,,1,1,20,5:01 PM,DISPATCH,5:05 PM,7/31/2013,Y,TX0430600,1938,,,96,8,2,4,21,64,9,1,5,1,21,21,43,336,33.04099207,-96.75240154,,,,,W PARKER RD,,,,,,,,,,,,,,,Y,N,N,5,9,Y,WED,,,,,,,,,,,,,,,,,,,,,,,,,,,,,,,,,,,,,,,,,,,,,,,,,,,,,,,,0,0,0,3,0,0,0,282,,,
13396102,N,N,N,N,N,N,N,7/26/2013,12:46 PM,,,175,98,N,Y,32.06393,-96.45198,1,45,,1,,,NOT REPORTED,,N,N,75,N,N,,N,,,,,,,NOT REPORTED,,0.1,M,S,229,,,11,1,0,2,5,1,11,12:48 PM,DISPATCHED,1:00 PM,7/26/2013,Y,TXDPS8600,10000,8,107,1,8,10,4,1,1,54,1,1,1,21,21,175,98,32.06556556,-96.45195337,IH,45,,228.792,IH0045,,93,1,15.784,229,-0.1,,,,NOT REPORTED,,,,,Y,Y,N,5,5,Y,FRI,5,0,4,10,48,3,4,300,76,48,5,0,0,2,8,5,2,20,5,3,40,2,11,34313,2014,34313,4.4,23.9,28.3,,,,,,,,,,,,,,,,,,,,,,,,,,,0,0,0,3,0,0,0,,,,
13396830,N,N,N,N,N,N,N,7/28/2013,1:15 PM,0094222613Z,,101,208,N,Y,,,2,59,,1,1900,S,SOUTHWEST,FWY,N,N,60,N,N,CONCRETE,N,19,,,,4700,,MAIN,ST,,,,,,,11,1,6,2,1,1,20,1:20 PM,DISPATCH,1:33 PM,7/29/2013,Y,TXHPD0000,2469,51,113,29,8,7,4,1,39,54,1,2,4,21,21,101,208,29.73584288,-95.36939333,US,59,,303.889,US0059,,27,13,1.304,512,0.549,,,,,,,,,Y,Y,N,5,9,Y,SUN,5,1,8,10,38,3,8,500,136,96,5,0,0,2,18,5,2,12,5,2,20,4,12,154301,2014,154301,2.9,6,8.9,,,,,,,,,,,,,,,,,,,,,,,,,,,0,0,0,1,0,0,0,15,,,
13397679,N,Y,N,N,N,N,N,7/28/2013,4:49 PM,20131212,,109,202,N,Y,,,1,35,,1,,,NOT REPORTED,,N,N,0,Y,N,,N,,,,,,,NOT REPORTED,,1,M,S,369,,,11,1,0,2,2,1,20,4:49 PM,DISPATCHED,4:49 PM,7/28/2013,Y,TX1090100,1462,,,57,8,2,4,21,64,49,1,1,1,21,21,109,202,32.01028985,-97.09553573,IH,35,,367.435,IH0035,,14,24,12.608,369,-1,,,,NOT REPORTED,,,,,Y,Y,N,5,4,Y,SUN,5,0,16,12,58,9,6,350,160,72,6,0,0,2,32,5,2,24,5,2,26,2,11,47015,2014,47015,2.9,29.5,32.4,,,,,,,,,,,,,,,,,,,,,,,,,,,0,0,0,2,0,0,0,,,,
13397803,N,N,N,N,N,N,N,5/28/2013,8:05 AM,13-051,,101,453,N,N,,,19,,,1,6300,,ACADEMY,,N,N,30,N,N,,Y,19,,,1,4100,,UNIVERSITY,,,,,,,,11,1,4,,1,1,8,8:05 AM,DISPATCH,8:08 AM,5/28/2013,Y,TX1012600,2406,,,,8,5,1,1,64,54,1,5,1,21,21,101,453,29.71459481,-95.44293307,,,,,ACADEMY ST,,,,,,,,,,UNIVERSITY BLVD,,,,,Y,N,N,2,5,Y,TUE,,,,,,,,,,,,,,,,,,,,,,,,,,,,,,,,,,,,,,,,,,,,,,,,,,,,,,,,0,1,0,1,0,1,0,15,,,
13398087,N,N,N,N,N,N,N,7/30/2013,11:50 AM,13P9587,,205,343,N,Y,,,2,181,,2,1500,S,US 181 ACCESS ROAD SOUTH,HWY,N,N,40,N,N,,N,19,,,,,,WILDCAT,DR,,,,,WILDCAT DR,,11,1,0,2,1,1,1,11:50 AM,DISPATCH,11:58 AM,7/30/2013,Y,TX2050300,1957,54,275,161,8,2,3,11,64,14,2,2,1,32,21,205,343,27.88190079,-97.31800595,US,181,,128.444,US0181,,101,3,26.648,640,0.722,,,,,,,,,Y,Y,N,5,5,Y,TUE,3,0,4,11,38,2,4,300,106,84,4,0,0,2,8,5,2,14,5,3,30,1,2,5394,2014,5394,3.5,12.6,16.1,,,,,,,,,,,,,,,,,,,,,,,,,,,0,0,0,2,0,0,0,96,,,
13398120,N,N,N,N,N,Y,N,7/16/2013,4:23 AM,13-0029,,128,227,N,N,,,19,,,7,101,W,BROADWAY ST,,N,N,30,N,N,,N,19,,,7,400,N,PANNA MARIA AVE,,,,,,,,11,1,0,,1,1,1,4:23 AM,OFFICER INITATED,4:23 AM,7/22/2013,N,TX1280100,1556,,,27,8,4,4,4,64,12,1,5,1,21,21,128,227,28.88892506,-97.90089248,,,,,W BROADWAY ST,100,,,,,,,,,,,,,,N,N,Y,5,3,Y,TUE,,,,,,,,,,,,,,,,,,,,,,,,,,,,,,,,,,,,,,,,,,,,,,,,,,,,,,,,0,0,0,1,0,0,0,,,,
13398183,N,N,N,N,N,N,N,7/26/2013,3:24 AM,13-001631,,84,243,N,Y,,,1,45,,1,1000,,NOT REPORTED,,N,N,65,N,N,,N,19,,,1,2400,,BAYOU,,,,,,,,11,4,0,2,1,1,20,3:27 AM,DISPATCH,3:35 AM,7/26/2013,Y,TX0840700,1612,,,27,8,7,4,1,23,3,1,1,2,21,21,84,243,29.36098594,-94.98631282,IH,45,,11.038,IH0045,,500,4,4.477,11,0.129,,,,,,,,,Y,Y,N,2,5,Y,FRI,5,0,12,12,49,9,6,300,120,72,5,0,0,2,24,5,2,24,5,2,25,3,11,50595,2014,50595,2.3,2,4.3,1,200,1,,0,,,,,,,,,,,,,,,,,,,,,,0,1,0,0,0,1,0,15,,,
13398375,N,N,N,N,N,N,N,7/27/2013,8:45 PM,,,153,1718,Y,Y,33.22208,-101.80525,2,87,,1,,,NOT REPORTED,,N,N,75,N,N,,N,,,,,,,NOT REPORTED,,240,F,N,296,,,11,3,0,2,1,1,20,9:00 PM,DISPATCHED,9:07 PM,8/7/2013,Y,,10000,1,17,1,8,6,4,1,64,3,1,2,1,21,21,153,1718,33.21893277,-101.804271,US,87,,269.422,US0087,,68,2,12.178,296,-240,,,,NOT REPORTED,,,,,Y,Y,Y,5,0,Y,SAT,4,0,4,10,42,2,4,280,80,48,4,0,0,2,8,5,2,20,5,3,34,1,2,7230,2014,7230,2.3,14.2,16.5,,,,,,,,,,,,,,,,,,,,,,,,,,,0,0,0,1,0,0,0,,,,
13398828,N,N,N,N,N,N,N,7/31/2013,6:45 AM,0095421513C,,101,208,N,Y,,,19,,,1,8200,,AIRPORT,BLVD,N,N,35,N,N,,N,19,,,,8900,,RUTHBY,,,,,,,,11,1,0,,1,1,20,6:48 AM,DISPATCHED,7:01 AM,7/31/2013,Y,TXHPD0000,2469,18,104,28,8,2,2,23,64,9,1,5,1,21,21,101,208,29.65796482,-95.2695358,,,,,AIRPORT BLVD,,,,,,,,,,RUTHBY ST,,,,,Y,N,N,5,9,Y,WED,,,,,,,,,,,,,,,,,,,,,,,,,,,,,,,,,,,,,,,,,,,,,,,,,,,,,,,,0,0,0,2,0,0,0,15,,,
13399339,N,N,N,N,N,N,N,7/22/2013,11:54 PM,130722-2354,,31,380,N,N,,,19,,,1,156,,PANCHITA,ST,N,N,30,N,N,,N,19,,,,,,LA PALMA,,,,,,,,11,4,0,,1,1,1,11:54 PM,RADIO,12:00 AM,7/22/2013,Y,TX0310900,2075,,,44,8,4,4,1,64,3,1,5,1,21,21,31,380,26.13908991,-97.64222692,,,,,PANCHITA ST,156,,,,,,,,,,,,,,N,N,N,0,5,Y,MON,,,,,,,,,,,,,,,,,,,,,,,,,,,,,,,,,,,,,,,,,,,,,,,,,,,,,,,,0,0,0,0,1,0,0,201,,,
13399727,N,N,N,N,N,N,N,8/1/2013,4:38 PM,13-22611,,126,78,N,Y,,,19,,,1,1210,,CRESTWOOD,ST,N,N,30,N,N,,N,19,,,1,1100,,BRIARWOOD,ST,,,,,,,11,1,0,,2,1,1,5:44 PM,DISPATCH,5:48 PM,8/1/2013,Y,TX1260300,284,,,,8,4,3,4,64,14,1,5,1,32,21,126,78,32.33406376,-97.40821041,,,,,CRESTWOOD DR,1218,,,,,,,,,,,,,,Y,N,N,5,6,Y,THU,,,,,,,,,,,,,,,,,,,,,,,,,,,,,,,,,,,,,,,,,,,,,,,,,,,,,,,,0,0,0,1,0,0,0,282,,,