Crash_ID,Crash_Fatal_Fl,Cmv_Involv_Fl,Schl_Bus_Fl,Rr_Relat_Fl,Medical_Advisory_Fl,Amend_Supp_Fl,Active_School_Zone_Fl,Crash_Date,Crash_Time,Case_ID,Local_Use,Rpt_CRIS_Cnty_ID,Rpt_City_ID,Rpt_Outside_City_Limit_Fl,Thousand_Damage_Fl,Rpt_Latitude,Rpt_Longitude,Rpt_Rdwy_Sys_ID,Rpt_Hwy_Num,Rpt_Hwy_Sfx,Rpt_Road_Part_ID,Rpt_Block_Num,Rpt_Street_Pfx,Rpt_Street_Name,Rpt_Street_Sfx,Private_Dr_Fl,Toll_Road_Fl,Crash_Speed_Limit,Road_Constr_Zone_Fl,Road_Constr_Zone_Wrkr_Fl,Rpt_Street_Desc,At_Intrsct_Fl,Rpt_Sec_Rdwy_Sys_ID,Rpt_Sec_Hwy_Num,Rpt_Sec_Hwy_Sfx,Rpt_Sec_Road_Part_ID,Rpt_Sec_Block_Num,Rpt_Sec_Street_Pfx,Rpt_Sec_Street_Name,Rpt_Sec_Street_Sfx,Rpt_Ref_Mark_Offset_Amt,Rpt_Ref_Mark_Dist_Uom,Rpt_Ref_Mark_Dir,Rpt_Ref_Mark_Nbr,Rpt_Sec_Street_Desc,Rpt_CrossingNumber,Wthr_Cond_ID,Light_Cond_ID,Entr_Road_ID,Road_Type_ID,Road_Algn_ID,Surf_Cond_ID,Traffic_Cntl_ID,Investigat_Notify_Time,Investigat_Notify_Meth,Investigat_Arrv_Time,Report_Date,Investigat_Comp_Fl,ORI_Number,Investigat_Agency_ID,Investigat_Area_ID,Investigat_District_ID,Investigat_Region_ID,Bridge_Detail_ID,Harm_Evnt_ID,Intrsct_Relat_ID,FHE_Collsn_ID,Obj_Struck_ID,Othr_Factr_ID,Road_Part_Adj_ID,Road_Cls_ID,Road_Relat_ID,Phys_Featr_1_ID,Phys_Featr_2_ID,Cnty_ID,City_ID,Latitude,Longitude,Hwy_Sys,Hwy_Nbr,Hwy_Sfx,Dfo,Street_Name,Street_Nbr,Control,Section,Milepoint,Ref_Mark_Nbr,Ref_Mark_Displ,Hwy_Sys_2,Hwy_Nbr_2,Hwy_Sfx_2,Street_Name_2,Street_Nbr_2,Control_2,Section_2,Milepoint_2,Txdot_Rptable_Fl,Onsys_Fl,Rural_Fl,Crash_Sev_ID,Pop_Group_ID,Located_Fl,Day_of_Week,Hwy_Dsgn_Lane_ID,Hwy_Dsgn_Hrt_ID,Hp_Shldr_Left,Hp_Shldr_Right,Hp_Median_Width,Base_Type_ID,Nbr_Of_Lane,Row_Width_Usual,Roadbed_Width,Surf_Width,Surf_Type_ID,Curb_Type_Left_ID,Curb_Type_Right_ID,Shldr_Type_Left_ID,Shldr_Width_Left,Shldr_Use_Left_ID,Shldr_Type_Right_ID,Shldr_Width_Right,Shldr_Use_Right_ID,Median_Type_ID,Median_Width,Rural_Urban_Type_ID,Func_Sys_ID,Adt_Curnt_Amt,Adt_Curnt_Year,Adt_Adj_Curnt_Amt,Pct_Single_Trk_Adt,Pct_Combo_Trk_Adt,Trk_Aadt_Pct,Curve_Type_ID,Curve_Lngth,Cd_Degr,Delta_Left_Right_ID,Dd_Degr,Feature_Crossed,Structure_Number,I_R_Min_Vert_Clear,Approach_Width,Bridge_Median_ID,Bridge_Loading_Type_ID,Bridge_Loading_In_1000_Lbs,Bridge_Srvc_Type_On_ID,Bridge_Srvc_Type_Under_ID,Culvert_Type_ID,Roadway_Width,Deck_Width,Bridge_Dir_Of_Traffic_ID,Bridge_Rte_Struct_Func_ID,Bridge_IR_Struct_Func_ID,CrossingNumber,RRCo,Poscrossing_ID,WDCode_ID,Standstop,Yield,Incap_Injry_Cnt,Nonincap_Injry_Cnt,Poss_Injry_Cnt,Non_Injry_Cnt,Unkn_Injry_Cnt,Tot_Injry_Cnt,Death_Cnt,MPO_ID,Investigat_Service_ID,Investigat_DA_ID,Investigator_Narrative
13400100,N,N,N,N,N,N,N,7/22/2013,2:23 PM,13-022750,,240,254,N,N,,,3,359,,1,3800,,STATE HIGHWAY 359,,N,N,45,N,N,,N,19,,,1,3800,,DOREL,,,,,,,,11,1,2,3,3,1,17,2:25 PM,MCT DISPATCHED,2:27 PM,7/22/2013,Y,TX2400100,1644,,,17,8,2,2,21,64,8,1,2,3,21,21,240,254,27.49889533,-99.45776737,SH,359,,0.759,SH0359,,86,1,3.009,434,-0.862,,,,DOREL DR,,,,,Y,Y,N,1,8,Y,MON,2,0,8,8,0,2,4,120,81,62,4,2,2,2,8,5,2,8,5,0,0,4,14,16637,2014,16637,3.3,6.2,9.4,,,,,,,,,,,,,,,,,,,,,,,,,,,1,0,0,1,0,1,0,205,,,
13400241,N,N,N,N,N,N,N,7/29/2013,10:37 PM,13-023630,,240,254,N,Y,,,19,,,1,5700,,SAN DARIO,AVE,N,N,40,N,N,,N,19,,,1,700,,ESPERANZA,DR,,,,,,,11,4,98,2,1,1,9,10:40 PM,MCT DISPATCHED,10:45 PM,7/29/2013,Y,TX2400100,1644,,,29,8,2,4,20,64,42,1,1,1,21,21,240,254,27.55493037,-99.50383812,IH,35,,3.453,IH0035,,18,6,4.305,4,-0.265,,,,,,,,,Y,Y,N,5,8,Y,MON,5,0,9,10,20,2,6,300,112,72,4,0,0,2,18,5,2,20,5,2,2,4,11,69871,2014,69871,3.4,2.4,5.9,1,113,0,2,1,,,,,,,,,,,,,,,,,,,,,,0,0,0,2,1,0,0,205,,,
13400465,N,N,N,N,N,N,N,7/19/2013,8:15 PM,13-006050,,43,285,N,N,,,17,,,7,1714,W,UNIVERSITY,DR,Y,N,0,N,N,,N,2,75,,2,1900,N,CENTRAL,EXPY,,,,,,,12,5,0,,1,1,1,8:26 PM,DISPATCH,8:31 PM,7/20/2013,Y,TX0430500,1759,,,,8,2,4,31,64,3,7,9,5,33,21,43,285,,,,,,,W UNIVERSITY DR,,,,,,,,,,,,,,,N,N,N,5,8,N,FRI,,,,,,,,,,,,,,,,,,,,,,,,,,,,,,,,,,,,,,,,,,,,,,,,,,,,,,,,0,0,0,1,1,0,0,,,,
13400467,N,N,N,N,N,N,N,7/26/2013,7:44 PM,13-006266,,43,285,N,Y,,,17,,,7,2000,,SKYLINE,DR,Y,N,15,N,N,,N,19,,,1,2900,W,UNIVERSITY,DR,,,,,,,11,1,98,,1,1,1,7:48 PM,DISPATCH,7:52 PM,7/26/2013,Y,TX0430500,1759,,,368,8,2,4,40,64,12,7,9,5,33,21,43,285,,,,,,,SKYLINE DR,,,,,,,,,,,,,,,N,N,N,5,8,N,FRI,,,,,,,,,,,,,,,,,,,,,,,,,,,,,,,,,,,,,,,,,,,,,,,,,,,,,,,,0,0,0,4,0,0,0,,,,
13400721,N,N,N,N,N,N,N,7/31/2013,1:37 PM,130042640,,220,19,N,N,,,19,,,1,1601,,REGENCY,CT,N,N,30,N,N,,Y,19,,,1,1500,E,ARKANSAS,LN,,,,,,,11,1,2,,1,1,20,1:39 PM,ON VIEW,1:39 PM,7/31/2013,Y,TX2200100,59,,8,89,8,5,1,2,64,3,1,5,1,21,21,220,19,32.70627428,-97.0878325,,,,,REGENCY CT,1698,,,,,,,,,E ARKANSAS LN,,,,,Y,N,N,3,9,Y,WED,,,,,,,,,,,,,,,,,,,,,,,,,,,,,,,,,,,,,,,,,,,,,,,,,,,,,,,,0,0,1,1,0,1,0,282,,,
13400784,N,N,N,N,N,N,N,7/29/2013,6:33 PM,130042289,,220,19,N,Y,,,1,30,,1,2700,E,NOT REPORTED,FWY,N,N,60,N,N,,N,3,360,,,1000,N,WATSON,RD,,,,,,,11,1,0,2,1,1,20,6:34 PM,DISPATCH,6:40 PM,7/29/2013,Y,TX2200100,59,,8,150,8,2,4,21,64,42,1,1,1,21,21,220,19,32.759642,-97.0624181,IH,30,,30.223,IH0030,,1068,2,29.354,30,0.239,,,,,,,,,Y,Y,N,5,9,Y,MON,5,0,11,10,40,3,6,240,112,72,6,0,0,2,20,5,2,20,5,2,20,4,11,125485,2014,125485,1.6,7.8,9.4,,,,,,,,,,,,,,,,,,,,,,,,,,,0,0,0,2,0,0,0,282,,,
13401692,N,N,N,N,N,N,N,7/30/2013,8:00 AM,13-00429,,227,451,N,Y,,,4,2244,,1,4000,,BEE CAVE,RD,N,N,40,N,N,,N,19,,,,100,,CAMP CRAFT,RD,,,,,,,11,1,0,3,1,1,5,8:07 AM,DISPATCHED,8:10 AM,7/30/2013,Y,TX2270400,2398,,,87,8,2,2,21,64,47,1,3,1,21,21,227,451,30.28267334,-97.81020006,RM,2244,,9.009,RM2244,3999,2102,1,9.251,544,-0.763,,,,CAMP CRAFT RD,,,,,Y,Y,Y,5,3,Y,TUE,2,0,0,0,0,2,4,100,48,48,4,0,0,1,0,0,1,0,0,0,0,4,14,24176,2014,24176,1.3,1.7,3,1,50,3,1,8,,,,,,,,,,,,,,,,,,,,,,0,0,0,2,0,0,0,90,,,
13401860,N,N,N,N,N,N,N,7/28/2013,3:24 AM,132090387,FTSRA,227,22,N,Y,,,19,,,2,1000,E,ANDERSON SVRD WB,LN,N,N,0,N,N,,N,19,,,,,,CLOCK TOWER,DR,,,,,,,11,4,0,,8,1,1,3:24 AM,DISPATCHED,3:24 AM,7/28/2013,Y,TX2270100,74,63,123,143,8,2,2,23,64,54,2,5,1,21,21,227,22,30.34886513,-97.71559647,,,,,W ANDERSON LN,1000,,,,,,,,,UNKNOWN,,,,,Y,N,N,3,9,Y,SUN,,,,,,,,,,,,,,,,,,,,,,,,,,,,,,,,,,,,,,,,,,,,,,,,,,,,,,,,0,0,1,1,4,1,0,90,,,
13402810,N,Y,N,N,N,N,N,7/12/2013,3:25 PM,1301610,,178,366,N,Y,,,9,77,,1,2000,S,NOT REPORTED,,N,N,55,N,N,,N,9,77,,,2131,,NOT REPORTED,HWY,,,,,,,11,1,0,,1,1,1,3:25 PM,DISPATCH,3:26 PM,7/12/2013,Y,TX1780300,2031,,,,8,2,4,24,64,54,1,2,1,21,21,178,366,,,,,,,BS0077,,,,,,,,,,,,,,,Y,Y,N,5,5,N,FRI,,,,,,,,,,,,,,,,,,,,,,,,,,,,,,,,,,,,,,,,,,,,,,,,,,,,,,,,0,0,0,2,0,0,0,,,,
13402904,N,N,N,N,N,N,N,6/13/2013,10:25 PM,,,13,32,N,Y,,,8,181,,1,1600,N,ST MARYS,ST,N,N,40,N,N,,Y,19,,,1,100,W,BATES,ST,,,,,,,11,4,2,3,1,1,1,10:25 PM,DISPATCH,10:51 PM,6/13/2013,Y,TX0130100,107,,,33,8,2,1,34,64,54,1,2,1,21,21,13,32,28.41664562,-97.75553387,BU,181,J,4.764,BU0181J,1705,100,13,9.762,570,0.768,,,,W BATES ST,,,,,Y,Y,N,3,5,Y,THU,2,0,0,0,0,2,4,70,66,62,4,2,2,1,0,0,1,0,0,0,0,2,14,6565,2014,6565,13.1,23.4,36.6,,,,,,,,,,,,,,,,,,,,,,,,,,,0,0,1,1,0,1,0,,,,
13402978,N,Y,N,N,N,N,N,7/24/2013,11:46 AM,13-134705,,43,336,N,Y,,,19,,,1,700,E,15,ST,N,N,30,N,N,,Y,19,,,1,1400,,G,AVE,,,,,,,12,1,4,,1,1,5,11:46 AM,DISPATCHED,11:54 AM,7/24/2013,Y,TX0430600,1938,,53,45,8,2,1,10,64,3,1,5,1,21,21,43,336,33.01970421,-96.70504258,,,,,E 15TH ST,798,,,,,,,,,G AVE,,,,,Y,N,N,3,9,Y,WED,,,,,,,,,,,,,,,,,,,,,,,,,,,,,,,,,,,,,,,,,,,,,,,,,,,,,,,,0,0,1,2,0,1,0,282,,,
13403273,N,N,N,N,N,N,N,8/1/2013,4:52 PM,13001337,,14,424,N,Y,31.11794,-97.41776,4,2305,,1,7100,W,ADAMS,AVE,N,N,0,N,N,,N,19,,,1,0,,MEADOWBROOK,DR,,,,,,,11,1,4,3,1,1,1,4:52 PM,DISPATCH,4:57 PM,8/1/2013,Y,TX0140700,2221,,97,127,8,2,2,22,64,42,1,3,1,21,21,14,424,31.11839515,-97.41910959,FM,2305,,4.768,FM2305,7384,232,5,1.516,552,0.975,,,,MEADOWBROOK DR,,,,,Y,Y,N,5,7,Y,THU,2,0,2,2,0,2,4,150,68,64,4,1,1,2,2,5,2,2,5,0,0,3,14,21570,2014,21570,1.7,0.6,2.4,,,,,,,,,,,,,,,,,,,,,,,,,,,0,0,0,6,0,0,0,277,,,
13403564,N,N,N,N,N,N,N,7/31/2013,6:10 PM,2013-1547,,108,1160,N,N,,,4,1924,,1,215,E,3 MILE LINE,RD,Y,N,45,N,N,WAL-MART PARKING LOT,N,3,107,,,4300,N,CONWAY,AVE,,,,,BLACK TOP,,11,1,4,,1,1,1,6:10 PM,DISPATCHED,6:11 PM,7/31/2013,Y,TX1083500,1898,,,,8,2,4,45,64,12,7,9,5,33,21,108,1160,,,FM,1924,,,FM1924,,,,,,,,,,,,,,,N,Y,Y,5,3,N,WED,,,,,,,,,,,,,,,,,,,,,,,,,,,,,,,,,,,,,,,,,,,,,,,,,,,,,,,,0,0,0,2,0,0,0,,,,
13404433,N,Y,N,N,N,N,N,7/29/2013,12:43 PM,13-210130,,71,136,N,N,31.77061,-106.37728,19,,,1,7100,,GATEWAY EAST,BLVD,N,N,45,N,N,,Y,19,,,1,1200,,HAWKINS,BLVD,,,,,,,11,1,98,2,1,1,11,12:43 PM,DISPATCHED,1:01 PM,7/29/2013,Y,TX0710200,1259,,,202,8,2,1,24,64,7,1,1,1,21,21,71,136,31.77149658,-106.3772861,IH,10,,26.605,IH0010,,2121,3,27.378,27,-0.358,,,,HAWKINS BLVD,,,,,N,Y,N,5,9,Y,MON,5,0,10,10,42,8,8,300,136,96,5,0,1,2,20,5,2,20,5,2,22,4,11,112304,2014,112304,2.3,5.2,7.5,,,,,,,,,,,,,,,,,,,,,,,,,,,0,0,0,2,0,0,0,66,,,
13406545,N,N,N,N,N,N,N,7/25/2013,6:00 PM,13A010791,,170,1735,Y,Y,,,1,45,,1,25700,,NOT REPORTED,,N,N,65,N,N,,N,19,,,,100,,SAGEWOOD,DR,,,,,,,11,1,98,2,1,1,1,5:50 PM,DISPATCHED,6:00 PM,8/3/2013,N,TX1700000,1798,,,35,8,2,4,22,64,42,1,1,1,21,21,170,1735,30.14113739,-95.44608089,IH,45,,74.998,IH0045,,110,4,2.229,75,0.025,,,,,,,,,Y,Y,Y,1,0,Y,THU,5,0,10,10,42,3,10,321,160,120,5,0,0,2,20,5,2,20,5,2,22,4,11,224537,2014,224537,5.5,4.6,10.1,,,,,,,,,,,,,,,,,,,,,,,,,,,1,0,1,5,0,2,0,15,,,
13406739,N,N,N,N,N,N,N,7/8/2013,9:45 PM,13-0708-0036,13A156,246,372,N,Y,,,19,,,1,425,,UNIVERSITY,BLVD,N,N,45,N,N,,N,19,,,,,,CYPRESS,BLVD,,,,,,,11,4,0,,1,1,1,9:47 PM,DISPATCHED,10:05 PM,7/8/2013,Y,2460500,2047,,,214,8,2,3,34,64,13,1,5,1,32,21,246,372,30.56094742,-97.68276293,,,,,UNIVERSITY BLVD,405,,,,,,,,,,,,,,Y,N,N,5,8,Y,MON,,,,,,,,,,,,,,,,,,,,,,,,,,,,,,,,,,,,,,,,,,,,,,,,,,,,,,,,0,0,0,2,0,0,0,90,,,
13407243,N,N,N,N,N,N,N,7/28/2013,2:26 AM,P132090075,,79,1644,Y,Y,,,2,59,,1,21513,,NOT REPORTED,,N,N,65,N,N,,N,3,99,,,17599,,NOT REPORTED,,,,,,,,11,4,0,2,1,1,1,2:13 AM,DISPATCH,2:26 AM,8/12/2013,N,TX0790000,1312,,,33,8,7,4,1,20,54,1,1,2,21,21,79,1644,29.55807029,-95.70664466,IH,69,,9.175,IH0069,,27,12,9.365,95,9.175,,,,,,,,,Y,Y,Y,5,0,Y,SUN,5,0,6,10,20,9,4,400,80,48,5,0,0,2,10,5,2,20,5,2,10,4,11,73641,2014,73641,6.4,14.6,21,,,,,,,,,,,,,,,,,,,,,,,,,,,0,0,0,1,0,0,0,15,,,
13407479,N,N,N,N,N,N,N,6/27/2013,10:32 PM,13-00098,,181,49,N,Y,,,3,73,,1,700,,TEXAS,AVE,N,N,45,N,N,,N,19,,,1,100,,FERRY,DR,,,,,,,11,4,0,3,1,1,20,10:32 PM,RADIO,11:36 PM,6/27/2013,Y,TX1810100,159,,,,8,2,3,14,64,14,1,2,1,32,21,181,49,30.02244362,-93.84467229,SH,73,,39.417,SH0073,666,306,2,7.839,780,-0.611,,,,,,,,,Y,Y,N,5,4,Y,THU,2,0,0,0,0,9,6,120,88,88,6,1,1,1,0,0,1,0,0,0,0,3,14,22277,2014,22277,5.2,3.8,9.1,,,,,,,,,,,,,,,,,,,,,,,,,,,0,0,0,3,0,0,0,135,,,
13408981,N,N,N,N,N,Y,N,6/4/2013,1:37 PM,069138613-H,1382160,101,208,N,Y,,,19,,,1,7200,N,CULLEN,BLVD,N,N,35,N,N,CONCRETE,N,19,,,1,4300,E,HOLMES,RD,,,,,CONCRETE,,11,1,0,2,1,1,5,1:37 PM,HISD PD DISPATCHER,2:00 PM,6/4/2013,Y,TXHPD0000,1483,4,20,49,8,2,2,22,64,38,1,3,1,21,21,101,208,29.68401354,-95.35572965,FM,865,,1.464,FM0865,7200,976,1,1.482,474,-0.102,IH,610,,IH0610,,,,,Y,Y,N,5,9,Y,TUE,3,0,0,0,12,9,4,80,48,48,5,1,1,1,0,0,1,0,0,1,12,4,14,13897,2014,13897,3.9,1.4,5.2,,,,,,,,,,,,,,,,,,,,,,,,,,,0,0,0,3,0,0,0,15,,,
13409594,N,N,N,N,N,N,N,8/1/2013,4:40 PM,13-15683,,161,442,N,N,,,19,,,7,824,S,6TH,ST,Y,N,10,N,N,TACO BELL PARKING LOT,N,19,,,,3,S,5TH,ST,,,,,,,11,1,0,,1,1,1,4:44 PM,DISPATCHED,4:51 PM,8/1/2013,Y,TX1551200,2372,,,100,8,4,4,4,64,12,7,9,5,33,21,161,442,,,,,,,S 6TH ST,,,,,,,,,,,,,,,N,N,N,5,8,N,THU,,,,,,,,,,,,,,,,,,,,,,,,,,,,,,,,,,,,,,,,,,,,,,,,,,,,,,,,0,0,0,1,0,0,0,,,,
13409609,N,N,N,N,N,Y,N,6/23/2013,12:06 AM,13-12720,,161,442,N,Y,,,19,,,1,200,N,17TH,ST,N,N,30,N,N,,Y,19,,,1,1700,,COLUMBUS,AVE,,,,,,,11,4,4,3,1,1,5,12:11 AM,DISPATCHED,12:15 AM,7/30/2013,Y,TX1551200,2372,,,100,8,2,1,10,64,54,1,2,1,21,21,161,442,31.54833837,-97.14521052,SL,2,,0.126,SL0002,1748,209,1,0.124,568,0.046,,,,COLUMBUS AVE,,,,,Y,Y,N,2,8,Y,SUN,0,0,0,0,0,9,8,120,84,84,4,2,2,1,0,0,1,0,0,4,0,3,16,15748,2014,15748,3,17.3,20.3,,,,,,,,,,,,,,,,,,,,,,,,,,,0,2,0,0,0,2,0,140,,,
13410032,N,N,N,N,N,N,N,7/4/2013,6:53 PM,1300013495,,15,435,N,Y,,,19,,,1,,N,TRUDY LN,LN,N,N,20,N,N,,Y,19,,,1,,E,LINDBERGH,BLVD,,,,,,,11,1,0,,1,1,8,6:53 PM,DISPATCHED,6:56 PM,7/4/2013,Y,TX0151400,2328,,8,46,8,2,1,10,64,54,1,5,1,21,21,15,435,,,,,,,N TRUDY LN LN,,,,,,,,,,E LINDBERGH BLVD,,,,,Y,N,N,5,5,N,THU,,,,,,,,,,,,,,,,,,,,,,,,,,,,,,,,,,,,,,,,,,,,,,,,,,,,,,,,0,0,0,5,0,0,0,,,,
13411247,N,N,N,N,N,N,N,6/29/2013,9:50 AM,13-0110,,2,13,N,Y,,,19,,,1,100,SW,MUSTANG,DR,N,N,35,N,N,,Y,3,115,,1,1600,W,BROADWAY,,,,,,,,12,1,4,3,1,1,8,9:51 AM,DISPATCHED,9:53 AM,6/29/2013,Y,TX0020100,40,240,87,5,8,2,1,10,64,54,1,2,1,21,21,2,13,32.31343666,-102.5672971,SH,115,,37.388,SH0115,,354,6,1.342,326,-0.036,,,,SW MUSTANG DR,,,,,Y,Y,N,0,5,Y,SAT,2,0,5,5,0,1,4,120,62,48,2,1,1,2,5,5,2,5,5,0,0,2,14,4217,2014,4217,5.6,19.2,24.8,,,,,,,,,,,,,,,,,,,,,,,,,,,0,0,0,0,2,0,0,,,,
13411273,N,N,N,N,N,N,N,7/21/2013,9:44 PM,13-0129,,2,13,N,Y,,,19,,,1,100,W,BROADWAY,,N,N,30,N,N,,N,19,,,,100,N,MAIN,,,,,,100 BLOCK N MAIN,,11,4,4,3,1,1,5,9:44 PM,DISPATCHED,9:46 PM,7/22/2013,Y,TX0020100,40,240,26,41,8,4,2,3,64,3,1,2,2,21,21,2,13,32.31864164,-102.5470221,SH,115,,36.147,SH0115,137,548,5,55.211,325,0.073,US,385,,US0385,,,,,Y,Y,N,5,5,Y,SUN,2,0,0,0,0,1,4,120,62,48,2,1,1,1,0,0,1,0,0,0,0,2,14,8515,2014,8515,21.2,20.2,41.4,,,,,,,,,,,,,,,,,,,,,,,,,,,0,0,0,1,0,0,0,,,,
13412539,N,N,N,N,N,N,N,7/31/2013,5:20 PM,13-006395,,84,428,N,N,,,4,1764,,1,3600,,FM 1764,,N,N,45,N,N,EFL,N,3,146,,1,1300,N,HWY 146,,,,,,HWY 146 N,,11,1,0,2,3,1,11,5:20 PM,RADIO DISPATCH,5:31 PM,7/31/2013,Y,TX0840900,2239,,,,8,2,2,20,64,3,1,3,1,21,21,84,428,29.39534311,-94.95125494,FM,1764,,11.408,FM1764,,1607,1,10.417,708,0.682,SH,146,,SH0146,,,,,Y,Y,N,3,6,Y,WED,5,0,10,12,24,2,4,460,92,48,4,1,0,2,22,5,2,22,5,2,2,3,12,29539,2014,29539,3.9,1.4,5.2,,,,,,,,,,,,,,,,,,,,,,,,,,,0,0,1,1,0,1,0,15,,,
13412945,N,N,N,N,N,N,N,8/1/2013,7:15 PM,13-023953,,240,254,N,Y,,,19,,,1,2100,,MARKET,ST,N,N,30,N,N,,Y,19,,,1,900,N,BARTLETT,,,,,,,,11,1,0,,1,1,1,7:18 PM,SELF INITIATED,7:19 PM,8/1/2013,Y,TX2400100,1644,,,27,8,2,1,10,64,54,1,5,1,21,21,240,254,27.50380539,-99.47418215,,,,,MARKET ST,2201,,,,,,,,,N BARTLETT AVE,,,,,Y,N,N,3,8,Y,THU,,,,,,,,,,,,,,,,,,,,,,,,,,,,,,,,,,,,,,,,,,,,,,,,,,,,,,,,0,0,1,2,0,1,0,205,,,
13413109,N,N,N,N,N,N,N,7/29/2013,4:40 PM,13-00573,,108,382,N,Y,,,3,83,,2,300,E,EXPRESSWAY 83,,Y,N,5,N,N,,N,19,,,1,400,N,IOWA,RD,,,,,,,11,1,0,,1,1,17,4:42 PM,RADIO,5:18 PM,7/29/2013,Y,TX1081300,2083,,,33,8,4,4,4,64,12,7,9,5,33,21,108,382,,,SH,83,,,SH0083,,,,,,,,,,,,,,,N,Y,N,0,6,N,MON,,,,,,,,,,,,,,,,,,,,,,,,,,,,,,,,,,,,,,,,,,,,,,,,,,,,,,,,0,0,0,0,1,0,0,,,,
13413175,N,N,N,N,N,N,N,7/11/2013,7:30 PM,13-00529,,108,382,N,N,,,19,,,1,1500,S,STEWART,RD,N,N,55,N,N,,Y,19,,,1,600,E,RIDGE,RD,,,,,,,11,1,0,1,1,1,8,7:37 PM,RADIO,7:44 PM,7/11/2013,Y,TX1081300,2083,,,33,8,2,1,10,64,54,1,3,1,21,21,108,382,26.17555527,-98.14903038,FM,2557,,1.343,FM2557,1213,1429,1,10.895,726,-0.616,,,,E RIDGE RD,,,,,N,Y,N,5,6,Y,THU,2,0,0,0,0,2,2,60,24,24,4,0,0,1,0,0,1,0,0,0,0,4,17,12039,2014,12039,4.1,28,32,,,,,,,,,,,,,,,,,,,,,,,,,,,0,0,0,7,0,0,0,230,,,
13416570,N,N,N,N,N,N,N,6/21/2013,6:40 PM,130084692,33701,101,1666,Y,Y,,,19,,,1,700,,MAIN,ST,N,N,30,N,N,TWO LANE/TWO WAY,Y,15,,,1,20700,,BORDER,ST,,,,,,,11,1,0,,4,1,8,6:43 PM,DISPATCHED,6:44 PM,6/25/2013,Y,TX1010000,1419,,8,188,8,7,2,1,32,32,1,4,2,21,21,101,1666,30.07895474,-95.42164306,,,,,MAIN ST,,,,,,,,,,UNKNOWN,,,,,Y,N,Y,5,0,Y,FRI,,,,,,,,,,,,,,,,,,,,,,,,,,,,,,,,,,,,,,,,,,,,,,,,,,,,,,,,0,0,0,2,0,0,0,15,,,
13416662,N,N,N,N,N,N,N,7/13/2013,7:00 PM,130095195,4000390,101,208,N,Y,,,12,,,1,6600,W,SAM HOUSTON N,PKWY,N,Y,65,N,N,NORTH NORTHBOUND,N,19,,,,,W,LITTLE YORK,,,,,,,,11,1,0,,2,1,20,6:46 PM,DISPATCHED,6:46 PM,7/13/2013,Y,TX1015000,2745,11,63,83,8,2,4,22,64,42,1,6,1,21,21,101,208,29.86719625,-95.56352303,,,,,W SAM HOUSTON PKWY N,6779,,,,,,,,,,,,,,Y,N,N,5,9,Y,SAT,,,,,,,,,,,,,,,,,,,,,,,,,,,,,,,,,,,,,,,,,,,,,,,,,,,,,,,,0,0,0,2,0,0,0,15,,,
13416781,N,N,N,N,N,N,N,6/22/2013,8:51 AM,130084939,32390,101,1666,Y,Y,,,19,,,1,14000,E,SAM HOUSTON PW,PKWY,N,N,50,N,N,CONCRETE,Y,19,,,1,,W,LAKE HOUSTON PW,PKWY,,,,,,,11,1,0,,8,1,5,8:51 AM,ON SIGHT,8:51 AM,6/22/2013,Y,TX1014800,2743,,8,783,8,2,1,10,64,3,1,5,1,21,21,101,1666,29.92460476,-95.20045313,,,,,E SAM HOUSTON PKWY N,,,,,,,,,,W LAKE HOUSTON PKWY,,,,,Y,N,Y,2,0,Y,SAT,,,,,,,,,,,,,,,,,,,,,,,,,,,,,,,,,,,,,,,,,,,,,,,,,,,,,,,,0,2,0,0,0,2,0,15,,,
13417118,N,N,N,N,N,N,N,7/18/2013,7:50 AM,130097817,3500083,101,1666,Y,Y,,,19,,,1,11800,N,PERRY RD,RD,N,N,30,Y,Y,,Y,19,,,1,9500,W,MARBLEMOUNT,RD,,,,,,,11,1,4,,1,1,8,8:25 AM,DISPATCHED,8:25 AM,7/18/2013,Y,TX1014900,2744,8,209,6,8,2,1,10,64,49,1,4,1,21,21,101,1666,29.98344475,-95.53691304,,,,,PRAIRIE DUNES DR,6699,,,,,,,,,MUIRFIELD VILLAGE DR,,,,,Y,N,Y,3,0,Y,THU,,,,,,,,,,,,,,,,,,,,,,,,,,,,,,,,,,,,,,,,,,,,,,,,,,,,,,,,0,0,1,2,0,1,0,15,,,
13417202,N,N,N,N,N,N,N,6/21/2013,7:43 PM,130084753,1003090,101,1666,Y,Y,,,19,,,1,13000,,ALIEF CLODINE,RD,N,N,40,N,N,,Y,19,,,1,2999,,SYNOTT,RD,,,,,,,11,1,0,,1,1,5,7:46 PM,DISPATCHED,8:02 PM,6/21/2013,Y,TX1010000,1419,79,2,102,8,2,1,21,64,3,1,4,1,21,21,101,208,29.71303482,-95.61471303,,,,,ALIEF CLODINE RD,13199,,,,,,,,,SYNOTT RD,,,,,Y,N,N,5,9,Y,FRI,,,,,,,,,,,,,,,,,,,,,,,,,,,,,,,,,,,,,,,,,,,,,,,,,,,,,,,,0,0,0,3,0,0,0,15,,,