Crash_ID,Crash_Fatal_Fl,Cmv_Involv_Fl,Schl_Bus_Fl,Rr_Relat_Fl,Medical_Advisory_Fl,Amend_Supp_Fl,Active_School_Zone_Fl,Crash_Date,Crash_Time,Case_ID,Local_Use,Rpt_CRIS_Cnty_ID,Rpt_City_ID,Rpt_Outside_City_Limit_Fl,Thousand_Damage_Fl,Rpt_Latitude,Rpt_Longitude,Rpt_Rdwy_Sys_ID,Rpt_Hwy_Num,Rpt_Hwy_Sfx,Rpt_Road_Part_ID,Rpt_Block_Num,Rpt_Street_Pfx,Rpt_Street_Name,Rpt_Street_Sfx,Private_Dr_Fl,Toll_Road_Fl,Crash_Speed_Limit,Road_Constr_Zone_Fl,Road_Constr_Zone_Wrkr_Fl,Rpt_Street_Desc,At_Intrsct_Fl,Rpt_Sec_Rdwy_Sys_ID,Rpt_Sec_Hwy_Num,Rpt_Sec_Hwy_Sfx,Rpt_Sec_Road_Part_ID,Rpt_Sec_Block_Num,Rpt_Sec_Street_Pfx,Rpt_Sec_Street_Name,Rpt_Sec_Street_Sfx,Rpt_Ref_Mark_Offset_Amt,Rpt_Ref_Mark_Dist_Uom,Rpt_Ref_Mark_Dir,Rpt_Ref_Mark_Nbr,Rpt_Sec_Street_Desc,Rpt_CrossingNumber,Wthr_Cond_ID,Light_Cond_ID,Entr_Road_ID,Road_Type_ID,Road_Algn_ID,Surf_Cond_ID,Traffic_Cntl_ID,Investigat_Notify_Time,Investigat_Notify_Meth,Investigat_Arrv_Time,Report_Date,Investigat_Comp_Fl,ORI_Number,Investigat_Agency_ID,Investigat_Area_ID,Investigat_District_ID,Investigat_Region_ID,Bridge_Detail_ID,Harm_Evnt_ID,Intrsct_Relat_ID,FHE_Collsn_ID,Obj_Struck_ID,Othr_Factr_ID,Road_Part_Adj_ID,Road_Cls_ID,Road_Relat_ID,Phys_Featr_1_ID,Phys_Featr_2_ID,Cnty_ID,City_ID,Latitude,Longitude,Hwy_Sys,Hwy_Nbr,Hwy_Sfx,Dfo,Street_Name,Street_Nbr,Control,Section,Milepoint,Ref_Mark_Nbr,Ref_Mark_Displ,Hwy_Sys_2,Hwy_Nbr_2,Hwy_Sfx_2,Street_Name_2,Street_Nbr_2,Control_2,Section_2,Milepoint_2,Txdot_Rptable_Fl,Onsys_Fl,Rural_Fl,Crash_Sev_ID,Pop_Group_ID,Located_Fl,Day_of_Week,Hwy_Dsgn_Lane_ID,Hwy_Dsgn_Hrt_ID,Hp_Shldr_Left,Hp_Shldr_Right,Hp_Median_Width,Base_Type_ID,Nbr_Of_Lane,Row_Width_Usual,Roadbed_Width,Surf_Width,Surf_Type_ID,Curb_Type_Left_ID,Curb_Type_Right_ID,Shldr_Type_Left_ID,Shldr_Width_Left,Shldr_Use_Left_ID,Shldr_Type_Right_ID,Shldr_Width_Right,Shldr_Use_Right_ID,Median_Type_ID,Median_Width,Rural_Urban_Type_ID,Func_Sys_ID,Adt_Curnt_Amt,Adt_Curnt_Year,Adt_Adj_Curnt_Amt,Pct_Single_Trk_Adt,Pct_Combo_Trk_Adt,Trk_Aadt_Pct,Curve_Type_ID,Curve_Lngth,Cd_Degr,Delta_Left_Right_ID,Dd_Degr,Feature_Crossed,Structure_Number,I_R_Min_Vert_Clear,Approach_Width,Bridge_Median_ID,Bridge_Loading_Type_ID,Bridge_Loading_In_1000_Lbs,Bridge_Srvc_Type_On_ID,Bridge_Srvc_Type_Under_ID,Culvert_Type_ID,Roadway_Width,Deck_Width,Bridge_Dir_Of_Traffic_ID,Bridge_Rte_Struct_Func_ID,Bridge_IR_Struct_Func_ID,CrossingNumber,RRCo,Poscrossing_ID,WDCode_ID,Standstop,Yield,Incap_Injry_Cnt,Nonincap_Injry_Cnt,Poss_Injry_Cnt,Non_Injry_Cnt,Unkn_Injry_Cnt,Tot_Injry_Cnt,Death_Cnt,MPO_ID,Investigat_Service_ID,Investigat_DA_ID,Investigator_Narrative
13417207,N,N,N,N,N,N,N,6/16/2013,1:00 PM,130081825,34801,101,1666,Y,Y,,,19,,,1,8100,,FAIRBANKS N HOUSTON,RD,N,N,45,N,N,PUBLIC ROADWAY,N,19,,,,,,BREEN,DR,,,,,PUBLIC ROADWAY,,11,1,98,,1,1,5,1:09 PM,DISPATCHED,3:00 PM,6/16/2013,Y,TX1010000,1419,,53,62,8,2,2,22,64,42,1,4,1,21,21,101,1666,29.8979996,-95.52497304,,,,,FAIRBANKS N HOUSTON RD,,,,,,,,,,BREEN DR,,,,,Y,N,Y,5,0,Y,SUN,,,,,,,,,,,,,,,,,,,,,,,,,,,,,,,,,,,,,,,,,,,,,,,,,,,,,,,,0,0,0,4,0,0,0,15,,,
13417585,N,N,N,N,N,N,N,7/25/2013,5:15 PM,132061325,,227,22,N,Y,,,19,,,1,2000,N,N IH 35 EF,,N,N,45,N,N,,N,19,,,1,,,MANOR RD,,,,,,,,11,1,0,2,1,1,20,5:16 PM,DISPATCH,5:23 PM,7/25/2013,Y,TX2270100,74,,,,8,2,4,21,64,9,1,1,1,21,21,227,22,30.28374644,-97.7267995,IH,35,,235.419,IH0035,,15,13,18.996,236,-0.033,,,,,,,,,Y,Y,N,2,9,Y,THU,5,0,2,10,7,2,8,310,182,96,4,0,0,2,20,5,2,40,5,2,3,4,11,180878,2014,180878,3.3,9.4,12.7,,,,,,,,,,,,,,,,,,,,,,,,,,,0,1,0,1,0,1,0,90,,,
13417829,N,N,N,N,N,N,N,7/20/2013,2:36 PM,130099017,3500742,101,1666,Y,N,,,4,1960,,1,2200,W,NOT REPORTED,,N,N,50,N,N,,N,19,,,,15900,,KUYKENDAHL,RD,,,,,,,2,1,0,2,1,2,11,4:21 PM,DISPATCHED,4:39 PM,7/20/2013,N,TX1014900,2744,250,5,6,8,2,4,21,64,9,1,3,1,21,21,101,1666,30.0074386,-95.46303601,FM,1960,,11.121,FM1960,2263,1685,1,12.376,678,-0.649,,,,,,,,,N,Y,Y,5,0,Y,SAT,3,0,0,0,10,2,8,150,126,122,4,2,2,1,0,0,1,0,0,1,10,4,14,55806,2014,55806,3.5,1,4.6,,,,,,,,,,,,,,,,,,,,,,,,,,,0,0,0,1,1,0,0,15,,,
13417909,N,N,N,N,N,N,N,7/26/2013,3:30 PM,130102060,1006191,101,1666,Y,N,,,15,,,7,17715,,WAYFOREST,DR,Y,N,0,N,N,,N,15,,,,,,RICHCREST,DR,,,,,,,12,1,0,,1,1,1,3:33 PM,DISPATCHED,5:08 PM,7/26/2013,Y,TX1010000,1419,79,2,102,8,7,4,4,36,54,7,9,5,33,21,101,1666,,,,,,,WAYFOREST DR,,,,,,,,,,,,,,,N,N,Y,5,0,N,FRI,,,,,,,,,,,,,,,,,,,,,,,,,,,,,,,,,,,,,,,,,,,,,,,,,,,,,,,,0,0,0,1,0,0,0,,,,
13417974,N,N,N,N,N,N,N,6/29/2013,2:49 PM,130088549,33250,101,1666,Y,Y,,,19,,,1,23100,,ALDINE WESTFIELD,RD,N,N,45,N,N,ASPHALT/DRY,N,19,,,,2900,,CIDERWOOD,DR,,,,,ASPHALT/DRY,,11,1,0,,1,1,1,2:51 PM,DISPATCHED,2:58 PM,6/29/2013,Y,TX1014900,2744,16,150,542,8,2,3,10,64,14,1,4,1,32,21,101,1666,30.04602071,-95.38548959,,,,,ALDINE WESTFIELD RD,,,,,,,,,,,,,,,Y,N,Y,5,0,Y,SAT,,,,,,,,,,,,,,,,,,,,,,,,,,,,,,,,,,,,,,,,,,,,,,,,,,,,,,,,0,0,0,2,0,0,0,15,,,
13418212,N,N,N,N,N,N,N,7/14/2013,6:35 PM,130096113,1001325,101,1666,Y,Y,,,1,10,,1,17600,E,FW,,N,N,65,N,N,TWO WAY DIVIDED PROTECTED,N,19,,,,,,MONMOUTH,,,,,,TWO WAY UNDIVIDED,,12,1,0,2,1,1,20,6:39 PM,DISPATCHED,6:45 PM,7/14/2013,Y,TX1010000,1419,,8,57,8,7,4,1,22,35,1,1,4,21,21,101,1666,29.7934222,-95.07661305,IH,10,,785.522,IH0010,,508,1,45.554,787,-0.157,,,,,,,,,Y,Y,Y,3,0,Y,SUN,5,0,10,10,26,3,6,300,112,72,6,0,0,2,20,5,2,20,5,2,6,4,11,103734,2014,103734,2.9,18.5,21.4,,,,,,,,,,,,,,,,,,,,,,,,,,,0,0,1,0,0,1,0,15,,,
13419294,N,N,N,N,N,N,N,7/23/2013,8:24 PM,130100546,1007820,101,1666,Y,Y,,,2,290,,2,22300,,NORTHWEST,FWY,N,N,50,N,N,,Y,19,,,1,11000,,TELGE,RD,,,,,,,11,4,0,2,1,1,5,8:36 PM,DISPATCHED,8:50 PM,7/24/2013,Y,TX1010000,1419,,18,62,8,2,2,28,64,54,2,2,1,21,21,101,1666,29.93658996,-95.64996723,US,290,,258.947,US0290,,50,6,19.021,724,-0.073,,,,TELGE RD,,,,,Y,Y,Y,5,0,Y,TUE,4,0,10,10,20,9,6,330,106,72,5,0,0,2,18,5,2,15,5,3,2,4,12,84833,2014,84833,5.1,7.4,12.4,,,,,,,,,,,,,,,,,,,,,,,,,,,0,0,0,3,0,0,0,15,,,
13419620,N,N,N,N,N,N,N,7/7/2013,12:45 PM,1307-0131,,20,1585,Y,N,,,19,,,7,3060,,SILVERLAKE VILLAGE,DR,Y,N,15,N,N,,N,19,,,,3045,,SILVER LAKE VILLAGE,,,,,,,,12,1,98,,1,1,1,2:08 PM,DISPATCH,2:11 PM,7/7/2013,N,TX0200000,148,,,38,8,4,4,1,64,3,7,9,5,33,21,20,1585,,,,,,,SILVERLAKE VILLAGE DR,,,,,,,,,,,,,,,N,N,Y,0,0,N,SUN,,,,,,,,,,,,,,,,,,,,,,,,,,,,,,,,,,,,,,,,,,,,,,,,,,,,,,,,0,0,0,0,1,0,0,,,,
13419765,N,N,N,N,N,N,N,7/31/2013,5:30 PM,DC-13-07-2511,,64,66,N,Y,,,19,,,1,,,15TH,ST,N,N,30,N,N,,Y,19,,,1,,,WEST THOMPSON,ST,,,,,,,11,1,4,,1,1,9,5:34 PM,ARRIVED TO ACTIVE AC,5:38 PM,8/5/2013,Y,TX0640000,1206,,,,8,2,1,10,64,3,1,5,1,21,21,64,66,28.53490519,-99.85975202,,,,,N 15TH ST,1601,,,,,,,,,W THOMPSON AVE,,,,,Y,N,N,5,4,Y,WED,,,,,,,,,,,,,,,,,,,,,,,,,,,,,,,,,,,,,,,,,,,,,,,,,,,,,,,,0,0,0,2,0,0,0,,,,
13420340,N,N,N,N,N,N,N,7/19/2013,2:00 PM,130098443,35121,101,1666,Y,Y,,,19,,,1,513,S,MASON,RD,N,N,35,N,N,SIX LANE ROADWAY W/RAISED MEDIAN,Y,19,,,1,21900,,MERRYMOUNT,DR,,,,,TWO LANE UNDIVIDED ROADWAY,,11,1,2,,1,1,5,2:08 PM,DISPATCHED,2:13 PM,7/19/2013,Y,TX1010000,1419,,8,450,8,1,1,3,64,14,1,4,1,32,21,101,1666,29.77716481,-95.75185299,,,,,S MASON RD,,,,,,,,,,MERRYMOUNT DR,,,,,Y,N,Y,1,0,Y,FRI,,,,,,,,,,,,,,,,,,,,,,,,,,,,,,,,,,,,,,,,,,,,,,,,,,,,,,,,1,0,0,1,0,1,0,15,,,
13420654,N,N,N,N,N,N,N,7/9/2013,9:10 AM,130093361,34207,101,1666,Y,Y,,,2,59,,2,12300,,EASTEX,FWY,N,N,50,N,N,,N,15,,,,,,ALDINE MAIL,RD,,,,,,,11,1,0,2,1,1,5,9:13 AM,DISPATCHED,9:20 AM,7/9/2013,Y,TX1010000,1419,52,150,487,8,2,2,22,64,38,2,1,1,21,21,101,1666,29.90272226,-95.31160936,IH,69,,35.522,IH0069,,177,7,2.684,135,6.827,FS,525,,FS0525,,,,,Y,Y,Y,3,0,Y,TUE,5,1,12,12,48,3,8,310,144,96,5,0,0,2,24,5,2,24,5,2,24,4,11,160273,2014,160273,2.3,5.9,8.2,1,287,1,1,15,,,,,,,,,,,,,,,,,,,,,,0,0,2,1,0,2,0,15,,,
13420656,N,N,N,N,N,N,N,6/26/2013,9:55 AM,130086814,38221,101,1666,Y,Y,,,19,,,1,1502,,KATY FORT BEND,RD,N,N,35,Y,Y,,Y,19,,,1,24000,,COLONIAL PARKWAY,,,,,,,,11,1,2,,1,1,8,10:20 AM,DISPATCHED,10:31 AM,6/26/2013,Y,TX1010000,1419,,8,224,8,2,1,13,64,49,1,4,1,21,21,101,228,29.79446,-95.80191298,,,,,KATY FORT BEND RD,,,,,,,,,,UNKNOWN,,,,,Y,N,N,5,5,Y,WED,,,,,,,,,,,,,,,,,,,,,,,,,,,,,,,,,,,,,,,,,,,,,,,,,,,,,,,,0,0,0,2,0,0,0,15,,,
13420728,N,N,N,N,N,N,N,7/15/2013,6:04 PM,130096620,1003500,101,1666,Y,Y,,,19,,,1,4700,,LAUDER,RD,N,N,35,N,N,,Y,19,,,1,13200,,VICKERYS,ST,,,,,,,11,1,2,,1,1,8,6:32 PM,DISPATCHED,6:36 PM,7/15/2013,Y,TX1010000,1419,347,33,5,8,2,1,10,64,54,1,4,1,21,21,101,1666,29.91073476,-95.32361309,,,,,LAUDER RD,4700,,,,,,,,,UNKNOWN,,,,,Y,N,Y,5,0,Y,MON,,,,,,,,,,,,,,,,,,,,,,,,,,,,,,,,,,,,,,,,,,,,,,,,,,,,,,,,0,0,0,4,0,0,0,15,,,
13420751,N,N,N,N,N,N,N,7/28/2013,8:15 AM,,,150,1715,Y,Y,30.74682,-98.46093,19,,,1,300,,HIGHLAND,DR,N,N,30,N,N,,Y,19,,,1,,,LILLIAN DEAN,ST,,,,,,,11,1,0,,1,1,8,8:17 AM,DISPATCHED,8:32 AM,8/17/2013,Y,,10000,1,22,1,8,2,1,13,64,54,1,5,1,21,21,150,1715,30.66054473,-98.44341227,,,,,HIGHLAND LOOP,300,,,,,,,,,UNKNOWN,,,,,Y,N,Y,5,0,Y,SUN,,,,,,,,,,,,,,,,,,,,,,,,,,,,,,,,,,,,,,,,,,,,,,,,,,,,,,,,0,0,0,2,0,0,0,,,,
13422344,N,N,N,N,N,N,N,7/30/2013,6:15 PM,13-75407,,220,156,N,Y,,,3,183,,1,100,W,AIRPORT,FWY,N,N,60,N,N,,N,3,360,,,4700,,NOT REPORTED,,,,,,,,11,1,0,2,1,1,1,6:20 PM,DISPATCH,6:42 PM,7/30/2013,N,TX2201200,1318,4,9,23,8,2,4,22,64,42,1,2,1,21,21,220,156,32.83879912,-97.05701132,SH,183,,31.515,SH0183,,94,2,11.636,584,0.161,,,,,,,,,Y,Y,N,5,9,Y,TUE,5,0,10,12,24,3,6,350,116,72,5,0,0,2,22,5,2,22,5,2,2,4,12,147075,2014,147075,3,3.2,6.2,1,413,1,2,32,,,,,,,,,,,,,,,,,,,,,,0,0,0,3,1,0,0,282,,,
13423101,N,N,N,N,N,N,N,6/6/2013,6:30 PM,130076786,1008310,101,1666,Y,N,,,19,,,1,825,,ALDINE BENDER,RD,N,N,0,N,N,6 LN/UNPRO MEDIUM,N,19,,,,16000,,YARBERRY,RD,,,,,,,2,1,0,,1,2,11,6:15 PM,DISPATCHED,6:23 PM,6/6/2013,Y,TX1010000,1419,79,2,102,8,2,4,34,64,3,1,4,1,21,21,101,1666,29.93318056,-95.3770482,,,,,ALDINE BENDER RD,839,,,,,,,,,,,,,,N,N,Y,5,0,Y,THU,,,,,,,,,,,,,,,,,,,,,,,,,,,,,,,,,,,,,,,,,,,,,,,,,,,,,,,,0,0,0,2,0,0,0,15,,,
13423259,N,N,N,N,N,N,N,7/28/2013,1:57 PM,130102953,1007821,101,1666,Y,Y,,,19,,,7,7979,N,ELDRIDGE,PKWY,Y,N,0,N,N,,N,19,,,,,,WEST,RD,,,,,,,11,1,0,,1,1,1,2:52 PM,DISPATCHED,3:06 PM,7/28/2013,N,TX1010000,1419,,41,62,8,4,4,5,64,3,7,9,5,33,21,101,1666,,,,,,,N ELDRIDGE PKWY,,,,,,,,,,,,,,,N,N,Y,0,0,N,SUN,,,,,,,,,,,,,,,,,,,,,,,,,,,,,,,,,,,,,,,,,,,,,,,,,,,,,,,,0,0,0,0,1,0,0,,,,
13423293,N,N,N,N,N,N,N,7/18/2013,7:54 AM,130097810,1004780,101,1666,Y,Y,,,4,529,,1,,,SPENCER,RD,N,N,45,N,N,,N,3,6,,,,N,NOT REPORTED,,,,,,,,11,1,3,2,1,1,5,7:46 AM,DISPATCHED,7:54 AM,7/18/2013,Y,TX1010000,1419,724,4,5,8,2,2,22,64,38,1,3,1,21,21,101,1666,29.87917549,-95.6455274,FM,529,,40.48,FM0529,15707,1006,1,12.803,668,0.827,SH,6,,SH0006,,,,,Y,Y,Y,5,0,Y,THU,3,0,0,0,20,2,4,120,48,46,4,0,0,1,0,0,1,0,0,1,20,4,14,31907,2014,31907,2.8,8,10.7,,,,,,,,,,,,,,,,,,,,,,,,,,,0,0,0,2,0,0,0,15,,,
13423366,N,N,N,N,N,N,N,7/26/2013,11:50 AM,130101915,1008182,101,1666,Y,N,,,2,290,,2,25925,,NORTHWEST,FWY,N,N,45,Y,N,,Y,19,,,1,,,SPRING CYPRESS,RD,,,,,,,11,1,0,2,1,1,5,11:54 AM,DISPATCHED,11:58 AM,7/26/2013,Y,TX1010000,1419,79,2,102,8,2,1,10,64,49,2,2,1,21,21,101,1666,29.97179116,-95.69469786,US,290,,255.305,US0290,,50,6,15.476,,,,,,SPRING CYPRESS RD,,,,,Y,Y,Y,2,0,Y,FRI,5,0,10,12,24,3,6,330,116,72,5,0,0,2,22,5,2,22,5,3,2,4,12,70851,2014,70851,5.1,7.4,12.4,,,,,,,,,,,,,,,,,,,,,,,,,,,0,1,0,1,0,1,0,15,,,
13423374,N,N,N,N,N,N,N,7/16/2013,1:20 PM,130096963,1003882,101,1666,Y,Y,,,15,,,1,4700,,LOUETTA,RD,N,N,45,N,N,,Y,15,,,1,18500,,BENT ELM,DR,,,,,,,11,1,2,,1,1,20,1:26 PM,DISPATCHED,1:46 PM,7/16/2013,Y,TX1010000,1419,205,33,5,8,2,1,34,64,54,1,4,1,21,21,101,1666,30.04206475,-95.48556305,,,,,LOUETTA RD,4699,,,,,,,,,BENT ELM DR,,,,,Y,N,Y,5,0,Y,TUE,,,,,,,,,,,,,,,,,,,,,,,,,,,,,,,,,,,,,,,,,,,,,,,,,,,,,,,,0,0,0,4,0,0,0,15,,,
13423689,N,N,N,N,N,N,N,7/25/2013,4:11 PM,130101543,3501590,101,1666,Y,N,,,19,,,1,19900,,RISING STAR,DR,N,N,30,N,N,,Y,19,,,1,8000,,SUMMER PLACE,LN,,,,,,,11,1,0,,1,1,8,4:11 PM,DISPATCHED,4:22 PM,7/25/2013,Y,TX1014900,2744,1,209,6,8,2,2,46,64,16,1,4,1,21,21,101,1666,30.01147475,-95.30426309,,,,,RISING STAR DR,19998,,,,,,,,,SUMMER PLACE DR,,,,,N,N,Y,5,0,Y,THU,,,,,,,,,,,,,,,,,,,,,,,,,,,,,,,,,,,,,,,,,,,,,,,,,,,,,,,,0,0,0,2,0,0,0,15,,,
13423739,N,N,N,N,N,N,N,7/25/2013,4:49 PM,130101559,5000103,101,208,N,Y,,,12,8,,1,7600,S,SAM HOUSTON PW,RD,N,Y,65,Y,N,,N,19,,,,,,HILLCROFT,RD,,,,,,,11,1,0,,2,1,20,4:48 PM,DISPATCHED,5:17 PM,7/27/2013,Y,TX1015200,1418,79,2,102,8,2,4,22,64,49,1,6,1,21,21,101,208,29.61438208,-95.4945772,,,,,S SAM HOUSTON PKWY W,,,,,,,,,,,,,,,Y,N,N,2,9,Y,THU,,,,,,,,,,,,,,,,,,,,,,,,,,,,,,,,,,,,,,,,,,,,,,,,,,,,,,,,0,2,2,9,0,4,0,15,,,
13424088,N,N,N,N,N,N,N,7/15/2013,2:00 AM,130096266,1004500,101,1666,Y,Y,,,19,,,7,4901,,MOHAWK,,N,N,30,N,N,TWO LANE TWO WAY ROADWAY,N,19,,,,,,PERCY,RD,,,,,,,11,3,2,,1,1,8,2:16 AM,DISPATCHED,3:38 AM,7/15/2013,N,TX1010000,1419,79,2,102,8,7,2,1,33,54,1,4,2,21,21,101,1666,29.87772497,-95.31744148,,,,,MOHAWK ST,4902,,,,,,,,,PERCY RD,,,,,Y,N,Y,0,0,Y,MON,,,,,,,,,,,,,,,,,,,,,,,,,,,,,,,,,,,,,,,,,,,,,,,,,,,,,,,,0,0,0,0,1,0,0,15,,,
13424616,N,Y,N,N,N,N,N,7/31/2013,1:50 PM,130104495,1010450,101,1666,Y,Y,,,19,,,1,9000,,SYNOTT,,N,N,40,N,N,,N,15,,,,,,BISSONNET,ST,,,,,,,12,1,0,,1,1,11,1:46 PM,DISPATCHED,1:52 PM,7/31/2013,Y,TX1010000,1419,122,4,5,8,2,2,27,64,38,1,4,1,21,21,101,1666,29.6808753,-95.61442694,,,,,SYNOTT RD,,,,,,,,,,BISSONNET ST,,,,,Y,N,Y,5,0,Y,WED,,,,,,,,,,,,,,,,,,,,,,,,,,,,,,,,,,,,,,,,,,,,,,,,,,,,,,,,0,0,0,3,0,0,0,15,,,
13424662,N,Y,N,N,N,N,N,7/24/2013,8:10 AM,130100740,1007851,101,1666,Y,Y,,,19,,,1,16023,,PENINSULA,BLVD,N,N,30,N,N,,N,15,,,,,,SHELDON,RD,,,,,,,11,1,0,,4,1,20,8:15 AM,DISPATCHED,8:28 AM,7/24/2013,Y,TX1010000,1419,205,33,5,8,2,3,20,64,47,1,4,1,32,21,101,1666,29.74746979,-95.11632065,,,,,PENINSULA ST,16023,,,,,,,,,,,,,,Y,N,Y,5,0,Y,WED,,,,,,,,,,,,,,,,,,,,,,,,,,,,,,,,,,,,,,,,,,,,,,,,,,,,,,,,0,0,0,2,0,0,0,15,,,
13425580,N,N,N,N,N,Y,N,7/22/2013,2:28 PM,13-203156,,71,136,N,Y,31.88346,-106.59613,19,,,1,6300,,DONIPHAN,DR,N,N,40,N,N,ROADWAY,N,19,,,1,,,BOERDERLAND,,,,,,ROADWAY,,12,1,0,3,1,1,1,2:28 PM,DISPATCH,12:00 AM,8/22/2013,Y,TX0710200,1259,,,,8,2,4,21,64,9,1,2,1,21,21,71,136,31.88671991,-106.5970519,SH,20,,7.861,SH0020,6423,1,1,7.823,316,-0.181,,,,,,,,,Y,Y,N,5,9,Y,MON,2,0,9,8,0,2,4,100,65,48,4,0,0,2,9,5,2,8,5,0,0,4,14,15367,2014,15367,5.2,3.8,9.1,,,,,,,,,,,,,,,,,,,,,,,,,,,0,0,0,4,0,0,0,66,,,
13426198,N,N,N,N,N,N,N,7/25/2013,6:30 AM,130101260,1007331,101,208,N,Y,,,12,,,2,100,N,SAM HOUSTON,PKWY,N,N,45,N,N,,Y,1,45,,2,11900,,NORTH,FWY,,,,,,,11,2,4,2,3,1,20,6:37 AM,ON SIGHT,6:37 AM,7/25/2013,Y,TX1010000,1419,80,4,5,8,2,1,24,64,3,2,1,1,21,21,101,208,29.9406499,-95.41399142,IH,45,,60.95,IH0045,,110,6,36.97,61,-0.096,SL,8,,SL0008,,,,,Y,Y,N,5,9,Y,THU,5,1,0,10,28,8,8,300,192,120,5,0,0,1,0,0,2,20,5,2,28,4,11,215390,2014,215390,5.5,4.6,10.1,,,,,,,,,,,,,,,,,,,,,,,,,,,0,0,0,2,0,0,0,15,,,
13429299,N,N,N,N,N,N,N,7/21/2013,2:23 AM,2013009343,,125,6,N,N,,,4,1352,,1,400,,CECILIA,RD,N,N,35,N,N,,N,19,,,1,2100,,ADAME,ST,,,,,,,11,4,2,,1,1,1,2:24 AM,RADIO,2:29 AM,7/21/2013,N,TX1250100,20,,,,8,1,2,1,64,54,1,3,1,21,21,125,6,,,FM,1352,,,FM1352,,,,,,,,,,ADAME ST,,,,,Y,Y,N,3,5,N,SUN,,,,,,,,,,,,,,,,,,,,,,,,,,,,,,,,,,,,,,,,,,,,,,,,,,,,,,,,0,0,1,0,1,1,0,,,,
13429860,N,N,N,N,N,Y,N,7/27/2013,5:30 PM,2013060A,,197,1046,N,Y,,,19,,,1,600,,LENORA,ST,N,N,25,N,N,NO DEFECTS,Y,19,,,1,300,,HATTIE,ST,,,,,NO DEFECTS,,11,1,0,,2,1,8,5:36 PM,RADIO,5:52 PM,7/27/2013,Y,197000000,2027,,,,8,2,2,14,64,23,1,5,1,21,21,197,1046,35.69334391,-100.6324514,,,,,LENORA ST,499,,,,,,,,,HATTIE ST,,,,,Y,N,Y,5,1,Y,SAT,,,,,,,,,,,,,,,,,,,,,,,,,,,,,,,,,,,,,,,,,,,,,,,,,,,,,,,,0,0,0,4,0,0,0,,,,
13429872,N,N,N,N,N,N,N,6/16/2013,5:24 PM,2013004087,,7,337,N,Y,,,19,,,1,300,S,MAIN,ST,N,N,35,N,N,,Y,19,,,1,200,W,OAKLAWN,RD,,,,,,,11,1,4,3,2,1,5,5:24 PM,DISPATCHED,5:26 PM,6/16/2013,Y,TX0070200,1941,,,,8,2,1,34,64,3,1,2,1,21,21,7,337,28.9571228,-98.48413848,US,281,,370.726,US0281,299,73,4,9.982,576,0.911,SH,97,,SH0097,,,,,Y,Y,N,2,4,Y,SUN,2,0,10,10,0,2,4,80,68,48,4,1,1,2,10,5,2,10,5,0,0,2,14,8521,2014,8521,5.2,7,12.3,,,,,,,,,,,,,,,,,,,,,,,,,,,0,1,0,2,0,1,0,,,,
13431416,N,N,N,N,N,N,N,6/19/2013,4:14 PM,1306191614,,31,380,N,N,,,8,77,,1,650,E,NOT REPORTED,,N,N,45,N,N,,N,8,77,,,650,E,NOT REPORTED,,,,,,,,11,1,0,,1,1,1,4:14 PM,NOTIFIED BY DISPATCH,4:17 PM,6/19/2013,Y,TX0310900,2075,,,33,8,7,2,1,33,54,1,2,2,21,21,31,380,,,,,,,BU0077,,,,,,,,,,BU0077,,,,,N,Y,N,5,5,N,WED,,,,,,,,,,,,,,,,,,,,,,,,,,,,,,,,,,,,,,,,,,,,,,,,,,,,,,,,0,0,0,1,0,0,0,,,,
13435678,N,N,N,N,N,Y,N,6/9/2013,11:58 AM,13-25141,,108,331,N,N,,,4,2061,,1,800,S,JACKSON,RD,N,N,35,N,N,,N,19,,,1,1600,W,SAM HOUSTON,BLVD,,,,,,,11,1,0,,1,1,5,11:58 AM,DISPATCHED,12:10 PM,8/19/2013,Y,1081100,1926,,,25,8,2,2,22,64,38,1,3,1,21,21,108,331,,,FM,2061,,,FM2061,,,,,,,,,,W SAM HOUSTON BLVD,,,,,N,Y,N,5,7,N,SUN,,,,,,,,,,,,,,,,,,,,,,,,,,,,,,,,,,,,,,,,,,,,,,,,,,,,,,,,0,0,0,4,0,0,0,,,,
13440542,N,N,N,N,N,N,N,8/1/2013,5:06 AM,A-2013070133,,142,1707,Y,Y,,,4,468,,1,,N,F M 468,RD,N,N,70,N,N,FM 468,Y,4,468,,1,,N,FM 468,RD,,,,,FARM MARKET 468,,11,3,98,,1,1,1,5:06 AM,DISPATCHED,5:21 AM,8/1/2013,Y,TX1420000,1615,,,,8,10,4,1,1,3,1,3,2,21,21,142,1707,,,FM,468,,,FM0468,,,,,,,,,,,,,,,Y,Y,Y,5,0,N,THU,,,,,,,,,,,,,,,,,,,,,,,,,,,,,,,,,,,,,,,,,,,,,,,,,,,,,,,,0,0,0,1,0,0,0,,,,