Crash_ID,Crash_Fatal_Fl,Cmv_Involv_Fl,Schl_Bus_Fl,Rr_Relat_Fl,Medical_Advisory_Fl,Amend_Supp_Fl,Active_School_Zone_Fl,Crash_Date,Crash_Time,Case_ID,Local_Use,Rpt_CRIS_Cnty_ID,Rpt_City_ID,Rpt_Outside_City_Limit_Fl,Thousand_Damage_Fl,Rpt_Latitude,Rpt_Longitude,Rpt_Rdwy_Sys_ID,Rpt_Hwy_Num,Rpt_Hwy_Sfx,Rpt_Road_Part_ID,Rpt_Block_Num,Rpt_Street_Pfx,Rpt_Street_Name,Rpt_Street_Sfx,Private_Dr_Fl,Toll_Road_Fl,Crash_Speed_Limit,Road_Constr_Zone_Fl,Road_Constr_Zone_Wrkr_Fl,Rpt_Street_Desc,At_Intrsct_Fl,Rpt_Sec_Rdwy_Sys_ID,Rpt_Sec_Hwy_Num,Rpt_Sec_Hwy_Sfx,Rpt_Sec_Road_Part_ID,Rpt_Sec_Block_Num,Rpt_Sec_Street_Pfx,Rpt_Sec_Street_Name,Rpt_Sec_Street_Sfx,Rpt_Ref_Mark_Offset_Amt,Rpt_Ref_Mark_Dist_Uom,Rpt_Ref_Mark_Dir,Rpt_Ref_Mark_Nbr,Rpt_Sec_Street_Desc,Rpt_CrossingNumber,Wthr_Cond_ID,Light_Cond_ID,Entr_Road_ID,Road_Type_ID,Road_Algn_ID,Surf_Cond_ID,Traffic_Cntl_ID,Investigat_Notify_Time,Investigat_Notify_Meth,Investigat_Arrv_Time,Report_Date,Investigat_Comp_Fl,ORI_Number,Investigat_Agency_ID,Investigat_Area_ID,Investigat_District_ID,Investigat_Region_ID,Bridge_Detail_ID,Harm_Evnt_ID,Intrsct_Relat_ID,FHE_Collsn_ID,Obj_Struck_ID,Othr_Factr_ID,Road_Part_Adj_ID,Road_Cls_ID,Road_Relat_ID,Phys_Featr_1_ID,Phys_Featr_2_ID,Cnty_ID,City_ID,Latitude,Longitude,Hwy_Sys,Hwy_Nbr,Hwy_Sfx,Dfo,Street_Name,Street_Nbr,Control,Section,Milepoint,Ref_Mark_Nbr,Ref_Mark_Displ,Hwy_Sys_2,Hwy_Nbr_2,Hwy_Sfx_2,Street_Name_2,Street_Nbr_2,Control_2,Section_2,Milepoint_2,Txdot_Rptable_Fl,Onsys_Fl,Rural_Fl,Crash_Sev_ID,Pop_Group_ID,Located_Fl,Day_of_Week,Hwy_Dsgn_Lane_ID,Hwy_Dsgn_Hrt_ID,Hp_Shldr_Left,Hp_Shldr_Right,Hp_Median_Width,Base_Type_ID,Nbr_Of_Lane,Row_Width_Usual,Roadbed_Width,Surf_Width,Surf_Type_ID,Curb_Type_Left_ID,Curb_Type_Right_ID,Shldr_Type_Left_ID,Shldr_Width_Left,Shldr_Use_Left_ID,Shldr_Type_Right_ID,Shldr_Width_Right,Shldr_Use_Right_ID,Median_Type_ID,Median_Width,Rural_Urban_Type_ID,Func_Sys_ID,Adt_Curnt_Amt,Adt_Curnt_Year,Adt_Adj_Curnt_Amt,Pct_Single_Trk_Adt,Pct_Combo_Trk_Adt,Trk_Aadt_Pct,Curve_Type_ID,Curve_Lngth,Cd_Degr,Delta_Left_Right_ID,Dd_Degr,Feature_Crossed,Structure_Number,I_R_Min_Vert_Clear,Approach_Width,Bridge_Median_ID,Bridge_Loading_Type_ID,Bridge_Loading_In_1000_Lbs,Bridge_Srvc_Type_On_ID,Bridge_Srvc_Type_Under_ID,Culvert_Type_ID,Roadway_Width,Deck_Width,Bridge_Dir_Of_Traffic_ID,Bridge_Rte_Struct_Func_ID,Bridge_IR_Struct_Func_ID,CrossingNumber,RRCo,Poscrossing_ID,WDCode_ID,Standstop,Yield,Incap_Injry_Cnt,Nonincap_Injry_Cnt,Poss_Injry_Cnt,Non_Injry_Cnt,Unkn_Injry_Cnt,Tot_Injry_Cnt,Death_Cnt,MPO_ID,Investigat_Service_ID,Investigat_DA_ID,Investigator_Narrative
13440847,N,N,N,N,N,N,N,7/18/2013,9:05 AM,13-08222,,223,52,N,Y,,,2,380,,1,400,W,MAIN,ST,N,N,30,N,N,,Y,19,,,1,100,N,5TH,ST,,,,,,,2,1,2,1,1,2,8,9:07 AM,POLICE DISPATCH,9:08 AM,7/18/2013,Y,TX2230100,168,,,33,8,4,2,3,64,3,1,2,1,21,21,223,52,33.1791765,-102.2799712,US,82,,47.15,US0082,498,297,3,18.237,270,0.297,,,,S 5TH ST,,,,,Y,Y,N,5,4,Y,THU,2,0,22,22,0,9,2,100,68,24,4,2,2,2,22,1,2,22,1,0,0,2,14,4600,2014,4600,3.5,14.2,17.7,,,,,,,,,,,,,,,,,,,,,,,,,,,0,0,0,2,0,0,0,,,,
13441336,N,N,N,N,N,N,N,7/6/2013,11:06 AM,C1304991,,178,97,N,Y,,,19,,,1,1300,N,CHAPARRAL,ST,N,N,30,N,N,NB,Y,19,,,1,300,,PALO ALTO,ST,,,,,,,11,1,4,,1,1,20,11:07 AM,DISPATCHED,11:13 AM,7/6/2013,Y,TX1780200,1115,,,25,8,2,1,23,64,54,1,5,1,21,21,178,97,27.80443527,-97.39480265,,,,,N CHAPARRAL ST,1398,,,,,,,,,PALO ALTO ST,,,,,Y,N,N,3,9,Y,SAT,,,,,,,,,,,,,,,,,,,,,,,,,,,,,,,,,,,,,,,,,,,,,,,,,,,,,,,,0,0,1,3,0,1,0,96,,,
13443823,N,N,N,N,N,Y,N,6/4/2013,4:06 PM,13-017566,,240,254,N,Y,,,19,,,1,2900,W,SAN FRANCISCO,AVE,N,N,30,N,N,,N,19,,,1,500,,FRANKFORT,,,,,,,,11,1,4,,1,1,1,4:10 PM,MCT DISPATCHED,4:19 PM,9/3/2013,Y,TX2400100,1644,,,42,8,4,4,1,31,54,1,5,1,21,21,240,254,27.52545873,-99.50059078,,,,,SAN FRANCISCO AVE,,,,,,,,,,,,,,,Y,N,N,3,8,Y,TUE,,,,,,,,,,,,,,,,,,,,,,,,,,,,,,,,,,,,,,,,,,,,,,,,,,,,,,,,0,0,1,0,0,1,0,205,,,
13444948,N,N,N,N,N,N,N,6/7/2013,3:59 PM,34542-13,,123,339,N,Y,,,2,69,,1,7000,,NOT REPORTED,,N,N,75,N,N,,N,19,,,,,,JIMMY JOHNSON,BLVD,,,,,,,11,1,0,2,1,1,20,3:59 PM,DISPATCH,3:59 PM,6/7/2013,Y,TX1230700,1948,,,33,8,2,4,22,64,42,1,2,1,21,21,123,339,29.93309574,-93.9758075,US,69,,341.896,US0069,6941,200,16,15.663,540,0.393,,,,,,,,,Y,Y,N,3,7,Y,FRI,4,0,0,10,8,2,4,310,68,48,4,1,0,1,0,0,2,20,5,2,8,3,12,40508,2014,40508,1.6,7.8,9.4,,,,,,,,,,,,,,,,,,,,,,,,,,,0,0,2,2,0,2,0,135,,,
13445534,N,N,N,N,N,N,N,6/9/2013,5:43 PM,34919-13,,123,339,N,Y,,,3,73,,1,2900,E,S H 73,HWY,N,N,75,N,N,,N,19,,,,,,9TH,AVE,,,,,9TH AVE,,12,1,0,,1,2,1,5:43 PM,DISPATCHED,5:43 PM,6/9/2013,Y,1230700,1948,,,,8,2,4,20,64,45,1,5,1,21,21,123,339,,,SH,73,,,SH0073,,,,,,,,,,,,,,,Y,Y,N,5,7,N,SUN,,,,,,,,,,,,,,,,,,,,,,,,,,,,,,,,,,,,,,,,,,,,,,,,,,,,,,,,0,0,0,2,0,0,0,,,,
13448941,N,N,N,N,N,N,N,7/22/2013,7:53 AM,132030418,,227,22,N,Y,,,19,,,1,1304,W,RIVERSIDE,DR,N,N,35,N,N,,Y,19,,,,,S,LAMAR,BLVD,,,,,,,12,1,4,2,1,1,5,7:53 AM,DISPATCHED,8:15 AM,7/22/2013,Y,TX2270100,74,22,105,112,8,2,1,34,64,54,1,2,1,21,21,227,22,30.26449154,-97.75711525,SL,343,,3.709,SL0343,,113,12,1.292,568,-0.668,,,,W RIVERSIDE DR,,,,,Y,Y,N,5,9,Y,MON,3,0,0,0,22,2,6,120,72,72,4,1,1,1,0,0,1,0,0,1,22,4,14,33647,2014,33647,1.2,0.4,1.6,,,,,,,,,,,,,,,,,,,,,,,,,,,0,0,0,2,0,0,0,90,,,
13449253,N,N,N,N,N,N,N,7/23/2013,11:08 AM,2013-14938,,239,48,N,Y,,,3,36,,1,,,NOT REPORTED,HWY,N,N,45,N,N,BLACKTOP,Y,19,,,1,,,SALEM,RD,,,,,BLACKTOP,,11,1,2,3,1,1,1,11:13 AM,DISPATCH,11:17 AM,7/23/2013,N,TX2390100,156,,,,8,2,3,10,64,14,1,2,1,32,21,239,48,30.13593572,-96.39529833,SH,36,,277.366,SH0036,,187,1,2.144,576,0.197,,,,,,,,,Y,Y,N,5,5,Y,TUE,2,0,10,10,0,2,4,135,84,48,4,0,0,2,10,5,2,10,5,0,0,2,14,16562,2014,16562,10.3,14.7,25,1,1220,1,1,6,,,,,,,,,,,,,,,,,,,,,,0,0,0,3,0,0,0,,,,
13451346,N,N,N,N,N,N,N,6/28/2013,3:22 PM,13-179179,,71,136,N,N,31.88589,-106.60211,19,,,1,300,W,BORDERLAND,RD,N,N,35,N,N,,Y,19,,,1,6400,,SONGLAND,AVE,,,,,,,11,1,0,,1,1,8,3:24 PM,DISPATCHED,3:30 PM,6/28/2013,Y,TX0710200,1259,,,206,8,2,1,10,64,3,1,5,1,21,21,71,136,31.88583483,-106.5934103,,,,,E BORDERLAND RD,200,,,,,,,,,SONGLAND AVE,,,,,N,N,N,5,9,Y,FRI,,,,,,,,,,,,,,,,,,,,,,,,,,,,,,,,,,,,,,,,,,,,,,,,,,,,,,,,0,0,0,2,0,0,0,66,,,
13451355,N,N,N,N,N,N,N,6/4/2013,12:58 AM,13-155009,,71,136,N,Y,31.74004,-106.32453,19,,,1,1300,N,LEE TREVINO,DR,N,N,35,N,N,,N,19,,,1,11200,,GATEWAY WEST,BLVD,,,,,,,11,4,0,,4,1,1,12:58 AM,DISPACTHED,1:01 AM,6/4/2013,Y,TX0710200,1259,,,182,8,7,4,1,39,54,1,5,4,21,21,71,136,31.74043623,-106.3244209,,,,,N LEE TREVINO DR,,,,,,,,,,,,,,,Y,N,N,1,9,Y,TUE,,,,,,,,,,,,,,,,,,,,,,,,,,,,,,,,,,,,,,,,,,,,,,,,,,,,,,,,1,1,0,0,0,2,0,66,,,
13451638,N,N,N,N,N,N,N,6/14/2013,5:00 PM,13-178187,,71,136,N,Y,,,19,,,1,3100,,TRAWOOD,DR,N,N,35,N,N,2 WY DIV W/CTR TURN LN RDWY,N,19,,,1,11300,,MONTWOOD,DR,,,,,2 WY DIV PROT RDWY,,0,0,0,,8,0,5,4:07 PM,WALK IN TO PHRC CRC,4:07 PM,6/27/2013,Y,TX0710200,1259,,,135,8,2,4,21,64,9,1,5,1,21,21,71,136,31.76712069,-106.297753,,,,,TRAWOOD DR,3176,,,,,,,,,,,,,,Y,N,N,5,9,Y,FRI,,,,,,,,,,,,,,,,,,,,,,,,,,,,,,,,,,,,,,,,,,,,,,,,,,,,,,,,0,0,0,3,0,0,0,66,,,
13451744,N,N,N,N,N,N,N,6/9/2013,2:29 AM,13-160028,,71,136,N,Y,31.78619,-106.32306,19,,,1,3200,,LEE TREVINO,DR,N,N,40,N,N,,N,19,,,1,10400,N,IVAN HOE,,,,,,,,11,4,0,,1,1,1,2:29 AM,DISPATCHED,2:37 AM,6/9/2013,Y,TX0710200,1259,,,221,8,7,2,1,36,32,1,5,2,21,21,71,136,31.78624707,-106.3232715,,,,,N LEE TREVINO DR,,,,,,,,,,IVANHOE DR,,,,,Y,N,N,5,9,Y,SUN,,,,,,,,,,,,,,,,,,,,,,,,,,,,,,,,,,,,,,,,,,,,,,,,,,,,,,,,0,0,0,1,0,0,0,66,,,
13453774,N,N,N,N,N,N,N,6/15/2013,7:15 PM,C13-060058,,161,995,N,Y,31.37525,-97.21408,1,35,,3,,,IH35 322 SOUTH ENTRANCE RAMP,,N,N,45,Y,N,,N,,,,,,,NOT REPORTED,,5,F,S,322,,,12,1,0,2,1,1,9,4:17 PM,OFFICER INITIATED,4:19 PM,6/15/2013,Y,TX1550600,1693,19,81,106,8,2,2,22,64,49,3,1,1,21,21,161,995,31.38022647,-97.21380794,IH,35,,321.544,IH0035,,15,1,2.227,322,-5,,,,NOT REPORTED,,,,,Y,Y,Y,5,1,Y,SAT,5,0,6,10,38,9,4,274,80,48,6,0,0,2,12,5,2,20,5,3,26,3,11,53696,2014,53696,4.1,19,23,,,,,,,,,,,,,,,,,,,,,,,,,,,0,0,0,4,0,0,0,140,,,
13455578,N,N,N,N,N,N,N,7/24/2013,11:39 PM,13-023074,,240,254,N,Y,,,19,,,1,1100,S,MEADOW,AVE,N,N,30,N,N,,N,19,,,1,1900,,BOULANGER,,,,,,,,11,4,0,,5,1,1,12:23 AM,MCT DISPATCHED,12:27 AM,7/25/2013,Y,TX2400100,1644,,,28,8,7,4,1,23,54,1,5,2,21,21,240,254,27.48699682,-99.47648834,,,,,S MEADOW AVE,1181,,,,,,,,,,,,,,Y,N,N,0,8,Y,WED,,,,,,,,,,,,,,,,,,,,,,,,,,,,,,,,,,,,,,,,,,,,,,,,,,,,,,,,0,0,0,0,1,0,0,205,,,
13460068,N,N,N,N,N,N,N,7/16/2013,11:00 PM,130097237,1002002,101,1666,Y,Y,,,15,,,1,15300,N,HUFFMEISTER,RD,N,N,45,N,N,,Y,15,,,1,16000,,SPRING CYPRESS,RD,,,,,,,11,4,0,,1,1,5,10:33 PM,DISPATCHED,10:37 PM,7/16/2013,Y,TX1010000,1419,79,2,102,8,2,1,10,64,3,1,4,1,21,21,101,1666,29.98465475,-95.657013,,,,,HUFFMEISTER RD,,,,,,,,,,SPRING CYPRESS RD,,,,,Y,N,Y,3,0,Y,TUE,,,,,,,,,,,,,,,,,,,,,,,,,,,,,,,,,,,,,,,,,,,,,,,,,,,,,,,,0,0,1,2,0,1,0,15,,,
13460716,N,N,N,N,N,N,N,6/24/2013,6:20 PM,130086034,34213,101,1666,Y,Y,,,19,,,1,3100,,FEDERAL,RD,N,N,30,N,N,,N,15,,,,,,RED BLUFF,,,,,,,,11,1,0,,2,1,20,6:22 PM,ON SIGHT,6:12 PM,6/24/2013,Y,TX1010000,1419,109,4,5,8,2,4,20,64,54,1,4,1,21,21,101,208,29.72257403,-95.21178449,,,,,WASHBURN TUNNEL,,,,,,,,,,,,,,,Y,N,N,5,9,Y,MON,,,,,,,,,,,,,,,,,,,,,,,,,,,,,,,,,,,,,,,,,,,,,,,,,,,,,,,,0,0,0,3,0,0,0,15,,,
13460971,N,N,N,N,N,N,N,7/19/2013,3:51 PM,A13-0022501,,108,295,N,Y,,,1,2,,1,100,W,EXPRESSWAY 83,EXPY,N,N,65,N,N,,N,4,1016,,,500,S,CONWAY,AVE,,,,,,,2,1,0,2,1,1,20,3:52 PM,RADIO,3:54 PM,7/19/2013,Y,TX1081000,1791,,,,8,7,4,1,56,1,2,1,2,21,21,108,295,26.20134378,-98.32881875,IH,2,,6.102,IH0002,,39,17,17.689,856,0.887,,,,,,,,,Y,Y,N,3,7,Y,FRI,5,0,11,10,23,2,6,300,114,72,4,0,0,2,21,5,2,21,5,2,2,4,11,58884,2014,58884,3.4,2.4,5.9,,,,,,,,,,,,,,,,,,,,,,,,,,,0,0,2,0,0,2,0,230,,,
13472720,N,N,N,N,N,N,N,6/7/2013,8:41 PM,1306072041,,31,380,N,Y,,,3,83,,1,,,SOUTH,,N,N,0,N,N,,N,4,510,,,,,NOT REPORTED,RD,,,,,,,2,4,0,,1,2,1,8:41 PM,DISPATCH,8:48 PM,6/7/2013,Y,TX0310900,2075,,,27,8,2,4,21,64,54,1,2,1,21,21,31,380,,,SH,83,,,SH0083,,,,,,,,,,,,,,,Y,Y,N,5,5,N,FRI,,,,,,,,,,,,,,,,,,,,,,,,,,,,,,,,,,,,,,,,,,,,,,,,,,,,,,,,0,0,0,4,0,0,0,,,,
13474962,N,N,N,N,N,N,N,8/1/2013,5:28 PM,13-2131368,LTS,227,22,N,N,,,19,,,1,,,LOYOLA,LN,N,N,0,N,N,,Y,19,,,,,,HIGHPOINT,DR,,,,,,,11,1,4,,1,1,1,5:28 PM,DISPATCH,5:35 PM,8/1/2013,Y,TX2270100,74,,34,48,8,2,1,14,64,54,1,5,1,21,21,227,22,30.30702477,-97.66551248,,,,,LOYOLA LN,5000,,,,,,,,,HIGHPOINT CV,,,,,Y,N,N,2,9,Y,THU,,,,,,,,,,,,,,,,,,,,,,,,,,,,,,,,,,,,,,,,,,,,,,,,,,,,,,,,0,1,0,2,1,1,0,90,,,
13475011,N,N,N,N,N,N,N,7/29/2013,7:06 PM,132101503,,227,22,N,N,,,19,,,1,8805,,NORTH PLZ,,N,N,15,N,N,,N,19,,,,1021,,PARK PLZ,,,,,,,,11,1,0,,1,1,1,7:06 PM,DISPATCHED,7:11 PM,7/29/2013,Y,TX2270100,74,63,123,143,8,1,4,1,64,3,7,9,5,33,21,227,22,,,,,,,NORTH PLZ,,,,,,,,,,,,,,,N,N,N,2,9,N,MON,,,,,,,,,,,,,,,,,,,,,,,,,,,,,,,,,,,,,,,,,,,,,,,,,,,,,,,,0,1,0,2,0,1,0,,,,
13477907,N,N,N,N,N,N,N,6/29/2013,4:05 AM,13-118141,,43,336,N,Y,,,19,,,2,6700,,DALLAS,PKWY,N,N,45,N,N,,N,19,,,,,W,SPRING CREEK,PKWY,,,,,,,11,4,0,,1,1,20,4:05 AM,DISPATCHED,4:10 AM,6/29/2013,Y,TX0430600,1938,,,60,8,7,4,1,30,54,2,5,2,21,21,43,336,33.06285558,-96.82533669,,,,,DALLAS PKWY,6619,,,,,,,,,,,,,,Y,N,N,3,9,Y,SAT,,,,,,,,,,,,,,,,,,,,,,,,,,,,,,,,,,,,,,,,,,,,,,,,,,,,,,,,0,0,1,0,0,1,0,282,,,
13479002,Y,N,N,N,N,Y,N,5/24/2013,11:00 PM,130028794,ACCFAT,220,19,N,Y,,,1,20,,1,3800,W,NOT REPORTED,FWY,N,N,60,N,N,EASTBOUND,N,19,,,,,,PARK SPRINGS,BLVD,,,,,,,2,4,0,2,1,2,20,11:00 PM,DISPATCH,11:35 PM,9/25/2013,Y,TX2200100,59,,8,99,4,7,4,1,42,1,1,1,2,21,21,220,19,32.67515402,-97.166719,IH,20,,446.284,IH0020,,2374,5,5.343,447,0.207,,,,,,,,,Y,Y,N,4,9,Y,FRI,5,0,12,12,54,3,9,400,154,110,6,0,0,2,22,5,2,22,5,2,32,4,11,151620,2014,151620,2.3,6.3,8.5,,,,,,,,,,,,,,,,,,,,,,,,,,,0,0,0,0,0,0,1,282,,,
13486473,N,N,N,N,N,Y,N,7/13/2013,10:09 PM,13-021878,,240,254,N,Y,,,2,59,,1,1600,E,SAUNDERS,,N,N,35,N,N,,Y,19,,,1,3800,N,MEADOW,AVE,,,,,,,11,4,6,3,1,1,5,10:09 PM,RADIO DISPATCHED,10:11 PM,10/2/2013,Y,TX2400100,1644,,,39,8,2,1,10,64,54,1,2,1,21,21,240,254,27.53059373,-99.48035213,BU,59,Z,1.416,BU0059Z,1601,542,1,45.417,826,-0.183,,,,N MEADOW AVE,,,,,Y,Y,N,2,8,Y,SAT,2,0,0,0,0,2,4,70,68,66,4,2,2,1,0,0,1,0,0,0,0,4,14,36039,2014,36039,5.1,19.7,24.8,,,,,,,,,,,,,,,,,,,,,,,,,,,0,3,0,0,0,3,0,205,,,
13492302,N,N,N,N,N,N,N,6/29/2013,11:45 PM,1300005590,,129,229,N,Y,,,19,,,1,1608,,DELLIS,ST,N,N,35,N,N,2-WAY RESIDENTIAL,N,19,,,,,N,2ND,ST,,,,,N 2ND STREET,,11,3,0,,1,1,1,11:59 PM,DISPATCHED,12:08 AM,6/30/2013,Y,TX1290200,1563,4,216,17,8,4,3,4,64,14,1,5,1,32,21,129,229,32.59000862,-96.29543216,,,,,E DELLIS ST,1673,,,,,,,,,,,,,,Y,N,N,5,4,Y,SAT,,,,,,,,,,,,,,,,,,,,,,,,,,,,,,,,,,,,,,,,,,,,,,,,,,,,,,,,0,0,0,1,1,0,0,282,,,
13497790,N,N,N,N,N,N,N,7/8/2013,3:30 PM,13-NS-0049,,37,1104,N,Y,,,2,79,,1,100,E,MAIN,ST,N,N,45,N,N,TWO-LANE ROADWAY,N,3,110,,,,,NOT REPORTED,,,,,,,,12,1,4,1,1,1,7,3:33 PM,DISPATCH,3:35 PM,7/9/2013,Y,370200,1846,,,,8,2,3,34,64,13,1,2,1,32,21,37,1104,31.98202267,-95.09459889,US,79,,75.978,US0079,,206,5,7.596,362,0.567,,,,,,,,,Y,Y,Y,5,1,Y,MON,2,0,9,9,0,2,2,140,44,26,4,0,0,2,9,5,2,9,5,0,0,1,2,5404,2014,5404,7.4,15.8,23.2,,,,,,,,,,,,,,,,,,,,,,,,,,,0,0,0,2,0,0,0,,,,
13498091,N,N,N,N,N,N,N,8/1/2013,9:24 AM,13-000301,,201,1151,N,Y,,,17,,,7,1000,S,COMMERCE,,Y,N,0,N,N,,N,3,323,,,200,S,COMMERCE,ST,,,,,,,11,1,0,,1,1,1,9:24 AM,DISPATCH,9:24 AM,8/1/2013,Y,TX2010300,1888,,,,8,4,4,4,64,54,7,9,5,33,21,201,1151,,,,,,,S COMMERCE,,,,,,,,,,,,,,,N,N,Y,5,3,N,THU,,,,,,,,,,,,,,,,,,,,,,,,,,,,,,,,,,,,,,,,,,,,,,,,,,,,,,,,0,0,0,3,0,0,0,,,,
13502295,N,N,N,N,N,N,N,7/5/2013,2:20 PM,130091519,4000700,101,208,N,N,,,19,,,1,6500,S,BRAESWOOD BL,,N,N,35,N,N,,N,19,,,,9700,,FONDREN,RD,,,,,,,11,1,0,,1,1,9,2:23 PM,BY CITIZEN,2:23 PM,7/5/2013,Y,TX1015000,2745,255,461,620,8,2,1,13,64,54,1,5,1,21,21,101,208,29.67553482,-95.50863418,,,,,S BRAESWOOD BLVD,,,,,,,,,,FONDREN RD,,,,,N,N,N,5,9,Y,FRI,,,,,,,,,,,,,,,,,,,,,,,,,,,,,,,,,,,,,,,,,,,,,,,,,,,,,,,,0,0,0,2,0,0,0,15,,,
13502448,N,N,N,N,N,N,N,7/25/2013,6:15 AM,130101253,1007321,101,1666,Y,Y,,,19,,,1,10100,N,FALLBROOK,DR,N,Y,45,N,N,TWO LANE CONCRETE,N,19,,,,,,SILVER CRESENT,RD,,,,,TWO LANE CONCRETE,,11,1,0,,1,1,1,6:18 AM,DISPATCHED,6:25 AM,7/25/2013,Y,TX1010000,1419,220,4,5,8,7,4,1,61,35,1,4,2,21,21,101,1666,,,,,,,N FALLBROOK DR,,,,,,,,,,,,,,,Y,N,Y,5,0,N,THU,,,,,,,,,,,,,,,,,,,,,,,,,,,,,,,,,,,,,,,,,,,,,,,,,,,,,,,,0,0,0,1,0,0,0,,,,
13502532,N,N,N,N,N,N,N,8/1/2013,11:55 AM,130105022,1010830,101,1666,Y,Y,,,19,,,1,1231,,FREEPORT BL,,N,N,30,N,N,,Y,1,,,2,13750,E,FW,,,,,,,,11,1,4,,1,1,20,12:09 PM,DISPATCHED,12:15 PM,8/2/2013,Y,TX1010000,1419,217,4,5,8,2,1,10,64,54,2,1,1,21,21,101,1666,,,,,,,FREEPORT BL,,,,,,,,,,E FW,,,,,Y,N,Y,5,0,N,THU,,,,,,,,,,,,,,,,,,,,,,,,,,,,,,,,,,,,,,,,,,,,,,,,,,,,,,,,0,0,0,3,0,0,0,,,,
13502976,N,N,N,N,N,N,N,7/18/2013,7:40 PM,130098134,3503240,101,1666,Y,N,,,19,,,1,3308,,TREASCHWIG,RD,N,N,45,N,N,,N,19,,,,21400,,ALDINE WESTFIELD,RD,,,,,,,11,1,2,,1,1,20,7:42 PM,DISPATCHED,7:48 PM,7/18/2013,Y,TX1014900,2744,89,5,6,8,2,4,20,64,54,1,4,1,21,21,101,1666,30.02693313,-95.38126221,,,,,TREASCHWIG RD,,,,,,,,,,,,,,,N,N,Y,5,0,Y,THU,,,,,,,,,,,,,,,,,,,,,,,,,,,,,,,,,,,,,,,,,,,,,,,,,,,,,,,,0,0,0,2,0,0,0,15,,,
13506512,N,Y,N,N,N,Y,N,7/9/2013,11:48 AM,2013-02347,,43,7,N,Y,33.12873,-96.72119,3,121,,1,,,NOT REPORTED,,N,N,65,N,N,,Y,19,,,1,2100,W,EXCHANGE,PKWY,,,,,,,11,1,4,,1,1,5,11:48 AM,DISPATCH,11:54 AM,7/9/2013,Y,TX0430100,22,,,,8,2,1,34,64,54,1,2,1,21,21,43,7,33.12873154,-96.72119051,,,,,HIGHWAY 121,,,,,,,,,,UNKNOWN,,,,,Y,N,N,3,7,Y,TUE,,,,,,,,,,,,,,,,,,,,,,,,,,,,,,,,,,,,,,,,,,,,,,,,,,,,,,,,0,0,1,1,0,1,0,282,,,
13508164,N,N,N,N,N,N,N,6/14/2013,5:45 AM,130081009,36010,101,1666,Y,Y,,,4,1960,,7,12701,W,NOT REPORTED,,Y,N,0,N,N,,N,19,,,,,N,ELDRIDGE,PKWY,,,,,,,11,1,0,,7,1,17,6:00 PM,DISPATCHED,6:11 PM,6/14/2013,N,TX1010000,1419,,151,62,8,4,4,4,64,12,7,9,5,33,21,101,1666,,,FM,1960,,,FM1960,,,,,,,,,,,,,,,N,Y,Y,0,0,N,FRI,,,,,,,,,,,,,,,,,,,,,,,,,,,,,,,,,,,,,,,,,,,,,,,,,,,,,,,,0,0,0,0,1,0,0,,,,
13524891,N,N,N,N,N,N,N,7/18/2013,2:23 PM,1300029290,,94,394,N,Y,,,13,90,,1,600,W,COURT,ST,N,N,35,N,N,,Y,19,,,1,100,S,SAUNDERS,ST,,,,,,,12,1,4,3,1,1,8,2:23 PM,DISPATCHED,2:30 PM,7/18/2013,Y,TX0940300,2109,,8,11,8,2,1,14,64,54,1,2,1,21,21,94,394,29.56886424,-97.9709621,UA,90,,1.759,UA0090,,25,3,11.759,522,-0.237,,,,S SAUNDERS ST,,,,,Y,Y,N,5,6,Y,THU,2,0,8,8,0,2,4,100,64,48,4,2,2,2,8,2,2,8,2,0,0,2,14,9734,2014,9734,2.3,2.2,4.5,1,72,1,1,3,,,,,,,,,,,,,,,,,,,,,,0,0,0,4,0,0,0,28,,,
13535183,N,N,N,N,N,N,N,6/23/2013,3:42 PM,130085496,38490,101,1666,Y,N,,,19,,,1,5000,E,MT HOUSTON ROAD,ST,N,N,35,N,N,,N,2,59,,,11700,N,US 59 SERVICE ROAD,RD,,,,,,,11,1,98,,1,1,1,1:39 PM,DISPATCHED,3:42 PM,6/23/2013,Y,TX1010000,1419,52,150,487,8,2,4,20,64,54,1,4,1,21,21,101,1666,,,,,,,E MT HOUSTON ROAD ST,,,,,,,,,,,,,,,N,N,Y,5,0,N,SUN,,,,,,,,,,,,,,,,,,,,,,,,,,,,,,,,,,,,,,,,,,,,,,,,,,,,,,,,0,0,0,2,0,0,0,,,,
13535421,N,N,N,N,N,N,N,7/23/2013,9:45 AM,130100110,1007260,101,1666,Y,N,,,19,,,7,,,ANTOINE,DR,Y,N,0,N,N,,N,3,,,7,12434,,SH 249,,,,,,,,11,4,0,,2,1,20,10:01 PM,DISPATCHED,10:31 PM,7/23/2013,Y,TX1010000,1419,79,2,102,8,4,4,4,64,12,7,9,5,33,21,101,1666,,,,,,,ANTOINE DR,,,,,,,,,,,,,,,N,N,Y,5,0,N,TUE,,,,,,,,,,,,,,,,,,,,,,,,,,,,,,,,,,,,,,,,,,,,,,,,,,,,,,,,0,0,0,5,0,0,0,,,,
13535443,N,N,N,N,N,N,N,7/27/2013,12:53 AM,130101775,4001030,101,208,N,Y,,,19,,,1,12407,,RIP VAN WINKLE,,N,N,35,N,N,,N,19,,,,400,,FROSTWOOD,,,,,,,,11,4,4,,4,1,5,12:54 AM,DISPATCHED,1:13 AM,7/27/2013,Y,TX1015000,2745,60,38,53,8,7,4,1,34,54,1,5,2,21,21,101,208,29.7668748,-95.54881304,,,,,RIP VAN WINKLE DR,12498,,,,,,,,,,,,,,Y,N,N,5,9,Y,SAT,,,,,,,,,,,,,,,,,,,,,,,,,,,,,,,,,,,,,,,,,,,,,,,,,,,,,,,,0,0,0,1,0,0,0,15,,,