Crash_ID,Crash_Fatal_Fl,Cmv_Involv_Fl,Schl_Bus_Fl,Rr_Relat_Fl,Medical_Advisory_Fl,Amend_Supp_Fl,Active_School_Zone_Fl,Crash_Date,Crash_Time,Case_ID,Local_Use,Rpt_CRIS_Cnty_ID,Rpt_City_ID,Rpt_Outside_City_Limit_Fl,Thousand_Damage_Fl,Rpt_Latitude,Rpt_Longitude,Rpt_Rdwy_Sys_ID,Rpt_Hwy_Num,Rpt_Hwy_Sfx,Rpt_Road_Part_ID,Rpt_Block_Num,Rpt_Street_Pfx,Rpt_Street_Name,Rpt_Street_Sfx,Private_Dr_Fl,Toll_Road_Fl,Crash_Speed_Limit,Road_Constr_Zone_Fl,Road_Constr_Zone_Wrkr_Fl,Rpt_Street_Desc,At_Intrsct_Fl,Rpt_Sec_Rdwy_Sys_ID,Rpt_Sec_Hwy_Num,Rpt_Sec_Hwy_Sfx,Rpt_Sec_Road_Part_ID,Rpt_Sec_Block_Num,Rpt_Sec_Street_Pfx,Rpt_Sec_Street_Name,Rpt_Sec_Street_Sfx,Rpt_Ref_Mark_Offset_Amt,Rpt_Ref_Mark_Dist_Uom,Rpt_Ref_Mark_Dir,Rpt_Ref_Mark_Nbr,Rpt_Sec_Street_Desc,Rpt_CrossingNumber,Wthr_Cond_ID,Light_Cond_ID,Entr_Road_ID,Road_Type_ID,Road_Algn_ID,Surf_Cond_ID,Traffic_Cntl_ID,Investigat_Notify_Time,Investigat_Notify_Meth,Investigat_Arrv_Time,Report_Date,Investigat_Comp_Fl,ORI_Number,Investigat_Agency_ID,Investigat_Area_ID,Investigat_District_ID,Investigat_Region_ID,Bridge_Detail_ID,Harm_Evnt_ID,Intrsct_Relat_ID,FHE_Collsn_ID,Obj_Struck_ID,Othr_Factr_ID,Road_Part_Adj_ID,Road_Cls_ID,Road_Relat_ID,Phys_Featr_1_ID,Phys_Featr_2_ID,Cnty_ID,City_ID,Latitude,Longitude,Hwy_Sys,Hwy_Nbr,Hwy_Sfx,Dfo,Street_Name,Street_Nbr,Control,Section,Milepoint,Ref_Mark_Nbr,Ref_Mark_Displ,Hwy_Sys_2,Hwy_Nbr_2,Hwy_Sfx_2,Street_Name_2,Street_Nbr_2,Control_2,Section_2,Milepoint_2,Txdot_Rptable_Fl,Onsys_Fl,Rural_Fl,Crash_Sev_ID,Pop_Group_ID,Located_Fl,Day_of_Week,Hwy_Dsgn_Lane_ID,Hwy_Dsgn_Hrt_ID,Hp_Shldr_Left,Hp_Shldr_Right,Hp_Median_Width,Base_Type_ID,Nbr_Of_Lane,Row_Width_Usual,Roadbed_Width,Surf_Width,Surf_Type_ID,Curb_Type_Left_ID,Curb_Type_Right_ID,Shldr_Type_Left_ID,Shldr_Width_Left,Shldr_Use_Left_ID,Shldr_Type_Right_ID,Shldr_Width_Right,Shldr_Use_Right_ID,Median_Type_ID,Median_Width,Rural_Urban_Type_ID,Func_Sys_ID,Adt_Curnt_Amt,Adt_Curnt_Year,Adt_Adj_Curnt_Amt,Pct_Single_Trk_Adt,Pct_Combo_Trk_Adt,Trk_Aadt_Pct,Curve_Type_ID,Curve_Lngth,Cd_Degr,Delta_Left_Right_ID,Dd_Degr,Feature_Crossed,Structure_Number,I_R_Min_Vert_Clear,Approach_Width,Bridge_Median_ID,Bridge_Loading_Type_ID,Bridge_Loading_In_1000_Lbs,Bridge_Srvc_Type_On_ID,Bridge_Srvc_Type_Under_ID,Culvert_Type_ID,Roadway_Width,Deck_Width,Bridge_Dir_Of_Traffic_ID,Bridge_Rte_Struct_Func_ID,Bridge_IR_Struct_Func_ID,CrossingNumber,RRCo,Poscrossing_ID,WDCode_ID,Standstop,Yield,Incap_Injry_Cnt,Nonincap_Injry_Cnt,Poss_Injry_Cnt,Non_Injry_Cnt,Unkn_Injry_Cnt,Tot_Injry_Cnt,Death_Cnt,MPO_ID,Investigat_Service_ID,Investigat_DA_ID,Investigator_Narrative
13535583,N,Y,N,N,N,N,N,7/23/2013,6:00 AM,130099704,1007350,101,1666,Y,Y,,,19,,,1,11000,,TELGE,RD,N,N,35,N,N,,Y,2,290,,2,22000,,NORTHWEST,HWY,,,,,LEVEL STRAIGHT,,11,1,0,2,1,1,5,6:35 AM,DISPATCHED,6:55 AM,7/23/2013,Y,TX1010000,1419,2,4,5,8,2,1,24,64,54,2,2,1,21,21,101,1666,29.93658996,-95.64996723,US,290,,258.947,US0290,,50,6,19.021,724,-0.073,,,,TELGE RD,,,,,Y,Y,Y,5,0,Y,TUE,4,0,10,10,20,9,6,330,106,72,5,0,0,2,18,5,2,15,5,3,2,4,12,84833,2014,84833,5.1,7.4,12.4,,,,,,,,,,,,,,,,,,,,,,,,,,,0,0,0,2,0,0,0,15,,,
13536407,N,N,N,N,N,N,N,7/8/2013,11:15 PM,130092659,38080,101,1666,Y,Y,,,19,,,1,7000,N,ELDRIDGE,PKWY,N,N,40,N,N,ELDRIDGE,Y,4,529,,1,13100,,NOT REPORTED,,,,,,COCNRETE,,11,4,0,1,1,1,5,11:25 PM,DISPATCHED,11:32 PM,7/8/2013,Y,TX1010000,1419,,8,154,8,2,1,10,64,54,1,3,1,21,21,101,1666,29.87954727,-95.60860304,FM,529,,42.698,FM0529,,1006,1,15.024,672,-0.955,,,,N ELDRIDGE PKWY,,,,,Y,Y,Y,3,0,Y,MON,2,0,0,0,0,2,2,120,24,23,4,0,0,1,0,0,1,0,0,0,0,4,14,30557,2014,30557,2.8,8,10.7,,,,,,,,,,,,,,,,,,,,,,,,,,,0,0,1,1,0,1,0,15,,,
13536509,N,N,N,N,N,N,N,7/1/2013,10:58 PM,130089175,33440,101,1666,Y,Y,,,19,,,1,21000,,CUMBERLAND RIDGE,DR,N,N,35,N,N,,Y,19,,,1,18000,,OCHRE PARK,LN,,,,,,,11,4,4,,1,1,8,10:58 PM,DISPATCHED,11:02 PM,7/1/2013,Y,TX1014900,2744,96,423,4,8,2,2,23,64,54,1,4,1,21,21,101,1666,30.01330476,-95.74860298,,,,,CUMBERLAND RIDGE DR,,,,,,,,,,OCHRE PARK LN,,,,,Y,N,Y,5,0,Y,MON,,,,,,,,,,,,,,,,,,,,,,,,,,,,,,,,,,,,,,,,,,,,,,,,,,,,,,,,0,0,0,2,0,0,0,15,,,
13560871,N,N,N,N,N,N,N,6/21/2013,10:35 PM,CR-072,,187,662,N,Y,,,2,59,,1,100,,HOME,ST,N,N,35,N,N,PAVED,Y,3,287,,1,100,,2ND,ST,,,,,PAVED,,11,4,0,3,1,1,5,10:35 PM,DISPATCHED,10:37 PM,6/22/2013,Y,TX1870400,1116,,30,54,8,2,1,34,64,3,1,2,1,21,21,187,662,30.99688339,-94.82725525,US,59,,208.152,US0059,101,176,4,9.083,414,-0.934,US,287,,US0287,,341,2,10.551,Y,Y,Y,3,1,Y,FRI,2,0,4,4,0,8,4,95,60,48,4,2,2,2,4,5,2,4,5,0,0,1,2,21642,2014,21642,3,27.2,30.2,1,170,3,2,26,,,,,,,,,,,,,,,,,,,,,,0,0,1,4,0,1,0,,,,
13582695,N,N,N,N,N,N,N,6/7/2013,2:19 AM,13-19791,,152,270,N,N,,,19,,,2,400,N,FLINT,AVE,N,N,30,N,N,,N,19,,,1,3100,,DUKE,ST,,,,,,,12,4,0,,1,1,1,2:23 AM,POLICE RADIO,2:27 AM,6/7/2013,Y,TX1520200,1706,,,,8,7,4,1,30,54,7,7,2,11,21,152,270,33.60451316,-101.8821362,,,,,N FLINT AVE,475,,,,,,,,,,,,,,N,N,N,0,8,Y,FRI,,,,,,,,,,,,,,,,,,,,,,,,,,,,,,,,,,,,,,,,,,,,,,,,,,,,,,,,0,0,0,0,1,0,0,122,,,
13593045,N,N,N,N,N,N,N,6/4/2013,9:41 PM,13-19504,,152,270,N,Y,,,19,,,1,3200,,EMORY,ST,N,N,30,N,N,,N,19,,,1,500,N,INDIANA,AVE,,,,,,,11,4,0,,1,1,1,9:42 PM,POLICE RADIO,9:43 PM,6/4/2013,Y,TX1520200,1706,,,,8,2,3,11,31,14,1,5,1,32,21,152,270,33.60587965,-101.8845301,,,,,EMORY ST,3226,,,,,,,,,,,,,,Y,N,N,5,8,Y,TUE,,,,,,,,,,,,,,,,,,,,,,,,,,,,,,,,,,,,,,,,,,,,,,,,,,,,,,,,0,0,0,2,1,0,0,122,,,
13600838,N,N,N,N,N,Y,N,7/16/2013,8:55 AM,130096344,3500760,101,1666,Y,Y,,,19,,,1,10600,,JONES,RD,N,N,45,N,N,PUBLIC ROADWAY,Y,19,,,1,11000,,CRESCENT MOON,RD,,,,,PUBLIC ROADWAY,,11,1,2,,1,1,1,8:51 AM,DISPATCHED,9:47 AM,7/16/2013,Y,TX1014900,2744,44,5,6,8,2,1,14,64,14,1,4,1,32,21,101,1666,29.92652477,-95.58490303,,,,,JONES RD,,,,,,,,,,CRESCENT MOON DR,,,,,Y,N,Y,3,0,Y,TUE,,,,,,,,,,,,,,,,,,,,,,,,,,,,,,,,,,,,,,,,,,,,,,,,,,,,,,,,0,0,1,1,0,1,0,15,,,
13600910,N,N,N,N,N,Y,N,6/28/2013,11:29 AM,130087948,33190,101,1666,Y,Y,,,19,,,1,13150,,LOUETTA,RD,Y,N,0,N,N,,N,19,,,,13200,,GRANT,RD,,,,,,,11,1,0,,1,1,1,11:32 AM,DISPATCHED,11:46 AM,6/28/2013,Y,TX1014900,2744,101,431,822,8,2,4,10,1,54,7,9,5,33,21,101,1666,,,,,,,LOUETTA RD,,,,,,,,,,,,,,,N,N,Y,5,0,N,FRI,,,,,,,,,,,,,,,,,,,,,,,,,,,,,,,,,,,,,,,,,,,,,,,,,,,,,,,,0,0,0,2,0,0,0,,,,
13616538,N,N,N,N,N,Y,N,7/24/2013,12:51 PM,13-25829,,152,270,N,N,,,19,,,1,6500,,SPUR 327,,N,N,45,N,N,,Y,19,,,1,6100,,MILWAUKEE,AVE,,,,,,,11,1,4,2,1,1,5,1:08 PM,POLICE RADIO,1:09 PM,7/24/2013,Y,TX1520200,1706,,,,8,2,1,28,64,54,1,2,1,21,21,152,270,33.53890341,-101.9570645,SS,327,,0.593,SS0327,,380,15,0.726,286,0.448,US,62,,US0062,,,,,N,Y,N,5,8,Y,WED,4,0,4,8,18,3,5,280,84,60,4,0,1,2,8,5,2,16,2,2,10,4,14,18298,2014,18298,1.9,2.4,4.3,,,,,,,,,,,,,,,,,,,,,,,,,,,0,0,0,3,0,0,0,122,,,
13637116,N,N,N,N,N,N,N,7/8/2013,5:31 PM,B134626,1323239,130,41,N,Y,,,3,46,,1,1100,,RIVER,RD,N,N,35,N,N,,Y,19,,,1,10,,HERFF,RD,,,,,,,11,3,3,1,1,1,5,5:31 PM,RADIO,5:35 PM,7/8/2013,Y,TX1300100,135,,215,42,8,2,1,34,64,54,1,2,1,21,21,130,41,29.78800415,-98.71653352,SH,46,,13.107,SH0046,396,215,6,0.811,482,0.748,US,87,,US0087,,,,,Y,Y,N,5,5,Y,MON,2,0,8,8,0,2,2,60,40,24,2,0,0,2,8,5,2,8,5,0,0,2,14,10192,2014,10192,8.2,5.5,13.7,,,,,,,,,,,,,,,,,,,,,,,,,,,0,0,0,3,0,0,0,28,,,
13639122,N,N,N,N,N,N,N,7/27/2013,3:55 PM,13AM67R-007,,149,168,N,Y,,,19,,,1,400,W,BURLESON,ST,N,N,30,N,N,,N,19,,,1,300,N,SAN ANTONIO,,,,,,,,11,1,0,,1,1,1,3:29 PM,DISPATCH,3:30 PM,7/27/2013,Y,TX1490700,1350,,,,8,2,3,11,64,14,1,5,1,32,21,149,168,28.33041019,-98.11329278,,,,,BURLESON ST,512,,,,,,,,,,,,,,Y,N,Y,5,1,Y,SAT,,,,,,,,,,,,,,,,,,,,,,,,,,,,,,,,,,,,,,,,,,,,,,,,,,,,,,,,0,0,0,2,0,0,0,,,,
13676291,N,N,N,N,N,N,N,7/1/2013,8:44 AM,2013-00494,,66,1631,Y,Y,,,19,,,1,500,S,TOVAR,,N,N,25,N,N,,N,19,,,,500,S,TOVAR,,,,,,,,11,1,0,,1,1,8,8:44 AM,DISPATCHED,8:51 AM,7/1/2013,Y,TX0660200,2076,22,81,106,8,2,3,11,64,14,1,4,1,32,21,66,381,27.7614453,-98.24441244,,,,,S TOVAR ST,500,,,,,,,,,,,,,,Y,N,Y,5,3,Y,MON,,,,,,,,,,,,,,,,,,,,,,,,,,,,,,,,,,,,,,,,,,,,,,,,,,,,,,,,0,0,0,2,0,0,0,,,,
13682193,N,N,N,N,N,N,N,7/24/2013,2:50 AM,C1305470,,178,97,N,Y,,,19,,,1,6300,,VINCENT,DR,N,N,30,N,N,,N,19,,,1,1800,,LEMONWOOD,DR,,,,,,,11,4,0,,1,1,17,2:54 AM,DISPATCHED,3:04 AM,7/24/2013,Y,TX1780200,1115,,,12,8,4,4,1,64,9,1,5,1,21,21,178,97,27.69559676,-97.3598455,,,,,VINCENT DR,6311,,,,,,,,,,,,,,Y,N,N,5,9,Y,WED,,,,,,,,,,,,,,,,,,,,,,,,,,,,,,,,,,,,,,,,,,,,,,,,,,,,,,,,0,0,0,1,0,0,0,96,,,
13749997,N,N,N,N,N,N,N,7/19/2013,8:48 AM,13-0719-0014,13A258,246,372,N,Y,,,6,1431,,1,1466,,NOT REPORTED,,N,N,65,N,N,,N,1,35,,,,N,NOT REPORTED,,,,,,,,11,1,2,3,1,1,20,8:52 AM,DISPATCH,8:56 AM,7/25/2013,Y,TX2460500,2047,,,,8,2,3,22,64,43,1,3,1,32,21,246,372,30.55517538,-97.71740022,RM,1431,,64.917,RM1431,1900,1378,2,8.962,562,0.967,,,,,,,,,Y,Y,N,5,8,Y,FRI,2,0,8,8,0,2,4,200,68,52,4,0,0,2,8,5,2,8,5,0,0,4,14,34052,2014,34052,12,1.2,13.2,,,,,,,,,,,,,,,,,,,,,,,,,,,0,0,0,5,0,0,0,90,,,
13754645,N,N,N,N,N,N,N,7/15/2013,10:08 PM,13-70123,,220,156,N,N,32.69,-97.42,19,,,7,3451,,RIVER PARK,DR,N,N,-1,N,N,RIVER PARK APARTMENT COMPLEX ENTRANCE,N,3,183,,,6900,,STATE HIGHWAY 183,,,,,,,,2,3,2,,1,3,1,10:13 PM,DISPATCH,10:19 PM,7/16/2013,Y,TX2201200,1318,4,19,23,8,1,3,3,64,13,1,5,1,32,21,220,156,32.69980429,-97.42459242,,,,,RIVER PARK DR,3451,,,,,,,,,,,,,,Y,N,N,3,9,Y,MON,,,,,,,,,,,,,,,,,,,,,,,,,,,,,,,,,,,,,,,,,,,,,,,,,,,,,,,,0,0,1,1,0,1,0,282,,,
13763360,N,N,N,N,N,Y,N,6/28/2013,7:13 PM,2013-02164,,43,7,N,Y,33.10347,-96.7058,19,,,1,800,,W MCDERMOTT DR,,N,N,45,N,N,,Y,19,,,1,100,,CENTRAL EXPWY NB SERVICE,,,,,,,,11,1,0,,1,1,5,,DISPATCHED,7:22 PM,6/28/2013,N,TX0430100,22,,,,8,2,1,24,64,54,2,2,1,21,21,43,7,33.10176419,-96.67460258,,,,,W MCDERMOTT DR,,,,,,,,,,CENTURY PKWY,,,,,Y,N,N,5,7,Y,FRI,,,,,,,,,,,,,,,,,,,,,,,,,,,,,,,,,,,,,,,,,,,,,,,,,,,,,,,,0,0,0,3,2,0,0,282,,,
13869977,N,N,N,N,N,N,N,5/26/2013,11:12 PM,A14000694,,14,424,N,Y,,,19,,,1,1600,,HERITAGE,,N,N,30,N,N,,N,19,,,1,700,S,30TH,ST,,,,,,,12,4,0,,1,1,1,11:15 PM,POLICE RADIO,11:30 PM,5/26/2014,Y,140700,2221,,,,8,4,2,1,64,54,1,5,1,21,21,14,424,31.08394211,-97.32809331,,,,,E HERITAGE AVE,1694,,,,,,,,,S 30TH ST,,,,,Y,N,N,5,7,Y,SUN,,,,,,,,,,,,,,,,,,,,,,,,,,,,,,,,,,,,,,,,,,,,,,,,,,,,,,,,0,0,0,3,0,0,0,277,,,
14271519,N,N,N,N,N,N,N,6/18/2013,12:40 PM,13-05304,,84,165,N,Y,,,19,,,1,,,O,AVE,N,N,30,N,N,2-LANE ONEWAY,Y,19,,,,,,50TH,ST,,,,,2-LANE ROADWAY,,11,1,0,,1,1,20,12:42 PM,DISPATCH,12:55 PM,6/18/2013,Y,TX0840400,1341,,,316,8,2,1,24,64,54,1,5,1,21,21,84,165,29.28579487,-94.82076325,,,,,AVENUE O,4999,,,,,,,,,50TH ST,,,,,Y,N,N,5,6,Y,TUE,,,,,,,,,,,,,,,,,,,,,,,,,,,,,,,,,,,,,,,,,,,,,,,,,,,,,,,,0,0,0,2,0,0,0,15,,,
14271625,N,N,N,N,N,N,N,6/24/2013,12:30 PM,13-05518,,84,165,N,Y,,,19,,,1,3200,,53RD,ST,N,N,30,N,N,2-LANE ROADWAY,N,19,,,,,,SEAWALL,BLVD,,,,,4-LANE ROADWAY,,11,1,0,,1,1,20,12:31 PM,DISPATCH,12:50 PM,6/24/2013,Y,TX0840400,1341,,,316,8,2,4,21,64,11,1,5,1,21,21,84,165,29.27121206,-94.81962586,,,,,53RD ST,3238,,,,,,,,,,,,,,Y,N,N,5,6,Y,MON,,,,,,,,,,,,,,,,,,,,,,,,,,,,,,,,,,,,,,,,,,,,,,,,,,,,,,,,0,0,0,3,0,0,0,15,,,
14322976,Y,N,N,N,N,Y,N,6/12/2013,10:55 PM,131631964,,227,22,N,Y,,,19,,,1,1900,E,OLTORF,ST,N,N,35,N,N,,N,19,,,1,2100,,BURTON,DR,,,,,,,11,4,4,,1,1,11,10:56 PM,DISPATCHED,10:55 PM,6/13/2013,N,TX2270100,74,200,98,129,8,1,4,1,34,54,1,5,2,21,21,227,22,30.23100938,-97.73463841,,,,,E OLTORF ST,1916,,,,,,,,,,,,,,Y,N,N,4,9,Y,WED,,,,,,,,,,,,,,,,,,,,,,,,,,,,,,,,,,,,,,,,,,,,,,,,,,,,,,,,0,0,0,1,0,0,1,90,,,
14531395,Y,N,N,N,N,Y,N,6/8/2013,4:46 PM,130077816,1,101,1666,Y,Y,,,3,6,,1,7200,S,NOT REPORTED,,N,N,45,N,N,,N,15,,,,,,RANCHO MISSION,DR,,,,,,,12,1,0,2,1,1,20,4:46 PM,DISPATCHED,4:50 PM,9/14/2013,Y,TX1010000,1419,55,33,5,8,5,4,1,64,54,1,2,3,21,21,101,1666,29.69847231,-95.64388341,SH,6,,496.975,SH0006,,1685,5,16.517,680,-0.522,,,,,,,,,Y,Y,Y,4,0,Y,SAT,3,0,0,0,1,3,6,160,96,84,6,1,1,1,0,0,1,0,0,1,1,4,14,49113,2014,49113,3.9,1.4,5.2,,,,,,,,,,,,,,,,,,,,,,,,,,,0,0,0,1,0,0,1,15,,,
15731655,N,N,N,N,N,N,N,7/27/2013,11:10 PM,130102719,1009010,101,1666,Y,Y,29.91663,-95.48374,15,,,1,6500,,SUTTON MEADOWS,DR,N,N,35,N,N,,Y,15,,,1,6500,,DUCKETT PARK,DR,,,,,,,11,4,0,,1,1,1,11:16 PM,ON SIGHT,11:26 PM,7/27/2013,Y,TX1010000,1419,67,4,5,8,4,4,1,64,54,1,4,1,21,21,101,1666,29.91600477,-95.48435305,,,,,SUTTON MEADOWS DR,6504,,,,,,,,,,,,,,Y,N,Y,5,0,Y,SAT,,,,,,,,,,,,,,,,,,,,,,,,,,,,,,,,,,,,,,,,,,,,,,,,,,,,,,,,0,0,0,1,0,0,0,15,,,
13386265,N,N,N,N,N,N,N,8/2/2013,5:00 PM,SAPD13167013,3260,15,379,N,Y,,,1,35,,1,10900,,IH 35N,,N,N,-1,N,N,,N,19,,,,400,,WEIDNER,RD,,,,,,,11,1,0,2,1,1,1,5:05 PM,DISPATCHED,5:10 PM,8/2/2013,Y,TXSPD0000,2473,,29,131,8,2,4,20,64,42,1,1,1,21,21,15,379,29.53021378,-98.39170028,IH,35,,166.943,IH0035,,16,7,33.94,167,0.484,,,,,,,,,Y,Y,N,3,9,Y,FRI,5,0,8,10,18,9,8,300,132,96,2,0,0,2,16,5,2,20,5,,2,4,11,184745,2014,184745,3.4,11.2,14.6,1,407,1,2,0,,,,,,,,,,,,,,,,,,,,,,0,0,1,1,0,1,0,28,,,
13386640,N,Y,N,N,N,N,N,8/2/2013,2:17 PM,SAPD13166881,6210,15,379,N,Y,,,19,,,1,1500,,ROOSEVELT,AVE,N,N,35,N,N,MAIN,N,19,,,,100,,SCHOOL,ST,,,,,MAIN,,11,1,0,3,1,1,20,2:17 PM,DISPATCH,2:40 PM,8/2/2013,Y,TXSPD0000,2473,,11,175,8,2,4,30,64,3,1,2,1,21,21,15,379,29.38761566,-98.48573908,SS,536,,2.443,SS0536,1607,253,6,23.809,502,0.394,,,,,,,,,Y,Y,N,5,9,Y,FRI,2,0,0,0,0,9,4,60,43,43,6,1,1,1,0,0,1,0,0,0,0,4,14,6314,2014,6314,2.8,3.9,6.7,,,,,,,,,,,,,,,,,,,,,,,,,,,0,0,0,1,1,0,0,28,,,
13386885,N,N,N,N,N,N,N,8/3/2013,11:38 AM,197804A,,57,107,N,Y,,,19,,,1,2800,S,WALTON WALKER,BLVD,N,N,50,N,N,,N,19,,,,2800,,DUCANVILLE,RD,,,,,,,11,1,0,2,1,1,20,11:39 AM,FLAGGED DOWN,11:39 AM,8/3/2013,Y,TX0000006,2471,,,44,8,2,3,23,64,13,1,2,1,32,21,57,107,32.71261407,-96.90979915,SL,12,,5.859,SL0012,2800,581,2,10.932,592,-0.039,,,,,,,,,Y,Y,N,5,9,Y,SAT,3,0,0,0,52,3,6,250,92,72,5,0,0,1,10,0,1,10,0,3,42,4,14,27986,2014,27986,2.3,0.4,2.7,,,,,,,,,,,,,,,,,,,,,,,,,,,0,0,0,2,0,0,0,282,,,
13386894,N,N,N,N,N,N,N,8/3/2013,10:05 AM,SAPD13167628,5210,15,379,N,Y,,,19,,,1,1100,,BANDERA,,N,N,35,N,N,,N,19,,,,100,E,CHERYL,,,,,,,,11,1,0,3,1,1,11,10:18 AM,DISPATCH,10:26 AM,8/3/2013,Y,TXSPD0000,2473,,19,148,8,2,4,21,64,52,1,2,1,20,21,15,379,29.46065947,-98.55949496,SS,421,,2.904,SS0421,1116,291,10,12.946,488,0.934,,,,,,,,,Y,Y,N,3,9,Y,SAT,2,0,0,0,0,2,6,86,81,72,4,1,1,1,0,0,1,0,0,0,0,4,14,18419,2014,18419,2.8,3.9,6.7,,,,,,,,,,,,,,,,,,,,,,,,,,,0,0,1,4,0,1,0,28,,,
13386895,N,N,N,N,N,N,N,8/3/2013,10:05 AM,SAPD13167629,5150,15,379,N,Y,,,11,410,,2,2800,SW,410,LOOP,N,N,40,N,N,,N,2,90,,,7800,W,90,HWY,,,,,,,11,1,0,2,4,1,20,10:08 AM,DISPATCHED,10:16 AM,8/3/2013,Y,TXSPD0000,2473,,19,148,8,2,4,21,1,54,2,1,1,21,21,15,379,29.39837226,-98.64967362,IH,410,,6.244,IH0410,,521,5,6.746,6,0.312,,,,,,,,,Y,Y,N,2,9,Y,SAT,5,0,8,10,21,2,6,300,110,72,4,0,0,2,18,5,2,20,5,2,3,4,11,63247,2014,63247,2.9,1.9,4.7,1,479,1,2,25,,,,,,,,,,,,,,,,,,,,,,0,1,0,4,0,1,0,28,,,
13386940,N,N,N,N,N,N,N,8/2/2013,9:30 PM,SAPD13167765,7260,15,379,N,Y,,,19,,,1,7400,,SAN PEDRO,,N,N,40,N,N,LOCAL RD,N,11,410,,,,NW,NOT REPORTED,,,,,,LOOP,,11,5,0,,1,1,5,1:42 PM,DISPATCHED,2:06 PM,8/3/2013,N,TXSPD0000,2473,,29,131,8,2,4,22,64,38,1,2,1,21,21,15,379,29.51999809,-98.49916231,,,,,SAN PEDRO AVE,,,,,,,,,,,,,,,Y,N,N,5,9,Y,FRI,,,,,,,,,,,,,,,,,,,,,,,,,,,,,,,,,,,,,,,,,,,,,,,,,,,,,,,,0,0,0,1,1,0,0,28,,,
13387001,N,N,N,N,N,N,N,8/3/2013,5:55 PM,0097062013B,,101,208,N,Y,,,19,,,1,0,,YALE,ST,N,N,35,N,N,,Y,19,,,1,3700,,CENTER,ST,,,,,,,11,1,4,,1,1,5,5:58 PM,DISPATCH,6:06 PM,8/3/2013,Y,TXHPD0000,2469,14,121,33,8,2,1,34,64,54,1,5,1,21,21,101,208,29.77051569,-95.3985733,,,,,YALE ST,97,,,,,,,,,UNKNOWN,,,,,Y,N,N,5,9,Y,SAT,,,,,,,,,,,,,,,,,,,,,,,,,,,,,,,,,,,,,,,,,,,,,,,,,,,,,,,,0,0,0,2,0,0,0,15,,,
13387239,N,N,N,N,N,N,N,8/3/2013,11:00 PM,0097184013Z,,101,208,N,Y,,,19,,,1,6700,,SHARPCREST,,N,N,30,N,N,DRY CONCRETE,N,19,,,,7800,,ALBACORE,,,,,,,,11,4,0,,1,1,20,11:10 PM,DISPATCHED,11:12 PM,8/3/2013,Y,TXHPD0000,2469,24,125,55,8,7,4,1,36,54,1,5,2,21,21,101,208,29.69848864,-95.50093804,,,,,SHARPVIEW DR,6685,,,,,,,,,,,,,,Y,N,N,5,9,Y,SAT,,,,,,,,,,,,,,,,,,,,,,,,,,,,,,,,,,,,,,,,,,,,,,,,,,,,,,,,0,0,0,1,0,0,0,15,,,
13388348,N,N,N,N,N,N,N,8/2/2013,6:11 PM,,,43,336,N,Y,33.01238,-96.80105,12,,,1,,E,PRESIDENT GEORGE BUSH TURNPIKE,,N,Y,70,N,N,,N,,,,,,,NOT REPORTED,,30,F,W,460,,,11,1,0,,1,1,20,6:14 PM,DISPATCHED,6:25 PM,8/4/2013,Y,,10000,12,107,1,8,2,4,22,64,42,1,6,1,21,21,43,107,33.01242141,-96.80105016,,,,,PRESIDENT GEORGE BUSH TPKE,,,,,,,,,,NOT REPORTED,,,,,Y,N,N,5,9,Y,FRI,,,,,,,,,,,,,,,,,,,,,,,,,,,,,,,,,,,,,,,,,,,,,,,,,,,,,,,,0,0,0,3,0,0,0,282,,,
13389060,N,N,N,N,N,N,N,8/5/2013,12:00 AM,SAPD13168864,7280,15,379,N,Y,,,19,,,1,600,,ROSEHILL,DR,N,N,20,N,N,,Y,19,,,1,300,,EDGEBROOK,,,,,,,,11,3,2,,1,1,1,12:01 AM,DISPATCHED,12:06 AM,8/5/2013,Y,TXSPD0000,2473,,61,123,8,2,1,25,32,54,1,5,1,21,21,15,379,29.49325496,-98.5163223,,,,,ROSEHILL DR,598,,,,,,,,,EDGEBROOK LN,,,,,Y,N,N,5,9,Y,MON,,,,,,,,,,,,,,,,,,,,,,,,,,,,,,,,,,,,,,,,,,,,,,,,,,,,,,,,0,0,0,2,0,0,0,28,,,
13390552,N,N,N,N,N,N,N,8/5/2013,5:18 PM,13025882,**IN HOUSE ONLY**,61,151,N,Y,,,4,1171,,1,10700,,CROSS TIMBERS,RD,N,N,50,N,N,,N,2,377,,,5000,,NOT REPORTED,,,,,,,,11,1,0,1,1,1,12,5:18 PM,DISPATCHED,5:20 PM,8/5/2013,Y,TX0611200,1304,983,904,42,8,7,4,1,62,8,1,3,3,21,21,61,151,33.05429368,-97.20168273,FM,1171,,2.678,FM1171,,1311,1,10.056,562,0.64,,,,,,,,,Y,Y,N,5,7,Y,MON,2,0,2,2,0,2,2,100,26,22,4,0,0,2,2,5,2,2,5,0,0,4,14,11207,2014,11207,5.2,20.5,25.7,,,,,,,,,,,,,,,,,,,,,,,,,,,0,0,0,1,0,0,0,282,,,