Crash_ID,Crash_Fatal_Fl,Cmv_Involv_Fl,Schl_Bus_Fl,Rr_Relat_Fl,Medical_Advisory_Fl,Amend_Supp_Fl,Active_School_Zone_Fl,Crash_Date,Crash_Time,Case_ID,Local_Use,Rpt_CRIS_Cnty_ID,Rpt_City_ID,Rpt_Outside_City_Limit_Fl,Thousand_Damage_Fl,Rpt_Latitude,Rpt_Longitude,Rpt_Rdwy_Sys_ID,Rpt_Hwy_Num,Rpt_Hwy_Sfx,Rpt_Road_Part_ID,Rpt_Block_Num,Rpt_Street_Pfx,Rpt_Street_Name,Rpt_Street_Sfx,Private_Dr_Fl,Toll_Road_Fl,Crash_Speed_Limit,Road_Constr_Zone_Fl,Road_Constr_Zone_Wrkr_Fl,Rpt_Street_Desc,At_Intrsct_Fl,Rpt_Sec_Rdwy_Sys_ID,Rpt_Sec_Hwy_Num,Rpt_Sec_Hwy_Sfx,Rpt_Sec_Road_Part_ID,Rpt_Sec_Block_Num,Rpt_Sec_Street_Pfx,Rpt_Sec_Street_Name,Rpt_Sec_Street_Sfx,Rpt_Ref_Mark_Offset_Amt,Rpt_Ref_Mark_Dist_Uom,Rpt_Ref_Mark_Dir,Rpt_Ref_Mark_Nbr,Rpt_Sec_Street_Desc,Rpt_CrossingNumber,Wthr_Cond_ID,Light_Cond_ID,Entr_Road_ID,Road_Type_ID,Road_Algn_ID,Surf_Cond_ID,Traffic_Cntl_ID,Investigat_Notify_Time,Investigat_Notify_Meth,Investigat_Arrv_Time,Report_Date,Investigat_Comp_Fl,ORI_Number,Investigat_Agency_ID,Investigat_Area_ID,Investigat_District_ID,Investigat_Region_ID,Bridge_Detail_ID,Harm_Evnt_ID,Intrsct_Relat_ID,FHE_Collsn_ID,Obj_Struck_ID,Othr_Factr_ID,Road_Part_Adj_ID,Road_Cls_ID,Road_Relat_ID,Phys_Featr_1_ID,Phys_Featr_2_ID,Cnty_ID,City_ID,Latitude,Longitude,Hwy_Sys,Hwy_Nbr,Hwy_Sfx,Dfo,Street_Name,Street_Nbr,Control,Section,Milepoint,Ref_Mark_Nbr,Ref_Mark_Displ,Hwy_Sys_2,Hwy_Nbr_2,Hwy_Sfx_2,Street_Name_2,Street_Nbr_2,Control_2,Section_2,Milepoint_2,Txdot_Rptable_Fl,Onsys_Fl,Rural_Fl,Crash_Sev_ID,Pop_Group_ID,Located_Fl,Day_of_Week,Hwy_Dsgn_Lane_ID,Hwy_Dsgn_Hrt_ID,Hp_Shldr_Left,Hp_Shldr_Right,Hp_Median_Width,Base_Type_ID,Nbr_Of_Lane,Row_Width_Usual,Roadbed_Width,Surf_Width,Surf_Type_ID,Curb_Type_Left_ID,Curb_Type_Right_ID,Shldr_Type_Left_ID,Shldr_Width_Left,Shldr_Use_Left_ID,Shldr_Type_Right_ID,Shldr_Width_Right,Shldr_Use_Right_ID,Median_Type_ID,Median_Width,Rural_Urban_Type_ID,Func_Sys_ID,Adt_Curnt_Amt,Adt_Curnt_Year,Adt_Adj_Curnt_Amt,Pct_Single_Trk_Adt,Pct_Combo_Trk_Adt,Trk_Aadt_Pct,Curve_Type_ID,Curve_Lngth,Cd_Degr,Delta_Left_Right_ID,Dd_Degr,Feature_Crossed,Structure_Number,I_R_Min_Vert_Clear,Approach_Width,Bridge_Median_ID,Bridge_Loading_Type_ID,Bridge_Loading_In_1000_Lbs,Bridge_Srvc_Type_On_ID,Bridge_Srvc_Type_Under_ID,Culvert_Type_ID,Roadway_Width,Deck_Width,Bridge_Dir_Of_Traffic_ID,Bridge_Rte_Struct_Func_ID,Bridge_IR_Struct_Func_ID,CrossingNumber,RRCo,Poscrossing_ID,WDCode_ID,Standstop,Yield,Incap_Injry_Cnt,Nonincap_Injry_Cnt,Poss_Injry_Cnt,Non_Injry_Cnt,Unkn_Injry_Cnt,Tot_Injry_Cnt,Death_Cnt,MPO_ID,Investigat_Service_ID,Investigat_DA_ID,Investigator_Narrative
13390798,N,N,N,N,N,N,N,8/5/2013,8:00 AM,SAPD13169026,5360,15,379,N,Y,,,19,,,1,4100,,WISEMAN,,N,N,40,N,N,,N,3,151,,,,,NOT REPORTED,,,,,,,,11,1,0,,5,1,1,8:05 AM,DISPATCHED,8:15 AM,8/5/2013,Y,TXSPD0000,2473,,19,148,8,2,4,20,64,42,1,5,1,21,21,15,379,29.47256441,-98.70180408,,,,,WISEMAN BLVD,4124,,,,,,,,,,,,,,Y,N,N,5,9,Y,MON,,,,,,,,,,,,,,,,,,,,,,,,,,,,,,,,,,,,,,,,,,,,,,,,,,,,,,,,0,0,0,2,0,0,0,28,,,
13390959,N,N,N,N,N,N,N,8/5/2013,11:12 AM,SAPD13169172,7110,15,379,N,Y,,,19,,,1,9400,,NEW GUILBEAU,RD,N,N,35,N,N,,Y,19,,,1,8400,,OLD TEZEL,RD,,,,,,,11,1,4,,1,1,5,11:15 AM,DISPATCHED,11:19 AM,8/5/2013,Y,TXSPD0000,2473,,61,123,8,2,1,10,64,3,1,5,1,21,21,15,379,29.51897496,-98.66892227,,,,,NEW GUILBEAU RD,,,,,,,,,,OLD TEZEL RD,,,,,Y,N,N,3,9,Y,MON,,,,,,,,,,,,,,,,,,,,,,,,,,,,,,,,,,,,,,,,,,,,,,,,,,,,,,,,0,0,2,3,0,2,0,28,,,
13391247,N,Y,N,N,N,N,N,8/6/2013,11:56 AM,20133330,,183,68,N,N,,,3,149,,1,4400,SW,LOOP 149,,N,N,50,Y,Y,,N,3,315,,,1500,W,SABINE,ST,,,,,,,11,1,4,1,1,1,4,11:58 AM,DISPATCHED,12:04 PM,8/6/2013,Y,TX1830100,216,,,35,8,2,4,35,64,50,1,2,1,21,21,183,68,32.14778541,-94.36748378,SH,149,,32.485,SH0149,,63,11,4.489,316,-0.155,,,,,,,,,N,Y,N,5,4,Y,TUE,2,0,8,8,0,2,2,250,40,24,4,0,0,2,8,5,2,8,5,0,0,2,14,7156,2014,7156,9.9,34.2,44.1,,,,,,,,,,,,,,,,,,,,,,,,,,,0,0,0,2,0,0,0,,,,
13391374,N,N,N,N,N,N,N,8/5/2013,5:30 AM,0098011113C,FSGI,101,208,N,Y,,,19,,,1,1500,,EWING,ST,N,N,35,N,N,CONCRETE,N,19,,,,5600,,CRAWFORD,,,,,,,,0,1,4,,1,1,1,3:30 PM,WALK IN,3:30 PM,8/5/2013,Y,TXHPD0000,2469,9,113,29,8,4,4,5,64,54,1,5,1,21,21,101,208,29.72180018,-95.38501901,,,,,EWING ST,1604,,,,,,,,,,,,,,Y,N,N,0,9,Y,MON,,,,,,,,,,,,,,,,,,,,,,,,,,,,,,,,,,,,,,,,,,,,,,,,,,,,,,,,0,0,0,0,1,0,0,15,,,
13391375,N,N,N,N,N,N,N,8/6/2013,4:35 PM,0098403013V,,101,208,N,Y,,,19,,,1,1500,,FAIRVIEW,ST,N,N,35,N,N,,Y,19,,,1,2400,,COMMONWEALTH,,,,,,,,11,1,0,,1,1,5,4:52 PM,DISPATCHED,4:52 PM,8/6/2013,Y,TXHPD0000,2469,18,121,35,8,2,1,10,30,54,1,5,1,21,21,101,208,29.74737481,-95.39639308,,,,,FAIRVIEW ST,1501,,,,,,,,,COMMONWEALTH ST,,,,,Y,N,N,2,9,Y,TUE,,,,,,,,,,,,,,,,,,,,,,,,,,,,,,,,,,,,,,,,,,,,,,,,,,,,,,,,0,2,0,1,0,2,0,15,,,
13391428,N,N,N,N,N,N,N,8/6/2013,1:45 PM,0098397013N,FSGI,101,208,N,Y,,,19,,,1,2200,S,MACGREGOR,WAY,N,N,35,N,N,CONCRETE,N,19,,,,5800,,ALMEDA,RD,,,,,,,11,1,0,,1,1,5,1:45 PM,SE/WALK-IN,1:45 PM,8/6/2013,Y,TXHPD0000,2469,9,113,29,8,2,2,20,64,54,1,5,1,21,21,101,208,29.60899483,-95.38849309,,,,,MCGRATH RD,13699,,,,,,,,,ALMEDA GENOA RD,,,,,Y,N,N,3,9,Y,TUE,,,,,,,,,,,,,,,,,,,,,,,,,,,,,,,,,,,,,,,,,,,,,,,,,,,,,,,,0,0,1,0,1,1,0,15,,,
13391473,N,N,N,N,N,N,N,8/6/2013,11:05 PM,201236A,,57,107,N,Y,,,19,,,1,7300,,SPRING VALLEY,RD,N,N,35,N,N,,Y,19,,,1,14000,,MEANDERING,WAY,,,,,,,11,4,0,,1,1,5,11:16 PM,DISPATCHED,11:25 PM,8/7/2013,Y,TX0000006,2471,,,71,8,2,1,10,64,54,1,5,1,21,21,57,107,32.93998422,-96.77836257,,,,,SPRING VALLEY RD,,,,,,,,,,MEANDERING WAY,,,,,Y,N,N,3,9,Y,TUE,,,,,,,,,,,,,,,,,,,,,,,,,,,,,,,,,,,,,,,,,,,,,,,,,,,,,,,,0,0,2,1,0,2,0,282,,,
13392042,N,N,N,N,N,N,N,8/2/2013,10:00 PM,,,26,1591,Y,Y,30.5194,-96.65078,4,3058,,1,,,NOT REPORTED,,N,N,70,N,N,,N,15,220,,,,,NOT REPORTED,,,,,,,,11,3,0,1,1,1,12,10:07 PM,DISPATCHED,10:17 PM,8/7/2013,Y,,10000,12,15,1,8,6,4,1,64,54,1,3,1,21,21,26,1591,30.5197853,-96.65116399,FM,3058,,1.62,FM3058,2696,3119,1,6.589,562,-0.405,,,,,,,,,Y,Y,Y,5,0,Y,FRI,2,0,6,6,0,2,2,100,42,30,4,0,0,3,6,5,3,6,5,0,0,1,7,818,2014,818,20.9,6.5,27.4,,,,,,,,,,,,,,,,,,,,,,,,,,,0,0,0,1,0,0,0,,,,
13392335,N,N,N,N,N,Y,N,8/5/2013,4:40 PM,13-42036,,108,132,N,N,,,3,107,,1,1600,W,UNIVERSITY,DR,N,N,35,N,N,,N,19,,,,100,S,SUGAR,,,,,,,,11,1,0,,1,1,20,4:40 PM,RADIO DISPATCHED,4:49 PM,8/23/2013,Y,TX1080400,1248,,,35,8,2,4,21,64,9,1,2,1,21,21,108,132,,,SH,107,,,SH0107,,,,,,,,,,,,,,,N,Y,N,5,7,N,MON,,,,,,,,,,,,,,,,,,,,,,,,,,,,,,,,,,,,,,,,,,,,,,,,,,,,,,,,0,0,0,3,0,0,0,,,,
13392632,N,N,N,N,N,N,N,8/2/2013,3:39 PM,,,34,1599,Y,Y,33.0604,-94.27911,2,59,,1,,,NOT REPORTED,,N,N,75,N,N,,N,15,1923,,,,,NOT REPORTED,,,,,,,,11,1,0,3,4,1,11,3:41 PM,CASS CO SHERIFF DEPT,3:44 PM,8/2/2013,Y,TX0340000,10000,22,103,1,8,7,4,1,63,3,1,2,4,21,21,34,1599,33.0603931,-94.27911029,US,59,,41.029,US0059,,218,4,20.606,244,0.798,,,,,,,,,Y,Y,Y,3,0,Y,FRI,2,0,10,10,0,8,4,185,88,48,5,0,0,2,10,5,2,10,5,0,0,1,2,10839,2014,10839,8.5,36.4,44.9,,,,,,,,,,,,,,,,,,,,,,,,,,,0,0,1,0,0,1,0,,,,
13392769,Y,N,N,N,N,N,N,8/5/2013,4:30 PM,13008179,,61,114,N,Y,,,11,288,,1,2200,S,NOT REPORTED,,N,N,40,N,N,,Y,19,,,1,,,MALL ENTRANCE,,,,,,GOLDEN TRIANGLE MALL ENTRANCE,,11,1,4,2,1,1,5,4:32 PM,DISPATCH,4:39 PM,8/5/2013,Y,TX0610200,1196,,,411,8,2,1,34,64,13,1,2,1,32,21,61,114,33.18913071,-97.10428424,SL,288,,9.8,SL0288,,2250,1,3.395,568,0.001,IH,35,E,IH0035E,,,,,Y,Y,N,4,8,Y,MON,3,0,2,2,19,2,6,120,80,72,5,1,2,2,4,5,2,4,5,1,15,4,14,36968,2014,36968,3,17.3,20.3,,,,,,,,,,,,,,,,,,,,,,,,,,,0,0,0,3,0,0,1,282,,,
13392791,N,N,N,N,N,N,N,8/5/2013,10:30 AM,199626a,,57,107,N,Y,,,2,75,,1,5300,E,MOCKINGBIRD,LN,N,N,35,N,N,,Y,2,75,,2,,,NOT REPORTED,,,,,,,,11,1,4,,3,1,5,10:45 AM,DISPATCHED,10:50 AM,8/5/2013,N,TX0000006,2471,,,35,8,2,1,10,64,54,2,2,1,21,21,57,107,,,US,75,,,US0075,,,,,,,US,75,,US0075,,,,,Y,Y,N,3,9,N,MON,,,,,,,,,,,,,,,,,,,,,,,,,,,,,,,,,,,,,,,,,,,,,,,,,,,,,,,,0,0,5,0,0,5,0,,,,
13392800,N,N,N,N,N,N,N,8/7/2013,3:48 PM,201806A,,57,107,N,Y,,,19,,,1,300,N,HOUSTON,ST,N,N,30,N,N,,N,19,,,,500,,ROSS,AVE,,,,,,,11,1,0,,1,1,20,4:00 PM,DISPATCHED,4:07 PM,8/7/2013,Y,TX0000006,2471,,,35,8,2,4,21,64,9,1,5,1,21,21,57,107,32.78078546,-96.80841857,,,,,N HOUSTON ST,305,,,,,,,,,,,,,,Y,N,N,5,9,Y,WED,,,,,,,,,,,,,,,,,,,,,,,,,,,,,,,,,,,,,,,,,,,,,,,,,,,,,,,,0,0,0,2,0,0,0,282,,,
13392913,N,N,N,N,N,N,N,8/6/2013,5:45 PM,SAPD13170396,Prue,15,379,N,Y,,,3,1604,,1,4000,NW,LOOP 1604,,N,N,70,N,N,,N,19,,,,,,ROGERS RANCH,RD,,,,,,,11,1,98,2,1,1,1,6:45 PM,DISPATCH,7:00 PM,8/6/2013,Y,TXSPD0000,2473,,61,123,8,2,4,20,64,42,1,2,1,21,21,15,379,29.60398434,-98.53227239,SL,1604,,37.402,SL1604,,2452,2,9.296,526,-0.646,,,,,,,,,Y,Y,N,5,9,Y,TUE,4,0,4,10,48,2,4,446,76,48,4,0,0,2,8,5,2,20,5,3,40,4,12,89528,2014,89528,1.9,8.7,10.7,,,,,,,,,,,,,,,,,,,,,,,,,,,0,0,0,2,0,0,0,28,,,
13392942,N,N,N,N,N,N,N,8/7/2013,5:20 PM,120936A,SEE CASE # 120937A,57,107,N,Y,,,19,,,1,1100,E,ELMORE,AVE,N,N,30,N,N,PUBLIC STREET,N,19,,,,2500,,BRITTON,AVE,,,,,PUBLIC STREET,,11,1,0,,1,1,1,6:37 PM,DISPATCHED,6:48 PM,8/7/2013,N,TX0000006,2471,,,113,8,4,3,4,64,14,1,5,1,32,21,57,107,32.71669403,-96.80711999,,,,,E ELMORE AVE,1203,,,,,,,,,,,,,,Y,N,N,5,9,Y,WED,,,,,,,,,,,,,,,,,,,,,,,,,,,,,,,,,,,,,,,,,,,,,,,,,,,,,,,,0,0,0,1,1,0,0,282,,,
13394665,N,N,N,N,N,N,N,8/3/2013,6:30 AM,,,212,1777,Y,Y,32.27253,-95.09782,4,2607,,1,,,NOT REPORTED,,N,N,60,N,N,,N,3,64,,,,,NOT REPORTED,,,,,,,,11,1,0,1,1,1,12,6:53 AM,DPS COMMUNICATIONS,7:18 AM,8/3/2013,Y,TXDPS5500,10000,3,28,1,8,7,4,3,63,54,1,3,2,21,21,212,1777,32.27253337,-95.09783503,FM,2607,,3.094,FM2607,14177,2623,1,3.094,294,1.095,,,,,,,,,Y,Y,Y,0,0,Y,SAT,2,0,4,4,0,2,2,100,28,20,2,0,0,3,4,5,3,4,5,0,0,1,7,1059,2014,1059,3.5,2.9,6.3,,,,,,,,,,,,,,,,,,,,,,,,,,,0,0,0,0,1,0,0,213,,,
13394736,N,N,N,N,N,N,N,8/7/2013,9:00 PM,SAPD13171266,5170,15,379,N,Y,,,19,,,1,7300,,APPLE VALLEY,DR,N,N,30,N,N,ASPHALT LOCAL ROAD,Y,19,,,1,6100,,DEEP VALLEY,DR,,,,,LOCAL ROAD ASPHALT,,11,4,2,,1,1,8,9:00 PM,DISPATCH,9:04 PM,8/7/2013,Y,TXSPD0000,2473,,19,148,8,6,1,1,64,54,1,5,1,21,21,15,379,29.35234499,-98.62192228,,,,,APPLE VALLEY DR,7316,,,,,,,,,DEEP VALLEY DR,,,,,Y,N,N,3,9,Y,WED,,,,,,,,,,,,,,,,,,,,,,,,,,,,,,,,,,,,,,,,,,,,,,,,,,,,,,,,0,0,1,0,0,1,0,28,,,
13394820,N,N,N,N,N,N,N,8/5/2013,12:53 PM,13-4842,,79,413,N,Y,,,1,69,,1,15200,,NOT REPORTED,,N,N,65,N,N,,N,3,6,,,2100,,NOT REPORTED,,,,,,,,11,1,0,2,1,1,20,12:53 PM,POLICE DISPATCH,1:00 PM,8/5/2013,Y,TX0790500,2189,,,35,8,2,4,21,64,9,1,1,1,21,21,79,413,29.5979691,-95.62294261,IH,69,,15.018,IH0069,,27,12,15.203,135,-13.677,,,,,,,,,Y,Y,N,5,7,Y,MON,5,0,6,10,22,9,8,400,128,96,5,0,0,2,12,5,2,20,5,2,10,4,11,141074,2014,141074,2.9,6,8.9,,,,,,,,,,,,,,,,,,,,,,,,,,,0,0,0,3,0,0,0,15,,,
13395678,N,N,N,N,N,N,N,8/2/2013,9:36 AM,13-00795,,57,436,N,Y,,,19,,,1,7600,,PRESTON,RD,N,N,30,N,N,,Y,19,,,1,4000,,SOUTHWESTERN,,,,,,,,11,1,4,,1,1,8,9:37 AM,DISPATCH,9:40 AM,8/2/2013,Y,TX0572400,2341,,151,101,8,2,1,34,64,3,1,5,1,21,21,57,436,32.85690424,-96.80418256,,,,,PRESTON RD,7700,,,,,,,,,SOUTHWESTERN BLVD,,,,,Y,N,N,5,5,Y,FRI,,,,,,,,,,,,,,,,,,,,,,,,,,,,,,,,,,,,,,,,,,,,,,,,,,,,,,,,0,0,0,2,0,0,0,282,,,
13395844,N,N,N,N,N,N,N,8/8/2013,8:36 AM,SAPD13171538,6110,15,379,N,Y,,,2,90,W,1,,,NOT REPORTED,,N,N,65,N,N,,N,,,,,,,NOT REPORTED,,500,F,E,572,,,11,1,5,,1,1,20,8:36 AM,DISPATCHED,8:37 AM,8/8/2013,Y,TXSPD0000,2473,,7,147,8,2,4,20,64,54,1,2,1,21,21,15,379,,,,,,,US0090W,,,,,,,,,,NOT REPORTED,,,,,Y,Y,N,3,9,N,THU,,,,,,,,,,,,,,,,,,,,,,,,,,,,,,,,,,,,,,,,,,,,,,,,,,,,,,,,0,0,2,3,0,2,0,,,,
13395978,N,N,N,N,N,N,N,8/2/2013,11:50 AM,,13-112378,57,107,N,Y,,,14,366,,2,2600,,WOODALL RODGERS,FWY,N,N,30,N,N,,Y,19,,,1,2000,,ROUTH,ST,,,,,,,11,4,4,,1,1,5,12:00 AM,RADIO DISPATCHED,12:03 AM,8/3/2013,Y,TX0570000,1169,,50,22,8,2,1,34,64,54,2,2,1,21,21,57,107,,,SS,366,,,SS0366,,,,,,,,,,ROUTH ST,,,,,Y,Y,N,5,9,N,FRI,,,,,,,,,,,,,,,,,,,,,,,,,,,,,,,,,,,,,,,,,,,,,,,,,,,,,,,,0,0,0,5,0,0,0,,,,
13396224,N,N,N,N,N,N,N,8/6/2013,2:46 PM,13-33277,,79,371,N,Y,,,2,59,,2,27500,SW,FREEWAY,FWY,N,N,55,N,N,,N,4,2218,,,4000,,BF TERRY,BLVD,,,,,,,11,1,0,,1,1,20,2:47 PM,DISPATCH,3:00 PM,8/7/2013,Y,TX0790300,2045,888,212,44,8,10,4,1,1,3,2,2,2,21,21,79,371,29.53653074,-95.7692848,,,,,SOUTHWEST FWY,25722,,,,,,,,,,,,,,Y,N,N,2,6,Y,TUE,,,,,,,,,,,,,,,,,,,,,,,,,,,,,,,,,,,,,,,,,,,,,,,,,,,,,,,,0,1,0,0,0,1,0,15,,,
13396269,N,N,N,N,N,N,N,8/9/2013,11:30 AM,1300021616,,3,272,N,Y,,,8,59,,1,400,N,TIMBERLAND,DR,N,N,45,N,N,,Y,19,,,1,900,,PAUL,ST,,,,,,,11,1,0,3,1,1,5,11:25 AM,DISPATCHED,11:30 AM,8/9/2013,Y,TX0030400,1708,17,53,166,8,2,2,22,64,38,1,2,1,21,21,3,272,31.34188117,-94.71806435,BU,59,G,2.124,BU0059G,501,176,2,8.15,388,0.153,FM,325,,FM0325,,,,,Y,Y,N,3,6,Y,FRI,2,0,2,2,0,9,4,120,65,60,6,2,2,2,2,5,2,2,5,0,0,2,14,17448,2014,17448,2.9,18.5,21.4,,,,,,,,,,,,,,,,,,,,,,,,,,,0,0,1,5,0,1,0,,,,
13396339,N,N,N,N,N,Y,N,8/8/2013,8:50 AM,13-33696,,108,331,N,Y,,,19,,,7,1300,S,CAGE,BLVD,Y,N,15,N,N,,N,19,,,,100,W,RIDGE,RD,,,,,,,11,1,0,,1,1,1,8:50 AM,DISPATCHED,8:55 AM,10/25/2013,Y,TX1081100,1926,,,35,8,2,4,11,64,12,7,9,5,33,21,108,331,,,,,,,S CAGE BLVD,,,,,,,,,,,,,,,N,N,N,5,7,N,THU,,,,,,,,,,,,,,,,,,,,,,,,,,,,,,,,,,,,,,,,,,,,,,,,,,,,,,,,0,0,0,3,0,0,0,,,,
13396474,N,N,N,N,N,N,N,8/8/2013,9:10 PM,0099408613P,FSRA,101,208,N,N,,,19,,,1,600,W,ALABAMA,ST,N,N,30,N,N,,N,19,,,,,,JACK,,,,,,,,11,4,0,,1,1,11,9:14 PM,HPD DISPATCH,9:23 PM,8/8/2013,Y,TXHPD0000,2469,24,121,35,8,1,4,1,64,54,1,5,1,21,21,101,208,29.73885218,-95.38706775,,,,,W ALABAMA ST,611,,,,,,,,,,,,,,Y,N,N,1,9,Y,THU,,,,,,,,,,,,,,,,,,,,,,,,,,,,,,,,,,,,,,,,,,,,,,,,,,,,,,,,1,0,0,0,1,1,0,15,,,
13396493,N,N,N,N,N,N,N,8/8/2013,7:46 AM,13-003920,CH4,57,71,N,Y,,,19,,,1,300,,HOUSTON,ST,N,N,30,N,N,,Y,19,,,1,500,,COOPER,ST,,,,,,,11,1,4,,1,1,8,7:47 AM,RADIO,7:47 AM,8/8/2013,Y,TX0570500,223,,,35,8,2,1,10,64,54,1,5,1,21,21,57,71,32.5858743,-96.95660254,,,,,HOUSTON ST,401,,,,,,,,,COOPER ST,,,,,Y,N,N,2,6,Y,THU,,,,,,,,,,,,,,,,,,,,,,,,,,,,,,,,,,,,,,,,,,,,,,,,,,,,,,,,0,2,0,1,0,2,0,282,,,
13396547,N,N,N,N,N,N,N,8/9/2013,3:00 AM,0099511113A,FSGI,101,208,N,Y,,,19,,,1,14200,,RICHMOND,AVE,N,N,35,N,N,,N,19,,,,2800,,BRIARGREEN,,,,,,,,11,4,0,,1,1,1,3:15 AM,DISPATCH,3:20 AM,8/9/2013,Y,TXHPD0000,2469,51,128,21,8,7,4,1,29,54,1,5,2,21,21,101,208,29.72910049,-95.63891741,,,,,RICHMOND AVE,14180,,,,,,,,,,,,,,Y,N,N,0,9,Y,FRI,,,,,,,,,,,,,,,,,,,,,,,,,,,,,,,,,,,,,,,,,,,,,,,,,,,,,,,,0,0,0,0,1,0,0,15,,,
13396566,N,N,N,N,N,N,N,8/9/2013,4:45 PM,SAPD13172811,3130,15,379,N,Y,,,2,281,,1,19100,N,NOT REPORTED,,N,N,60,N,N,,N,19,,,,19200,,REDLAND,RD,,,,,,,11,1,0,,1,1,1,4:45 PM,DISPATCH,5:10 PM,8/9/2013,Y,TXSPD0000,2473,,29,131,8,2,4,22,64,42,1,2,1,21,21,15,379,,,US,281,,,US0281,,,,,,,,,,,,,,,Y,Y,N,5,9,N,FRI,,,,,,,,,,,,,,,,,,,,,,,,,,,,,,,,,,,,,,,,,,,,,,,,,,,,,,,,0,0,0,2,0,0,0,,,,
13396654,N,N,N,N,N,N,N,8/9/2013,10:00 PM,13-18965,,212,434,N,Y,,,3,100,,1,5100,,TROUP,HWY,N,N,50,N,N,,N,4,2964,,,3100,,SHILOH,RD,,,,,,,11,4,0,3,1,1,20,10:14 PM,DISPATCHED,10:22 PM,8/9/2013,Y,TX2120400,2316,,,170,8,7,4,1,58,3,1,2,2,21,21,212,434,32.29522447,-95.2613135,SH,110,,42.921,SH0110,5104,345,1,3.945,314,0.826,,,,,,,,,Y,Y,N,5,8,Y,FRI,2,0,2,2,0,2,6,130,92,86,4,2,2,2,2,5,2,2,5,0,0,3,14,16702,2014,16702,9,10.5,19.4,,,,,,,,,,,,,,,,,,,,,,,,,,,0,0,0,1,0,0,0,213,,,
13396740,N,N,N,N,N,N,N,8/9/2013,7:30 AM,SAPD13172450,5240,15,379,N,Y,,,1,10,,1,2100,W,IH10,,N,N,65,N,N,,N,19,,,,400,,CINCINNATI,AVE,,,,,,,11,1,0,,1,1,1,9:15 AM,DISPATCH,9:43 AM,8/9/2013,Y,TXSPD0000,2473,,9,162,8,2,4,21,64,3,1,1,1,21,21,15,379,,,IH,10,,,IH0010,,,,,,,,,,,,,,,Y,Y,N,5,9,N,FRI,,,,,,,,,,,,,,,,,,,,,,,,,,,,,,,,,,,,,,,,,,,,,,,,,,,,,,,,0,0,0,1,1,0,0,,,,
13396759,N,N,N,N,N,N,N,8/6/2013,10:58 AM,SAPD1317006,7230,15,379,N,Y,,,19,,,1,1500,,PATRICIA,,N,N,45,N,N,,N,19,,,,1500,,PATRICIA,,,,,,,,11,1,2,,1,1,5,10:58 AM,DISPATCH,11:58 AM,8/6/2013,Y,TXSPD0000,2473,,61,123,8,2,2,23,64,3,1,5,1,21,21,15,379,29.54836495,-98.5186023,,,,,PATRICIA DR,1500,,,,,,,,,UNKNOWN,,,,,Y,N,N,3,9,Y,TUE,,,,,,,,,,,,,,,,,,,,,,,,,,,,,,,,,,,,,,,,,,,,,,,,,,,,,,,,0,0,1,2,0,1,0,28,,,
13396785,N,N,N,N,N,N,N,8/5/2013,8:00 PM,SAPD13169602,,15,379,N,Y,,,19,,,1,700,,SAN PEDRO,,N,N,35,N,N,,N,19,,,,400,W,POPLAR,,,,,,,,11,1,0,,1,1,2,8:00 PM,SITE,8:00 PM,8/5/2013,Y,TXSPD0000,2473,,3,122,8,1,3,1,64,14,1,5,1,32,21,15,379,29.43943409,-98.49851557,,,,,SAN PEDRO AVE,681,,,,,,,,,,,,,,Y,N,N,2,9,Y,MON,,,,,,,,,,,,,,,,,,,,,,,,,,,,,,,,,,,,,,,,,,,,,,,,,,,,,,,,0,1,0,1,0,1,0,28,,,
13397314,N,N,N,N,N,N,N,8/3/2013,6:57 PM,13-19873,13-19873,227,22,N,Y,30.25436,-97.61351,4,973,,1,4300,N,FM 973,RD,N,N,50,N,N,TWO LANE ROADWAY,N,4,969,,,11600,,FM 969,RD,,,,,NEAREST INTERSECTION,,11,1,0,1,1,1,1,6:57 PM,DISPATCH,7:04 PM,8/10/2013,Y,TX2270000,2292,,9,118,8,7,4,1,23,54,1,3,2,21,21,227,1792,30.25466501,-97.61337266,FM,973,,25.304,FM0973,,1200,3,7.5,448,0.604,,,,,,,,,Y,Y,Y,2,0,Y,SAT,2,0,5,5,0,2,2,100,34,24,4,0,0,2,5,5,2,5,5,0,0,4,16,12539,2014,12539,7.7,2.9,10.6,,,,,,,,,,,,,,,,,,,,,,,,,,,0,1,0,1,0,1,0,90,,,
13397343,N,N,N,N,N,N,N,8/5/2013,12:49 PM,202550,,31,1596,Y,Y,26.20627,-97.74208,15,,,1,,,WOOD,AVE,N,N,30,N,N,,N,15,,,,,,MCCULLOUGH,RD,,,,,,,11,1,0,,1,1,1,12:49 PM,DPS COMMUNICATIONS,12:57 PM,8/11/2013,Y,TXDPS5804,10000,7,127,1,8,7,2,3,33,54,1,4,2,21,21,31,1596,26.20637561,-97.74208,,,,,WOOD AVE,4302,,,,,,,,,UNKNOWN,,,,,Y,N,Y,5,0,Y,MON,,,,,,,,,,,,,,,,,,,,,,,,,,,,,,,,,,,,,,,,,,,,,,,,,,,,,,,,0,0,0,2,0,0,0,201,,,