Crash_ID,Crash_Fatal_Fl,Cmv_Involv_Fl,Schl_Bus_Fl,Rr_Relat_Fl,Medical_Advisory_Fl,Amend_Supp_Fl,Active_School_Zone_Fl,Crash_Date,Crash_Time,Case_ID,Local_Use,Rpt_CRIS_Cnty_ID,Rpt_City_ID,Rpt_Outside_City_Limit_Fl,Thousand_Damage_Fl,Rpt_Latitude,Rpt_Longitude,Rpt_Rdwy_Sys_ID,Rpt_Hwy_Num,Rpt_Hwy_Sfx,Rpt_Road_Part_ID,Rpt_Block_Num,Rpt_Street_Pfx,Rpt_Street_Name,Rpt_Street_Sfx,Private_Dr_Fl,Toll_Road_Fl,Crash_Speed_Limit,Road_Constr_Zone_Fl,Road_Constr_Zone_Wrkr_Fl,Rpt_Street_Desc,At_Intrsct_Fl,Rpt_Sec_Rdwy_Sys_ID,Rpt_Sec_Hwy_Num,Rpt_Sec_Hwy_Sfx,Rpt_Sec_Road_Part_ID,Rpt_Sec_Block_Num,Rpt_Sec_Street_Pfx,Rpt_Sec_Street_Name,Rpt_Sec_Street_Sfx,Rpt_Ref_Mark_Offset_Amt,Rpt_Ref_Mark_Dist_Uom,Rpt_Ref_Mark_Dir,Rpt_Ref_Mark_Nbr,Rpt_Sec_Street_Desc,Rpt_CrossingNumber,Wthr_Cond_ID,Light_Cond_ID,Entr_Road_ID,Road_Type_ID,Road_Algn_ID,Surf_Cond_ID,Traffic_Cntl_ID,Investigat_Notify_Time,Investigat_Notify_Meth,Investigat_Arrv_Time,Report_Date,Investigat_Comp_Fl,ORI_Number,Investigat_Agency_ID,Investigat_Area_ID,Investigat_District_ID,Investigat_Region_ID,Bridge_Detail_ID,Harm_Evnt_ID,Intrsct_Relat_ID,FHE_Collsn_ID,Obj_Struck_ID,Othr_Factr_ID,Road_Part_Adj_ID,Road_Cls_ID,Road_Relat_ID,Phys_Featr_1_ID,Phys_Featr_2_ID,Cnty_ID,City_ID,Latitude,Longitude,Hwy_Sys,Hwy_Nbr,Hwy_Sfx,Dfo,Street_Name,Street_Nbr,Control,Section,Milepoint,Ref_Mark_Nbr,Ref_Mark_Displ,Hwy_Sys_2,Hwy_Nbr_2,Hwy_Sfx_2,Street_Name_2,Street_Nbr_2,Control_2,Section_2,Milepoint_2,Txdot_Rptable_Fl,Onsys_Fl,Rural_Fl,Crash_Sev_ID,Pop_Group_ID,Located_Fl,Day_of_Week,Hwy_Dsgn_Lane_ID,Hwy_Dsgn_Hrt_ID,Hp_Shldr_Left,Hp_Shldr_Right,Hp_Median_Width,Base_Type_ID,Nbr_Of_Lane,Row_Width_Usual,Roadbed_Width,Surf_Width,Surf_Type_ID,Curb_Type_Left_ID,Curb_Type_Right_ID,Shldr_Type_Left_ID,Shldr_Width_Left,Shldr_Use_Left_ID,Shldr_Type_Right_ID,Shldr_Width_Right,Shldr_Use_Right_ID,Median_Type_ID,Median_Width,Rural_Urban_Type_ID,Func_Sys_ID,Adt_Curnt_Amt,Adt_Curnt_Year,Adt_Adj_Curnt_Amt,Pct_Single_Trk_Adt,Pct_Combo_Trk_Adt,Trk_Aadt_Pct,Curve_Type_ID,Curve_Lngth,Cd_Degr,Delta_Left_Right_ID,Dd_Degr,Feature_Crossed,Structure_Number,I_R_Min_Vert_Clear,Approach_Width,Bridge_Median_ID,Bridge_Loading_Type_ID,Bridge_Loading_In_1000_Lbs,Bridge_Srvc_Type_On_ID,Bridge_Srvc_Type_Under_ID,Culvert_Type_ID,Roadway_Width,Deck_Width,Bridge_Dir_Of_Traffic_ID,Bridge_Rte_Struct_Func_ID,Bridge_IR_Struct_Func_ID,CrossingNumber,RRCo,Poscrossing_ID,WDCode_ID,Standstop,Yield,Incap_Injry_Cnt,Nonincap_Injry_Cnt,Poss_Injry_Cnt,Non_Injry_Cnt,Unkn_Injry_Cnt,Tot_Injry_Cnt,Death_Cnt,MPO_ID,Investigat_Service_ID,Investigat_DA_ID,Investigator_Narrative
13397558,N,N,N,N,N,N,N,8/7/2013,3:50 PM,,,123,1688,Y,Y,29.9855,-94.00179,4,366,,1,,,NOT REPORTED,,N,N,45,N,N,,N,3,347,,,,,NOT REPORTED,,,,,,,,11,1,0,,4,1,20,3:55 PM,DPS LUFKIN,3:56 PM,8/7/2013,Y,,10000,17,58,1,8,7,4,1,56,35,1,3,2,21,21,123,1688,29.98812202,-94.00470035,,,,,FM 366,,,,,,,,,,,,,,,Y,N,Y,5,0,Y,WED,,,,,,,,,,,,,,,,,,,,,,,,,,,,,,,,,,,,,,,,,,,,,,,,,,,,,,,,0,0,0,1,0,0,0,135,,,
13397730,N,N,N,N,N,N,N,8/10/2013,3:28 PM,13082214,,170,92,N,Y,,,1,45,,1,1600,S,IH 45,,N,N,65,N,N,SOUTH IH 45 SOUTH,N,11,336,,,200,S,LOOP 336,,,,,,SOUTH LOOP 336 WEST,,2,1,0,2,6,2,20,3:30 PM,DISPATCHED,3:39 PM,8/10/2013,Y,TX1700100,325,,,122,8,7,4,1,39,1,1,1,4,21,21,170,92,30.28036407,-95.45775503,IH,45,,84.651,IH0045,,675,8,11.864,84,0.291,,,,,,,,,Y,Y,N,2,7,Y,SAT,5,0,10,10,22,9,4,300,88,48,6,0,0,2,20,5,2,20,5,2,2,4,11,72337,2014,72337,5.5,4.6,10.1,1,613,1,1,32,,,,,,,,,,,,,,,,,,,,,,0,2,0,0,0,2,0,15,,,
13398387,N,N,N,N,N,N,N,8/10/2013,7:19 PM,C13-26488,,105,1478,N,Y,,,5,12,,1,,,NOT REPORTED,,N,N,55,N,N,,Y,19,,,1,,,HILLS EDGE,DR,,,,,,,11,1,0,,1,1,1,7:07 PM,DISPATCHED,7:20 PM,8/10/2013,Y,TX1050000,1428,,,35,8,2,2,20,64,47,1,3,1,21,21,105,1478,,,,,,,RR0012,,,,,,,,,,HILLS EDGE DR,,,,,Y,Y,Y,5,3,N,SAT,,,,,,,,,,,,,,,,,,,,,,,,,,,,,,,,,,,,,,,,,,,,,,,,,,,,,,,,0,0,0,3,0,0,0,,,,
13398434,N,N,N,N,N,Y,N,8/10/2013,12:15 PM,13-101080,,31,189,N,Y,,,19,,,1,2100,,HALE,,N,N,35,N,N,,Y,19,,,1,800,,CAMALOT,,,,,,,,2,1,4,,1,2,8,12:15 PM,DISPATCH,12:23 PM,8/22/2013,Y,TX0310300,1417,,,23,8,2,1,10,64,54,1,5,1,21,21,31,189,26.16402562,-97.67448263,,,,,HALE ST,2739,,,,,,,,,CAMELOT DR,,,,,Y,N,N,5,7,Y,SAT,,,,,,,,,,,,,,,,,,,,,,,,,,,,,,,,,,,,,,,,,,,,,,,,,,,,,,,,0,0,0,2,0,0,0,201,,,
13398649,N,Y,N,N,N,N,N,8/9/2013,8:13 PM,,,68,1633,Y,Y,31.81676999,-102.38952,1,20,,1,,,NOT REPORTED,,N,N,75,N,N,,N,,,,,,,NOT REPORTED,,15,F,E,114,,,11,3,0,2,1,1,20,8:13 PM,DISPATCHED,8:25 PM,8/10/2013,Y,,10000,22,32,1,8,2,2,20,64,54,1,1,1,21,21,68,1633,31.81644924,-102.3916048,IH,20,,114.295,IH0020,,4,7,32.435,114,15,,,,NOT REPORTED,,,,,Y,Y,Y,5,0,Y,FRI,5,0,4,10,49,1,4,300,76,48,4,0,0,2,14,5,2,14,5,3,35,3,11,39026,2014,39026,3.4,39.3,42.7,,,,,,,,,,,,,,,,,,,,,,,,,,,0,0,0,3,0,0,0,174,,,
13398658,N,N,N,N,N,N,N,8/6/2013,5:10 PM,13080841,,31,53,N,N,,,19,,,1,400,,MCDAVITT,BLVD,N,N,30,N,N,,N,19,,,,400,,BON AIRE,LN,,,,,,,11,1,0,,4,1,20,5:13 PM,DISPATCHED,5:21 PM,8/6/2013,Y,TX0310100,172,,125,71,8,2,2,20,64,54,1,5,1,21,21,31,53,25.91716872,-97.48269041,,,,,MCDAVITT BLVD,497,,,,,,,,,BON AIRE LN,,,,,N,N,N,5,8,Y,TUE,,,,,,,,,,,,,,,,,,,,,,,,,,,,,,,,,,,,,,,,,,,,,,,,,,,,,,,,0,0,0,2,0,0,0,248,,,
13398669,N,N,N,N,N,N,N,8/11/2013,4:08 PM,SAPD13174316,7190,15,379,N,Y,,,19,,,1,9100,,DATAPOINT,,N,N,20,N,N,,Y,19,,,1,3849,,PARKDALE,,,,,,,,11,1,0,,1,1,1,2:10 PM,DISPATCHED,2:20 PM,8/11/2013,Y,TXSPD0000,2473,,61,123,8,2,3,13,64,14,1,5,1,32,21,15,379,29.52612495,-98.56340229,,,,,DATAPOINT DR,9600,,,,,,,,,,,,,,Y,N,N,5,9,Y,SUN,,,,,,,,,,,,,,,,,,,,,,,,,,,,,,,,,,,,,,,,,,,,,,,,,,,,,,,,0,0,0,1,1,0,0,28,,,
13398889,N,N,N,N,N,N,N,8/10/2013,6:23 PM,2013-39645,,46,389,N,Y,,,1,35,,1,19000,,IH35,,N,N,70,N,N,1900 IH 35 SOUTH,N,4,2252,,,5000,,2252,,,,,,5000 FM 2252,,12,1,0,2,1,1,20,6:28 PM,RADIO,6:30 PM,8/10/2013,Y,TX0940200,2098,,,120,8,2,4,20,64,42,1,1,1,21,21,46,389,29.61826139,-98.25414503,IH,35,,177.317,IH0035,,16,5,0.536,178,-0.236,,,,,,,,,Y,Y,N,5,6,Y,SAT,5,0,12,10,26,2,6,350,116,72,4,0,0,2,24,5,2,20,5,2,2,4,11,114701,2014,114701,3.4,11.2,14.6,,,,,,,,,,,,,,,,,,,,,,,,,,,0,0,0,3,0,0,0,28,,,
13398919,N,Y,N,N,N,N,N,8/4/2013,8:35 PM,,,81,1646,Y,Y,31.68672,-96.20071,2,84,,1,,,NOT REPORTED,,N,N,70,N,N,,N,,,,,,,NOT REPORTED,,0.4,M,W,748,,,11,1,0,1,4,1,11,8:39 PM,FCSO DISPATCH,9:16 PM,8/8/2013,Y,,10000,15,119,1,8,7,4,1,33,54,1,2,2,21,21,81,1646,31.68649602,-96.20087903,US,84,,491.527,US0084,,57,3,15.489,748,-0.4,,,,NOT REPORTED,,,,,Y,Y,Y,5,0,Y,SUN,2,0,8,8,0,9,2,120,46,26,6,0,0,2,8,5,2,8,5,0,0,1,6,5999,2014,5999,6.8,21.4,28.2,,,,,,,,,,,,,,,,,,,,,,,,,,,0,0,0,2,0,0,0,,,,
13399124,N,N,N,N,N,N,N,8/11/2013,3:02 PM,0100600713C,,101,208,N,Y,,,19,,,1,1300,,HOLCOMBE,BLVD,N,N,30,N,N,CITY STREET,Y,19,,,1,1200,,BATES,,,,,,,,11,1,0,,1,1,20,3:23 PM,DISPATCH,3:33 PM,8/11/2013,Y,TXHPD0000,2469,9,113,29,8,2,1,34,64,54,1,5,1,21,21,101,208,29.70615481,-95.39904308,,,,,HOLCOMBE BLVD,1300,,,,,,,,,UNKNOWN,,,,,Y,N,N,5,9,Y,SUN,,,,,,,,,,,,,,,,,,,,,,,,,,,,,,,,,,,,,,,,,,,,,,,,,,,,,,,,0,0,0,2,0,0,0,15,,,
13399146,N,N,N,N,N,N,N,8/10/2013,6:08 PM,SAPD13173629,6130,15,379,N,N,,,19,,,7,4500,S,ZARZAMORA,ST,N,N,5,N,N,4500 S.ZARZAMORA ST. (PRIVATE PROPERTY),N,19,,,,4500,S,ZARZAMORA,ST,,,,,,,12,1,0,,1,1,1,6:09 PM,DISPATCHED,6:15 PM,8/10/2013,N,TXSPD0000,2473,,11,175,8,4,4,4,64,12,7,9,5,33,21,15,379,,,,,,,S ZARZAMORA ST,,,,,,,,,,,,,,,N,N,N,0,9,N,SAT,,,,,,,,,,,,,,,,,,,,,,,,,,,,,,,,,,,,,,,,,,,,,,,,,,,,,,,,0,0,0,0,2,0,0,,,,
13399164,N,N,N,N,N,N,N,8/6/2013,10:20 PM,13-15187,,221,2,N,N,,,19,,,1,1000,,POPLAR,ST,N,N,30,N,N,,Y,19,,,1,1200,,SOUTH 11TH,,,,,,,,11,4,4,,1,1,8,10:21 PM,RADIO,10:28 PM,8/6/2013,N,TX2210100,10,,,87,8,4,2,1,64,3,1,5,1,21,21,221,2,32.43733444,-99.73972185,,,,,POPLAR ST,1101,,,,,,,,,S 11TH ST,,,,,N,N,N,0,8,Y,TUE,,,,,,,,,,,,,,,,,,,,,,,,,,,,,,,,,,,,,,,,,,,,,,,,,,,,,,,,0,0,0,0,1,0,0,166,,,
13399170,N,N,N,N,N,N,N,8/11/2013,9:00 PM,205778A,205779A,57,107,N,Y,,,17,,,1,2700,,MCKINNEY,AVE,Y,N,15,N,N,PARKING LOT,N,19,,,,2500,,BOLL,ST,,,,,LOCAL ROAD,,11,4,0,,1,1,1,10:05 PM,DISPATCHED,10:15 PM,8/11/2013,N,TX0000006,2471,,,35,8,4,4,4,64,12,7,9,5,33,21,57,107,,,,,,,MCKINNEY AVE,,,,,,,,,,,,,,,N,N,N,0,9,N,SUN,,,,,,,,,,,,,,,,,,,,,,,,,,,,,,,,,,,,,,,,,,,,,,,,,,,,,,,,0,0,0,0,1,0,0,,,,
13399204,N,N,N,N,N,N,N,8/10/2013,6:30 PM,,,27,1592,Y,Y,30.5866,-98.19057,6,1431,,1,,,NOT REPORTED,,N,N,55,N,N,,N,15,341,A,,,,NOT REPORTED,,,,,,,,11,1,0,1,5,1,12,6:32 PM,BURNET SO DISPATCH,6:38 PM,8/12/2013,Y,,10000,1,22,1,8,10,4,1,1,3,1,3,2,21,21,27,1592,30.58868379,-98.20151049,RM,1431,,25.07,RM1431,4999,1378,3,4.946,518,0.566,,,,,,,,,Y,Y,Y,3,0,Y,SAT,2,0,6,6,0,2,2,83,36,24,4,0,0,2,6,5,2,6,5,0,0,1,7,7888,2014,7888,12,1.2,13.2,,,,,,,,,,,,,,,,,,,,,,,,,,,0,0,4,0,0,4,0,90,,,
13399257,N,N,N,N,N,N,N,8/12/2013,1:30 AM,0100819113C,FSGI,101,208,N,Y,,,1,610,,2,7400,S,SOUTH LP E SER N,,N,N,40,N,N,CONCRETE,Y,19,,,2,7200,,GULF,FWY,,,,,,,11,4,0,2,1,1,1,2:03 AM,DISPATCH,2:08 AM,8/12/2013,Y,TXHPD0000,2469,16,104,28,8,2,1,10,64,54,2,1,1,21,21,101,208,29.69722621,-95.28877381,IH,45,,40.659,IH0045,,500,3,16.765,41,-0.429,IH,610,,IH0610,,,,,Y,Y,N,3,9,Y,MON,5,1,12,10,44,9,8,300,140,96,5,0,0,2,22,5,2,22,5,2,22,4,11,224584,2014,224584,5.5,4.6,10.1,,,,,,,,,,,,,,,,,,,,,,,,,,,0,0,1,0,1,1,0,15,,,
13399303,N,N,N,N,N,N,N,8/12/2013,2:20 AM,2013-68988,,108,283,N,Y,,,4,1926,,1,4000,N,23RD,ST,N,N,40,N,N,,Y,4,3461,,1,2300,W,NOLANA,AVE,,,,,,,11,4,0,,1,1,5,2:20 AM,DISPATCHED,2:25 AM,8/12/2013,Y,TX1080800,1753,,,35,8,2,1,28,64,54,1,3,1,21,21,108,283,,,FM,1926,,,FM1926,,,,,,,FM,3461,,FM3461,,,,,Y,Y,N,5,8,N,MON,,,,,,,,,,,,,,,,,,,,,,,,,,,,,,,,,,,,,,,,,,,,,,,,,,,,,,,,0,0,0,6,1,0,0,,,,
13399677,N,N,N,N,N,Y,N,8/5/2013,10:55 AM,13-00333,,14,188,N,Y,31.06748,-97.66878,19,,,1,200,,MILLERS CROSSING,,N,N,30,N,N,,N,4,2410,,7,400,,FM 2410,,,,,,KNIGHTS WAY,,11,1,0,,1,1,20,10:57 AM,RADIO,11:01 AM,8/5/2013,Y,TX0140300,1415,,,,8,2,3,10,64,14,1,5,1,32,21,14,188,31.065446,-97.66535279,,,,,MILLERS XING,306,,,,,,,,,,,,,,Y,N,N,2,6,Y,MON,,,,,,,,,,,,,,,,,,,,,,,,,,,,,,,,,,,,,,,,,,,,,,,,,,,,,,,,0,1,0,3,0,1,0,277,,,
13399899,N,Y,N,N,N,N,N,8/2/2013,7:09 PM,,,61,385,N,Y,,,4,455,,1,2858,,FM 455,,N,N,55,N,N,FM 455,N,19,,,1,,,MARION RD,,,,,,MARION PD,,11,1,0,1,1,1,1,7:10 PM,DISPATCH,7:20 PM,8/2/2013,Y,,2089,,,,8,2,3,34,64,13,1,3,1,32,21,61,385,33.37208456,-97.14897781,FM,455,,47.758,FM0455,2573,816,2,14.43,578,0.686,,,,,,,,,Y,Y,N,3,4,Y,FRI,2,0,5,5,0,1,2,90,30,20,4,0,0,2,5,5,2,5,5,0,0,1,6,5106,2014,5106,4.7,0.8,5.5,,,,,,,,,,,,,,,,,,,,,,,,,,,0,0,1,3,0,1,0,282,,,
13399919,N,N,N,N,N,N,N,8/6/2013,2:33 PM,2013-019663,,123,30,N,Y,,,4,69,,1,3800,,CARDINAL DRIVE,,N,N,75,N,N,,N,19,,,1,4800,,STONEOAK,,,,,,,,11,1,3,2,1,1,11,2:40 PM,DISPATCH,2:40 PM,8/6/2013,Y,TX1230100,104,,,,8,7,4,1,39,31,1,2,4,21,21,123,30,30.04041298,-94.12125504,US,69,,329.33,US0069,,200,14,3.089,528,-0.179,,,,,,,,,Y,Y,N,5,8,Y,TUE,5,0,4,10,40,3,4,300,78,48,6,0,0,2,8,5,2,20,5,,32,3,12,62772,2014,62772,1.6,7.8,9.4,,,,,,,,,,,,,,,,,,,,,,,,,,,0,0,0,3,0,0,0,135,,,
13400314,N,N,N,N,N,N,N,8/5/2013,12:09 PM,C13-001361,,14,236,N,Y,,,3,195,,1,3300,S,FT HOOD,ST,N,N,50,N,N,,N,19,,,1,900,W,ELMS,RD,,,,,,,11,1,0,,1,1,5,12:16 PM,DISPATCHED,12:23 PM,8/5/2013,Y,TX0140400,1587,,,,8,2,2,21,64,9,1,2,1,21,21,14,236,,,SH,195,,,SH0195,,,,,,,,,,W ELMS RD,,,,,Y,Y,N,5,8,N,MON,,,,,,,,,,,,,,,,,,,,,,,,,,,,,,,,,,,,,,,,,,,,,,,,,,,,,,,,0,0,0,3,0,0,0,,,,
13400611,N,N,N,N,N,N,N,8/6/2013,7:38 PM,1300055547,,220,179,N,Y,,,19,,,1,1700,,WILLIAM D TATE,AVE,N,N,40,Y,Y,,N,19,,,1,1700,,CROSSROADS,DR,,,,,,,11,1,0,,1,1,1,7:45 PM,DISPATCH,7:48 PM,8/6/2013,Y,TX2201300,1379,,,44,8,2,3,34,64,49,1,5,1,32,21,220,179,32.92311008,-97.09037238,,,,,WILLIAM D TATE AVE,1583,,,,,,,,,,,,,,Y,N,N,3,6,Y,TUE,,,,,,,,,,,,,,,,,,,,,,,,,,,,,,,,,,,,,,,,,,,,,,,,,,,,,,,,0,0,1,1,0,1,0,282,,,
13400882,N,N,N,N,N,N,N,8/5/2013,6:42 PM,13-001282,,84,118,N,Y,,,4,646,,1,100,,FM 646,,N,N,50,N,N,4 LANE CONCRETE,Y,4,517,,1,750,W,FM 517,RD,,,,,4 LANE,,11,1,4,1,4,1,9,6:46 PM,RADIO,6:53 PM,8/5/2013,Y,TX0840200,1204,,,,8,2,2,22,64,46,1,3,1,21,21,84,118,29.4419651,-95.09242249,FM,517,,8.327,FM0517,,978,1,8.254,690,-0.683,FM,646,,FM0646,,3049,1,10.075,Y,Y,N,5,5,Y,MON,2,0,0,0,0,2,2,100,29,24,5,2,2,1,0,0,1,0,0,0,0,3,16,25082,2014,25082,2,0.6,2.6,1,80,0,,0,,,,,,,,,,,,,,,,,,,,,,0,0,0,2,0,0,0,15,,,
13400892,N,N,N,N,N,N,N,8/7/2013,1:09 PM,13-54799,,105,383,N,Y,,,1,35,,5,1500,,NOT REPORTED,,N,N,45,N,N,WEST ACCESS RD,Y,19,,,1,1600,,AQUARONA SPRINGS,DR,,,,,,,11,1,0,2,1,1,9,1:22 PM,DISPATCH,1:22 PM,8/7/2013,Y,TX1050100,2084,42,93,112,8,2,2,22,64,38,2,1,1,21,21,105,383,29.89349458,-97.91202609,IH,35,,205.999,IH0035,,16,3,8.844,206,0.471,,,,AQUARENA SPRINGS DR,,,,,Y,Y,N,5,7,Y,WED,5,0,2,10,6,2,6,300,96,72,4,0,0,2,4,5,2,20,5,,2,3,11,97441,2014,97441,4.9,8,13,,,,,,,,,,,,,,,,,,,,,,,,,,,0,0,0,4,0,0,0,90,,,
13400938,N,N,N,N,N,N,N,8/12/2013,3:18 PM,2.01E+11,,233,112,N,N,,,2,90,,1,2415,N,VETERANS,BLVD,Y,N,15,N,N,RESTURANT PARKING LOT,N,19,,,,100,,BRADDIE,DR,,,,,,,12,1,98,,7,1,1,3:18 PM,WITNESSED,3:18 PM,8/12/2013,Y,TX2330100,1191,,,23,8,4,4,4,64,12,7,9,5,33,21,233,112,,,US,90,,,US0090,,,,,,,,,,,,,,,N,Y,N,5,6,N,MON,,,,,,,,,,,,,,,,,,,,,,,,,,,,,,,,,,,,,,,,,,,,,,,,,,,,,,,,0,0,0,2,0,0,0,,,,
13401300,N,N,N,N,N,Y,N,8/5/2013,5:00 PM,13-77475,,220,156,N,Y,32.68243,-97.37202,19,,,1,4500,,WABASH,AVE,N,N,45,N,N,,Y,19,,,1,4500,,TRAIL LAKE,DR,,,,,,,11,1,4,,5,1,5,5:18 PM,DISPATCHED,5:22 PM,8/5/2013,Y,TX2201200,1318,4,19,23,8,2,1,34,64,54,1,5,1,21,21,220,156,32.6814843,-97.37290243,,,,,WABASH AVE,4699,,,,,,,,,TRAIL LAKE DR,,,,,Y,N,N,2,9,Y,MON,,,,,,,,,,,,,,,,,,,,,,,,,,,,,,,,,,,,,,,,,,,,,,,,,,,,,,,,0,1,0,3,0,1,0,282,,,
13401378,N,N,N,N,N,N,N,8/12/2013,2:00 PM,SAPD13175008,6240,15,379,N,Y,,,19,,,1,6100,S,FLORES,ST,N,N,35,Y,Y,DRY BLACK TOP,N,19,,,,100,W,PYRON,AVE,,,,,DRY BLACK TOP,,11,1,4,,1,1,5,2:00 PM,DISPATCHED,2:15 PM,8/12/2013,Y,TXSPDOOOO,2473,,11,175,8,2,2,22,64,49,1,5,1,21,21,15,379,29.36390498,-98.49398231,,,,,S FLORES ST,6100,,,,,,,,,UNKNOWN,,,,,Y,N,N,3,9,Y,MON,,,,,,,,,,,,,,,,,,,,,,,,,,,,,,,,,,,,,,,,,,,,,,,,,,,,,,,,0,0,2,2,1,2,0,28,,,
13401493,N,N,N,N,N,Y,N,8/6/2013,1:15 PM,0098305913M,,101,208,N,Y,,,19,,,1,800,,PIERCE,ST,N,N,30,N,N,,N,19,,,,,,TRAVIS,,,,,,,,11,1,0,,1,1,20,1:28 PM,DISPATCHED,1:37 PM,8/18/2013,Y,TXHPD0000,2469,16,121,35,8,2,4,21,64,9,1,5,1,21,21,101,208,29.75008927,-95.37183562,,,,,PIERCE ST,884,,,,,,,,,,,,,,Y,N,N,5,9,Y,TUE,,,,,,,,,,,,,,,,,,,,,,,,,,,,,,,,,,,,,,,,,,,,,,,,,,,,,,,,0,0,0,4,0,0,0,15,,,
13401524,N,N,N,N,N,N,N,8/13/2013,7:00 PM,sapd13176053,5320,15,379,N,Y,,,19,,,1,,,INGRAM,RD,N,N,35,N,N,DRY,Y,19,,,1,,,WURZBACH,RD,,,,,,,11,1,3,,4,1,5,7:15 PM,DISPATCHED,7:20 PM,8/13/2013,Y,TXSPD0000,2473,,19,148,8,2,2,22,64,42,1,5,1,21,21,15,379,29.46603497,-98.62195228,,,,,INGRAM RD,6599,,,,,,,,,WURZBACH RD,,,,,Y,N,N,5,9,Y,TUE,,,,,,,,,,,,,,,,,,,,,,,,,,,,,,,,,,,,,,,,,,,,,,,,,,,,,,,,0,0,0,2,0,0,0,28,,,
13401773,N,N,N,N,N,N,N,8/2/2013,6:03 PM,132141560,LTS,227,22,N,N,,,1,35,,2,5700,S,SVRD SB,,N,N,0,N,N,,N,19,,,,,E,STASSNEY,LN,,,,,,,11,1,0,2,3,1,5,6:03 PM,DISPATCH,6:08 PM,8/2/2013,Y,TX2270100,74,,,290,8,2,2,22,64,38,2,1,1,21,21,227,22,30.19839224,-97.76414544,IH,35,,228.967,IH0035,,15,13,12.542,229,0.485,,,,E STASSNEY LN,,,,,Y,Y,N,1,9,Y,FRI,5,0,3,10,36,2,6,300,98,72,4,0,0,2,6,5,2,20,5,,30,4,11,160919,2014,160919,4.9,8,13,,,,,,,,,,,,,,,,,,,,,,,,,,,1,0,0,3,1,1,0,90,,,
13401794,N,N,N,N,N,N,N,8/4/2013,2:57 PM,132161103,,227,22,N,N,,,19,,,1,1000,E,38TH 12,,N,N,30,N,N,,N,1,35,,,,N,SB SVC,RD,,,,,,,11,1,0,,1,1,20,2:57 PM,DISPATCH,3:04 PM,8/4/2013,Y,TX2270100,74,,,125,8,2,4,30,64,54,1,5,1,21,21,227,22,30.30933188,-97.71161818,,,,,E 50TH ST,1059,,,,,,,,,,,,,,Y,N,N,2,9,Y,SUN,,,,,,,,,,,,,,,,,,,,,,,,,,,,,,,,,,,,,,,,,,,,,,,,,,,,,,,,0,1,0,1,0,1,0,90,,,
13401872,N,N,N,N,N,N,N,8/6/2013,5:30 PM,132181395,,227,22,N,Y,,,19,,,1,2600,,HILLVIEW,RD,N,N,30,N,N,,N,19,,,,,,TARRYHOLLOW,DR,,,,,,,11,1,0,,1,1,1,5:39 PM,FLAGGED DOWN,5:39 PM,8/6/2013,Y,TX2270100,74,,120,14,8,2,2,22,64,36,1,5,1,21,21,227,22,30.30258583,-97.76765134,,,,,HILLVIEW RD,2608,,,,,,,,,TARRYHOLLOW DR,,,,,Y,N,N,5,9,Y,TUE,,,,,,,,,,,,,,,,,,,,,,,,,,,,,,,,,,,,,,,,,,,,,,,,,,,,,,,,0,0,0,3,0,0,0,90,,,
13401956,N,N,N,N,N,N,N,8/9/2013,11:15 AM,0099624713S,,101,208,N,Y,,,19,,,1,3700,,ALMEDA,RD,N,N,30,N,N,CONCRETE,N,19,,,,1600,,ALABAMA,,,,,,,,11,1,0,,1,1,20,11:25 AM,DISPATCHED,11:29 AM,8/13/2013,Y,TXHPD0000,2469,6,113,29,8,7,4,1,27,54,1,5,1,21,21,101,208,29.7345626,-95.37472479,,,,,ALMEDA RD,3802,,,,,,,,,,,,,,Y,N,N,5,9,Y,FRI,,,,,,,,,,,,,,,,,,,,,,,,,,,,,,,,,,,,,,,,,,,,,,,,,,,,,,,,0,0,0,2,0,0,0,15,,,
13402049,N,N,N,N,N,N,N,8/13/2013,8:24 AM,SAPD13175566,3170,15,379,N,Y,,,19,,,1,500,,OAK CENTRE,DR,N,N,30,N,N,,N,19,,,,19000,,STONE OAK,PKWY,,,,,,,11,1,0,,1,1,1,8:28 AM,DISPATCHED,8:29 AM,8/13/2013,Y,TXSPD0000,2473,,29,131,8,2,3,11,64,14,1,5,1,32,21,15,379,29.61890364,-98.4925402,,,,,OAK CENTRE DR,557,,,,,,,,,,,,,,Y,N,N,5,9,Y,TUE,,,,,,,,,,,,,,,,,,,,,,,,,,,,,,,,,,,,,,,,,,,,,,,,,,,,,,,,0,0,0,2,0,0,0,28,,,
13402140,N,N,N,N,N,N,N,8/4/2013,7:11 AM,,,61,1626,Y,Y,33.11275,-97.1016,19,,,1,,,ORCHID HILL,RD,N,N,30,N,N,,N,19,,,,,,BLUFF,CT,,,,,,,11,2,0,,1,1,11,7:11 AM,DENTON COUNTY SO,7:50 AM,8/4/2013,Y,,10000,16,118,1,8,7,4,1,32,29,1,5,2,21,21,61,660,33.11250538,-97.09887805,,,,,ORCHID HILL RD,824,,,,,,,,,,,,,,Y,N,Y,5,1,Y,SUN,,,,,,,,,,,,,,,,,,,,,,,,,,,,,,,,,,,,,,,,,,,,,,,,,,,,,,,,0,0,0,1,0,0,0,282,,,
13402384,N,N,N,N,N,N,N,8/10/2013,7:30 PM,0100277213R,FSGI,101,208,N,Y,,,19,,,1,5800,,PINEMONT,DR,N,N,35,N,N,WET CONCRETE,N,19,,,,5300,,ANTOINE,DR,,,,,,,2,1,0,,1,2,20,7:47 PM,DISPATCHED,7:54 PM,8/10/2013,Y,TXHPD0000,2469,16,152,27,8,2,4,20,64,54,1,5,1,21,21,101,208,29.84088655,-95.47356836,,,,,PINEMONT DR,5803,,,,,,,,,,,,,,Y,N,N,5,9,Y,SAT,,,,,,,,,,,,,,,,,,,,,,,,,,,,,,,,,,,,,,,,,,,,,,,,,,,,,,,,0,0,0,2,1,0,0,15,,,