Crash_ID,Crash_Fatal_Fl,Cmv_Involv_Fl,Schl_Bus_Fl,Rr_Relat_Fl,Medical_Advisory_Fl,Amend_Supp_Fl,Active_School_Zone_Fl,Crash_Date,Crash_Time,Case_ID,Local_Use,Rpt_CRIS_Cnty_ID,Rpt_City_ID,Rpt_Outside_City_Limit_Fl,Thousand_Damage_Fl,Rpt_Latitude,Rpt_Longitude,Rpt_Rdwy_Sys_ID,Rpt_Hwy_Num,Rpt_Hwy_Sfx,Rpt_Road_Part_ID,Rpt_Block_Num,Rpt_Street_Pfx,Rpt_Street_Name,Rpt_Street_Sfx,Private_Dr_Fl,Toll_Road_Fl,Crash_Speed_Limit,Road_Constr_Zone_Fl,Road_Constr_Zone_Wrkr_Fl,Rpt_Street_Desc,At_Intrsct_Fl,Rpt_Sec_Rdwy_Sys_ID,Rpt_Sec_Hwy_Num,Rpt_Sec_Hwy_Sfx,Rpt_Sec_Road_Part_ID,Rpt_Sec_Block_Num,Rpt_Sec_Street_Pfx,Rpt_Sec_Street_Name,Rpt_Sec_Street_Sfx,Rpt_Ref_Mark_Offset_Amt,Rpt_Ref_Mark_Dist_Uom,Rpt_Ref_Mark_Dir,Rpt_Ref_Mark_Nbr,Rpt_Sec_Street_Desc,Rpt_CrossingNumber,Wthr_Cond_ID,Light_Cond_ID,Entr_Road_ID,Road_Type_ID,Road_Algn_ID,Surf_Cond_ID,Traffic_Cntl_ID,Investigat_Notify_Time,Investigat_Notify_Meth,Investigat_Arrv_Time,Report_Date,Investigat_Comp_Fl,ORI_Number,Investigat_Agency_ID,Investigat_Area_ID,Investigat_District_ID,Investigat_Region_ID,Bridge_Detail_ID,Harm_Evnt_ID,Intrsct_Relat_ID,FHE_Collsn_ID,Obj_Struck_ID,Othr_Factr_ID,Road_Part_Adj_ID,Road_Cls_ID,Road_Relat_ID,Phys_Featr_1_ID,Phys_Featr_2_ID,Cnty_ID,City_ID,Latitude,Longitude,Hwy_Sys,Hwy_Nbr,Hwy_Sfx,Dfo,Street_Name,Street_Nbr,Control,Section,Milepoint,Ref_Mark_Nbr,Ref_Mark_Displ,Hwy_Sys_2,Hwy_Nbr_2,Hwy_Sfx_2,Street_Name_2,Street_Nbr_2,Control_2,Section_2,Milepoint_2,Txdot_Rptable_Fl,Onsys_Fl,Rural_Fl,Crash_Sev_ID,Pop_Group_ID,Located_Fl,Day_of_Week,Hwy_Dsgn_Lane_ID,Hwy_Dsgn_Hrt_ID,Hp_Shldr_Left,Hp_Shldr_Right,Hp_Median_Width,Base_Type_ID,Nbr_Of_Lane,Row_Width_Usual,Roadbed_Width,Surf_Width,Surf_Type_ID,Curb_Type_Left_ID,Curb_Type_Right_ID,Shldr_Type_Left_ID,Shldr_Width_Left,Shldr_Use_Left_ID,Shldr_Type_Right_ID,Shldr_Width_Right,Shldr_Use_Right_ID,Median_Type_ID,Median_Width,Rural_Urban_Type_ID,Func_Sys_ID,Adt_Curnt_Amt,Adt_Curnt_Year,Adt_Adj_Curnt_Amt,Pct_Single_Trk_Adt,Pct_Combo_Trk_Adt,Trk_Aadt_Pct,Curve_Type_ID,Curve_Lngth,Cd_Degr,Delta_Left_Right_ID,Dd_Degr,Feature_Crossed,Structure_Number,I_R_Min_Vert_Clear,Approach_Width,Bridge_Median_ID,Bridge_Loading_Type_ID,Bridge_Loading_In_1000_Lbs,Bridge_Srvc_Type_On_ID,Bridge_Srvc_Type_Under_ID,Culvert_Type_ID,Roadway_Width,Deck_Width,Bridge_Dir_Of_Traffic_ID,Bridge_Rte_Struct_Func_ID,Bridge_IR_Struct_Func_ID,CrossingNumber,RRCo,Poscrossing_ID,WDCode_ID,Standstop,Yield,Incap_Injry_Cnt,Nonincap_Injry_Cnt,Poss_Injry_Cnt,Non_Injry_Cnt,Unkn_Injry_Cnt,Tot_Injry_Cnt,Death_Cnt,MPO_ID,Investigat_Service_ID,Investigat_DA_ID,Investigator_Narrative
13402386,N,N,N,N,N,N,N,8/12/2013,4:30 PM,0101073913C,,101,208,N,Y,,,19,,,1,4700,W,18TH,ST,N,N,35,N,N,WET CONCRETE,Y,19,,,1,1800,,MANGUM,,,,,,,,12,1,0,,1,2,5,4:34 PM,DISPATCHED,4:42 PM,8/12/2013,Y,TXHPD0000,2469,16,152,27,8,2,1,34,64,54,1,5,1,21,21,101,208,29.8015648,-95.45873306,,,,,W 18TH ST,,,,,,,,,,MANGUM RD,,,,,Y,N,N,3,9,Y,MON,,,,,,,,,,,,,,,,,,,,,,,,,,,,,,,,,,,,,,,,,,,,,,,,,,,,,,,,0,0,2,1,0,2,0,15,,,
13402389,N,N,N,N,N,N,N,8/4/2013,2:55 PM,0097440813T,,101,208,N,Y,,,1,610,,1,200,N,NORTH LP W,,N,N,60,N,N,CONCRETE,N,19,,,,,,YALE,,,,,,,,2,1,0,,1,2,20,3:01 PM,DISPATCH,3:07 PM,8/4/2013,Y,TXHPD0000,2469,18,152,27,8,7,4,1,58,1,1,1,2,21,21,101,208,,,IH,610,,,IH0610,,,,,,,,,,,,,,,Y,Y,N,3,9,N,SUN,,,,,,,,,,,,,,,,,,,,,,,,,,,,,,,,,,,,,,,,,,,,,,,,,,,,,,,,0,0,1,0,0,1,0,,,,
13402408,N,N,N,N,N,N,N,8/13/2013,4:47 PM,0101546013R,FSGI,101,208,N,Y,,,19,,,1,4600,,LOCKWOOD,DR,N,N,30,N,N,CONCRETE,N,19,,,,5400,,BUNTE,,,,,,,,11,1,0,,1,1,1,4:55 PM,DISPATCHED,5:00 PM,8/13/2013,Y,TXHPD0000,2469,24,124,113,8,2,1,24,64,25,1,5,1,21,21,101,208,29.80355535,-95.31701909,,,,,LOCKWOOD DR,4755,,,,,,,,,BUNTE ST,,,,,Y,N,N,5,9,Y,TUE,,,,,,,,,,,,,,,,,,,,,,,,,,,,,,,,,,,,,,,,,,,,,,,,,,,,,,,,0,0,0,2,1,0,0,15,,,
13402450,N,N,N,N,N,N,N,8/3/2013,2:32 AM,,,184,1749,Y,Y,32.59295,-97.58418,2,377,,1,,,NOT REPORTED,,N,N,65,N,N,,N,15,,,,,,PATE,RD,,,,,,,11,3,0,2,1,1,11,2:51 AM,DPS COMMUNICATIONS,3:08 AM,8/3/2013,Y,TXDPS1900,10000,12,118,1,8,2,4,20,32,54,1,2,1,21,21,184,1749,32.59074771,-97.58721651,US,377,,110.931,US0377,17474,80,6,3.522,316,-0.393,,,,,,,,,Y,Y,Y,3,0,Y,SAT,3,0,8,8,116,3,4,250,80,48,4,0,0,2,16,5,2,16,5,3,100,1,2,20441,2014,20441,3.1,2.8,5.9,,,,,,,,,,,,,,,,,,,,,,,,,,,0,0,1,0,1,1,0,282,,,
13402661,N,N,N,N,N,N,N,8/8/2013,6:50 PM,202907A,,57,107,N,Y,,,1,30,,3,3300,,TOM LANDRY,FWY,N,N,35,Y,N,,Y,19,,,3,1600,N,WESTMORELAND,RD,,,,,,,11,1,2,2,1,1,5,6:57 PM,DROVE ON IT,6:59 PM,8/8/2013,Y,TX0000006,2471,,,44,8,2,1,34,64,49,3,1,1,21,21,57,107,32.76744305,-96.87392525,IH,30,,41.244,IH0030,,1068,4,9.481,41,0.227,,,,N WESTMORELAND RD,,,,,Y,Y,N,5,9,Y,THU,5,0,6,10,16,3,6,320,104,72,5,0,0,2,12,5,2,20,5,2,4,4,11,115119,2014,115119,1.6,7.8,9.4,,,,,,,,,,,,,,,,,,,,,,,,,,,0,0,0,4,0,0,0,282,,,
13402670,N,N,N,N,N,N,N,8/14/2013,5:45 PM,13-20883,,227,1792,Y,Y,30.41214,-97.92685,19,,,1,5000,,HUDSON BEND,RD,N,N,45,N,N,,Y,19,,,1,5100,,BEACON,DR,,,,,,,12,1,0,,1,1,11,5:46 PM,RADIO DISPATCH,5:54 PM,8/14/2013,Y,TX2270000,2292,,3,117,8,2,1,34,64,13,1,4,1,32,21,227,1792,30.41208476,-97.92681241,,,,,HUDSON BEND RD,4999,,,,,,,,,BEACON DR,,,,,Y,N,Y,5,0,Y,WED,,,,,,,,,,,,,,,,,,,,,,,,,,,,,,,,,,,,,,,,,,,,,,,,,,,,,,,,0,0,0,2,0,0,0,90,,,
13402722,N,N,N,N,N,N,N,8/10/2013,2:25 AM,SAPD13173192,5170,15,379,N,Y,,,19,,,1,5803,,BRANCH VALLEY,,N,N,30,N,N,LOCAL ROAD,N,19,,,,7000,,GRAND VALLEY,,,,,,LOCAL ROAD,,11,4,98,,1,1,1,2:48 AM,DISPATCH,2:54 AM,8/13/2013,N,TXSPD0000,2473,,19,148,8,7,4,1,31,54,1,5,2,21,21,15,379,29.64143403,-98.4771401,,,,,BRANCH SPG,1108,,,,,,,,,,,,,,Y,N,N,5,9,Y,SAT,,,,,,,,,,,,,,,,,,,,,,,,,,,,,,,,,,,,,,,,,,,,,,,,,,,,,,,,0,0,0,2,0,0,0,28,,,
13402908,N,N,N,N,N,N,N,8/8/2013,1:57 PM,P13-14114,,174,303,N,Y,,,19,,,1,500,,COX,ST,N,N,30,N,N,,Y,19,,,1,500,,WEAVER,ST,,,,,,,11,1,98,,5,1,1,1:59 PM,DISPATCH,2:03 PM,8/8/2013,Y,TX1740200,1825,,,,8,2,1,30,64,54,1,5,1,21,21,174,303,31.6012344,-94.66131319,,,,,W COX ST,499,,,,,,,,,WEAVER ST,,,,,Y,N,N,5,6,Y,THU,,,,,,,,,,,,,,,,,,,,,,,,,,,,,,,,,,,,,,,,,,,,,,,,,,,,,,,,0,0,0,5,0,0,0,,,,
13403067,N,N,N,N,N,N,N,8/6/2013,8:24 AM,13-113658,,191,12,N,N,,,1,27,,3,3600,,NOT REPORTED,,N,N,60,N,N,,N,19,,,1,3600,S,MONROE,,,,,,,,11,1,0,,2,1,9,7:59 AM,DISPATCH,8:04 AM,8/6/2013,N,TX1880100,33,,,114,8,2,2,22,64,42,3,1,1,21,21,191,12,,,IH,27,,,IH0027,,,,,,,,,,S MONROE,,,,,N,Y,N,5,8,N,TUE,,,,,,,,,,,,,,,,,,,,,,,,,,,,,,,,,,,,,,,,,,,,,,,,,,,,,,,,0,0,0,3,0,0,0,,,,
13403149,N,N,N,N,Y,N,N,8/3/2013,9:21 PM,1300035887,,46,309,N,N,,,19,,,7,700,,MISSION HTS,,N,N,30,N,N,LOCAL ROAD,N,19,,,,800,,VALLEY VIEW,LN,,,,,LOCAL ROAD,,11,3,0,,1,1,1,9:25 PM,DISPATCHED,9:35 PM,8/3/2013,Y,TX0460100,1841,,73,104,8,7,4,1,36,3,1,5,2,21,21,46,309,29.70378007,-98.15494072,,,,,MISSION HTS,793,,,,,,,,,,,,,,N,N,N,5,7,Y,SAT,,,,,,,,,,,,,,,,,,,,,,,,,,,,,,,,,,,,,,,,,,,,,,,,,,,,,,,,0,0,0,1,0,0,0,28,,,
13403150,N,N,N,N,N,N,N,8/4/2013,2:52 PM,1300036001,,46,309,N,Y,,,19,,,1,100,W,COUNTYLINE,RD,N,N,35,N,N,,N,19,,,1,2000,,MCQUEENEY RD,RD,,,,,,,11,1,0,,2,1,11,2:57 PM,DISPATCHED,3:00 PM,8/4/2013,Y,TX0460100,1841,,73,17,8,7,4,1,30,54,1,5,2,21,21,46,309,29.67669818,-98.10590527,,,,,W COUNTY LINE RD,,,,,,,,,,,,,,,Y,N,N,5,7,Y,SUN,,,,,,,,,,,,,,,,,,,,,,,,,,,,,,,,,,,,,,,,,,,,,,,,,,,,,,,,0,0,0,1,0,0,0,28,,,
13403432,N,N,N,N,N,N,N,8/5/2013,5:47 PM,13-27617,,152,270,N,Y,,,3,114,,1,4400,,19TH,ST,N,N,45,N,N,,N,19,,,1,1800,,QUAKER,AVE,,,,,,,11,1,0,3,1,1,20,6:12 PM,POLICE RADIO,6:19 PM,8/5/2013,Y,TX1520200,1706,,,,8,2,3,22,64,47,1,2,1,32,21,152,270,33.57785978,-101.9053182,SH,114,,69.935,SH0114,4411,130,5,15.127,296,0.138,,,,,,,,,Y,Y,N,3,8,Y,MON,2,0,0,4,0,8,8,100,85,79,5,1,1,1,0,0,2,4,5,0,0,4,14,23405,2014,23405,1.9,2.4,4.3,,,,,,,,,,,,,,,,,,,,,,,,,,,0,0,1,2,0,1,0,122,,,
13403441,N,N,N,N,N,N,N,8/7/2013,12:08 AM,13-27792,,152,270,N,Y,,,19,,,1,8200,,UNIVERSITY,AVE,Y,N,0,N,N,,N,19,,,1,2500,,82ND,ST,,,,,,,11,4,0,,1,1,20,12:08 AM,POLICE DISPATCH,12:13 AM,8/7/2013,Y,TX1520200,1706,,,,8,7,4,4,33,12,7,9,5,33,21,152,270,,,,,,,UNIVERSITY AVE,,,,,,,,,,,,,,,N,N,N,0,8,N,WED,,,,,,,,,,,,,,,,,,,,,,,,,,,,,,,,,,,,,,,,,,,,,,,,,,,,,,,,0,0,0,0,1,0,0,,,,
13403737,N,N,N,N,N,N,N,8/13/2013,7:54 PM,13-102586,,31,189,N,Y,,,17,,,7,2809,E,GRIMES,,Y,N,-1,N,N,PARKING LOT,Y,19,,,1,1200,N,26TH,ST,,,,,ST,,11,1,0,,1,1,1,7:54 PM,DISPATCH,8:02 PM,8/13/2013,N,TX0310300,1417,,,23,8,4,4,5,64,54,7,9,5,33,21,31,189,,,,,,,E GRIMES,,,,,,,,,,,,,,,N,N,N,0,7,N,TUE,,,,,,,,,,,,,,,,,,,,,,,,,,,,,,,,,,,,,,,,,,,,,,,,,,,,,,,,0,0,0,0,1,0,0,,,,
13403891,N,Y,N,N,N,N,N,8/9/2013,10:20 AM,1300021608,,3,272,N,Y,,,19,,,1,900,,GROVE,ST,N,N,30,N,N,,Y,19,,,1,400,,THOMPSON,ST,,,,,,,11,1,4,,1,1,1,10:24 AM,DISPATCHED,10:28 AM,8/9/2013,Y,TX0030400,1708,17,53,166,8,4,2,2,64,54,1,5,1,21,21,3,272,31.34129446,-94.73681318,,,,,W GROVE AVE,901,,,,,,,,,THOMPSON ST,,,,,Y,N,N,5,6,Y,FRI,,,,,,,,,,,,,,,,,,,,,,,,,,,,,,,,,,,,,,,,,,,,,,,,,,,,,,,,0,0,0,1,0,0,0,,,,
13403942,N,N,N,N,N,N,N,8/14/2013,3:20 PM,SAPD13176691,5260,15,379,N,Y,,,19,,,1,346,N,SAN JOAQUIN,ST,N,N,30,N,N,,N,19,,,,400,,DARTMOUTH,,,,,,,,12,1,0,,2,1,1,3:30 PM,DISPATCHED,3:40 PM,8/14/2013,Y,TXSPD0000,2473,,19,148,8,7,3,2,33,3,1,5,2,32,21,15,379,29.43870692,-98.56148548,,,,,N SAN JOAQUIN AVE,347,,,,,,,,,,,,,,Y,N,N,5,9,Y,WED,,,,,,,,,,,,,,,,,,,,,,,,,,,,,,,,,,,,,,,,,,,,,,,,,,,,,,,,0,0,0,1,0,0,0,28,,,
13403951,N,Y,N,N,N,N,N,8/13/2013,9:52 AM,2013-32262,,101,29,N,Y,,,19,,,1,1200,N,FELTON,ST,N,N,30,N,N,,N,19,,,,700,,BRENTWOOD,DR,,,,,,,12,1,2,,2,1,1,9:55 AM,DISPATCHED,9:58 AM,8/13/2013,Y,TX1010100,100,,,42,8,7,4,1,27,54,1,5,1,21,21,101,29,29.74274067,-94.97298319,,,,,N FELTON ST,1225,,,,,,,,,,,,,,Y,N,N,5,7,Y,TUE,,,,,,,,,,,,,,,,,,,,,,,,,,,,,,,,,,,,,,,,,,,,,,,,,,,,,,,,0,0,0,1,0,0,0,15,,,
13404018,N,N,N,N,N,Y,N,8/10/2013,1:17 AM,13026428,,61,151,N,Y,,,19,,,1,2400,,CORNELL,DR,N,N,30,N,N,,N,19,,,,2400,,DARTMOUTH,DR,,,,,,,11,3,0,,2,1,1,1:17 AM,DISPATCHED,1:24 AM,9/10/2013,Y,TX0611200,1304,967,889,87,8,4,4,1,31,54,1,5,1,21,21,61,151,33.01890003,-97.07368225,,,,,CORNELL DR,2428,,,,,,,,,,,,,,Y,N,N,5,7,Y,SAT,,,,,,,,,,,,,,,,,,,,,,,,,,,,,,,,,,,,,,,,,,,,,,,,,,,,,,,,0,0,0,1,0,0,0,282,,,
13404057,N,N,N,N,N,N,N,8/12/2013,2:50 PM,0101030313I,,101,208,N,Y,,,12,,,1,3200,W,WEST SAM HOUSTON S,PKWY,N,Y,45,N,N,CONCRETE,N,19,,,,10300,,RICHMOND,AVE,,,,,,,11,1,0,,1,1,5,3:52 PM,WS DISPATCH,3:58 PM,8/12/2013,Y,TXHPD0000,2469,16,128,21,8,2,4,20,64,3,1,6,1,21,21,101,208,29.72834912,-95.55108257,,,,,WESTCHASE ST,,,,,,,,,,,,,,,Y,N,N,5,9,Y,MON,,,,,,,,,,,,,,,,,,,,,,,,,,,,,,,,,,,,,,,,,,,,,,,,,,,,,,,,0,0,0,3,0,0,0,15,,,
13404228,N,N,N,N,N,N,N,8/13/2013,6:40 PM,0101603413T,,101,208,N,Y,,,2,59,,1,10800,S,SOUTHWEST,FWY,N,N,60,N,N,,N,19,,,,9500,,BISSONNET,ST,,,,,,,11,1,0,,1,1,20,6:50 PM,DISPATCHED,6:58 PM,8/13/2013,Y,TXHPD0000,2469,14,128,39,8,2,4,20,64,54,1,2,1,21,21,101,208,,,US,59,,,US0059,,,,,,,,,,,,,,,Y,Y,N,5,9,N,TUE,,,,,,,,,,,,,,,,,,,,,,,,,,,,,,,,,,,,,,,,,,,,,,,,,,,,,,,,0,0,0,2,0,0,0,,,,
13404334,N,N,N,N,N,N,N,8/15/2013,12:05 PM,SAPD13177351,7120,15,379,N,Y,,,11,1604,,1,9400,S,S LOOP 1604,LOOP,N,N,45,N,N,S LOOP 1604,N,19,,,,9100,,GUILBEAU,RD,,,,,GUILBEAU RD,,11,1,0,,1,1,5,12:59 PM,DISPATCH,1:07 PM,8/15/2013,N,TXSPD0000,2473,,19,148,8,2,2,22,64,38,1,2,1,21,21,15,379,,,SL,1604,,,SL1604,,,,,,,,,,GUILBEAU RD,,,,,Y,Y,N,3,9,N,THU,,,,,,,,,,,,,,,,,,,,,,,,,,,,,,,,,,,,,,,,,,,,,,,,,,,,,,,,0,0,1,0,1,1,0,,,,
13404711,N,N,N,N,N,N,N,8/2/2013,6:42 AM,2013A001904,29C,57,166,N,Y,32.86503,-96.63791,19,,,1,600,W,CENTERVILLE,RD,N,N,0,N,N,DRY/STRAIGHT,Y,19,,,1,700,,MEADOWCREEK,LN,,,,,DRY/STRAIGHT,,11,1,0,,1,1,5,6:44 AM,DISPATCHED,6:50 AM,8/2/2013,N,TX0571100,1344,,,,8,2,1,10,64,3,1,5,1,21,21,57,166,32.86503423,-96.63785261,,,,,W CENTERVILLE RD,600,,,,,,,,,UNKNOWN,,,,,Y,N,N,5,8,Y,FRI,,,,,,,,,,,,,,,,,,,,,,,,,,,,,,,,,,,,,,,,,,,,,,,,,,,,,,,,0,0,0,2,1,0,0,282,,,
13405010,N,N,N,N,N,N,N,8/8/2013,9:50 AM,13E000908,,170,1735,Y,Y,30.17064,-95.46512,19,,,1,9200,,GROGANS MILL,RD,N,N,45,N,N,4 LANE CONCRETE/DIVIDED CENTER MEDIAN,Y,19,,,1,1700,,LAKE FRONT,CIR,,,,,4 LANE CONCRETE/DIVIDED,,11,1,4,,1,1,5,9:55 AM,DISPATCH,9:55 AM,8/8/2013,Y,TX1700500,2922,,,,8,2,1,10,64,54,1,5,1,21,21,170,1735,30.17063472,-95.46512305,,,,,GROGANS MILL RD,,,,,,,,,,LAKE FRONT CIR,,,,,Y,N,Y,5,0,Y,THU,,,,,,,,,,,,,,,,,,,,,,,,,,,,,,,,,,,,,,,,,,,,,,,,,,,,,,,,0,0,0,3,0,0,0,15,,,
13405054,N,N,N,N,N,N,N,8/13/2013,11:35 AM,207092A,,57,107,N,Y,,,19,,,1,5300,,ABRAMS,RD,N,N,35,N,N,,Y,19,,,1,6300,E,LOVERS,LN,,,,,,,12,1,4,,1,1,5,11:43 AM,DISPATCH,11:49 AM,8/13/2013,Y,TX0000006,2471,,,65,8,2,1,34,64,54,1,5,1,21,21,57,107,32.85091424,-96.75292258,,,,,ABRAMS RD,,,,,,,,,,E LOVERS LN,,,,,Y,N,N,5,9,Y,TUE,,,,,,,,,,,,,,,,,,,,,,,,,,,,,,,,,,,,,,,,,,,,,,,,,,,,,,,,0,0,0,2,0,0,0,282,,,
13405125,N,N,N,N,N,N,N,8/15/2013,4:20 PM,P132270548,,79,1644,Y,Y,,,19,,,1,5789,,KATY GASTON,RD,N,N,35,N,N,,N,19,,,,,,FRY,RD,,,,,,,11,1,4,,1,1,5,4:23 PM,DISPATCH,4:26 PM,8/15/2013,Y,TX0790000,1312,,,35,8,2,2,22,64,3,1,5,1,21,21,79,1644,29.71178574,-95.80594951,,,,,KATY GASTON RD,5569,,,,,,,,,S FRY RD,,,,,Y,N,Y,5,0,Y,THU,,,,,,,,,,,,,,,,,,,,,,,,,,,,,,,,,,,,,,,,,,,,,,,,,,,,,,,,0,0,0,4,0,0,0,15,,,
13405182,N,N,N,N,N,N,N,8/14/2013,12:35 PM,SAPD13176561,7280,15,379,N,Y,,,19,,,1,300,,GENERAL KREUGER,BLVD,N,N,30,N,N,LOCAL ROAD,Y,19,,,1,300,,BLOSSOM VIEW,,,,,,LOCAL ROAD,,11,1,4,,1,1,8,12:38 PM,DISPATCHER,12:43 PM,8/14/2013,Y,TXSPD0000,2473,,61,123,8,2,1,10,64,3,1,5,1,21,21,15,379,29.49045496,-98.51156231,,,,,GENERAL KRUEGER BLVD,299,,,,,,,,,BLOSSOM VIEW DR,,,,,Y,N,N,2,9,Y,WED,,,,,,,,,,,,,,,,,,,,,,,,,,,,,,,,,,,,,,,,,,,,,,,,,,,,,,,,0,1,0,4,0,1,0,28,,,
13405538,N,N,N,N,N,N,N,8/13/2013,6:00 PM,SAPD13175992,5240,15,379,N,Y,,,19,,,1,400,,LAKE,BLVD,N,N,30,N,N,,Y,19,,,1,2000,W,HUISACHE,AVE,,,,,,,11,1,0,,1,1,20,6:02 PM,DISPATCH,6:07 PM,8/13/2013,Y,TXSPD0000,2473,,19,148,8,2,1,24,64,54,1,5,1,21,21,15,379,29.45786497,-98.5325123,,,,,LAKE BLVD,398,,,,,,,,,W HUISACHE AVE,,,,,Y,N,N,5,9,Y,TUE,,,,,,,,,,,,,,,,,,,,,,,,,,,,,,,,,,,,,,,,,,,,,,,,,,,,,,,,0,0,0,1,1,0,0,28,,,
13405697,N,N,N,N,N,N,N,8/14/2013,11:45 AM,0101875513K,FSGI,101,208,N,Y,,,17,,,7,10100,,BEECHNUT,ST,Y,N,-1,N,N,HEB PARKING LOT,N,19,,,,8400,S,COURSE,DR,,,,,,,11,1,0,,1,1,1,12:10 PM,HPD DISPATCHER,12:27 PM,8/14/2013,Y,TXHPD0000,2469,16,128,39,8,4,4,4,64,12,7,9,5,33,21,101,208,,,,,,,BEECHNUT ST,,,,,,,,,,,,,,,N,N,N,5,9,N,WED,,,,,,,,,,,,,,,,,,,,,,,,,,,,,,,,,,,,,,,,,,,,,,,,,,,,,,,,0,0,0,1,0,0,0,,,,
13405901,N,N,N,N,N,Y,N,8/12/2013,12:16 AM,0100789613T,FSRA,101,208,N,Y,,,19,,,1,8700,,BELLAIRE,BLVD,N,N,35,N,N,ASPHALT,Y,19,,,1,6900,S,GESSNER,DR,,,,,,,11,4,4,,1,1,5,12:21 AM,DISPATCHED,12:26 AM,4/9/2014,Y,TXHPD0000,2469,52,106,54,8,2,1,10,64,54,1,5,1,21,21,101,208,29.70509482,-95.53805305,,,,,BELLAIRE BLVD,,,,,,,,,,S GESSNER DR,,,,,Y,N,N,2,9,Y,MON,,,,,,,,,,,,,,,,,,,,,,,,,,,,,,,,,,,,,,,,,,,,,,,,,,,,,,,,0,1,0,0,1,1,0,15,,,
13406070,N,N,N,N,N,N,N,8/17/2013,11:42 PM,211447A,,57,107,N,Y,,,1,635,,1,2500,,LYNDON B JOHNSON,FWY,N,N,50,Y,N,,N,19,,,,11600,,HARRY HINES,BLVD,,,,,,,11,4,98,2,1,1,20,11:43 PM,DISPATCHED,12:20 AM,8/18/2013,Y,TX0000006,2471,,,71,8,2,4,22,64,49,1,1,1,21,21,57,107,32.90778096,-96.90400158,IH,635,,28.144,IH0635,,2374,1,14.76,28,-0.225,,,,,,,,,Y,Y,N,3,9,Y,SAT,5,1,10,12,28,2,8,800,140,96,5,0,0,2,20,5,2,24,5,2,8,4,11,123155,2014,123155,2.8,3.7,6.4,,,,,,,,,,,,,,,,,,,,,,,,,,,0,0,2,4,0,2,0,282,,,
13406220,N,N,N,N,N,N,N,8/17/2013,2:30 PM,0103318913O,FSGI,101,208,N,Y,,,19,,,1,10800,,BISSONNET,ST,N,N,35,N,N,CONCRETE,N,19,,,,,,WILCREST,DR,,,,,,,11,1,4,,1,1,5,2:48 PM,DISPATCHED,2:48 PM,8/17/2013,Y,TXHPD0000,2469,14,128,39,8,2,2,35,64,38,1,5,1,21,21,101,208,29.67427473,-95.57017841,,,,,BISSONNET ST,10891,,,,,,,,,WILCREST DR,,,,,Y,N,N,5,9,Y,SAT,,,,,,,,,,,,,,,,,,,,,,,,,,,,,,,,,,,,,,,,,,,,,,,,,,,,,,,,0,0,0,1,1,0,0,15,,,
13406307,N,Y,N,N,N,N,N,8/11/2013,6:18 PM,SAPD13174393,2150,15,379,N,Y,,,19,,,1,500,W,COMMERCE,,N,N,30,N,N,500 BLK WEST COMMERCE,Y,19,,,1,100,S,SAN SABA,,,,,,100 BLK SOUTH SAN SABA,,2,1,98,2,1,2,5,6:18 PM,DISPATCHER,6:33 PM,8/11/2013,Y,TXSPD0000,2473,,3,122,8,2,2,22,64,1,1,1,1,21,21,15,379,29.42709919,-98.41863294,IH,10,,577.883,IH0010,3933,25,2,6.713,579,0.248,,,,E COMMERCE ST,,,,,Y,Y,N,5,9,Y,SUN,5,0,4,10,11,9,6,300,100,72,6,0,0,2,8,5,2,20,5,2,3,4,11,68683,2014,68683,1.9,2.8,4.7,1,757,1,2,0,,,,,,,,,,,,,,,,,,,,,,0,0,0,1,1,0,0,28,,,
13406340,N,N,N,N,N,N,N,8/15/2013,5:56 PM,0102464013T,,101,208,N,Y,,,2,59,,1,6900,N,EASTEX,FWY,N,N,60,N,N,,N,19,,,,3500,E,CROSSTIMBERS,,,,,,,,11,1,0,,1,1,11,5:58 PM,DISPATCED,6:05 PM,8/15/2013,Y,TXHPD0000,2469,18,124,113,8,2,4,20,64,54,1,2,1,21,21,101,208,,,US,59,,,US0059,,,,,,,,,,,,,,,Y,Y,N,5,9,N,THU,,,,,,,,,,,,,,,,,,,,,,,,,,,,,,,,,,,,,,,,,,,,,,,,,,,,,,,,0,0,0,3,0,0,0,,,,
13406352,N,N,N,N,N,N,N,8/12/2013,3:55 PM,0101058213B,,101,208,N,Y,,,12,,,1,10900,S,SOUTH SAM HOUSTON W,PKWY,N,Y,45,N,N,,Y,19,,,1,,W,AIRPORT,BLVD,,,,,,,11,1,0,,1,1,5,3:55 PM,DSIPATCHED,3:59 PM,8/13/2013,Y,TXHPD0000,2469,18,125,55,8,2,1,10,64,54,1,6,1,21,21,101,208,,,,,,,S SOUTH SAM HOUSTON W PKWY,,,,,,,,,,W AIRPORT BLVD,,,,,Y,N,N,5,9,N,MON,,,,,,,,,,,,,,,,,,,,,,,,,,,,,,,,,,,,,,,,,,,,,,,,,,,,,,,,0,0,0,5,0,0,0,,,,