Crash_ID,Crash_Fatal_Fl,Cmv_Involv_Fl,Schl_Bus_Fl,Rr_Relat_Fl,Medical_Advisory_Fl,Amend_Supp_Fl,Active_School_Zone_Fl,Crash_Date,Crash_Time,Case_ID,Local_Use,Rpt_CRIS_Cnty_ID,Rpt_City_ID,Rpt_Outside_City_Limit_Fl,Thousand_Damage_Fl,Rpt_Latitude,Rpt_Longitude,Rpt_Rdwy_Sys_ID,Rpt_Hwy_Num,Rpt_Hwy_Sfx,Rpt_Road_Part_ID,Rpt_Block_Num,Rpt_Street_Pfx,Rpt_Street_Name,Rpt_Street_Sfx,Private_Dr_Fl,Toll_Road_Fl,Crash_Speed_Limit,Road_Constr_Zone_Fl,Road_Constr_Zone_Wrkr_Fl,Rpt_Street_Desc,At_Intrsct_Fl,Rpt_Sec_Rdwy_Sys_ID,Rpt_Sec_Hwy_Num,Rpt_Sec_Hwy_Sfx,Rpt_Sec_Road_Part_ID,Rpt_Sec_Block_Num,Rpt_Sec_Street_Pfx,Rpt_Sec_Street_Name,Rpt_Sec_Street_Sfx,Rpt_Ref_Mark_Offset_Amt,Rpt_Ref_Mark_Dist_Uom,Rpt_Ref_Mark_Dir,Rpt_Ref_Mark_Nbr,Rpt_Sec_Street_Desc,Rpt_CrossingNumber,Wthr_Cond_ID,Light_Cond_ID,Entr_Road_ID,Road_Type_ID,Road_Algn_ID,Surf_Cond_ID,Traffic_Cntl_ID,Investigat_Notify_Time,Investigat_Notify_Meth,Investigat_Arrv_Time,Report_Date,Investigat_Comp_Fl,ORI_Number,Investigat_Agency_ID,Investigat_Area_ID,Investigat_District_ID,Investigat_Region_ID,Bridge_Detail_ID,Harm_Evnt_ID,Intrsct_Relat_ID,FHE_Collsn_ID,Obj_Struck_ID,Othr_Factr_ID,Road_Part_Adj_ID,Road_Cls_ID,Road_Relat_ID,Phys_Featr_1_ID,Phys_Featr_2_ID,Cnty_ID,City_ID,Latitude,Longitude,Hwy_Sys,Hwy_Nbr,Hwy_Sfx,Dfo,Street_Name,Street_Nbr,Control,Section,Milepoint,Ref_Mark_Nbr,Ref_Mark_Displ,Hwy_Sys_2,Hwy_Nbr_2,Hwy_Sfx_2,Street_Name_2,Street_Nbr_2,Control_2,Section_2,Milepoint_2,Txdot_Rptable_Fl,Onsys_Fl,Rural_Fl,Crash_Sev_ID,Pop_Group_ID,Located_Fl,Day_of_Week,Hwy_Dsgn_Lane_ID,Hwy_Dsgn_Hrt_ID,Hp_Shldr_Left,Hp_Shldr_Right,Hp_Median_Width,Base_Type_ID,Nbr_Of_Lane,Row_Width_Usual,Roadbed_Width,Surf_Width,Surf_Type_ID,Curb_Type_Left_ID,Curb_Type_Right_ID,Shldr_Type_Left_ID,Shldr_Width_Left,Shldr_Use_Left_ID,Shldr_Type_Right_ID,Shldr_Width_Right,Shldr_Use_Right_ID,Median_Type_ID,Median_Width,Rural_Urban_Type_ID,Func_Sys_ID,Adt_Curnt_Amt,Adt_Curnt_Year,Adt_Adj_Curnt_Amt,Pct_Single_Trk_Adt,Pct_Combo_Trk_Adt,Trk_Aadt_Pct,Curve_Type_ID,Curve_Lngth,Cd_Degr,Delta_Left_Right_ID,Dd_Degr,Feature_Crossed,Structure_Number,I_R_Min_Vert_Clear,Approach_Width,Bridge_Median_ID,Bridge_Loading_Type_ID,Bridge_Loading_In_1000_Lbs,Bridge_Srvc_Type_On_ID,Bridge_Srvc_Type_Under_ID,Culvert_Type_ID,Roadway_Width,Deck_Width,Bridge_Dir_Of_Traffic_ID,Bridge_Rte_Struct_Func_ID,Bridge_IR_Struct_Func_ID,CrossingNumber,RRCo,Poscrossing_ID,WDCode_ID,Standstop,Yield,Incap_Injry_Cnt,Nonincap_Injry_Cnt,Poss_Injry_Cnt,Non_Injry_Cnt,Unkn_Injry_Cnt,Tot_Injry_Cnt,Death_Cnt,MPO_ID,Investigat_Service_ID,Investigat_DA_ID,Investigator_Narrative
13406445,N,N,N,N,N,N,N,8/3/2013,12:20 AM,0096755713G,FSRA,101,208,N,Y,,,19,,,1,2100,S,VOSS,RD,N,N,35,N,N,TWO WAY DIVIDED MEDIAN,N,19,,,,6400,,DEL MONTE,,,,,,,,11,4,0,,1,1,20,12:30 AM,HPD DISPATCH,12:40 AM,8/3/2013,Y,TXHPD0000,2469,6,106,54,8,2,2,22,64,36,1,5,1,21,21,101,208,29.74559632,-95.50112007,,,,,S VOSS RD,,,,,,,,,,DEL MONTE DR,,,,,Y,N,N,2,9,Y,SAT,,,,,,,,,,,,,,,,,,,,,,,,,,,,,,,,,,,,,,,,,,,,,,,,,,,,,,,,0,1,0,2,1,1,0,15,,,
13406471,N,N,N,N,N,N,N,8/12/2013,4:50 PM,,,170,1735,Y,Y,30.18395,-95.48845,15,,,1,,,GOSLING,RD,N,N,45,N,N,,N,15,,,,,,RESEARCH FOREST,DR,,,,,,,12,1,0,,1,1,20,4:58 PM,DPS HOUSTON,5:01 PM,8/12/2013,Y,,10000,3,52,1,8,2,3,34,64,13,1,4,1,32,21,170,1735,30.1838541,-95.48890402,,,,,GOSLING RD,,,,,,,,,,,,,,,Y,N,Y,5,0,Y,MON,,,,,,,,,,,,,,,,,,,,,,,,,,,,,,,,,,,,,,,,,,,,,,,,,,,,,,,,0,0,0,2,0,0,0,15,,,
13406814,N,Y,N,N,N,N,N,8/5/2013,7:08 AM,2013-07765,,71,1635,Y,Y,,,19,,,1,13500,,GATEWAY WEST,,N,N,45,N,N,,N,19,,,1,12300,,EASTLAKE,,,,,,,,11,1,0,,1,1,20,7:19 AM,DISPATCHED,7:38 AM,8/5/2013,Y,TX0710000,1260,,,,8,2,4,21,64,9,1,4,1,21,21,71,1635,31.68623434,-106.266687,,,,,GATEWAY BLVD W,,,,,,,,,,,,,,,Y,N,Y,5,0,Y,MON,,,,,,,,,,,,,,,,,,,,,,,,,,,,,,,,,,,,,,,,,,,,,,,,,,,,,,,,0,0,0,3,0,0,0,66,,,
13407487,N,N,N,N,N,N,N,8/17/2013,11:30 AM,SAPD13179003,2280,15,379,N,Y,,,19,,,1,1010,W,POPLAR,,N,N,30,N,N,,N,19,,,,1600,N,FLORES,,,,,,,,11,1,0,,2,1,1,12:00 PM,DISPATCHED,12:10 PM,8/17/2013,N,TXSPD0000,2473,,3,122,8,4,4,1,64,54,1,5,1,21,21,15,379,29.4377883,-98.50292309,,,,,W POPLAR ST,1019,,,,,,,,,,,,,,Y,N,N,0,9,Y,SAT,,,,,,,,,,,,,,,,,,,,,,,,,,,,,,,,,,,,,,,,,,,,,,,,,,,,,,,,0,0,0,0,1,0,0,28,,,
13407492,N,N,N,N,N,N,N,8/13/2013,3:18 PM,13-00190N,,123,306,N,Y,,,19,,,1,2100,,DETROIT,AVE,N,N,30,N,N,,Y,19,,,1,500,N,21ST,ST,,,,,,,11,1,4,,1,1,8,3:21 PM,RADIO,3:24 PM,8/13/2013,N,TX1230500,1836,203,269,82,8,2,1,10,64,3,1,5,1,21,21,123,306,29.97033471,-93.99868344,,,,,DETROIT AVE,2099,,,,,,,,,UNKNOWN,,,,,Y,N,N,5,5,Y,TUE,,,,,,,,,,,,,,,,,,,,,,,,,,,,,,,,,,,,,,,,,,,,,,,,,,,,,,,,0,0,0,2,0,0,0,135,,,
13407700,N,Y,N,N,N,N,N,8/8/2013,1:29 AM,,,2,1567,Y,Y,32.25,-102.044,3,176,,1,,,NOT REPORTED,,N,N,75,N,N,,N,4,1788,,,,,NOT REPORTED,,,,,,,,11,3,0,1,1,1,11,1:33 AM,BY PHONE,2:21 AM,8/8/2013,Y,,10000,12,32,1,8,6,4,1,64,54,1,2,1,21,21,2,1567,32.3245009,-102.2266691,SH,176,,50.38,SH0176,,548,1,50.38,272,0.806,,,,,,,,,Y,Y,Y,5,0,Y,THU,2,0,9,9,0,1,2,120,42,24,2,0,0,2,9,5,2,9,5,0,0,1,6,5348,2014,5348,21.2,20.2,41.4,,,,,,,,,,,,,,,,,,,,,,,,,,,0,0,0,2,0,0,0,,,,
13407733,N,N,N,N,N,N,N,8/16/2013,8:15 PM,0102999113O,,101,208,N,Y,,,19,,,1,1900,W,GRAY,,N,N,35,N,N,LEVEL CONCRETE,Y,19,,,1,1200,,MCDUFFIE,,,,,,,,12,3,4,,1,2,2,8:16 PM,ONVIEWED,8:16 PM,8/16/2013,Y,TXHPD0000,2469,24,121,35,8,2,1,10,64,54,1,5,1,21,21,101,208,29.75304479,-95.40834308,,,,,W GRAY ST,1999,,,,,,,,,MCDUFFIE ST,,,,,Y,N,N,5,9,Y,FRI,,,,,,,,,,,,,,,,,,,,,,,,,,,,,,,,,,,,,,,,,,,,,,,,,,,,,,,,0,0,0,2,0,0,0,15,,,
13407847,N,Y,N,N,N,N,N,8/8/2013,11:15 PM,,,94,1659,Y,Y,29.53408,-97.09312,1,10,,1,,,NOT REPORTED,,N,N,75,N,N,,N,19,,,,,,SCHWAB,RD,,,,,,,11,3,0,,1,1,11,11:17 PM,GCSO,11:26 PM,8/14/2013,Y,,10000,22,92,1,8,2,4,21,64,54,1,1,1,21,21,94,1659,,,IH,10,,,IH0010,,,,,,,,,,,,,,,Y,Y,Y,5,0,N,THU,,,,,,,,,,,,,,,,,,,,,,,,,,,,,,,,,,,,,,,,,,,,,,,,,,,,,,,,0,0,0,1,1,0,0,,,,
13408048,N,N,N,N,N,N,N,8/17/2013,4:17 PM,130817029,,165,291,N,Y,,,19,,,1,4400,N,MIDKIFF,RD,N,N,40,N,N,,N,19,,,,3200,,COURTYARD,DR,,,,,,,11,1,0,,1,1,20,4:19 PM,DISPATCHED,4:21 PM,8/17/2013,Y,TX1650100,1782,,,127,8,2,2,22,64,38,1,5,1,21,21,165,291,32.03157493,-102.1287186,,,,,N MIDKIFF RD,4494,,,,,,,,,COURTYARD DR,,,,,Y,N,N,5,8,Y,SAT,,,,,,,,,,,,,,,,,,,,,,,,,,,,,,,,,,,,,,,,,,,,,,,,,,,,,,,,0,0,0,3,0,0,0,174,,,
13408062,N,N,N,N,N,N,N,8/16/2013,12:15 PM,1381127,,220,156,N,Y,32.82454,-97.3234,19,,,1,2300,,MEACHAM,BLVD,N,N,40,N,N,,Y,19,,,1,4600,,MARK IV,PKWY,,,,,,,11,1,0,,1,1,5,12:36 PM,DISPATCHED,12:46 PM,8/16/2013,Y,TX2201200,1318,4,29,23,8,2,1,10,64,54,1,5,1,21,21,220,156,32.82451427,-97.32127243,,,,,MEACHAM BLVD,2349,,,,,,,,,MARK IV PKWY,,,,,Y,N,N,5,9,Y,FRI,,,,,,,,,,,,,,,,,,,,,,,,,,,,,,,,,,,,,,,,,,,,,,,,,,,,,,,,0,0,0,2,0,0,0,282,,,
13408290,N,Y,N,N,N,N,N,8/11/2013,8:08 AM,,,118,1683,Y,Y,31.12678,-101.19949,2,67,,1,,,NOT REPORTED,,N,N,70,N,N,,N,,,,,,,NOT REPORTED,,0.6,M,W,726,,,11,1,0,1,1,1,11,8:20 AM,DISPATCHED,9:22 AM,8/19/2013,Y,,10000,7,32,1,8,10,4,1,57,54,1,2,2,21,21,118,1683,31.12727116,-101.2025687,US,67,,492.516,US0067,,77,2,5.731,726,0.6,,,,NOT REPORTED,,,,,Y,Y,Y,3,0,Y,SUN,2,0,9,9,0,2,2,100,44,26,4,0,0,2,9,5,2,9,5,0,0,1,6,7801,2014,7801,3.7,6,9.7,,,,,,,,,,,,,,,,,,,,,,,,,,,0,0,1,0,0,1,0,,,,
13408347,N,Y,N,N,N,N,N,8/18/2013,6:30 PM,,,13,1578,Y,Y,28.65715,-98.00393,3,72,,1,,,NOT REPORTED,,N,N,55,N,N,,Y,4,673,,1,,,NOT REPORTED,,,,,,,,12,1,2,1,1,1,8,6:34 PM,RADIO,7:04 PM,8/19/2013,Y,,10000,1,112,1,8,2,1,24,20,54,1,2,1,21,21,13,1578,28.65729713,-98.00410461,SH,72,,57.23,SH0072,14397,270,8,5.619,532,-0.383,FM,673,,FM0673,,1063,1,0.004,Y,Y,Y,3,0,Y,SUN,2,0,11,12,0,2,2,120,47,24,4,0,0,2,11,5,2,12,5,0,0,1,6,7341,2014,7341,4.4,14.6,19,,,,,,,,,,,,,,,,,,,,,,,,,,,0,0,2,1,0,2,0,,,,
13408615,N,N,N,N,N,N,N,8/9/2013,7:36 AM,132210470,,227,22,N,Y,,,19,,,1,3800,S,1ST NB,ST,N,N,40,N,N,,N,19,,,,500,,KREBS,LN,,,,,,,11,1,98,,7,1,17,7:38 AM,DISPATCH,8:00 AM,8/9/2013,Y,TX2270100,74,21,93,112,8,2,4,20,64,54,1,5,1,21,21,227,22,30.22800883,-97.7685063,,,,,S 1ST ST,3800,,,,,,,,,,,,,,Y,N,N,5,9,Y,FRI,,,,,,,,,,,,,,,,,,,,,,,,,,,,,,,,,,,,,,,,,,,,,,,,,,,,,,,,0,0,0,3,1,0,0,90,,,
13408650,N,N,N,N,N,N,N,8/9/2013,7:38 PM,132211662,,227,22,N,Y,,,1,35,,2,,N,SVRD NB,,N,N,0,N,N,,Y,19,,,,,E,11TH,ST,,,,,,,11,1,0,2,8,1,5,7:38 PM,DISPATCHED,7:45 PM,8/9/2013,Y,TX2270100,74,64,34,48,8,2,1,10,64,3,2,1,1,21,21,227,22,30.27043897,-97.73289554,IH,35,,234.429,IH0035,,15,13,18.01,235,-0.03,,,,E 11TH ST,,,,,Y,Y,N,5,9,Y,FRI,5,0,4,10,11,2,8,300,124,96,4,0,0,2,8,5,2,20,5,2,3,4,11,164391,2014,164391,3.3,9.4,12.7,,,,,,,,,,,,,,,,,,,,,,,,,,,0,0,0,6,0,0,0,90,,,
13408658,N,N,N,N,N,N,N,8/9/2013,3:46 PM,13-2211252,,227,22,N,Y,,,19,,,1,1100,,REINLI,ST,N,N,0,N,N,,Y,19,,,,,,SHERIDAN,AVE,,,,,,,11,1,0,,1,1,1,3:47 PM,DISPATCH,4:01 PM,8/9/2013,Y,TX2270100,74,,158,95,8,2,1,34,64,54,1,5,1,21,21,227,22,30.31698477,-97.70409247,,,,,REINLI ST,,,,,,,,,,SHERIDAN AVE,,,,,Y,N,N,2,9,Y,FRI,,,,,,,,,,,,,,,,,,,,,,,,,,,,,,,,,,,,,,,,,,,,,,,,,,,,,,,,0,2,0,1,0,2,0,90,,,
13408789,N,Y,N,N,N,N,N,8/16/2013,7:20 AM,,,53,1618,Y,Y,30.7076,-101.51928,1,10,,7,,,NOT REPORTED,,N,N,80,N,N,EASTBOUND PARKING AREA,N,,,,,,,NOT REPORTED,,0.7,M,W,347,,,12,1,0,,1,1,1,7:35 AM,DISPATCHED,8:05 AM,8/16/2013,Y,,10000,15,32,1,8,4,4,1,64,54,7,9,5,33,21,53,1618,,,IH,10,,,IH0010,,,,,,,,,,NOT REPORTED,,,,,N,Y,Y,2,0,N,FRI,,,,,,,,,,,,,,,,,,,,,,,,,,,,,,,,,,,,,,,,,,,,,,,,,,,,,,,,0,1,3,0,0,4,0,,,,
13408844,N,Y,N,N,N,N,N,8/7/2013,2:45 PM,1300055775,,220,179,N,Y,,,3,114,,2,1400,W,NOT REPORTED,,N,N,40,Y,Y,,N,19,,,1,1100,,IRA E WOODS AVE,,,,,,,,11,1,0,2,2,1,20,2:50 PM,DISPATCH,3:17 PM,8/7/2013,Y,TX2201300,1379,,,44,8,2,4,22,64,49,2,2,1,21,21,220,179,32.92989841,-97.09334486,SH,26,,12.741,SH0026,,353,3,7.358,572,0.723,,,,,,,,,Y,Y,N,5,6,Y,WED,5,3,4,10,18,3,8,350,148,96,5,0,0,2,20,5,2,32,5,3,10,4,12,39408,2014,39408,3.2,3.5,6.7,,,,,,,,,,,,,,,,,,,,,,,,,,,0,0,0,2,0,0,0,282,,,
13409040,N,N,N,N,N,N,N,8/8/2013,12:10 PM,,,88,798,N,Y,28.6659,-97.39033,19,,,1,,E,END,ST,N,N,35,N,N,,N,19,,,,,,MARKET,ST,,,,,,,11,1,0,,1,1,1,12:16 PM,GOLIAD CO. DISPATCH,12:18 PM,8/8/2013,Y,,10000,12,92,1,8,2,4,11,64,12,1,5,1,12,21,88,798,28.66589157,-97.39084401,,,,,E END ST,235,,,,,,,,,,,,,,Y,N,Y,5,1,Y,THU,,,,,,,,,,,,,,,,,,,,,,,,,,,,,,,,,,,,,,,,,,,,,,,,,,,,,,,,0,0,0,2,0,0,0,,,,
13409062,N,N,N,N,N,N,N,8/13/2013,1:14 PM,C1305968,,178,97,N,Y,,,19,,,1,4900,S,STAPLES,ST,N,N,35,N,N,,N,19,,,1,5500,S,PADRE ISLAND,DR,,,,,,,11,1,0,,1,1,20,1:16 PM,DISPATCHED,1:31 PM,8/13/2013,Y,TX1780200,1115,,,19,8,2,4,34,64,54,1,5,1,21,21,178,97,27.70755014,-97.37008296,,,,,S STAPLES ST,,,,,,,,,,,,,,,Y,N,N,5,9,Y,TUE,,,,,,,,,,,,,,,,,,,,,,,,,,,,,,,,,,,,,,,,,,,,,,,,,,,,,,,,0,0,0,4,0,0,0,96,,,
13409316,N,N,N,N,N,N,N,8/8/2013,5:52 AM,,13-115173,57,107,N,Y,,,1,35,,1,1100,N,STEMMONS,FWY,N,N,60,N,N,NB IH-35,N,19,,,1,1500,,CONTINENTAL,AVE,,,,,CONTINENTAL AVE,,11,4,0,,1,1,20,5:55 AM,RADIO DISPATCHED,5:59 AM,8/8/2013,Y,TX0570000,1169,,18,22,8,2,4,22,64,42,1,1,1,21,21,57,107,,,IH,35,,,IH0035,,,,,,,,,,,,,,,Y,Y,N,2,9,N,THU,,,,,,,,,,,,,,,,,,,,,,,,,,,,,,,,,,,,,,,,,,,,,,,,,,,,,,,,0,1,0,3,0,1,0,,,,
13409742,N,N,N,N,N,N,N,8/9/2013,2:39 PM,13-007865,,20,326,N,Y,,,4,518,,1,3700,,BROADWAY,ST,N,N,40,N,N,,Y,19,,,1,2300,,GRAND,,,,,,,,12,1,4,3,1,1,20,2:40 PM,DISPATCHED,2:44 PM,8/9/2013,Y,TX0201000,1917,,,,8,2,4,21,64,9,1,3,1,21,21,20,326,29.56372555,-95.28389313,FM,518,,6.439,FM0518,3800,976,2,5.967,686,0.456,,,,,,,,,Y,Y,N,5,7,Y,FRI,2,0,0,0,0,3,4,100,52,52,6,1,1,1,0,0,1,0,0,0,0,4,14,15622,2014,15622,3.9,1.4,5.2,,,,,,,,,,,,,,,,,,,,,,,,,,,0,0,0,3,0,0,0,15,,,
13409895,N,N,N,N,N,N,N,8/7/2013,9:45 PM,13-4029,,84,255,N,N,,,4,270,,7,250,S,EGRET BAY,BLVD,Y,N,45,N,N,,N,4,518,,1,2100,E,FM 518,,,,,,,,11,4,0,,1,1,1,7:55 PM,DISPATCH,8:14 PM,8/8/2013,N,TX0840800,1648,,,,8,4,4,4,64,12,7,9,5,33,21,84,255,,,FM,270,,,FM0270,,,,,,,,,,,,,,,N,Y,N,0,7,N,WED,,,,,,,,,,,,,,,,,,,,,,,,,,,,,,,,,,,,,,,,,,,,,,,,,,,,,,,,0,0,0,0,1,0,0,,,,
13409910,N,N,N,N,N,N,N,8/8/2013,11:33 AM,2013A001960,29C,57,166,N,N,,,19,,,1,500,,PAUL,ST,N,N,30,N,N,,Y,19,,,1,5600,,BROADWAY,BLVD,,,,,,,11,1,98,,1,1,11,11:36 AM,DISPATCHED,11:38 AM,8/8/2013,Y,TX0571100,1344,,,57,8,2,1,34,64,54,1,5,1,21,21,57,166,32.84732423,-96.59631262,,,,,PAUL ST,,,,,,,,,,BROADWAY BLVD,,,,,N,N,N,5,8,Y,THU,,,,,,,,,,,,,,,,,,,,,,,,,,,,,,,,,,,,,,,,,,,,,,,,,,,,,,,,0,0,0,4,0,0,0,282,,,
13409956,N,N,N,N,N,N,N,8/7/2013,11:41 PM,130044091,,220,19,N,Y,,,4,157,,1,4700,S,COOPER,ST,N,N,40,N,N,,Y,19,,,1,1800,W,BARDIN,RD,,,,,,,11,4,4,2,1,1,5,11:42 PM,DISPATCHED,11:51 PM,8/7/2013,N,TX2200100,59,,8,75,8,2,1,34,64,54,1,3,1,21,21,220,19,32.67055256,-97.13443612,FM,157,,15.064,FM0157,4697,747,4,19.759,278,-1,,,,W BARDIN RD,,,,,Y,Y,N,5,9,Y,WED,3,0,0,0,12,3,4,120,82,82,5,0,0,1,0,0,1,0,0,3,12,4,14,54996,2014,54996,2.3,0.6,2.9,,,,,,,,,,,,,,,,,,,,,,,,,,,0,0,0,1,1,0,0,282,,,
13410103,N,N,N,N,N,N,N,8/8/2013,4:47 PM,C1305834,,178,97,N,Y,,,19,,,1,900,,AIRLINE,RD,N,N,35,N,N,,N,19,,,1,,,GOLLIHAR,RD,,,,,,,11,1,4,,1,1,5,4:48 PM,DISPATCH,4:57 PM,8/8/2013,Y,TX1780200,1115,,,12,8,2,2,22,64,38,1,5,1,21,21,178,97,27.71666419,-97.36221437,,,,,AIRLINE RD,902,,,,,,,,,GOLLIHAR RD,,,,,Y,N,N,5,9,Y,THU,,,,,,,,,,,,,,,,,,,,,,,,,,,,,,,,,,,,,,,,,,,,,,,,,,,,,,,,0,0,0,2,0,0,0,96,,,
13410127,N,N,N,N,N,N,N,8/10/2013,6:36 PM,1315734,,181,317,N,Y,,,3,87,,1,10800,N,16TH STREET,ST,N,N,60,N,N,,N,19,,,1,1700,N,TEAL,RD,,,,,,,11,1,0,1,1,2,11,6:36 PM,DISPATCH,6:40 PM,8/10/2013,Y,TX1810200,1884,,,,8,2,3,22,64,47,1,2,1,32,21,181,317,30.2005229,-93.76232451,SH,87,,152.888,SH0087,10379,305,7,4.029,474,-0.859,,,,,,,,,Y,Y,N,2,5,Y,SAT,2,0,9,9,0,2,2,120,44,26,2,0,0,2,9,5,2,9,5,0,0,1,6,7084,2014,7084,12,6.4,18.4,,,,,,,,,,,,,,,,,,,,,,,,,,,0,4,0,0,0,4,0,135,,,
13410317,N,N,N,N,Y,N,N,8/12/2013,3:25 PM,W13-00076,,93,305,N,Y,,,17,,,7,516,,LAREDO,ST,Y,N,10,N,N,,N,19,,,1,900,,MILLICAN,ST,,,,,,,11,1,0,,1,1,1,3:27 PM,RADIO,3:29 PM,8/12/2013,Y,TX0930100,1834,,,,8,7,4,1,34,3,7,9,5,33,21,93,305,,,,,,,LAREDO ST,,,,,,,,,,,,,,,N,N,N,3,4,N,MON,,,,,,,,,,,,,,,,,,,,,,,,,,,,,,,,,,,,,,,,,,,,,,,,,,,,,,,,0,0,1,0,0,1,0,,,,
13410449,N,N,N,N,N,N,N,8/9/2013,7:52 PM,SAPD13172911,5320,15,379,N,Y,,,19,,,1,3600,,WURZBACH,,N,N,45,N,N,,Y,19,,,1,4000,,CRYSTAL HILLS,,,,,,,,11,1,4,,4,1,5,7:55 PM,DISPATCHER,7:59 PM,8/9/2013,N,TXSPD0000,2473,,19,148,8,7,2,2,21,35,1,5,2,21,21,15,379,29.47211497,-98.62251228,,,,,WURZBACH RD,3598,,,,,,,,,CRYSTAL HL,,,,,Y,N,N,5,9,Y,FRI,,,,,,,,,,,,,,,,,,,,,,,,,,,,,,,,,,,,,,,,,,,,,,,,,,,,,,,,0,0,0,2,0,0,0,28,,,
13410458,N,N,N,N,N,N,N,8/14/2013,5:53 AM,13-080352,CV - POLICE,220,156,N,Y,32.7631,-97.31881,1,35W,,1,100,,NORTH SOUTH,FWY,N,N,60,N,N,,N,1,121,,,2000,,AIRPORT,FWY,,,,,,,2,3,0,2,2,2,20,5:53 AM,ON SCENE,5:53 AM,8/14/2013,Y,TX2201200,1318,4,3,23,8,2,4,21,64,9,1,1,1,21,21,220,156,32.79490442,-97.32159581,IH,35,W,54.131,IH0035W,,14,16,10.132,54,0.102,,,,,,,,,Y,Y,N,5,9,Y,WED,5,0,4,10,48,2,6,320,96,72,6,1,0,2,8,5,2,16,5,3,40,4,11,113414,2014,113414,4.9,6.2,11.2,,,,,,,,,,,,,,,,,,,,,,,,,,,0,0,0,6,0,0,0,282,,,
13410526,N,N,N,N,N,N,N,8/18/2013,1:36 AM,13-81734,,220,156,N,Y,32.78021,-97.34531,19,,,1,1700,,JONES,ST,N,N,30,N,N,,N,19,,,,300,E,17TH,ST,,,,,,,11,4,0,,1,1,1,1:49 AM,DISPATCHED,1:56 AM,8/18/2013,N,TX2201200,1318,4,3,23,8,2,4,30,64,54,1,5,1,21,21,220,156,32.74759591,-97.32344756,,,,,JONES ST,1741,,,,,,,,,,,,,,Y,N,N,5,9,Y,SUN,,,,,,,,,,,,,,,,,,,,,,,,,,,,,,,,,,,,,,,,,,,,,,,,,,,,,,,,0,0,0,1,1,0,0,282,,,
13410614,N,N,N,N,N,N,N,8/19/2013,4:49 PM,2013-BCSO-034824,DS,15,379,N,Y,29.49535,-98.70883,19,,,1,10900,W,CULEBRA,RD,N,N,45,N,N,PAVED,N,19,,,,11000,W,WESTWOOD,LOOP,,,,,PAVED,,11,1,0,3,1,1,20,4:52 PM,DISPATCHED,4:57 PM,8/19/2013,Y,tx0150000,120,,,148,8,2,3,21,64,9,1,3,1,32,21,15,379,29.4958366,-98.70920543,FM,471,,6.308,FM0471,10967,849,1,6.276,500,-0.572,,,,,,,,,Y,Y,N,2,9,Y,MON,2,0,5,5,0,2,4,80,72,62,4,0,0,2,5,3,2,5,3,0,0,4,14,39340,2014,39340,5.9,2.7,8.6,,,,,,,,,,,,,,,,,,,,,,,,,,,0,1,0,1,0,1,0,28,,,
13410679,N,N,N,N,N,N,N,8/20/2013,7:02 AM,13-18941,1 unit 1 fixed minor,57,218,N,Y,,,3,161,,2,6200,N,GOERGE BUSH,,N,N,45,N,N,,N,3,114,,,1600,W,JOHN CARPENTER,FWY,,,,,,,11,1,98,,1,1,11,7:05 AM,DISPATCHED,7:11 AM,8/20/2013,Y,TX0571500,1518,,,33,8,7,2,1,20,54,2,2,2,21,21,57,218,,,SH,161,,,SH0161,,,,,,,SH,114,,SH0114,,,,,Y,Y,N,5,8,N,TUE,,,,,,,,,,,,,,,,,,,,,,,,,,,,,,,,,,,,,,,,,,,,,,,,,,,,,,,,0,0,0,1,0,0,0,,,,
13410717,N,N,N,N,N,N,N,8/20/2013,7:49 AM,213427A,,57,107,N,Y,,,19,,,1,200,S,PEAK,ST,N,N,30,N,N,,Y,19,,,1,4200,,EAST SIDE,AVE,,,,,,,11,1,4,,1,1,8,8:00 AM,DISPATCHED,8:10 AM,8/20/2013,Y,TX0000006,2471,,,71,8,2,1,10,64,54,1,5,1,21,21,57,107,32.78933425,-96.76825258,,,,,S PEAK ST,198,,,,,,,,,EAST SIDE AVE,,,,,Y,N,N,3,9,Y,TUE,,,,,,,,,,,,,,,,,,,,,,,,,,,,,,,,,,,,,,,,,,,,,,,,,,,,,,,,0,0,1,3,0,1,0,282,,,
13410732,N,N,N,N,N,Y,N,8/8/2013,7:00 PM,,,108,1673,Y,Y,26.26049,-98.25183,15,,,1,,,14 MILE LINE,RD,N,N,45,N,N,,N,4,2058,,,,,NOT REPORTED,,,,,,,,11,1,0,,1,10,1,7:11 PM,WES DPS COMM,7:40 PM,9/9/2013,Y,,10000,8,127,1,8,7,4,1,63,54,1,4,2,21,21,108,1673,26.43723326,-98.4315975,,,,,MILE 14 RD,39398,,,,,,,,,,,,,,Y,N,Y,5,0,Y,THU,,,,,,,,,,,,,,,,,,,,,,,,,,,,,,,,,,,,,,,,,,,,,,,,,,,,,,,,0,0,0,1,0,0,0,230,,,
13410743,N,N,N,N,N,N,N,8/14/2013,9:57 PM,SAPD13176955,6250,15,379,N,Y,,,19,,,1,400,,JUNIPER,ST,N,N,30,N,N,LOCAL ROAD,N,19,,,,3600,,GOLIAD,RD,,,,,LOCAL ROAD,,11,4,2,,1,1,8,9:57 PM,DISPATCH,10:10 PM,8/14/2013,Y,TXSPD0000,2473,,11,175,8,2,2,22,64,38,1,5,1,21,21,15,379,29.33244305,-98.42114518,,,,,JUNIPER ST,491,,,,,,,,,GOLIAD RD,,,,,Y,N,N,5,9,Y,WED,,,,,,,,,,,,,,,,,,,,,,,,,,,,,,,,,,,,,,,,,,,,,,,,,,,,,,,,0,0,0,2,0,0,0,28,,,