Crash_ID,Crash_Fatal_Fl,Cmv_Involv_Fl,Schl_Bus_Fl,Rr_Relat_Fl,Medical_Advisory_Fl,Amend_Supp_Fl,Active_School_Zone_Fl,Crash_Date,Crash_Time,Case_ID,Local_Use,Rpt_CRIS_Cnty_ID,Rpt_City_ID,Rpt_Outside_City_Limit_Fl,Thousand_Damage_Fl,Rpt_Latitude,Rpt_Longitude,Rpt_Rdwy_Sys_ID,Rpt_Hwy_Num,Rpt_Hwy_Sfx,Rpt_Road_Part_ID,Rpt_Block_Num,Rpt_Street_Pfx,Rpt_Street_Name,Rpt_Street_Sfx,Private_Dr_Fl,Toll_Road_Fl,Crash_Speed_Limit,Road_Constr_Zone_Fl,Road_Constr_Zone_Wrkr_Fl,Rpt_Street_Desc,At_Intrsct_Fl,Rpt_Sec_Rdwy_Sys_ID,Rpt_Sec_Hwy_Num,Rpt_Sec_Hwy_Sfx,Rpt_Sec_Road_Part_ID,Rpt_Sec_Block_Num,Rpt_Sec_Street_Pfx,Rpt_Sec_Street_Name,Rpt_Sec_Street_Sfx,Rpt_Ref_Mark_Offset_Amt,Rpt_Ref_Mark_Dist_Uom,Rpt_Ref_Mark_Dir,Rpt_Ref_Mark_Nbr,Rpt_Sec_Street_Desc,Rpt_CrossingNumber,Wthr_Cond_ID,Light_Cond_ID,Entr_Road_ID,Road_Type_ID,Road_Algn_ID,Surf_Cond_ID,Traffic_Cntl_ID,Investigat_Notify_Time,Investigat_Notify_Meth,Investigat_Arrv_Time,Report_Date,Investigat_Comp_Fl,ORI_Number,Investigat_Agency_ID,Investigat_Area_ID,Investigat_District_ID,Investigat_Region_ID,Bridge_Detail_ID,Harm_Evnt_ID,Intrsct_Relat_ID,FHE_Collsn_ID,Obj_Struck_ID,Othr_Factr_ID,Road_Part_Adj_ID,Road_Cls_ID,Road_Relat_ID,Phys_Featr_1_ID,Phys_Featr_2_ID,Cnty_ID,City_ID,Latitude,Longitude,Hwy_Sys,Hwy_Nbr,Hwy_Sfx,Dfo,Street_Name,Street_Nbr,Control,Section,Milepoint,Ref_Mark_Nbr,Ref_Mark_Displ,Hwy_Sys_2,Hwy_Nbr_2,Hwy_Sfx_2,Street_Name_2,Street_Nbr_2,Control_2,Section_2,Milepoint_2,Txdot_Rptable_Fl,Onsys_Fl,Rural_Fl,Crash_Sev_ID,Pop_Group_ID,Located_Fl,Day_of_Week,Hwy_Dsgn_Lane_ID,Hwy_Dsgn_Hrt_ID,Hp_Shldr_Left,Hp_Shldr_Right,Hp_Median_Width,Base_Type_ID,Nbr_Of_Lane,Row_Width_Usual,Roadbed_Width,Surf_Width,Surf_Type_ID,Curb_Type_Left_ID,Curb_Type_Right_ID,Shldr_Type_Left_ID,Shldr_Width_Left,Shldr_Use_Left_ID,Shldr_Type_Right_ID,Shldr_Width_Right,Shldr_Use_Right_ID,Median_Type_ID,Median_Width,Rural_Urban_Type_ID,Func_Sys_ID,Adt_Curnt_Amt,Adt_Curnt_Year,Adt_Adj_Curnt_Amt,Pct_Single_Trk_Adt,Pct_Combo_Trk_Adt,Trk_Aadt_Pct,Curve_Type_ID,Curve_Lngth,Cd_Degr,Delta_Left_Right_ID,Dd_Degr,Feature_Crossed,Structure_Number,I_R_Min_Vert_Clear,Approach_Width,Bridge_Median_ID,Bridge_Loading_Type_ID,Bridge_Loading_In_1000_Lbs,Bridge_Srvc_Type_On_ID,Bridge_Srvc_Type_Under_ID,Culvert_Type_ID,Roadway_Width,Deck_Width,Bridge_Dir_Of_Traffic_ID,Bridge_Rte_Struct_Func_ID,Bridge_IR_Struct_Func_ID,CrossingNumber,RRCo,Poscrossing_ID,WDCode_ID,Standstop,Yield,Incap_Injry_Cnt,Nonincap_Injry_Cnt,Poss_Injry_Cnt,Non_Injry_Cnt,Unkn_Injry_Cnt,Tot_Injry_Cnt,Death_Cnt,MPO_ID,Investigat_Service_ID,Investigat_DA_ID,Investigator_Narrative
13410882,N,N,N,N,N,N,N,8/19/2013,2:50 PM,0104206213V,FSGI,101,208,N,Y,,,1,45,,2,8400,S,GULF SER E,FWY,N,N,45,N,N,CONCRETE,N,19,,,,,,HOWARD,DR,,,,,,,11,1,0,,1,1,20,2:53 PM,DISPATCHED,2:59 PM,8/19/2013,Y,TXHPD0000,2469,18,113,65,8,7,2,1,39,54,2,1,4,21,21,101,208,,,IH,45,,,IH0045,,,,,,,,,,HOWARD DR,,,,,Y,Y,N,0,9,N,MON,,,,,,,,,,,,,,,,,,,,,,,,,,,,,,,,,,,,,,,,,,,,,,,,,,,,,,,,0,0,0,0,1,0,0,,,,
13410910,N,N,N,N,N,N,N,8/3/2013,3:00 PM,13-4815,,79,413,N,Y,,,2,59,,1,14300,,NOT REPORTED,,N,N,65,N,N,,N,19,,,,1300,,WILLIAMS TRACE,BLVD,,,,,,,11,1,0,,1,1,20,3:03 PM,POLICE DISPATCH,3:10 PM,8/9/2013,Y,TX0790500,2189,,,35,8,2,4,20,64,42,1,2,1,21,21,79,413,,,US,59,,,US0059,,,,,,,,,,,,,,,Y,Y,N,5,7,N,SAT,,,,,,,,,,,,,,,,,,,,,,,,,,,,,,,,,,,,,,,,,,,,,,,,,,,,,,,,0,0,0,2,0,0,0,,,,
13410989,N,N,N,N,N,N,N,8/18/2013,8:50 AM,13-15995,,221,2,N,Y,,,19,,,1,2210,S,7,ST,N,N,30,N,N,,N,19,,,,600,,HIGHLAND,AVE,,,,,,,12,1,0,,2,1,20,8:53 AM,DISPATCH,8:58 AM,8/18/2013,Y,TX2210100,10,,,35,8,4,4,3,64,54,1,5,2,21,21,221,2,32.44366444,-99.74972758,,,,,S 7TH ST,2202,,,,,,,,,,,,,,Y,N,N,5,8,Y,SUN,,,,,,,,,,,,,,,,,,,,,,,,,,,,,,,,,,,,,,,,,,,,,,,,,,,,,,,,0,0,0,1,0,0,0,166,,,
13411002,N,Y,N,N,N,N,N,8/15/2013,5:39 PM,1314880,1314880,95,335,N,N,,,2,70,,1,700,W,5TH,,N,N,-1,N,N,,N,19,,,,500,,FRESNO,,,,,,,,11,1,0,,1,1,20,5:39 PM,DISPATCH,5:44 PM,8/17/2013,Y,TX0950400,1937,,,35,8,2,3,14,64,14,1,2,1,32,21,95,335,,,US,70,,,US0070,,,,,,,,,,,,,,,N,Y,N,5,5,N,THU,,,,,,,,,,,,,,,,,,,,,,,,,,,,,,,,,,,,,,,,,,,,,,,,,,,,,,,,0,0,0,1,1,0,0,,,,
13411137,N,N,N,N,N,N,N,8/9/2013,8:47 PM,C13-001388,,14,236,N,Y,,,3,195,,1,1400,S,FT HOOD,ST,N,N,40,N,N,ASPHALT,N,19,,,,1000,,JASPER,DR,,,,,ASPHALT,,11,3,0,,2,1,20,8:50 PM,DISPATCHED,8:50 PM,8/9/2013,Y,TX0140400,1587,,,,8,1,4,1,64,54,1,2,1,21,21,14,236,,,SH,195,,,SH0195,,,,,,,,,,,,,,,Y,Y,N,1,8,N,FRI,,,,,,,,,,,,,,,,,,,,,,,,,,,,,,,,,,,,,,,,,,,,,,,,,,,,,,,,1,0,0,2,0,1,0,,,,
13411215,N,N,N,N,N,N,N,8/18/2013,9:20 AM,0103675913W,,101,208,N,Y,,,19,,,1,600,,MAXEY,RD,N,N,45,N,N,CONCRETE,N,19,,,,12400,,CHURCH,ST,,,,,,,11,1,2,3,1,1,20,9:31 AM,DISPATCHED,9:40 AM,8/18/2013,Y,TXHPD0000,2469,6,124,71,8,2,3,10,64,14,1,3,1,32,21,101,208,29.77792153,-95.21855439,FM,526,,4.159,FM0526,693,980,2,2.703,468,-0.019,,,,,,,,,Y,Y,N,5,9,Y,SUN,2,0,10,10,0,3,4,150,84,48,4,0,0,2,10,5,2,10,5,0,0,4,14,22425,2014,22425,3.9,1.4,5.2,,,,,,,,,,,,,,,,,,,,,,,,,,,0,0,0,2,0,0,0,15,,,
13411516,N,N,N,N,N,N,N,8/20/2013,8:50 AM,13-58332,,105,383,N,Y,,,19,,,5,1600,,AQUARENA SPRINGS,DR,N,N,35,N,N,TURN CONNECTOR LANE,Y,1,35,,2,1400,N,IH 35 NORTH W FRONTAGE,RD,,,,,,,11,1,0,2,4,1,9,9:10 AM,DISPATCHED,9:13 AM,8/20/2013,Y,TX1050100,2084,,,23,8,2,2,22,64,38,2,1,1,21,21,105,383,29.89299774,-97.91246796,IH,35,,205.956,IH0035,,16,3,8.802,206,0.428,SL,82,,SL0082,,16,9,0.085,Y,Y,N,3,7,Y,TUE,5,0,2,10,6,2,6,300,96,72,4,0,0,2,4,5,2,20,5,,2,3,11,90895,2014,90895,4.9,8,13,,,,,,,,,,,,,,,,,,,,,,,,,,,0,0,1,2,0,1,0,90,,,
13411582,N,N,N,N,N,N,N,8/16/2013,1:45 PM,2.01E+11,,233,112,N,N,,,2,90,,1,2000,W,VETERANS,BLVD,N,N,30,N,N,US HIGHWAY,N,19,,R,,200,E,CANTU,RD,,,,,,,11,1,0,3,1,1,1,1:45 PM,DISPATCHED,1:46 PM,8/17/2013,Y,TX2330100,1191,,,23,8,2,4,20,64,42,1,2,1,21,21,233,112,29.38556097,-100.905397,US,90,,301.753,US0090,2085,22,10,72.544,418,0.496,,,,,,,,,N,Y,N,5,6,Y,FRI,2,0,10,10,0,2,4,210,84,64,4,0,0,2,10,5,2,10,5,0,0,2,14,21838,2014,21838,3.3,11.3,14.7,,,,,,,,,,,,,,,,,,,,,,,,,,,0,0,0,3,0,0,0,,,,
13411813,N,N,N,N,N,N,N,8/21/2013,11:23 AM,LV201303403,,247,930,N,Y,,,4,1346,,1,500,,FM 1346,,N,N,60,N,N,TWO WAY ASPHALT,N,2,87,,,14000,,US HWY 87,,,,,,MAJOR HIGHWAY,,11,1,0,1,2,1,1,11:25 AM,RADIO DISPATCH,11:28 AM,8/21/2013,Y,TX2470700,1616,,,35,8,7,4,1,23,29,1,3,2,21,21,247,930,29.35903346,-98.13664391,FM,1346,,19.418,FM1346,208,1437,2,13.384,518,-0.55,,,,,,,,,Y,Y,Y,5,1,Y,WED,2,0,7,6,0,2,2,71,51,38,4,0,0,2,7,5,2,6,5,0,0,1,7,2684,2014,2684,8.2,1,9.2,,,,,,,,,,,,,,,,,,,,,,,,,,,0,0,0,1,0,0,0,,,,
13411841,N,N,N,N,N,N,N,8/11/2013,4:10 PM,,,236,1106,N,Y,30.53595,-95.49198,4,1375,,1,,,NOT REPORTED,,N,N,50,N,N,,Y,1,45,,2,,,NOT REPORTED,,,,,,,,11,1,4,2,1,2,7,4:13 PM,WCSO,4:26 PM,8/11/2013,Y,,10000,22,52,1,8,2,1,24,64,54,2,1,1,21,21,236,1106,30.53520012,-95.49476624,IH,45,,102.567,IH0045,,675,7,1.721,102,0.486,FM,1375,,FM1375,,1402,2,9.189,Y,Y,Y,3,1,Y,SUN,5,0,5,9,53,2,4,350,76,48,6,0,0,2,10,5,2,18,5,2,43,1,1,42088,2014,42088,2.8,19.2,22,,,,,,,,,,,,,,,,,,,,,,,,,,,0,0,2,0,0,2,0,,,,
13411846,N,N,N,N,N,N,N,8/16/2013,6:43 PM,2013-32777,,101,29,N,Y,,,19,,,1,10,N,MAIN,ST,N,N,30,N,N,,N,19,,,,10,E,JAMES,AVE,,,,,,,11,1,4,,1,1,5,6:53 PM,DISPACTH,6:56 PM,8/17/2013,Y,TX1010100,100,,,113,8,2,2,22,64,42,1,5,1,21,21,101,29,29.73530341,-94.96641522,,,,,N MAIN ST,490,,,,,,,,,E JAMES ST,,,,,Y,N,N,5,7,Y,FRI,,,,,,,,,,,,,,,,,,,,,,,,,,,,,,,,,,,,,,,,,,,,,,,,,,,,,,,,0,0,0,3,0,0,0,15,,,
13411936,N,N,N,N,N,N,N,8/20/2013,3:11 PM,2.01E+11,W/W,57,357,N,Y,,,19,,,1,300,,CENTENNIAL,BLVD,N,N,40,N,N,,N,19,,,,700,,ABRAMS,RD,,,,,,,11,1,0,,1,1,5,3:15 PM,DISPATCH,3:19 PM,8/20/2013,Y,TX0572000,2011,4,153,23,8,2,4,20,64,36,1,5,1,21,21,57,357,32.93866306,-96.7305635,,,,,CENTENNIAL BLVD,,,,,,,,,,,,,,,Y,N,N,2,8,Y,TUE,,,,,,,,,,,,,,,,,,,,,,,,,,,,,,,,,,,,,,,,,,,,,,,,,,,,,,,,0,1,0,1,0,1,0,282,,,
13411973,N,N,N,N,N,N,N,8/18/2013,10:40 AM,,,79,1644,Y,Y,29.6645,-95.74585,15,,,1,,,WEST BELLFORT,,N,N,35,N,N,,N,3,99,,,,,GRAND,PKWY,,,,,,,11,1,0,,1,1,5,10:48 AM,DPS PIERCE COMM.,11:00 AM,8/19/2013,Y,,10000,19,52,1,8,2,1,10,64,3,1,2,1,21,21,79,1644,29.66445073,-95.74584861,,,,,W BELLFORT,21029,,,,,,,,,UNKNOWN,,,,,Y,N,Y,5,0,Y,SUN,,,,,,,,,,,,,,,,,,,,,,,,,,,,,,,,,,,,,,,,,,,,,,,,,,,,,,,,0,0,0,14,0,0,0,15,,,
13412032,N,N,N,N,N,N,N,8/14/2013,1:14 PM,130045246,380/ACCHIT,220,19,N,Y,,,1,20,,3,1700,W,NOT REPORTED,HWY,N,N,40,N,N,MERGE OF RAMP FROM COOPER TO SERVICE RD,N,4,157,,,,,COOPER,ST,,,,,OVERPASS,,12,1,0,2,4,1,20,1:15 PM,DISPATCHED,1:25 PM,8/15/2013,N,TX2200100,59,,,296,8,2,4,22,64,42,3,1,1,21,21,220,19,32.67520435,-97.1369854,IH,20,,448.019,IH0020,,2374,5,7.083,449,-0.098,,,,,,,,,Y,Y,N,3,9,Y,WED,5,0,12,12,0,3,13,400,222,158,6,0,0,2,32,5,2,32,5,2,32,4,11,92547,2014,92547,2.3,6.3,8.5,,,,,,,,,,,,,,,,,,,,,,,,,,,0,0,4,0,1,4,0,282,,,
13412049,N,N,N,N,N,Y,N,8/12/2013,11:04 PM,,,210,1775,Y,Y,31.82038,-94.20068,4,2026,,1,,,NOT REPORTED,,N,N,55,Y,N,,N,2,96,,,,,NOT REPORTED,,,,,,,,11,3,0,1,5,1,11,11:07 PM,DISPATCHED,11:09 PM,9/16/2013,Y,,10000,16,58,1,8,10,4,1,1,49,1,3,2,21,21,210,1775,31.82044371,-94.20076211,FM,2026,,10.443,FM2026,164,1879,1,10.441,742,0.45,,,,,,,,,Y,Y,Y,5,0,Y,MON,2,0,3,3,0,3,2,80,28,22,2,0,0,2,3,5,2,3,5,0,0,2,17,1680,2014,1680,5.9,1.9,7.7,1,90,11,1,56,,,,,,,,,,,,,,,,,,,,,,0,0,0,1,0,0,0,,,,
13412129,N,N,N,N,N,N,N,8/13/2013,2:00 PM,207223A,,57,107,N,Y,,,1,45,,4,11000,,JULIUS SCHEPPS,FWY,N,N,60,N,N,,N,1,20,,,35900,,LYNDON B JOHNSON,FWY,,,,,,,11,1,0,2,2,1,11,2:10 PM,DISPATCHED,2:20 PM,8/13/2013,Y,TX0000006,2471,,,113,8,10,4,1,1,54,4,1,2,21,21,57,215,32.65355457,-96.71247114,IH,45,,275.101,IH0045,,92,2,7.882,275,0.137,,,,,,,,,Y,Y,N,5,4,Y,TUE,5,0,10,10,32,8,6,300,112,72,5,0,0,2,20,5,2,20,5,2,12,4,11,51442,2014,51442,4.4,23.9,28.3,1,335,2,1,35,,,,,,,,,,,,,,,,,,,,,,0,0,0,1,0,0,0,282,,,
13412151,N,N,N,N,N,N,N,8/19/2013,2:29 AM,130819005,,165,291,N,Y,,,19,,,1,4300,W,NELSON,RD,N,N,45,N,N,,N,19,,,,3100,N,MIDLAND,DR,,,,,,,11,4,0,,1,1,1,2:29 AM,ON-SIGHT,2:29 AM,8/21/2013,Y,tx1650100,1782,,,629,8,7,2,1,20,3,1,5,2,21,21,165,291,32.01424126,-102.1408599,,,,,NELSON RD,4397,,,,,,,,,N MIDLAND DR,,,,,Y,N,N,5,8,Y,MON,,,,,,,,,,,,,,,,,,,,,,,,,,,,,,,,,,,,,,,,,,,,,,,,,,,,,,,,0,0,0,5,0,0,0,174,,,
13412374,N,N,N,N,N,N,N,8/5/2013,1:52 PM,13-217161,,71,136,N,Y,31.8387,-106.56715,19,,,1,7500,,REMCON,CIR,N,N,35,N,N,,N,19,,,1,,,N MESA,,,,,,,,11,1,98,,2,1,11,1:54 PM,DISPATCHED,1:57 PM,8/5/2013,Y,TX0710200,1259,,,,8,2,3,16,64,14,1,5,1,32,21,71,136,31.83830687,-106.567252,,,,,REMCON CIR,,,,,,,,,,,,,,,Y,N,N,5,9,Y,MON,,,,,,,,,,,,,,,,,,,,,,,,,,,,,,,,,,,,,,,,,,,,,,,,,,,,,,,,0,0,0,2,0,0,0,66,,,
13412589,N,N,N,N,N,N,N,8/13/2013,11:41 AM,13-56343,,105,383,N,Y,,,19,,,1,800,S,GUADALUPE,ST,N,N,35,Y,Y,,N,19,,,1,100,,ARMSTRONG,ST,,,,,,,11,1,0,,1,1,20,11:43 AM,DISPATCHED,11:50 AM,8/13/2013,Y,TX1050100,2084,,,51,8,2,4,22,64,49,1,2,1,21,21,105,383,29.87256425,-97.93967198,,,,,S GUADALUPE ST,805,,,,,,,,,,,,,,Y,N,N,5,7,Y,TUE,,,,,,,,,,,,,,,,,,,,,,,,,,,,,,,,,,,,,,,,,,,,,,,,,,,,,,,,0,0,0,3,0,0,0,90,,,
13412926,N,N,N,N,N,N,N,8/22/2013,5:20 AM,13M000523,,170,1323,N,Y,,,1,45,,2,,,NOT REPORTED,,N,N,-1,Y,Y,,Y,1,45,,2,1000,,RESEARCH FOREST,DR,,,,,,,11,4,4,,1,1,5,5:20 AM,DISPATCHED,5:20 AM,8/22/2013,Y,TX1701200,2121,,,35,8,2,1,34,64,49,2,1,1,21,21,170,1323,,,IH,45,,,IH0045,,,,,,,IH,45,,IH0045,,,,,Y,Y,Y,5,1,N,THU,,,,,,,,,,,,,,,,,,,,,,,,,,,,,,,,,,,,,,,,,,,,,,,,,,,,,,,,0,0,0,2,0,0,0,,,,
13412995,N,N,N,N,N,N,N,8/21/2013,4:53 PM,13-58741,,105,383,N,Y,,,1,35,,2,1100,N,IH 35,,N,N,45,N,N,WEST ACCESS ROAD,Y,3,80,,1,700,E,HOPKINS,ST,,,,,,,12,1,4,2,1,1,20,5:02 PM,DISPATCHED,5:02 PM,8/21/2013,Y,TX1050100,2084,,,23,8,2,1,24,64,54,2,1,1,21,21,105,383,29.88263512,-97.92189026,IH,35,,205.046,IH0035,,16,3,7.904,206,-0.482,SH,21,,SH0021,,286,1,30.889,Y,Y,N,5,7,Y,WED,5,0,2,10,6,2,6,300,96,72,4,0,0,2,4,5,2,20,5,,2,3,11,90895,2014,90895,4.9,8,13,1,439,0,1,11,,,,,,,,,,,,,,,,,,,,,,0,0,0,2,0,0,0,90,,,
13413029,N,N,N,N,N,N,N,8/14/2013,6:15 PM,13-19806,,101,325,N,Y,,,19,,,1,6600,,CRENSHAW,RD,N,N,35,N,N,DRY CONCRETE,Y,19,,,1,4900,,BAYWOOD,,,,,,DRY CONCRETE,,11,1,4,,1,1,1,6:20 PM,RADIO/DISPATCH,6:25 PM,8/14/2013,Y,TX1011500,1912,,,59,8,2,1,14,64,54,1,5,1,21,21,101,325,29.63739482,-95.13714315,,,,,CRENSHAW RD,,,,,,,,,,BAYWOOD DR,,,,,Y,N,N,5,8,Y,WED,,,,,,,,,,,,,,,,,,,,,,,,,,,,,,,,,,,,,,,,,,,,,,,,,,,,,,,,0,0,0,2,0,0,0,15,,,
13413056,N,N,N,N,N,N,N,8/16/2013,12:34 PM,2013-19960,,101,325,N,Y,,,19,,,1,600,,PRESTON,AVE,N,N,0,N,N,,Y,19,,,1,2900,,FLEMING,DR,,,,,,,11,1,4,,1,1,21,12:36 PM,DISPATCH,12:41 PM,8/16/2013,Y,TX1011500,1912,30,26,41,8,2,1,34,64,54,1,5,1,21,21,101,325,29.7211687,-95.17167164,,,,,N PRESTON AVE,600,,,,,,,,,UNKNOWN,,,,,Y,N,N,3,8,Y,FRI,,,,,,,,,,,,,,,,,,,,,,,,,,,,,,,,,,,,,,,,,,,,,,,,,,,,,,,,0,0,4,2,0,4,0,15,,,
13413546,N,N,N,N,N,N,N,8/4/2013,5:00 AM,,,201,1766,Y,Y,32.35978,-94.91122,4,2012,,1,,,NOT REPORTED,,N,N,60,N,N,,N,15,1124,,,,,NOT REPORTED,,,,,,,,11,3,0,1,2,1,12,8:07 AM,RUSK CO. SO.,9:06 AM,8/4/2013,Y,TXDPS2500,10000,16,28,1,8,7,4,1,36,54,1,3,2,21,21,201,1766,32.36140885,-94.91292579,FM,2012,,1.816,FM2012,,1933,2,10.714,290,0.72,,,,,,,,,Y,Y,Y,5,0,Y,SUN,2,0,0,0,0,2,2,100,24,24,2,0,0,1,0,0,1,0,0,0,0,1,7,1034,2014,1034,4,3.3,7.3,,,,,,,,,,,,,,,,,,,,,,,,,,,0,0,0,1,0,0,0,,,,
13413660,N,N,N,N,N,N,N,8/12/2013,5:22 PM,,,126,1691,Y,Y,32.47258,-97.23965,4,917,,1,,,NOT REPORTED,,N,N,55,N,N,,N,15,600,,,,,NOT REPORTED,,,,,,,,11,1,0,1,1,1,12,5:26 PM,DISPATCHED,6:02 PM,8/19/2013,Y,,10000,19,118,1,8,2,2,20,64,42,1,3,1,21,21,126,1691,32.46883153,-97.23639182,FM,917,,18.998,FM0917,8107,1181,4,12.169,564,-0.921,,,,CR0600,,,,,Y,Y,Y,5,0,Y,MON,2,0,2,2,0,2,2,80,24,20,2,0,0,3,2,5,3,2,5,0,0,4,16,7010,2014,7010,5.3,6.8,12.1,1,114,15,1,0,,,,,,,,,,,,,,,,,,,,,,0,0,0,1,1,0,0,282,,,
13413685,N,N,N,N,N,N,N,8/10/2013,9:35 PM,0100314813D,,101,208,N,Y,,,19,,,1,1300,,ST JOSEPH,PKWY,N,N,30,N,N,,Y,19,,,1,1800,,CAROLINE,ST,,,,,,,11,4,4,,1,1,5,9:35 PM,ON VIEWED,9:35 PM,8/21/2013,Y,TXHPD0000,2469,16,121,35,8,2,1,10,64,54,1,5,1,21,21,101,208,29.74863479,-95.36766309,,,,,ST JOSEPH PKWY,1299,,,,,,,,,CAROLINE ST,,,,,Y,N,N,5,9,Y,SAT,,,,,,,,,,,,,,,,,,,,,,,,,,,,,,,,,,,,,,,,,,,,,,,,,,,,,,,,0,0,0,3,0,0,0,15,,,
13413926,N,N,N,N,N,N,N,8/22/2013,7:53 PM,215946A,,57,107,N,Y,,,19,,,1,9100,,SKILLMAN,RD,N,N,35,N,N,,Y,1,635,,2,9800,,LYNDON B JOHNSON,FWY,,,,,,,11,1,0,2,1,1,5,8:02 PM,DISPATCHED,8:05 PM,8/22/2013,N,TX0000006,2471,,,33,8,2,1,24,64,9,2,1,1,21,21,57,107,32.90044651,-96.71760644,IH,635,,16.583,IH0635,,2374,1,3.09,16,-0.023,,,,SKILLMAN ST,,,,,Y,Y,N,3,9,Y,THU,5,1,10,12,28,2,8,320,140,96,5,0,0,2,20,5,2,24,5,2,8,4,11,154508,2014,154508,5.2,8.7,14,1,500,1,1,26,,,,,,,,,,,,,,,,,,,,,,0,0,1,0,1,1,0,282,,,
13413968,N,N,N,N,N,N,N,8/16/2013,3:47 AM,SAPD13177905,6140,15,379,N,Y,,,2,35,,1,4400 BLK,S,IH 35 SOUTH,,N,N,55,N,N,GOOD,N,19,,,,500 BLK,,GLADESTONE,,,,,,GOOD,,11,4,0,2,1,1,1,3:47 AM,ARRIVED ON SCENE,3:47 AM,8/16/2013,Y,TXSPD0000,2473,,11,175,8,10,4,1,1,54,1,1,1,21,21,15,379,29.38258779,-98.51256114,IH,35,,152.3,IH0035,,17,9,19.391,153,-0.143,,,,,,,,,Y,Y,N,2,9,Y,FRI,5,0,6,10,30,9,6,260,100,72,6,0,0,2,8,5,2,20,5,2,22,4,11,126341,2014,126341,3.4,25.4,28.8,1,943,0,1,0,,,,,,,,,,,,,,,,,,,,,,0,1,0,0,0,1,0,28,,,
13414025,N,N,N,N,N,N,N,8/22/2013,3:51 AM,SAPD13182867,3170,15,379,N,Y,,,19,,,1,20522,,STONE OAK,PKWY,N,N,45,N,N,,N,19,,,,,,DIAMOND T,WAY,,,,,,,11,4,2,,5,1,20,3:51 AM,DISPATCHEDD,3:59 AM,8/22/2013,Y,TXSPD0000,2473,,29,131,8,7,4,1,39,54,1,5,4,21,21,15,379,29.64597204,-98.46725524,,,,,STONE OAK PKWY,20522,,,,,,,,,,,,,,Y,N,N,5,9,Y,THU,,,,,,,,,,,,,,,,,,,,,,,,,,,,,,,,,,,,,,,,,,,,,,,,,,,,,,,,0,0,0,1,0,0,0,28,,,
13414327,N,N,N,N,N,N,N,8/14/2013,4:00 PM,13Q000192,,170,1065,N,Y,,,17,,,7,20800,E,EVA,ST,Y,N,0,N,N,PAVED CONCRETE/PARKING LOT,N,3,149,,1,14000,N,LIBERTY,ST,,,,,PAVED BLACKTOP,,11,1,0,,7,1,1,4:02 PM,DISPATCHED,4:04 PM,8/15/2013,Y,1701700,1800,,,87,8,2,4,10,64,16,7,9,5,33,21,170,1065,,,,,,,E EVA ST,,,,,,,,,,,,,,,N,N,Y,5,1,N,WED,,,,,,,,,,,,,,,,,,,,,,,,,,,,,,,,,,,,,,,,,,,,,,,,,,,,,,,,0,0,0,2,0,0,0,,,,
13414475,N,N,N,N,N,N,N,8/11/2013,8:50 AM,,,215,47,N,Y,,,19,,,1,400,W,4TH,ST,N,N,30,N,N,,N,19,,,,,,PAYNE,ST,,,,,,,11,1,0,,1,1,1,8:52 AM,DISPATCH,8:56 AM,8/11/2013,Y,,154,,,,8,4,3,4,64,14,1,5,1,32,21,215,47,32.76306002,-98.90771309,,,,,W 4TH ST,456,,,,,,,,,,,,,,Y,N,N,5,4,Y,SUN,,,,,,,,,,,,,,,,,,,,,,,,,,,,,,,,,,,,,,,,,,,,,,,,,,,,,,,,0,0,0,1,0,0,0,,,,
13414589,N,N,N,N,N,N,N,8/8/2013,9:42 PM,13-521312,,188,12,N,Y,,,19,,,1,2500,SW,6TH,AVE,N,N,35,N,N,PAVED,Y,19,,,1,600,S,MCMASTERS,ST,,,,,PAVED,,11,4,4,1,4,1,5,9:43 PM,DISPATCHED,9:45 PM,8/8/2013,Y,TX1880100,33,,,,8,2,1,10,64,54,1,2,1,21,21,188,12,35.21146865,-101.8659571,SL,279,,2.244,SL0279,2601,90,5,19.228,288,2.058,,,,S MCMASTERS ST,,,,,Y,Y,N,2,8,Y,THU,2,0,8,8,0,9,2,60,48,32,6,1,1,2,8,2,2,8,2,0,0,3,16,7942,2014,7942,8.9,4.1,13,,,,,,,,,,,,,,,,,,,,,,,,,,,0,2,0,3,0,2,0,120,,,
13414917,N,N,N,N,N,N,N,8/22/2013,10:22 PM,216056A,216057A,57,107,N,Y,,,1,635,,2,9300,,LBJ,FWY,N,N,40,Y,N,,N,19,,,,11900,,ABRAMS,RD,,,,,,,11,4,0,2,1,1,17,10:27 PM,DISPATCHED,10:40 PM,8/22/2013,N,tx0000006,2471,,,33,8,2,4,22,64,50,2,1,1,20,21,57,107,32.91211079,-96.73643297,IH,635,,17.94,IH0635,,2374,1,4.411,17,0.309,,,,,,,,,Y,Y,N,5,9,Y,THU,5,1,2,10,18,2,8,320,140,88,5,0,0,2,4,5,2,20,5,2,14,4,11,176167,2014,176167,5.2,8.7,14,,,,,,,,,,,,,,,,,,,,,,,,,,,0,0,0,4,1,0,0,282,,,