Crash_ID,Crash_Fatal_Fl,Cmv_Involv_Fl,Schl_Bus_Fl,Rr_Relat_Fl,Medical_Advisory_Fl,Amend_Supp_Fl,Active_School_Zone_Fl,Crash_Date,Crash_Time,Case_ID,Local_Use,Rpt_CRIS_Cnty_ID,Rpt_City_ID,Rpt_Outside_City_Limit_Fl,Thousand_Damage_Fl,Rpt_Latitude,Rpt_Longitude,Rpt_Rdwy_Sys_ID,Rpt_Hwy_Num,Rpt_Hwy_Sfx,Rpt_Road_Part_ID,Rpt_Block_Num,Rpt_Street_Pfx,Rpt_Street_Name,Rpt_Street_Sfx,Private_Dr_Fl,Toll_Road_Fl,Crash_Speed_Limit,Road_Constr_Zone_Fl,Road_Constr_Zone_Wrkr_Fl,Rpt_Street_Desc,At_Intrsct_Fl,Rpt_Sec_Rdwy_Sys_ID,Rpt_Sec_Hwy_Num,Rpt_Sec_Hwy_Sfx,Rpt_Sec_Road_Part_ID,Rpt_Sec_Block_Num,Rpt_Sec_Street_Pfx,Rpt_Sec_Street_Name,Rpt_Sec_Street_Sfx,Rpt_Ref_Mark_Offset_Amt,Rpt_Ref_Mark_Dist_Uom,Rpt_Ref_Mark_Dir,Rpt_Ref_Mark_Nbr,Rpt_Sec_Street_Desc,Rpt_CrossingNumber,Wthr_Cond_ID,Light_Cond_ID,Entr_Road_ID,Road_Type_ID,Road_Algn_ID,Surf_Cond_ID,Traffic_Cntl_ID,Investigat_Notify_Time,Investigat_Notify_Meth,Investigat_Arrv_Time,Report_Date,Investigat_Comp_Fl,ORI_Number,Investigat_Agency_ID,Investigat_Area_ID,Investigat_District_ID,Investigat_Region_ID,Bridge_Detail_ID,Harm_Evnt_ID,Intrsct_Relat_ID,FHE_Collsn_ID,Obj_Struck_ID,Othr_Factr_ID,Road_Part_Adj_ID,Road_Cls_ID,Road_Relat_ID,Phys_Featr_1_ID,Phys_Featr_2_ID,Cnty_ID,City_ID,Latitude,Longitude,Hwy_Sys,Hwy_Nbr,Hwy_Sfx,Dfo,Street_Name,Street_Nbr,Control,Section,Milepoint,Ref_Mark_Nbr,Ref_Mark_Displ,Hwy_Sys_2,Hwy_Nbr_2,Hwy_Sfx_2,Street_Name_2,Street_Nbr_2,Control_2,Section_2,Milepoint_2,Txdot_Rptable_Fl,Onsys_Fl,Rural_Fl,Crash_Sev_ID,Pop_Group_ID,Located_Fl,Day_of_Week,Hwy_Dsgn_Lane_ID,Hwy_Dsgn_Hrt_ID,Hp_Shldr_Left,Hp_Shldr_Right,Hp_Median_Width,Base_Type_ID,Nbr_Of_Lane,Row_Width_Usual,Roadbed_Width,Surf_Width,Surf_Type_ID,Curb_Type_Left_ID,Curb_Type_Right_ID,Shldr_Type_Left_ID,Shldr_Width_Left,Shldr_Use_Left_ID,Shldr_Type_Right_ID,Shldr_Width_Right,Shldr_Use_Right_ID,Median_Type_ID,Median_Width,Rural_Urban_Type_ID,Func_Sys_ID,Adt_Curnt_Amt,Adt_Curnt_Year,Adt_Adj_Curnt_Amt,Pct_Single_Trk_Adt,Pct_Combo_Trk_Adt,Trk_Aadt_Pct,Curve_Type_ID,Curve_Lngth,Cd_Degr,Delta_Left_Right_ID,Dd_Degr,Feature_Crossed,Structure_Number,I_R_Min_Vert_Clear,Approach_Width,Bridge_Median_ID,Bridge_Loading_Type_ID,Bridge_Loading_In_1000_Lbs,Bridge_Srvc_Type_On_ID,Bridge_Srvc_Type_Under_ID,Culvert_Type_ID,Roadway_Width,Deck_Width,Bridge_Dir_Of_Traffic_ID,Bridge_Rte_Struct_Func_ID,Bridge_IR_Struct_Func_ID,CrossingNumber,RRCo,Poscrossing_ID,WDCode_ID,Standstop,Yield,Incap_Injry_Cnt,Nonincap_Injry_Cnt,Poss_Injry_Cnt,Non_Injry_Cnt,Unkn_Injry_Cnt,Tot_Injry_Cnt,Death_Cnt,MPO_ID,Investigat_Service_ID,Investigat_DA_ID,Investigator_Narrative
13414957,N,N,N,N,N,N,N,8/17/2013,1:50 PM,SAPD13179860,5280,15,379,N,N,,,17,,,7,949,,BANDERA,RD,Y,N,-1,N,N,,N,19,,,,4400,W,WOODLAWN,,,,,,,,11,1,98,,1,1,20,2:00 PM,DISPATCH,2:07 PM,8/18/2013,Y,TXSPD0000,2473,,19,148,8,4,4,4,64,12,7,9,5,33,21,15,379,,,,,,,BANDERA RD,,,,,,,,,,,,,,,N,N,N,0,9,N,SAT,,,,,,,,,,,,,,,,,,,,,,,,,,,,,,,,,,,,,,,,,,,,,,,,,,,,,,,,0,0,0,0,1,0,0,,,,
13414965,N,N,N,N,N,N,N,8/23/2013,8:42 AM,191860,,57,147,N,N,,,19,,,1,14200,,JOSEY,LN,N,N,35,N,N,,Y,19,,,1,14200,,HERITAGE,CIR,,,,,,,11,1,0,,2,1,20,8:34 AM,DISPATCHED,8:36 AM,8/23/2013,Y,TX0571000,1290,,,27,8,2,1,14,64,54,1,5,1,21,21,57,147,32.94016423,-96.89039254,,,,,JOSEY LN,14244,,,,,,,,,HERITAGE CIR,,,,,N,N,N,5,6,Y,FRI,,,,,,,,,,,,,,,,,,,,,,,,,,,,,,,,,,,,,,,,,,,,,,,,,,,,,,,,0,0,0,2,0,0,0,282,,,
13415125,N,N,N,N,N,N,N,8/23/2013,1:12 PM,216534A,,57,107,N,Y,,,19,,,1,1800,,INWOOD,RD,N,N,35,N,N,,Y,19,,,1,5600,,SOUTHWESTERN MEDICAL,DR,,,,,,,11,1,4,,1,1,5,1:13 PM,DISPATCHED,1:24 PM,8/23/2013,Y,TX0000006,2471,,,87,8,2,1,10,64,54,1,5,1,21,21,57,107,32.81380425,-96.84733256,,,,,INWOOD RD,,,,,,,,,,SOUTHWESTERN MEDICAL AVE,,,,,Y,N,N,2,9,Y,FRI,,,,,,,,,,,,,,,,,,,,,,,,,,,,,,,,,,,,,,,,,,,,,,,,,,,,,,,,0,3,0,1,0,3,0,282,,,
13415145,N,N,N,N,N,N,N,8/19/2013,4:22 PM,132311213,,227,22,N,Y,,,2,1,M,1,900,,NOT REPORTED,EXPY,N,N,65,N,N,,N,19,,,,2900,,BARTON SKYWAY,,,,,,,,11,3,0,2,1,1,1,4:22 PM,DISPATCH,4:28 PM,8/19/2013,Y,TX2270100,74,1043,93,112,8,2,4,21,64,54,1,2,1,21,21,227,22,30.26702071,-97.77991233,SL,1,,16.116,SL0001,,3136,1,16.061,440,0.128,,,,,,,,,Y,Y,N,3,9,Y,MON,5,0,4,6,44,2,8,200,116,96,4,1,1,2,8,5,2,12,5,2,36,4,12,106597,2014,106597,1.3,0.3,1.6,1,442,0,2,17,,,,,,,,,,,,,,,,,,,,,,0,0,1,5,0,1,0,90,,,
13415209,N,N,N,N,N,N,N,8/10/2013,2:00 PM,0100155513W,,101,208,N,Y,,,19,,,1,15700,,CLARKE SPRINGS,DR,N,N,30,N,N,,N,19,,,,4500,S,SAM HOUSTON,PKWY,,,,,,,11,1,2,,1,1,20,2:14 PM,DISPATCHER,2:27 PM,8/19/2013,Y,TXHPD0000,2469,24,125,81,8,2,2,17,64,38,1,5,1,21,21,101,208,29.59609743,-95.44793259,,,,,CLARKE SPRINGS DR,15702,,,,,,,,,S SAM HOUSTON PKWY W,,,,,Y,N,N,3,9,Y,SAT,,,,,,,,,,,,,,,,,,,,,,,,,,,,,,,,,,,,,,,,,,,,,,,,,,,,,,,,0,0,1,1,1,1,0,15,,,
13415214,N,N,N,N,N,N,N,8/23/2013,7:04 AM,,,14,236,N,Y,31.0002,-97.60727,4,2484,,1,,,NOT REPORTED,,N,N,60,N,N,,N,15,,,,,,RIVERS BEND PARK,RD,,,,,,,11,2,0,1,4,1,12,7:32 AM,WACO DPS,7:55 AM,8/23/2013,Y,,10000,8,119,1,8,7,4,1,62,3,1,3,2,21,21,14,1579,31.00019751,-97.60727013,FM,2484,,13.073,FM2484,10650,2390,1,13.054,548,-0.781,,,,,,,,,Y,Y,Y,5,0,Y,FRI,2,0,4,4,0,2,2,120,28,20,2,0,0,3,4,5,3,4,5,0,0,1,7,1232,2014,1232,14.9,1.8,16.7,,,,,,,,,,,,,,,,,,,,,,,,,,,0,0,0,1,0,0,0,277,,,
13415322,N,N,N,N,N,N,N,8/23/2013,4:21 PM,216714A,,57,107,N,Y,,,19,,,1,1900,,OAKLAWN,AVE,N,N,35,N,N,,N,1,35,E,,,N,STEMMONS,FWY,,,,,,,11,1,0,,1,1,20,4:36 PM,DISPATCHED,4:31 PM,8/23/2013,Y,TX0000006,2471,,,87,8,2,4,20,64,9,1,5,1,21,21,57,107,32.79940425,-96.81794256,,,,,OAK LAWN AVE,1900,,,,,,,,,,,,,,Y,N,N,3,9,Y,FRI,,,,,,,,,,,,,,,,,,,,,,,,,,,,,,,,,,,,,,,,,,,,,,,,,,,,,,,,0,0,1,4,0,1,0,282,,,
13415646,N,N,N,N,N,N,N,8/23/2013,4:00 PM,0106066713K,,101,208,N,Y,,,1,45,,2,9400,N,NORTH SER W,FWY,N,N,40,N,N,,N,19,,,,700,W,MOUNT HOUSTON,RD,,,,,,,12,1,0,2,1,1,20,4:04 PM,DISPATCHED,4:11 PM,8/23/2013,Y,TXHPD0000,2469,6,152,59,8,2,2,22,64,38,2,1,1,21,21,101,208,29.89840867,-95.41226482,IH,45,,58.023,IH0045,,110,6,34.047,58,-0.021,SH,249,,SH0249,,,,,Y,Y,N,5,9,Y,FRI,5,1,0,10,28,8,8,300,192,120,5,0,0,1,0,0,2,20,5,2,28,4,11,216407,2014,216407,5.5,4.6,10.1,,,,,,,,,,,,,,,,,,,,,,,,,,,0,0,0,5,0,0,0,15,,,
13415910,N,N,N,N,N,N,N,8/22/2013,1:21 PM,SAPD13183135,2380,15,379,N,Y,,,19,,,1,2100,S,ZARZAMORA,ST,N,N,35,N,N,,Y,19,,,1,100,,A,ST,,,,,,,12,1,0,,1,1,11,1:35 PM,DISPATCHED,1:43 PM,8/22/2013,N,TXSPD0000,2473,,3,122,8,2,1,22,64,47,1,5,1,32,21,15,379,29.40148498,-98.53040231,,,,,S ZARZAMORA ST,2200,,,,,,,,,UNKNOWN,,,,,Y,N,N,5,9,Y,THU,,,,,,,,,,,,,,,,,,,,,,,,,,,,,,,,,,,,,,,,,,,,,,,,,,,,,,,,0,0,0,4,1,0,0,28,,,
13415937,N,N,N,N,N,N,N,8/22/2013,2:17 PM,13-16255,,221,2,N,Y,,,19,,,1,4100,,RIDGEMONT,DR,N,N,35,N,N,,N,19,,,,3300,,TURNER,DR,,,,,,,11,1,0,,1,1,1,2:18 PM,HQ,2:32 PM,8/22/2013,Y,TX2210100,10,,,27,8,2,3,14,64,14,1,5,1,32,21,221,2,32.40522987,-99.76594523,,,,,RIDGEMONT DR,3809,,,,,,,,,,,,,,Y,N,N,5,8,Y,THU,,,,,,,,,,,,,,,,,,,,,,,,,,,,,,,,,,,,,,,,,,,,,,,,,,,,,,,,0,0,0,3,0,0,0,166,,,
13416093,N,N,N,N,N,N,N,8/24/2013,8:10 PM,217978A,,57,107,N,Y,,,3,352,,1,1900,,ROBERT B CULLUM,BLVD,N,N,35,N,N,,N,19,,,,3300,,DALLAS,ST,,,,,,,11,4,0,2,1,1,20,10:21 PM,DISPATCHED,10:30 PM,8/24/2013,Y,TX0000006,2471,,,27,8,7,4,1,21,29,1,2,2,21,21,57,107,32.77175768,-96.75885287,SH,352,,1.015,SH0352,1874,197,1,2.356,590,-0.595,,,,,,,,,Y,Y,N,1,9,Y,SAT,3,0,0,0,80,3,6,200,66,66,5,1,2,1,0,0,1,0,0,1,80,4,14,15683,2014,15683,2.7,3.4,6.2,,,,,,,,,,,,,,,,,,,,,,,,,,,1,0,0,0,0,1,0,282,,,
13416355,N,N,N,N,N,N,N,8/24/2013,12:10 PM,0106460913A,,101,208,N,Y,,,19,,,1,,,DUNLAVY,,N,N,30,N,N,CONCRETE,Y,19,,,1,,,FAIRVIEW,ST,,,,,,,11,1,4,,1,1,11,12:23 PM,DISPATCH,12:28 PM,8/24/2013,Y,TXHPD0000,2469,18,121,35,8,2,1,10,64,54,1,5,1,21,21,101,208,29.74473481,-95.40209308,,,,,DUNLAVY ST,2401,,,,,,,,,FAIRVIEW ST,,,,,Y,N,N,5,9,Y,SAT,,,,,,,,,,,,,,,,,,,,,,,,,,,,,,,,,,,,,,,,,,,,,,,,,,,,,,,,0,0,0,2,0,0,0,15,,,
13416388,N,N,N,N,N,N,N,8/18/2013,7:15 AM,,,74,1639,Y,Y,33.47247,-96.24813,4,896,,1,,,NOT REPORTED,,N,N,-1,Y,Y,,N,15,4700,,,,,NOT REPORTED,,,,,,,,11,1,0,1,2,1,10,7:23 AM,FANNIN SO,7:37 AM,8/18/2013,Y,,10000,8,103,1,8,10,4,1,1,49,1,3,2,21,21,74,1639,33.46982063,-96.24820612,FM,896,,1.105,FM0896,7160,764,4,2.144,218,-0.873,,,,,,,,,Y,Y,Y,2,0,Y,SUN,2,0,0,0,0,2,2,80,20,20,2,0,0,1,0,0,1,0,0,0,0,1,8,510,2014,510,7.5,6,13.4,,,,,,,,,,,,,,,,,,,,,,,,,,,0,1,0,0,0,1,0,,,,
13417362,N,N,N,N,N,N,N,8/23/2013,8:29 AM,0105897713K,,101,208,N,Y,,,19,,,1,2717,,STONEY BROOK,DR,N,N,35,N,N,CONCRETE,N,19,,,,7800,,WESTHEIMER,,,,,,,,11,1,0,,1,1,1,8:29 AM,HOUSTON POLICE DISP,8:30 AM,8/24/2013,Y,TXHPD0000,2469,6,106,54,8,4,4,1,64,54,1,5,1,21,21,101,208,29.73899338,-95.50507899,,,,,STONEY BROOK DR,2608,,,,,,,,,,,,,,Y,N,N,0,9,Y,FRI,,,,,,,,,,,,,,,,,,,,,,,,,,,,,,,,,,,,,,,,,,,,,,,,,,,,,,,,0,0,0,0,1,0,0,15,,,
13417482,N,N,N,N,N,N,N,8/15/2013,12:20 PM,0102319913I,,101,208,N,Y,,,19,,,1,4900,,POST OAK TIMBER,,N,N,30,N,N,CONCRETE,N,19,,,,900,S,POST OAK,,,,,,,,12,1,0,,1,1,1,12:57 PM,HOUSTON POLICE DISP,1:12 PM,8/15/2013,Y,TXHPD0000,2469,24,106,54,8,7,3,4,32,14,1,5,2,32,21,101,208,29.75888423,-95.46126403,,,,,POST OAK TIMBER DR,4900,,,,,,,,,,,,,,Y,N,N,0,9,Y,THU,,,,,,,,,,,,,,,,,,,,,,,,,,,,,,,,,,,,,,,,,,,,,,,,,,,,,,,,0,0,0,0,1,0,0,15,,,
13417769,N,N,N,N,N,N,N,8/22/2013,10:33 PM,13-83331,,220,156,N,Y,32.84673,-97.29012,19,,,1,5600,N,BEACH,ST,N,N,-1,N,N,,Y,17,,,1,5600,,PRIVATE,RD,,,,,PRIVATE  ROAD INTO PARKING LOT,,12,4,98,,6,1,1,10:36 PM,DISPATCHED,10:38 PM,8/22/2013,Y,TX2201200,1318,4,29,23,8,2,3,34,64,13,1,5,1,32,21,220,156,32.84777426,-97.28993244,,,,,N BEACH ST,5600,,,,,,,,,,,,,,Y,N,N,3,9,Y,THU,,,,,,,,,,,,,,,,,,,,,,,,,,,,,,,,,,,,,,,,,,,,,,,,,,,,,,,,0,0,2,0,0,2,0,282,,,
13418338,Y,N,N,N,N,Y,N,8/25/2013,4:15 AM,13-84074,,220,156,N,Y,32.73347,-97.40099,2,30,,1,5200,,WEST,FWY,N,N,60,N,N,,N,19,,,,2500,,MERRICK,,,,,,,,11,4,0,2,2,1,1,4:45 AM,SGT BLAKE,5:30 AM,8/25/2013,Y,TX2201200,1318,4,19,23,8,7,4,1,29,25,1,1,2,21,21,220,156,32.73307923,-97.39904079,IH,30,,10.262,IH0030,,1068,1,19.041,10,0.309,,,,,,,,,Y,Y,N,4,9,Y,SUN,5,0,10,10,51,3,6,220,112,72,5,0,0,2,20,5,2,20,5,2,31,4,11,129911,2014,129911,2.4,12,14.4,,,,,,,,,,,,,,,,,,,,,,,,,,,0,0,0,0,0,0,1,282,,,
13418482,N,N,N,N,N,N,N,8/8/2013,9:53 AM,2013-67933,,108,283,N,N,,,3,336,,1,300,N,10TH,ST,N,N,40,N,N,4 LANE ROAD NOT PROTECTED,N,19,,,,1000,W,DATEPALM,AVE,,,,,2 WAY STREET,,11,1,98,,2,1,1,9:53 AM,DISPATCH,9:58 AM,8/8/2013,Y,TX1080800,1753,,,35,8,2,4,20,64,42,1,2,1,21,21,108,283,,,SH,336,,,SH0336,,,,,,,,,,,,,,,Y,Y,N,3,8,N,THU,,,,,,,,,,,,,,,,,,,,,,,,,,,,,,,,,,,,,,,,,,,,,,,,,,,,,,,,0,0,1,1,0,1,0,,,,
13418521,N,N,N,N,N,N,N,8/19/2013,12:20 PM,,,236,1801,Y,N,30.7281,-95.40108,2,190,,1,,,NOT REPORTED,,N,N,70,N,N,,N,19,,,,,,PINE OAK,RD,,,,,,,11,1,0,1,1,1,12,12:28 PM,WCSO,12:38 PM,8/19/2013,Y,,10000,22,52,1,8,2,4,30,64,54,1,2,1,21,21,236,1801,30.72819798,-95.40103449,US,190,,465.285,US0190,,213,1,9.153,752,-0.041,,,,,,,,,N,Y,Y,5,0,Y,MON,2,0,10,10,0,3,2,100,46,26,4,0,0,5,10,5,5,10,5,0,0,1,2,5920,2014,5920,10,3.9,13.9,,,,,,,,,,,,,,,,,,,,,,,,,,,0,0,0,4,0,0,0,,,,
13418651,N,N,N,N,N,N,N,8/23/2013,9:47 AM,13076484,,43,1039,N,Y,33.1644,-96.3406,3,121,,1,,N,SAM RAYBURN,HWY,N,N,55,N,N,,N,19,,,,,,MILLER,RD,,,,,,,11,1,4,1,1,1,20,9:49 AM,DISPATCHED,9:50 AM,8/23/2013,Y,TX0431700,1766,,,35,8,2,3,34,64,13,1,2,1,32,21,43,1039,33.27927584,-96.56831123,SH,121,,35.372,SH0121,2403,549,3,14.331,242,-0.674,,,,,,,,,Y,Y,N,5,4,Y,FRI,2,0,12,12,0,3,2,120,48,24,4,0,0,2,12,5,2,12,5,0,0,3,14,18519,2014,18519,6.1,3.5,9.6,,,,,,,,,,,,,,,,,,,,,,,,,,,0,0,0,2,0,0,0,282,,,
13418708,N,N,N,N,N,N,N,8/22/2013,11:45 AM,,,234,1799,Y,Y,32.63728,-95.66442,4,857,,1,,,NOT REPORTED,,N,N,55,N,N,,N,4,1255,,,,,NOT REPORTED,,,,,,,,11,1,0,1,5,1,12,11:54 AM,VAN ZANDT S.O.,12:12 PM,8/22/2013,Y,,10000,7,28,1,8,10,4,1,1,3,1,3,2,21,21,234,1799,32.63626123,-95.66354333,FM,857,,3.517,FM0857,3553,771,4,3.556,654,-0.416,,,,,,,,,Y,Y,Y,5,0,Y,THU,2,0,2,2,0,3,2,100,24,20,2,0,0,5,2,5,5,2,5,0,0,1,8,958,2014,958,7.9,0.9,8.8,,,,,,,,,,,,,,,,,,,,,,,,,,,0,0,0,1,0,0,0,,,,
13418792,N,N,N,N,N,N,N,8/26/2013,7:45 AM,13-09058,771,61,259,N,N,,,19,,,1,1000,,TEXAS,ST,N,N,45,N,N,,N,19,,,,200,,MCDONNELL,ST,,,,,,,11,1,0,,1,1,20,7:52 AM,DISPATCHED,8:02 AM,8/26/2013,Y,TX0610600,1659,,,35,8,2,4,22,64,42,1,5,1,21,21,61,259,33.03174043,-96.99224251,,,,,TEXAS ST,1071,,,,,,,,,,,,,,N,N,N,5,7,Y,MON,,,,,,,,,,,,,,,,,,,,,,,,,,,,,,,,,,,,,,,,,,,,,,,,,,,,,,,,0,0,0,2,0,0,0,282,,,
13418843,N,N,N,N,N,N,N,8/22/2013,12:40 PM,,,46,1611,Y,Y,29.90598,-98.41103,2,281,,1,,,NOT REPORTED,,N,N,60,N,N,,N,4,306,,,,,NOT REPORTED,,,,,,,,11,1,0,2,1,1,11,12:47 PM,DPS SAN ANTONIO COMM,1:18 PM,8/24/2013,Y,,10000,3,92,1,8,2,4,22,64,42,1,2,1,21,21,46,1611,29.90612256,-98.41049004,US,281,,298.102,US0281,11988,253,3,7.356,502,0.362,,,,,,,,,Y,Y,Y,2,0,Y,THU,3,0,8,4,71,2,4,400,88,48,4,0,0,2,16,5,2,8,5,3,55,1,2,16689,2014,16689,12,6.7,18.8,1,150,0,2,7,,,,,,,,,,,,,,,,,,,,,,0,1,0,6,0,1,0,28,,,
13419012,N,N,N,N,N,N,N,8/16/2013,6:40 PM,,,181,317,N,Y,30.11543,-93.82092,1,10,,2,,,NOT REPORTED,,N,N,45,N,N,,Y,3,62,,1,,,NOT REPORTED,,,,,,,,11,1,0,2,1,1,11,6:43 PM,DPS LUFKIN,6:51 PM,8/20/2013,Y,,10000,7,58,1,8,2,2,21,64,9,2,1,1,21,21,181,317,30.1154995,-93.820961,IH,10,,871.99,IH0010,,28,11,17.975,873,0.069,SH,62,,SH0062,,243,4,11.051,Y,Y,N,5,5,Y,FRI,5,0,10,22,48,9,4,290,112,48,5,0,0,2,20,5,2,44,5,3,28,3,11,38387,2014,38387,2.3,30.1,32.4,,,,,,,,,,,,,,,,,,,,,,,,,,,0,0,0,2,0,0,0,135,,,
13419069,N,N,N,N,N,N,N,8/26/2013,2:30 AM,0107148413L,FSGI,101,208,N,Y,,,1,610,,1,1900,N,NORTH LP W,,N,N,60,N,N,,N,19,,,,2900,E,T C JESTER,BLVD,,,,,,,11,4,0,,1,1,20,2:41 AM,DISPATCH,2:44 AM,8/26/2013,Y,TXHPD0000,2469,18,152,27,8,7,2,1,23,54,1,1,2,21,21,101,208,,,IH,610,,,IH0610,,,,,,,,,,E T C JESTER BLVD,,,,,Y,Y,N,0,9,N,MON,,,,,,,,,,,,,,,,,,,,,,,,,,,,,,,,,,,,,,,,,,,,,,,,,,,,,,,,0,0,0,0,2,0,0,,,,
13419077,N,N,N,N,N,N,N,8/18/2013,9:01 AM,,,205,1770,Y,Y,27.99746,-97.24976,4,136,,1,,,NOT REPORTED,,N,N,70,N,N,,N,4,3284,,,,,NOT REPORTED,,,,,,,,11,1,0,1,1,1,11,9:01 AM,RADIO,9:10 AM,8/26/2013,Y,,10000,12,112,1,8,2,4,20,64,3,1,3,1,21,21,205,1770,27.9954654,-97.24961335,FM,136,,24.466,FM0136,7324,3474,1,1.044,608,-0.777,,,,,,,,,Y,Y,Y,5,0,Y,SUN,2,0,10,10,0,2,2,120,44,24,4,0,0,2,10,5,2,10,5,0,0,1,7,3429,2014,3429,3.4,3.6,7,,,,,,,,,,,,,,,,,,,,,,,,,,,0,0,0,4,0,0,0,,,,
13419098,N,N,N,N,N,N,N,8/16/2013,7:39 PM,130816043,,165,291,N,Y,,,19,,,1,4000,,HOLIDAY HILL,,N,N,45,N,N,,Y,19,,,1,5400,,RIO GRANDE,,,,,,,,11,1,0,,1,1,8,7:44 PM,DISPATCH,7:48 PM,8/16/2013,Y,TX1650100,1782,,,629,8,2,1,10,64,54,1,5,1,21,21,165,291,,,,,,,HOLIDAY HILL,,,,,,,,,,RIO GRANDE,,,,,Y,N,N,3,8,N,FRI,,,,,,,,,,,,,,,,,,,,,,,,,,,,,,,,,,,,,,,,,,,,,,,,,,,,,,,,0,0,1,2,0,1,0,,,,
13419755,N,Y,N,N,N,N,N,8/12/2013,12:25 PM,13-224159,,71,136,N,N,31.76301,-106.26665,19,,,2,1920,N,ZARAGOZA,RD,Y,N,35,Y,Y,,N,19,,,2,1890,,JOE BATTLE,BLVD,,,,,,,12,1,98,,1,1,8,12:30 PM,DISPATCHED,1:40 PM,8/12/2013,Y,TX0710200,1259,,,185,8,7,4,3,30,49,7,9,5,33,21,71,136,,,,,,,N ZARAGOZA RD,,,,,,,,,,,,,,,N,N,N,5,9,N,MON,,,,,,,,,,,,,,,,,,,,,,,,,,,,,,,,,,,,,,,,,,,,,,,,,,,,,,,,0,0,0,1,0,0,0,,,,
13419902,N,N,N,N,N,N,N,8/19/2013,5:30 PM,13-151415,,43,336,N,Y,,,19,,,1,900,W,PARKER,RD,N,N,40,N,N,,N,19,,,,,,ALMA,DR,,,,,,,11,1,0,,1,1,20,5:34 PM,DISPATCHED,5:42 PM,8/19/2013,Y,TX0430600,1938,,,,8,2,4,22,64,36,1,5,1,21,21,43,336,33.0409042,-96.71557855,,,,,W PARKER RD,1025,,,,,,,,,,,,,,Y,N,N,3,9,Y,MON,,,,,,,,,,,,,,,,,,,,,,,,,,,,,,,,,,,,,,,,,,,,,,,,,,,,,,,,0,0,1,2,1,1,0,282,,,
13419916,N,N,N,N,N,N,N,8/13/2013,4:02 PM,13-05615,,15,257,N,Y,,,3,16,,1,6000,N,BANDERA ROAD,RD,N,N,45,N,N,,Y,19,,,1,5400,W,WURZBACH,RD,,,,,,,11,1,4,2,1,1,5,4:02 PM,DISPATCHED,4:09 PM,8/13/2013,Y,TX0151000,1654,,,93,8,2,1,28,64,54,1,2,1,21,21,15,257,29.48441908,-98.60458282,SH,16,,356.26,SH0016,,291,10,9.686,590,-0.196,,,,WURZBACH RD,,,,,Y,Y,N,5,5,Y,TUE,3,0,0,0,27,2,6,180,72,72,4,0,0,1,0,0,1,0,0,3,27,4,14,33549,2014,33549,4.4,4.4,8.9,,,,,,,,,,,,,,,,,,,,,,,,,,,0,0,0,2,0,0,0,28,,,
13419920,N,N,N,N,N,N,N,8/20/2013,6:22 AM,13-5761,,15,257,N,Y,,,4,471,,1,6300,E,GRISSON,RD,N,N,40,N,N,,N,3,16,,1,6600,S,BANDERA,RD,,,,,,,11,2,0,3,1,1,1,6:22 AM,DISPATCHED,6:23 AM,8/20/2013,Y,TX0156000,1654,,,139,8,2,4,20,64,3,1,3,1,21,21,15,257,29.49455086,-98.61904367,FM,471,,0.061,FM0471,,849,1,0.057,492,-0.07,,,,,,,,,Y,Y,N,5,5,Y,TUE,2,0,0,0,0,2,4,120,69,58,4,1,2,1,0,0,1,0,0,0,0,4,14,25683,2014,25683,5.9,2.7,8.6,,,,,,,,,,,,,,,,,,,,,,,,,,,0,0,0,2,0,0,0,28,,,
13420036,N,N,N,N,N,N,N,8/26/2013,5:40 PM,13-009358,,21,85,N,Y,,,9,6,,1,,,TEXAS,AVE,N,N,45,N,N,,Y,19,,,1,,,MANUEL,DR,,,,,,,12,1,2,,1,1,15,5:45 PM,DISPATCH,5:46 PM,8/26/2013,Y,TX0210200,301,,,35,8,5,2,3,64,3,1,2,1,21,21,21,85,,,,,,,BS0006,,,,,,,,,,MANUEL DR,,,,,Y,Y,N,2,7,N,MON,,,,,,,,,,,,,,,,,,,,,,,,,,,,,,,,,,,,,,,,,,,,,,,,,,,,,,,,0,1,0,1,0,1,0,,,,
13420087,N,N,N,N,N,N,N,8/14/2013,3:58 PM,13-14349,,92,268,N,Y,,,14,63,,1,200,N,SPUR 63,,N,N,40,N,N,,N,2,80,,,,W,MARSHALL,AVE,,,,,,,11,1,0,3,1,1,20,3:59 PM,DISPATCHED,4:01 PM,8/14/2013,Y,920500,1691,,,,8,2,3,10,64,14,1,2,1,32,21,92,268,32.4993571,-94.75092803,SS,63,,3.897,SS0063,,138,8,22.969,278,1.811,,,,,,,,,Y,Y,N,3,7,Y,WED,2,0,0,0,0,2,4,100,61,61,4,2,2,1,0,0,1,0,0,0,0,3,14,16991,2014,16991,2.9,7.1,10,,,,,,,,,,,,,,,,,,,,,,,,,,,0,0,2,0,0,2,0,361,,,
13420249,N,N,N,N,N,N,N,8/22/2013,2:08 PM,,,164,1729,Y,Y,30.87509,-100.10006,2,190,,1,,,NOT REPORTED,,N,N,75,N,N,,N,4,2873,,,,,NOT REPORTED,,,,,,,,12,1,0,1,1,1,3,2:09 PM,DISPATCH,2:32 PM,8/22/2013,Y,TX1640000,1769,,,,8,10,4,1,1,54,1,2,2,21,21,164,1729,30.87526109,-100.1084214,US,190,,122.956,US0190,,396,5,0.486,400,0.452,,,,,,,,,Y,Y,Y,5,0,Y,THU,2,0,6,6,0,2,2,120,36,24,2,0,0,3,6,5,3,6,5,0,0,1,6,495,2014,495,5.3,34.1,39.4,1,196,1,1,15,,,,,,,,,,,,,,,,,,,,,,0,0,0,1,0,0,0,,,,