Crash_ID,Crash_Fatal_Fl,Cmv_Involv_Fl,Schl_Bus_Fl,Rr_Relat_Fl,Medical_Advisory_Fl,Amend_Supp_Fl,Active_School_Zone_Fl,Crash_Date,Crash_Time,Case_ID,Local_Use,Rpt_CRIS_Cnty_ID,Rpt_City_ID,Rpt_Outside_City_Limit_Fl,Thousand_Damage_Fl,Rpt_Latitude,Rpt_Longitude,Rpt_Rdwy_Sys_ID,Rpt_Hwy_Num,Rpt_Hwy_Sfx,Rpt_Road_Part_ID,Rpt_Block_Num,Rpt_Street_Pfx,Rpt_Street_Name,Rpt_Street_Sfx,Private_Dr_Fl,Toll_Road_Fl,Crash_Speed_Limit,Road_Constr_Zone_Fl,Road_Constr_Zone_Wrkr_Fl,Rpt_Street_Desc,At_Intrsct_Fl,Rpt_Sec_Rdwy_Sys_ID,Rpt_Sec_Hwy_Num,Rpt_Sec_Hwy_Sfx,Rpt_Sec_Road_Part_ID,Rpt_Sec_Block_Num,Rpt_Sec_Street_Pfx,Rpt_Sec_Street_Name,Rpt_Sec_Street_Sfx,Rpt_Ref_Mark_Offset_Amt,Rpt_Ref_Mark_Dist_Uom,Rpt_Ref_Mark_Dir,Rpt_Ref_Mark_Nbr,Rpt_Sec_Street_Desc,Rpt_CrossingNumber,Wthr_Cond_ID,Light_Cond_ID,Entr_Road_ID,Road_Type_ID,Road_Algn_ID,Surf_Cond_ID,Traffic_Cntl_ID,Investigat_Notify_Time,Investigat_Notify_Meth,Investigat_Arrv_Time,Report_Date,Investigat_Comp_Fl,ORI_Number,Investigat_Agency_ID,Investigat_Area_ID,Investigat_District_ID,Investigat_Region_ID,Bridge_Detail_ID,Harm_Evnt_ID,Intrsct_Relat_ID,FHE_Collsn_ID,Obj_Struck_ID,Othr_Factr_ID,Road_Part_Adj_ID,Road_Cls_ID,Road_Relat_ID,Phys_Featr_1_ID,Phys_Featr_2_ID,Cnty_ID,City_ID,Latitude,Longitude,Hwy_Sys,Hwy_Nbr,Hwy_Sfx,Dfo,Street_Name,Street_Nbr,Control,Section,Milepoint,Ref_Mark_Nbr,Ref_Mark_Displ,Hwy_Sys_2,Hwy_Nbr_2,Hwy_Sfx_2,Street_Name_2,Street_Nbr_2,Control_2,Section_2,Milepoint_2,Txdot_Rptable_Fl,Onsys_Fl,Rural_Fl,Crash_Sev_ID,Pop_Group_ID,Located_Fl,Day_of_Week,Hwy_Dsgn_Lane_ID,Hwy_Dsgn_Hrt_ID,Hp_Shldr_Left,Hp_Shldr_Right,Hp_Median_Width,Base_Type_ID,Nbr_Of_Lane,Row_Width_Usual,Roadbed_Width,Surf_Width,Surf_Type_ID,Curb_Type_Left_ID,Curb_Type_Right_ID,Shldr_Type_Left_ID,Shldr_Width_Left,Shldr_Use_Left_ID,Shldr_Type_Right_ID,Shldr_Width_Right,Shldr_Use_Right_ID,Median_Type_ID,Median_Width,Rural_Urban_Type_ID,Func_Sys_ID,Adt_Curnt_Amt,Adt_Curnt_Year,Adt_Adj_Curnt_Amt,Pct_Single_Trk_Adt,Pct_Combo_Trk_Adt,Trk_Aadt_Pct,Curve_Type_ID,Curve_Lngth,Cd_Degr,Delta_Left_Right_ID,Dd_Degr,Feature_Crossed,Structure_Number,I_R_Min_Vert_Clear,Approach_Width,Bridge_Median_ID,Bridge_Loading_Type_ID,Bridge_Loading_In_1000_Lbs,Bridge_Srvc_Type_On_ID,Bridge_Srvc_Type_Under_ID,Culvert_Type_ID,Roadway_Width,Deck_Width,Bridge_Dir_Of_Traffic_ID,Bridge_Rte_Struct_Func_ID,Bridge_IR_Struct_Func_ID,CrossingNumber,RRCo,Poscrossing_ID,WDCode_ID,Standstop,Yield,Incap_Injry_Cnt,Nonincap_Injry_Cnt,Poss_Injry_Cnt,Non_Injry_Cnt,Unkn_Injry_Cnt,Tot_Injry_Cnt,Death_Cnt,MPO_ID,Investigat_Service_ID,Investigat_DA_ID,Investigator_Narrative
13420831,N,N,N,N,N,N,N,8/18/2013,10:02 AM,SAPD13185561,5310,15,379,N,Y,,,19,,,1,5900,,INGRAM,RD,N,N,30,N,N,,Y,19,,,1,4200,,CALLAGHAN,,,,,,,,11,1,4,,1,1,5,10:02 AM,DISPATCH,10:09 AM,8/25/2013,Y,TXSPD0000,2473,,19,148,8,2,1,10,64,3,1,5,1,21,21,15,379,29.46633497,-98.60250228,,,,,INGRAM RD,6000,,,,,,,,,CALLAGHAN RD,,,,,Y,N,N,5,9,Y,SUN,,,,,,,,,,,,,,,,,,,,,,,,,,,,,,,,,,,,,,,,,,,,,,,,,,,,,,,,0,0,0,3,0,0,0,28,,,
13420876,N,N,N,N,N,N,Y,8/26/2013,7:45 AM,,,174,1739,Y,Y,31.70467,-94.67868,4,698,,1,,,NOT REPORTED,,N,N,35,N,N,,N,2,259,,,,,NOT REPORTED,,,,,,,,11,1,0,1,2,1,12,7:55 AM,POLICE DISPATCH,8:05 AM,8/26/2013,Y,,10000,19,58,1,8,2,4,20,64,54,1,3,1,21,21,174,1739,31.70469695,-94.67887882,FM,698,,6.582,FM0698,199,1074,1,6.579,714,0.583,,,,,,,,,Y,Y,Y,3,0,Y,MON,2,0,2,2,0,2,2,80,24,20,2,0,0,5,2,5,5,2,5,0,0,1,8,1207,2014,1207,2.7,0,2.7,,,,,,,,,,,,,,,,,,,,,,,,,,,0,0,1,3,0,1,0,,,,
13420994,N,N,N,N,N,N,N,8/26/2013,8:25 AM,13-84375,,220,156,N,Y,32.80201,-97.37224,19,,,1,3200,W,LONG,AVE,N,N,-1,N,N,,Y,19,,,1,2700,NW,31ST,ST,,,,,,,2,4,2,,1,2,1,8:31 AM,DISPATCH,8:31 AM,8/26/2013,N,TX2201200,1318,4,29,23,8,2,1,10,64,54,1,5,1,21,21,220,156,32.80174427,-97.37277242,,,,,W LONG AVE,,,,,,,,,,NW 31ST ST,,,,,Y,N,N,5,9,Y,MON,,,,,,,,,,,,,,,,,,,,,,,,,,,,,,,,,,,,,,,,,,,,,,,,,,,,,,,,0,0,0,2,1,0,0,282,,,
13420998,Y,N,N,N,N,N,N,8/14/2013,4:15 PM,A-13-000046,IR-13-000296,143,184,N,Y,,,19,,,1,161,,KROSCHELL,ST,N,N,30,N,N,,N,19,,,1,100,,LAY,ST,,,,,WEST CURB LINE OF LAY ST.,,11,1,0,,4,1,1,4:15 PM,RADIO,4:18 PM,8/15/2013,Y,TX1430100,1402,,,,8,7,4,1,33,54,1,5,2,21,21,143,184,29.44157049,-96.95339391,,,,,KROSCHEL ST,759,,,,,,,,,,,,,,Y,N,Y,4,3,Y,WED,,,,,,,,,,,,,,,,,,,,,,,,,,,,,,,,,,,,,,,,,,,,,,,,,,,,,,,,0,0,0,0,0,0,1,,,,
13421006,N,N,N,N,N,N,N,8/21/2013,6:00 PM,0105146113I,FSGI,101,208,N,Y,,,19,,,1,7500,N,SHEPHERD,DR,N,N,45,N,N,CONCRETE,N,19,,,,700,W,LITTLE YORK,RD,,,,,,,11,1,4,2,4,1,5,6:02 PM,HPD DISPATCH,6:06 PM,8/26/2013,Y,TXHPD0000,2469,6,152,59,8,2,2,24,64,35,1,2,1,21,21,101,208,29.86938606,-95.41259778,SS,261,,0.599,SS0261,7513,110,6,0.599,462,0.365,,,,W LITTLE YORK RD,,,,,Y,Y,N,2,9,Y,WED,3,0,0,0,20,3,6,210,120,80,6,1,1,1,0,0,1,0,0,1,20,4,14,28004,2014,28004,6.5,3.7,10.2,1,121,1,1,6,,,,,,,,,,,,,,,,,,,,,,0,1,0,0,1,1,0,15,,,
13421013,N,N,N,N,N,N,N,8/23/2013,1:34 PM,,,146,1711,Y,Y,30.3749,-95.07018,2,59,,1,,,NOT REPORTED,,N,N,65,N,N,,N,19,,,,,,WASHINGTON,AVE,,,,,,,11,1,3,2,4,1,20,1:41 PM,LCSO,1:51 PM,8/23/2013,Y,,10000,7,52,1,8,7,2,1,20,32,1,2,2,21,21,146,79,30.37507343,-95.07046532,US,59,,255.369,US0059,,177,3,1.864,462,-0.062,SL,573,,SL0573,,,,,Y,Y,N,3,4,Y,FRI,5,0,6,6,60,9,4,300,72,48,6,0,0,2,12,5,2,12,5,,48,2,12,25431,2014,25431,3.5,28,31.5,,,,,,,,,,,,,,,,,,,,,,,,,,,0,0,3,1,0,3,0,15,,,
13421076,N,N,N,N,N,N,N,8/27/2013,12:40 PM,220278A,,57,107,N,Y,,,11,12,,1,5600,E,NORTHWEST,HWY,N,N,35,N,N,,N,2,75,,,8600,N,CENTRAL,EXPY,,,,,,,12,1,0,2,2,1,20,12:46 PM,DISPATCHED,12:57 PM,8/27/2013,Y,TX0000006,2471,,,59,8,2,4,21,64,54,1,2,1,21,21,57,107,32.86547308,-96.76597333,SL,12,,25.071,SL0012,,353,5,26.825,610,-0.886,,,,,,,,,Y,Y,N,5,9,Y,TUE,3,0,0,0,15,3,6,300,66,66,5,1,2,1,0,0,1,0,0,1,15,4,14,51161,2014,51161,2.3,0.4,2.7,,,,,,,,,,,,,,,,,,,,,,,,,,,0,0,0,2,1,0,0,282,,,
13421129,N,N,N,N,N,N,N,8/25/2013,10:15 PM,,,7,1572,Y,Y,29.10562999,-98.59251,3,16,,1,,,NOT REPORTED,,N,N,70,N,N,,N,15,,,,,,THOMAS,RD,,,,,,,11,3,0,2,1,1,20,10:24 PM,ACSO,10:32 PM,8/26/2013,Y,,10000,1,92,1,8,10,4,1,1,3,1,2,4,21,21,7,1572,29.10697443,-98.59238234,SH,16,,388.361,SH0016,14216,613,2,5.719,622,0.737,,,,,,,,,Y,Y,Y,5,0,Y,SUN,3,0,4,10,73,2,4,220,80,48,4,0,0,2,8,5,2,20,5,3,65,1,6,9364,2014,9364,15.8,21.8,37.5,,,,,,,,,,,,,,,,,,,,,,,,,,,0,0,0,1,0,0,0,,,,
13421135,N,N,N,N,N,N,N,8/26/2013,10:45 AM,132352PD,161,79,409,N,Y,,,4,1092,,1,13400,,MURPHY,RD,N,N,45,N,N,,N,19,,,,10600,,CASH,RD,,,,,,,2,1,0,3,1,2,5,10:54 AM,LOCATED BY OFFICER,10:54 AM,8/26/2013,Y,TX0790400,2173,,,35,8,7,4,3,32,1,1,3,2,21,21,79,409,29.62704528,-95.56490607,FM,1092,,1.755,FM1092,,1257,1,1.81,480,-0.743,,,,,,,,,Y,Y,N,2,5,Y,MON,2,0,0,0,0,3,6,120,88,74,6,1,1,1,0,0,1,0,0,0,0,4,16,24262,2014,24262,3.9,1.4,5.2,,,,,,,,,,,,,,,,,,,,,,,,,,,0,1,0,0,0,1,0,15,,,
13421189,N,N,N,N,N,N,N,8/23/2013,10:32 AM,,,31,1596,Y,Y,25.92402,-97.42272,19,,,1,,,N DAKOTA,AVE,N,N,30,N,N,,Y,19,,,1,,,HOUSTON,RD,,,,,,,11,1,0,,1,1,8,10:40 AM,DPS WESLACO COMM,11:02 AM,8/26/2013,Y,TXDPS5804,10000,3,127,1,8,2,1,10,64,54,1,4,1,21,21,31,1596,25.92412566,-97.4226927,,,,,N DAKOTA AVE,700,,,,,,,,,HOUSTON RD,,,,,Y,N,Y,2,0,Y,FRI,,,,,,,,,,,,,,,,,,,,,,,,,,,,,,,,,,,,,,,,,,,,,,,,,,,,,,,,0,1,0,1,0,1,0,248,,,
13421581,N,N,N,N,N,N,N,8/2/2013,9:00 AM,130105475,1006884,101,1666,Y,Y,,,19,,,1,7800,W,LITTLE YORK,RD,N,N,40,N,N,,N,15,,,,,,HOLLISTER,,,,,,,,11,1,98,,1,1,11,8:49 AM,DISPATCHED,8:51 AM,8/2/2013,Y,TX1010000,1419,80,4,5,8,7,4,1,62,1,1,4,2,21,21,101,1666,29.86552974,-95.50720006,,,,,W LITTLE YORK RD,7708,,,,,,,,,,,,,,Y,N,Y,5,0,Y,FRI,,,,,,,,,,,,,,,,,,,,,,,,,,,,,,,,,,,,,,,,,,,,,,,,,,,,,,,,0,0,0,1,0,0,0,15,,,
13421846,N,N,N,N,N,N,N,8/18/2013,3:25 PM,13-0692,,84,899,N,Y,,,19,,,1,500,,6TH,ST,N,N,30,N,N,,Y,19,,,5,500,,TEXAS,,,,,,,,11,1,4,,1,1,8,3:25 PM,DISPATCH,3:25 PM,8/21/2013,Y,TX0840600,1567,,,,8,2,1,10,64,54,1,5,1,21,21,84,899,29.54332484,-95.02063319,,,,,6TH ST,400,,,,,,,,,TEXAS AVE,,,,,Y,N,Y,0,1,Y,SUN,,,,,,,,,,,,,,,,,,,,,,,,,,,,,,,,,,,,,,,,,,,,,,,,,,,,,,,,0,0,0,0,5,0,0,15,,,
13421905,N,N,N,N,N,N,N,8/15/2013,11:33 AM,1300037900,,46,309,N,N,,,3,46,,1,2200,,STATE HWY 46 S,,N,N,55,N,N,NORTHBOUND PROPER,Y,19,,,1,100,,SAUDER,DR,,,,,,,12,1,2,,1,1,20,11:33 AM,DISPATCHED,11:40 AM,8/15/2013,Y,TX0460100,1841,,73,93,8,10,4,1,1,8,1,2,4,21,21,46,309,,,SH,46,,,SH0046,,,,,,,,,,,,,,,Y,Y,N,2,7,N,THU,,,,,,,,,,,,,,,,,,,,,,,,,,,,,,,,,,,,,,,,,,,,,,,,,,,,,,,,0,1,0,0,0,1,0,,,,
13421909,N,N,N,N,N,N,N,8/17/2013,8:52 AM,1300038230,,46,309,N,Y,,,19,,,1,1400,S,SEGUIN,AVE,N,N,35,N,N,,N,1,35,,2,200,N,35,HWY,,,,,,,11,1,0,2,1,1,20,8:52 AM,DISPATCHED,9:01 AM,8/17/2013,Y,TX0460100,1841,,73,17,8,2,4,20,64,42,1,3,1,21,21,46,309,29.69146062,-98.10988351,FM,725,,0.18,FM0725,,215,8,0.183,480,-0.019,,,,,,,,,Y,Y,N,5,7,Y,SAT,3,0,0,0,3,2,6,100,72,72,6,1,0,1,0,0,1,0,0,1,3,4,16,23448,2014,23448,7.5,6.4,13.9,,,,,,,,,,,,,,,,,,,,,,,,,,,0,0,0,4,0,0,0,28,,,
13422185,N,N,N,N,N,N,N,8/15/2013,4:35 PM,16882,,175,98,N,N,,,3,22,,1,1500,W,2ND,AVE,N,N,40,N,N,,Y,19,,,1,400,N,24TH,ST,,,,,,,12,1,4,,1,1,5,4:38 PM,IN PERSON,4:38 PM,8/15/2013,N,TX1750100,1119,,,35,8,2,2,20,64,3,1,2,1,21,21,175,98,,,SH,22,,,SH0022,,,,,,,,,,N 24TH ST,,,,,N,Y,N,5,5,N,THU,,,,,,,,,,,,,,,,,,,,,,,,,,,,,,,,,,,,,,,,,,,,,,,,,,,,,,,,0,0,0,3,0,0,0,,,,
13422207,N,N,N,N,N,N,N,8/27/2013,9:05 AM,SAPD13186997,3210,15,379,N,Y,,,19,,,1,5800,,BROADWAY,BLVD,N,N,40,N,N,,N,19,,,,2000,,GULFMART,ST,,,,,,,12,1,0,,1,1,11,9:15 AM,DISPATCHED,9:17 AM,8/27/2013,Y,TXSPD0000,2473,,7,147,8,2,3,14,64,14,1,5,1,32,21,15,379,29.51867228,-98.46268667,,,,,BROADWAY ST,8541,,,,,,,,,,,,,,Y,N,N,3,9,Y,TUE,,,,,,,,,,,,,,,,,,,,,,,,,,,,,,,,,,,,,,,,,,,,,,,,,,,,,,,,0,0,1,1,0,1,0,28,,,
13422236,N,N,N,N,N,N,N,8/27/2013,1:56 PM,13009038,,61,114,N,Y,,,19,,,1,1300,W,OAK,ST,N,N,30,N,N,,N,19,,,,,,FRY,ST,,,,,,,12,1,0,,1,1,20,1:59 PM,DISPATCH,2:08 PM,8/27/2013,Y,TX0610200,1196,,,411,8,2,4,22,64,54,1,5,1,21,21,61,114,33.21568419,-97.14704778,,,,,W OAK ST,1352,,,,,,,,,,,,,,Y,N,N,5,8,Y,TUE,,,,,,,,,,,,,,,,,,,,,,,,,,,,,,,,,,,,,,,,,,,,,,,,,,,,,,,,0,0,0,3,0,0,0,282,,,
13422247,N,N,N,N,N,N,N,8/21/2013,7:20 AM,21 LUCENA,,183,1748,Y,Y,32.30339999,-94.16702,2,79,,1,,,NOT REPORTED,,N,N,50,N,N,,N,4,31,,,,,NOT REPORTED,,,,,,,,11,1,0,3,4,1,5,7:23 AM,PCSO DISPATCH,7:42 AM,8/21/2013,Y,TXDPS3100,10000,8,28,1,8,2,2,22,64,38,1,2,1,21,21,183,1748,32.30363055,-94.16685056,US,79,,8.915,US0079,7092,247,2,9.916,294,0.991,FM,31,,FM0031,,,,,Y,Y,Y,5,0,Y,WED,2,0,0,0,0,9,4,130,44,44,6,0,0,1,0,0,1,0,0,0,0,1,2,7804,2014,7804,5.8,25.8,31.6,1,172,0,,0,,,,,,,,,,,,,,,,,,,,,,0,0,0,3,0,0,0,,,,
13422373,N,Y,N,N,N,N,N,8/27/2013,11:08 AM,SAPD13187066,7340,15,379,N,Y,,,1,10,,2,12400,W,10,HWY,N,N,45,N,N,,N,19,,,,4800,,WOODSTONE,,,,,,,,11,1,0,2,1,1,9,11:15 AM,SITE,11:15 AM,8/27/2013,Y,TXSPD0000,2473,,61,123,8,2,2,22,64,42,2,1,1,21,21,15,379,29.57992003,-98.59613078,IH,10,,555.78,IH0010,,72,8,5.116,557,0.485,,,,WOODSTONE DR,,,,,Y,Y,N,5,9,Y,TUE,5,0,8,8,23,2,7,315,122,84,4,0,0,2,20,5,2,18,5,,3,4,11,149420,2014,149420,1.9,2.8,4.7,,,,,,,,,,,,,,,,,,,,,,,,,,,0,0,0,1,1,0,0,28,,,
13422406,N,N,N,N,N,N,N,8/26/2013,1:59 PM,sapd13186434,5320,15,379,N,Y,,,19,,,1,3600,,WURZBACH,RD,N,N,40,N,N,,N,19,,,,5000,,VAN CLEAVE,,,,,,,,12,1,0,,1,1,1,2:31 PM,DISPATCHED,2:36 PM,8/26/2013,N,TXSPD0000,2473,,19,148,8,2,3,20,64,3,1,5,1,32,21,15,379,29.46724552,-98.62343257,,,,,WURZBACH RD,3216,,,,,,,,,,,,,,Y,N,N,5,9,Y,MON,,,,,,,,,,,,,,,,,,,,,,,,,,,,,,,,,,,,,,,,,,,,,,,,,,,,,,,,0,0,0,1,1,0,0,28,,,
13422458,N,N,N,N,N,N,N,8/28/2013,8:27 AM,1316959,,181,317,N,Y,,,2,90,,1,1600,W,GREEN,AVE,N,N,30,N,N,,N,3,87,,,400,N,16TH,ST,,,,,,,11,1,4,3,1,1,5,8:28 AM,DISPATCH,8:33 AM,8/28/2013,Y,TX1810200,1884,,,35,8,2,2,22,64,38,1,2,1,21,21,181,317,30.09314781,-93.74686361,BU,90,Y,4.003,BU0090Y,391,28,15,12.932,442,-0.118,SH,87,,SH0087,,,,,Y,Y,N,5,5,Y,WED,2,0,0,0,0,9,4,80,51,51,6,1,1,1,0,0,1,0,0,0,0,3,14,9689,2014,9689,3.8,1.1,4.9,,,,,,,,,,,,,,,,,,,,,,,,,,,0,0,0,2,0,0,0,135,,,
13422504,N,N,N,N,N,N,N,8/24/2013,4:56 PM,217723A,217722A,57,107,N,Y,,,1,35,,1,6600,S,RL THORNTON,FWY,N,N,40,N,N,PUBLIC STREET,N,19,,,,100,W,CAMPWISDOM,RD,,,,,PUBLIC STREET,,11,1,98,,1,1,1,6:55 PM,DISPATCHED,4:56 PM,8/24/2013,N,TX0000006,2471,,,113,8,7,4,1,20,54,1,1,4,21,21,57,107,,,IH,35,,,IH0035,,,,,,,,,,,,,,,Y,Y,N,0,9,N,SAT,,,,,,,,,,,,,,,,,,,,,,,,,,,,,,,,,,,,,,,,,,,,,,,,,,,,,,,,0,0,0,0,1,0,0,,,,
13422621,N,N,N,N,N,N,N,8/24/2013,5:20 PM,,,91,1656,Y,Y,33.7971,-96.63887,4,406,,1,,,NOT REPORTED,,N,N,60,N,N,,N,15,,,,,,PRESTON,RD,,,,,,,11,1,0,1,4,1,12,5:24 PM,DPS DISPATCH,5:34 PM,8/25/2013,Y,,10000,12,103,1,8,2,4,30,64,54,1,3,2,21,21,91,1656,33.79701078,-96.63740091,FM,406,,2.409,FM0406,1490,2640,2,2.401,592,0.445,,,,,,,,,Y,Y,Y,1,0,Y,SAT,2,0,10,10,0,2,2,100,46,24,2,0,0,2,10,5,2,10,5,0,0,1,6,2917,2014,2917,4.8,11.8,16.5,,,,,,,,,,,,,,,,,,,,,,,,,,,3,0,2,0,0,5,0,232,,,
13422680,N,N,N,N,N,N,N,8/28/2013,9:22 AM,13-016663,,221,2,N,Y,,,7,20,,1,5100,,BI 20,HWY,N,N,50,N,N,,Y,19,,,1,1000,,ELMDALE,RD,,,,,,,11,1,4,2,1,1,11,9:23 AM,DISPATCH,9:33 AM,8/28/2013,Y,TX2210100,10,,,35,8,2,1,23,20,8,1,1,1,21,21,221,2,32.43889675,-99.63945023,IH,20,,292.233,IH0020,,6,6,8.84,292,0.247,,,,ELMDALE RD,,,,,Y,Y,N,3,8,Y,WED,5,0,4,10,48,2,4,300,76,48,4,0,0,2,8,5,2,20,5,2,40,1,1,27308,2014,27308,5,25,30,,,,,,,,,,,,,,,,,,,,,,,,,,,0,0,2,0,0,2,0,166,,,
13422689,N,N,N,N,N,N,N,8/26/2013,7:40 PM,0107449013B,FSGI,101,208,N,Y,,,2,59,,1,6600,S,SOUTHWEST,FWY,N,N,60,N,N,,N,19,,,,6000,,HILLCROFT,ST,,,,,,,11,4,0,,1,1,1,7:51 PM,DISPATCH,8:02 PM,8/26/2013,Y,TXHPD0000,2469,14,106,54,8,2,4,21,64,54,1,2,1,21,21,101,208,,,US,59,,,US0059,,,,,,,,,,,,,,,Y,Y,N,5,9,N,MON,,,,,,,,,,,,,,,,,,,,,,,,,,,,,,,,,,,,,,,,,,,,,,,,,,,,,,,,0,0,0,2,1,0,0,,,,
13422851,N,Y,N,N,N,Y,N,8/24/2013,11:47 AM,,,47,1612,Y,Y,31.76272,-98.36918,4,2486,,1,,,NOT REPORTED,,N,N,70,N,N,,N,4,1702,,,,,NOT REPORTED,,,,,,,,11,1,0,1,1,1,11,11:51 AM,DISPATCHED,12:22 PM,10/7/2013,Y,,10000,1,1,1,8,10,2,3,20,54,1,3,2,21,21,47,1612,31.76289576,-98.36913607,FM,2486,,6.305,FM2486,3205,2391,1,6.265,502,0.381,FM,1702,,FM1702,,,,,Y,Y,Y,2,0,Y,SAT,2,0,1,1,0,2,2,100,22,20,2,0,0,5,1,5,5,1,5,0,0,1,8,318,2014,318,8.5,4.3,12.8,,,,,,,,,,,,,,,,,,,,,,,,,,,0,1,0,0,0,1,0,,,,
13423080,N,N,N,N,N,N,N,8/15/2013,10:30 PM,130111976,4000858,101,208,N,Y,,,12,,,2,1700,W,SAM HOUSTON,PKWY,N,N,45,N,N,SOUTH NORTHBOUND,Y,19,,,1,,,BRIAR FOREST,DR,,,,,,,12,4,0,1,1,2,5,10:40 PM,DISPATCHED,10:50 PM,8/15/2013,Y,TX1015000,2745,61,88,53,8,2,1,10,29,54,2,2,1,21,21,101,208,29.74768423,-95.55778902,SL,8,,17.826,SL0008,,3256,1,8.712,698,-0.133,,,,BRIAR FOREST DR,,,,,Y,Y,N,1,9,Y,THU,1,0,0,0,0,9,3,400,38,36,5,1,1,1,0,0,1,0,0,0,0,4,14,31392,2014,31392,1.8,1.4,3.2,,,,,,,,,,,,,,,,,,,,,,,,,,,1,1,0,2,0,2,0,15,,,
13423685,N,N,N,N,N,N,N,8/15/2013,2:12 PM,130112267,1007957,101,1666,Y,Y,,,19,,,1,13900,,CHRISMAN,RD,N,N,30,N,N,,N,19,,,,,,GAULT,RD,,,,,,,12,1,0,,1,2,1,2:17 PM,DISPATCHED,2:24 PM,8/15/2013,Y,TX1010000,1419,151,4,5,8,2,3,13,64,14,1,4,1,32,21,101,1666,29.91985655,-95.36369587,,,,,CHRISMAN RD,14000,,,,,,,,,,,,,,Y,N,Y,5,0,Y,THU,,,,,,,,,,,,,,,,,,,,,,,,,,,,,,,,,,,,,,,,,,,,,,,,,,,,,,,,0,0,0,2,0,0,0,15,,,
13423696,N,N,N,N,N,N,N,8/4/2013,2:45 AM,130106433,1007088,101,1666,Y,N,,,1,45,,1,19400,N,FW,FWY,N,N,65,N,N,,N,19,,,,,,LOUETTA,RD,,,,,,,11,4,0,2,1,1,1,2:42 AM,DISPATCHED,3:03 AM,8/4/2013,Y,TX1010000,1419,227,4,5,8,7,4,1,63,3,1,1,2,21,21,101,1666,30.06278999,-95.43376069,IH,45,,69.468,IH0045,,110,5,45.495,69,0.412,,,,,,,,,N,Y,Y,5,0,Y,SUN,5,0,10,10,45,9,8,390,180,120,5,0,0,2,20,5,2,20,5,2,25,4,11,187346,2014,187346,5.5,4.6,10.1,,,,,,,,,,,,,,,,,,,,,,,,,,,0,0,0,2,0,0,0,15,,,
13423798,N,N,N,N,N,N,N,8/14/2013,6:37 PM,130111899,1014100,101,1666,Y,Y,,,19,,,1,17600,,KUYKENDAHL,RD,N,N,40,N,N,,N,19,,,,,,CYPRESSWOOD,DR,,,,,,,12,1,0,,1,1,20,6:40 PM,DISPATCHED,7:24 PM,8/14/2013,Y,TX1010000,1419,220,4,5,8,2,3,14,64,14,1,4,1,32,21,101,1666,30.02963957,-95.48041076,,,,,KUYKENDAHL RD,17672,,,,,,,,,,,,,,Y,N,Y,5,0,Y,WED,,,,,,,,,,,,,,,,,,,,,,,,,,,,,,,,,,,,,,,,,,,,,,,,,,,,,,,,0,0,0,3,0,0,0,15,,,
13423809,N,N,N,N,N,N,N,8/15/2013,8:00 AM,130111586,1011584,101,1666,Y,Y,,,4,2920,,1,8500,,NOT REPORTED,,N,N,50,N,N,,N,19,,,,,,STUEBNER AIRLINE,RD,,,,,,,12,1,0,1,1,1,20,8:02 AM,DISPATCHED,8:24 AM,8/15/2013,Y,TX1010000,1419,67,4,5,8,2,3,14,64,14,1,3,1,32,21,101,1666,30.07322693,-95.55146227,FM,2920,,23.822,FM2920,8448,2941,2,12.53,670,-0.316,,,,,,,,,Y,Y,Y,3,0,Y,THU,2,0,10,10,0,2,2,120,44,24,4,0,0,3,10,5,3,10,5,0,0,4,14,26092,2014,26092,1.4,1.7,3.1,1,571,1,1,45,,,,,,,,,,,,,,,,,,,,,,0,0,1,1,0,1,0,15,,,
13424344,N,N,N,N,N,N,N,8/3/2013,8:53 AM,130106011,5000252,101,208,N,Y,,,3,8,,2,5100,S,SAM HOUSTON PW,,N,N,50,Y,N,,Y,19,,,1,14000,S,POST OAK,RD,,,,,,,11,1,0,1,1,1,20,8:54 AM,DISPATCHED,8:55 AM,8/3/2013,Y,TX1015200,1418,61,88,271,8,2,1,10,64,49,2,2,1,21,21,101,208,29.60026135,-95.46480967,SL,8,,4.761,SL0008,,3256,4,4.896,684,-0.479,,,,S POST OAK RD,,,,,Y,Y,N,5,9,Y,SAT,1,0,0,0,0,3,3,300,36,36,5,1,1,1,0,0,1,0,0,0,0,4,14,14989,2014,14989,1.8,1.4,3.2,,,,,,,,,,,,,,,,,,,,,,,,,,,0,0,0,8,0,0,0,15,,,
13424467,N,N,N,N,N,N,N,8/19/2013,3:46 PM,132311160,,227,22,N,Y,,,19,,,1,3410,,FAR WEST,BLVD,N,N,0,N,N,,Y,19,,,,,,AUSTIN CENTER,BLVD,,,,,,,11,1,4,,1,1,20,4:44 PM,DISPATCH,5:05 PM,8/19/2013,Y,TX2270100,74,,120,14,8,2,1,14,64,54,1,5,1,21,21,227,22,30.35237476,-97.75114246,,,,,FAR WEST BLVD,,,,,,,,,,AUSTIN CENTER BLVD,,,,,Y,N,N,2,9,Y,MON,,,,,,,,,,,,,,,,,,,,,,,,,,,,,,,,,,,,,,,,,,,,,,,,,,,,,,,,0,2,0,0,0,2,0,90,,,