Crash_ID,Crash_Fatal_Fl,Cmv_Involv_Fl,Schl_Bus_Fl,Rr_Relat_Fl,Medical_Advisory_Fl,Amend_Supp_Fl,Active_School_Zone_Fl,Crash_Date,Crash_Time,Case_ID,Local_Use,Rpt_CRIS_Cnty_ID,Rpt_City_ID,Rpt_Outside_City_Limit_Fl,Thousand_Damage_Fl,Rpt_Latitude,Rpt_Longitude,Rpt_Rdwy_Sys_ID,Rpt_Hwy_Num,Rpt_Hwy_Sfx,Rpt_Road_Part_ID,Rpt_Block_Num,Rpt_Street_Pfx,Rpt_Street_Name,Rpt_Street_Sfx,Private_Dr_Fl,Toll_Road_Fl,Crash_Speed_Limit,Road_Constr_Zone_Fl,Road_Constr_Zone_Wrkr_Fl,Rpt_Street_Desc,At_Intrsct_Fl,Rpt_Sec_Rdwy_Sys_ID,Rpt_Sec_Hwy_Num,Rpt_Sec_Hwy_Sfx,Rpt_Sec_Road_Part_ID,Rpt_Sec_Block_Num,Rpt_Sec_Street_Pfx,Rpt_Sec_Street_Name,Rpt_Sec_Street_Sfx,Rpt_Ref_Mark_Offset_Amt,Rpt_Ref_Mark_Dist_Uom,Rpt_Ref_Mark_Dir,Rpt_Ref_Mark_Nbr,Rpt_Sec_Street_Desc,Rpt_CrossingNumber,Wthr_Cond_ID,Light_Cond_ID,Entr_Road_ID,Road_Type_ID,Road_Algn_ID,Surf_Cond_ID,Traffic_Cntl_ID,Investigat_Notify_Time,Investigat_Notify_Meth,Investigat_Arrv_Time,Report_Date,Investigat_Comp_Fl,ORI_Number,Investigat_Agency_ID,Investigat_Area_ID,Investigat_District_ID,Investigat_Region_ID,Bridge_Detail_ID,Harm_Evnt_ID,Intrsct_Relat_ID,FHE_Collsn_ID,Obj_Struck_ID,Othr_Factr_ID,Road_Part_Adj_ID,Road_Cls_ID,Road_Relat_ID,Phys_Featr_1_ID,Phys_Featr_2_ID,Cnty_ID,City_ID,Latitude,Longitude,Hwy_Sys,Hwy_Nbr,Hwy_Sfx,Dfo,Street_Name,Street_Nbr,Control,Section,Milepoint,Ref_Mark_Nbr,Ref_Mark_Displ,Hwy_Sys_2,Hwy_Nbr_2,Hwy_Sfx_2,Street_Name_2,Street_Nbr_2,Control_2,Section_2,Milepoint_2,Txdot_Rptable_Fl,Onsys_Fl,Rural_Fl,Crash_Sev_ID,Pop_Group_ID,Located_Fl,Day_of_Week,Hwy_Dsgn_Lane_ID,Hwy_Dsgn_Hrt_ID,Hp_Shldr_Left,Hp_Shldr_Right,Hp_Median_Width,Base_Type_ID,Nbr_Of_Lane,Row_Width_Usual,Roadbed_Width,Surf_Width,Surf_Type_ID,Curb_Type_Left_ID,Curb_Type_Right_ID,Shldr_Type_Left_ID,Shldr_Width_Left,Shldr_Use_Left_ID,Shldr_Type_Right_ID,Shldr_Width_Right,Shldr_Use_Right_ID,Median_Type_ID,Median_Width,Rural_Urban_Type_ID,Func_Sys_ID,Adt_Curnt_Amt,Adt_Curnt_Year,Adt_Adj_Curnt_Amt,Pct_Single_Trk_Adt,Pct_Combo_Trk_Adt,Trk_Aadt_Pct,Curve_Type_ID,Curve_Lngth,Cd_Degr,Delta_Left_Right_ID,Dd_Degr,Feature_Crossed,Structure_Number,I_R_Min_Vert_Clear,Approach_Width,Bridge_Median_ID,Bridge_Loading_Type_ID,Bridge_Loading_In_1000_Lbs,Bridge_Srvc_Type_On_ID,Bridge_Srvc_Type_Under_ID,Culvert_Type_ID,Roadway_Width,Deck_Width,Bridge_Dir_Of_Traffic_ID,Bridge_Rte_Struct_Func_ID,Bridge_IR_Struct_Func_ID,CrossingNumber,RRCo,Poscrossing_ID,WDCode_ID,Standstop,Yield,Incap_Injry_Cnt,Nonincap_Injry_Cnt,Poss_Injry_Cnt,Non_Injry_Cnt,Unkn_Injry_Cnt,Tot_Injry_Cnt,Death_Cnt,MPO_ID,Investigat_Service_ID,Investigat_DA_ID,Investigator_Narrative
13424705,N,N,N,N,N,N,N,8/27/2013,7:10 AM,0107579213D,,101,208,N,Y,,,19,,,1,2000,W,ALABAMA,ST,N,N,35,N,N,EAST BOUND,N,19,,,,3000,,HUDLEY,,,,,,,,11,1,0,,1,1,1,7:26 AM,VOLUNTEERED,7:26 AM,8/27/2013,Y,TXHPD0000,2469,18,121,35,8,2,4,21,64,54,1,5,1,21,21,101,208,29.73858481,-95.40804309,,,,,W ALABAMA ST,2000,,,,,,,,,,,,,,Y,N,N,5,9,Y,TUE,,,,,,,,,,,,,,,,,,,,,,,,,,,,,,,,,,,,,,,,,,,,,,,,,,,,,,,,0,0,0,2,0,0,0,15,,,
13424732,N,N,Y,N,N,N,N,8/28/2013,7:09 AM,2013-108669,,31,189,N,Y,,,19,,,1,400,N,BASS BLVD,ST,N,N,55,N,N,STREET,Y,19,,,1,14000,,ASH,ST,,,,,,,5,1,98,,1,1,20,7:09 AM,DISPATCH,7:24 AM,8/28/2013,Y,TX0310300,1417,,,23,8,2,1,22,64,48,1,5,1,21,21,31,189,,,,,,,N BASS BLVD ST,,,,,,,,,,ASH ST,,,,,Y,N,N,5,7,N,WED,,,,,,,,,,,,,,,,,,,,,,,,,,,,,,,,,,,,,,,,,,,,,,,,,,,,,,,,0,0,0,2,0,0,0,,,,
13424907,N,N,N,N,N,N,N,8/28/2013,8:20 AM,13-85090,,220,156,N,Y,32.73836,-97.47931,1,30,,1,9200,,WEST,FWY,N,N,60,Y,N,DIVIDEDFREEWAY,N,19,,,,2700,,LAS VEGAS,TRL,,,,,MULTI-LANE TWO-WAY STREET,,11,1,0,2,1,1,20,8:29 AM,DISPATCHED,8:34 AM,8/28/2013,N,TX2201200,1318,4,19,23,8,2,4,20,64,49,1,1,1,21,21,220,156,32.7381979,-97.4711657,IH,30,,6.035,IH0030,,1068,1,14.779,6,-0.049,,,,,,,,,Y,Y,N,5,9,Y,WED,5,0,12,10,24,3,5,350,103,60,5,0,0,2,22,5,2,21,5,2,2,4,11,98431,2014,98431,2.4,12,14.4,,,,,,,,,,,,,,,,,,,,,,,,,,,0,0,0,1,1,0,0,282,,,
13425013,N,Y,N,N,N,N,N,8/22/2013,1:25 PM,,,203,1768,Y,Y,31.45443999,-94.10147,2,96,,1,,,NOT REPORTED,,N,N,75,N,N,,N,15,184,,,,,NOT REPORTED,,,,,,,,11,1,0,1,2,1,11,1:27 PM,DISPATCHED,1:39 PM,8/25/2013,Y,,10000,16,58,1,8,10,4,1,1,54,1,2,3,21,21,203,1768,31.46258987,-94.10859004,US,96,,35.187,US0096,,809,4,4.993,352,-0.251,,,,,,,,,Y,Y,Y,3,0,Y,THU,2,0,10,10,0,2,2,150,44,24,4,0,0,2,10,5,2,10,5,0,0,1,2,2762,2014,2762,4,22.9,26.9,,,,,,,,,,,,,,,,,,,,,,,,,,,0,0,1,1,0,1,0,,,,
13425117,N,N,N,N,N,N,N,8/26/2013,3:53 PM,0107359113M,,101,208,N,Y,,,19,,,1,9300,,BISSONNET,ST,N,N,35,N,N,,N,19,,,,9300,,S BRAESWOOD,,,,,,,,11,1,0,,1,1,1,5:11 PM,DISPATCHED,5:21 PM,8/26/2013,Y,TXHPD0000,2469,18,125,55,8,2,4,34,64,54,1,5,1,14,21,101,208,29.67586233,-95.53803766,,,,,BISSONNET ST,,,,,,,,,,,,,,,Y,N,N,5,9,Y,MON,,,,,,,,,,,,,,,,,,,,,,,,,,,,,,,,,,,,,,,,,,,,,,,,,,,,,,,,0,0,0,2,0,0,0,15,,,
13425256,N,N,N,N,N,N,N,8/26/2013,12:43 AM,0107126413Z,,101,208,N,Y,,,19,,,1,6600,,WANDA,LN,N,N,35,N,N,CONCRETE,N,19,,,,9100,,FONDREN,,,,,,,,2,4,0,,1,2,20,12:43 AM,DISPATCHED,12:48 AM,8/26/2013,Y,TXHPD0000,2469,16,125,40,8,4,4,1,64,54,1,5,1,21,21,101,208,29.67869515,-95.50905776,,,,,WANDA LN,,,,,,,,,,,,,,,Y,N,N,0,9,Y,MON,,,,,,,,,,,,,,,,,,,,,,,,,,,,,,,,,,,,,,,,,,,,,,,,,,,,,,,,0,0,0,0,1,0,0,15,,,
13425319,N,N,N,N,N,N,N,8/29/2013,6:10 AM,SAPD13188553,3170,15,379,N,Y,,,17,,,7,1201,NE,1604,LOOP,Y,N,-1,N,N,PARKING LOT,N,3,281,,,18900,N,NOT REPORTED,HWY,,,,,,,11,3,0,,1,1,1,4:14 PM,DISPATCH,4:20 PM,8/29/2013,Y,TXSPD0000,2473,,29,131,8,7,4,1,36,3,7,9,5,33,21,15,379,,,,,,,NE 1604 LOOP,,,,,,,,,,,,,,,N,N,N,5,9,N,THU,,,,,,,,,,,,,,,,,,,,,,,,,,,,,,,,,,,,,,,,,,,,,,,,,,,,,,,,0,0,0,1,0,0,0,,,,
13425465,N,N,N,N,N,N,N,8/20/2013,8:12 PM,C13-001451,,14,236,N,Y,,,4,439,,1,800,E,RANCIER,AVE,N,N,30,N,N,,Y,19,,,1,1000,N,18TH,ST,,,,,,,11,5,2,,1,1,20,8:14 PM,DISPATCHED,8:20 PM,8/20/2013,Y,TX0140400,1587,,,,8,2,3,22,64,42,1,3,1,32,21,14,236,,,FM,439,,,FM0439,,,,,,,,,,,,,,,Y,Y,N,2,8,N,TUE,,,,,,,,,,,,,,,,,,,,,,,,,,,,,,,,,,,,,,,,,,,,,,,,,,,,,,,,0,1,0,3,0,1,0,,,,
13425623,N,N,N,N,N,N,N,8/23/2013,3:59 PM,13-000304,,25,54,N,Y,,,4,2524,,1,1100,,W AUSTIN AVE,,N,N,40,N,N,,Y,19,,,1,1200,,DUKE ST,,,,,,,,12,1,4,3,5,2,8,4:04 PM,RADIO,4:07 PM,8/24/2013,Y,TX0250200,2550,135,95,142,8,2,2,14,64,54,1,3,1,21,21,25,54,31.72858815,-98.99001574,FM,2524,,0.317,FM2524,1221,2377,1,10.313,340,0.278,US,67,,US0067,,,,,Y,Y,N,5,5,Y,FRI,2,0,0,0,0,2,4,100,48,48,2,2,2,1,0,0,1,0,0,0,0,2,14,8360,2014,8360,7.5,4.1,11.6,1,23,5,1,6,,,,,,,,,,,,,,,,,,,,,,0,0,0,3,0,0,0,,,,
13425636,N,N,N,N,N,N,N,8/17/2013,12:26 PM,13080485,,15,264,N,Y,,,1,35,,1,13100,,NOT REPORTED,,N,N,65,Y,N,,N,19,,,5,100,,D,DR,,,,,,,11,1,0,,2,1,20,12:26 PM,DISPATCHED,12:30 PM,8/20/2013,Y,,1678,,,,8,2,4,20,64,49,1,1,1,21,21,15,264,,,IH,35,,,IH0035,,,,,,,,,,,,,,,Y,Y,N,5,5,N,SAT,,,,,,,,,,,,,,,,,,,,,,,,,,,,,,,,,,,,,,,,,,,,,,,,,,,,,,,,0,0,0,9,0,0,0,,,,
13425675,N,N,N,N,N,N,N,8/13/2013,10:33 AM,13-225089,,71,136,N,Y,31.88170999,-106.41967,19,,,1,9500,,DYER,ST,N,N,40,N,N,,Y,19,,,1,5300,,WILL RUTH,,,,,,,,11,1,4,2,1,1,5,10:35 AM,DISPATCHED,10:39 AM,8/13/2013,Y,TX0710200,1259,,,217,8,2,1,34,64,54,1,2,1,21,21,71,136,31.8862465,-106.4173285,BU,54,A,2.801,BU0054A,,167,2,12.47,30,-0.802,,,,WILL RUTH AVE,,,,,Y,Y,N,5,9,Y,TUE,3,0,0,0,22,2,6,100,66,66,4,1,1,1,0,0,1,0,0,1,22,4,14,20841,2014,20841,6.9,6.8,13.7,,,,,,,,,,,,,,,,,,,,,,,,,,,0,0,0,3,0,0,0,66,,,
13425784,N,N,N,N,N,N,N,8/12/2013,5:53 PM,P13-117440,,188,12,N,Y,,,19,,,1,8300,W,AMARILLO,BLVD,N,N,40,N,N,,N,19,,,1,,S,SONCY,,,,,,,,11,1,0,2,4,1,9,5:53 PM,DISPATCH,5:53 PM,8/12/2013,Y,TX1880100,33,,,124,8,2,2,20,64,54,1,2,1,21,21,188,12,35.1914815,-101.9281626,BI,40,D,2.554,BI0040D,8300,90,5,14.814,294,0.543,SL,335,,SL0335,,,,,Y,Y,N,3,8,Y,MON,3,0,3,9,37,2,4,200,76,48,4,0,0,2,6,5,2,18,5,3,31,3,14,11847,2014,11847,2.4,34.4,36.8,,,,,,,,,,,,,,,,,,,,,,,,,,,0,0,1,1,0,1,0,120,,,
13425861,N,N,N,N,N,N,N,8/3/2013,2:09 PM,132151054,,227,22,N,Y,,,19,,,1,,,CAMERON,RD,N,N,40,N,N,,Y,19,,,,,E,53RD,ST,,,,,,,11,1,0,,1,1,20,2:17 PM,DISPATCHED,2:22 PM,8/3/2013,Y,TX2270100,74,,201,104,8,2,2,22,64,42,1,5,1,21,21,227,22,30.31069477,-97.70807247,,,,,CAMERON RD,5233,,,,,,,,,E 53RD ST,,,,,Y,N,N,5,9,Y,SAT,,,,,,,,,,,,,,,,,,,,,,,,,,,,,,,,,,,,,,,,,,,,,,,,,,,,,,,,0,0,0,5,0,0,0,90,,,
13425969,N,N,N,N,N,N,N,8/29/2013,7:10 PM,13-009471,,21,85,N,Y,,,19,,,1,600,,HOLLEMAN,DR,N,N,35,N,N,,Y,19,,,1,1100,S,DEXTER,,,,,,,,11,1,3,,1,1,11,7:10 PM,DISPATCH,7:15 PM,8/29/2013,Y,TX0210200,301,,,35,8,2,1,34,64,54,1,5,1,21,21,21,85,30.60187466,-96.32658281,,,,,HOLLEMAN DR,734,,,,,,,,,S DEXTER DR,,,,,Y,N,N,2,7,Y,THU,,,,,,,,,,,,,,,,,,,,,,,,,,,,,,,,,,,,,,,,,,,,,,,,,,,,,,,,0,1,0,1,0,1,0,249,,,
13426173,N,N,N,N,N,N,N,8/15/2013,4:23 PM,MVC-13-0047,,249,50,N,Y,,,19,,,1,2100,,9TH,ST,N,N,30,N,N,,Y,19,,,1,800,,WW RAY,CIR,,,,,,,12,1,0,,1,1,1,4:24 PM,RADIO,4:25 PM,8/15/2013,Y,TX2490100,160,,,,8,2,2,20,64,46,1,5,1,21,21,249,50,33.22187421,-97.7587223,,,,,9TH ST,2200,,,,,,,,,UNKNOWN,,,,,Y,N,N,2,4,Y,THU,,,,,,,,,,,,,,,,,,,,,,,,,,,,,,,,,,,,,,,,,,,,,,,,,,,,,,,,0,1,0,5,0,1,0,282,,,
13426238,N,N,N,N,N,N,N,8/7/2013,1:20 PM,130108086,1013411,101,1666,Y,N,,,4,1960,,7,11000,W,NOT REPORTED,RD,Y,N,0,N,N,,N,15,,,,,,JONES,RD,,,,,,,12,1,0,,7,1,1,12:55 PM,DISPATCHED,1:32 PM,8/7/2013,Y,TX1010000,1419,2,4,5,8,2,4,40,64,12,7,9,5,33,21,101,1666,,,FM,1960,,,FM1960,,,,,,,,,,,,,,,N,Y,Y,5,0,N,WED,,,,,,,,,,,,,,,,,,,,,,,,,,,,,,,,,,,,,,,,,,,,,,,,,,,,,,,,0,0,0,2,0,0,0,,,,
13426584,N,N,N,N,N,N,N,8/15/2013,7:31 PM,1300017337,,70,445,N,Y,,,4,387,,1,1000,E,E BUTCHER RD,RD,N,N,45,N,N,,N,19,,,1,,,COVENTRY,LN,,,,,,,11,5,0,1,1,1,1,7:33 PM,DISPATCHED,7:41 PM,8/15/2013,Y,TX0701000,2386,,8,36,8,2,3,10,64,14,1,3,1,32,21,70,445,32.45921413,-96.82150773,FM,387,,1.389,FM0387,1012,3419,1,2.418,586,-0.793,,,,,,,,,Y,Y,N,5,6,Y,THU,2,0,0,0,0,2,2,100,24,24,4,0,0,1,0,0,1,0,0,0,0,4,16,7004,2014,7004,1.6,4.2,5.9,,,,,,,,,,,,,,,,,,,,,,,,,,,0,0,0,2,0,0,0,282,,,
13426590,N,N,N,N,N,N,N,8/23/2013,6:40 AM,13RP029183,,70,355,N,Y,,,1,35E,,2,400,S,35 E NB SVC,RD,N,N,55,N,N,,N,1,IH35,,2,400,N,IH35,RD,,,,,DAUBITZ DR,,11,1,0,,1,1,20,6:44 AM,DISPATCHED,6:49 AM,8/23/2013,Y,TX0700800,1993,17,70,37,8,7,4,1,23,3,2,1,2,21,21,70,355,,,,,,,IH035E,,,,,,,,,,,,,,,Y,Y,N,3,5,N,FRI,,,,,,,,,,,,,,,,,,,,,,,,,,,,,,,,,,,,,,,,,,,,,,,,,,,,,,,,0,0,1,0,0,1,0,,,,
13426856,N,N,N,N,N,N,N,8/26/2013,11:30 AM,S13-03805,,235,1800,Y,Y,,,19,,,1,2906,,PARSONS,RD,N,N,35,N,N,,Y,19,,,1,1600,,NORTHSIDE,RD,,,,,,,2,1,2,,1,2,9,11:32 AM,RADIO/DISPATCHED,11:48 AM,8/26/2013,Y,TX2350000,2364,,,,8,7,2,3,33,1,1,4,2,21,21,235,1800,,,,,,,PARSONS RD,,,,,,,,,,NORTHSIDE RD,,,,,Y,N,Y,5,0,N,MON,,,,,,,,,,,,,,,,,,,,,,,,,,,,,,,,,,,,,,,,,,,,,,,,,,,,,,,,0,0,0,1,0,0,0,,,,
13426902,N,N,N,N,N,N,N,8/16/2013,11:30 AM,B2013-00867,,212,594,N,Y,,,19,,,1,300,,PECAN VALLEY,DR,N,N,30,N,N,,N,19,,,1,,,HINES CROSSING,RD,,,,,,,12,1,2,,1,1,1,12:54 PM,SMITH COUNTY DISPATC,12:59 PM,8/16/2013,Y,TX2121500,179,,,,8,2,3,10,64,14,1,5,1,32,21,212,594,,,,,,,PECAN VALLEY DR,,,,,,,,,,,,,,,Y,N,Y,5,3,N,FRI,,,,,,,,,,,,,,,,,,,,,,,,,,,,,,,,,,,,,,,,,,,,,,,,,,,,,,,,0,0,0,2,0,0,0,,,,
13427260,N,N,N,N,N,N,N,8/16/2013,9:29 AM,2013-020596,,123,30,N,Y,,,19,,,1,3000,,HOLLYWOOD,,N,N,30,N,N,,N,19,,,1,300,,11TH STREET,,,,,,,,11,1,0,,1,1,20,9:32 AM,DISPATCH,9:41 AM,8/16/2013,N,TX1230100,104,,,,8,2,3,24,64,13,1,5,1,32,21,123,30,30.07456603,-94.12800998,,,,,HOLLYWOOD AVE,3398,,,,,,,,,,,,,,Y,N,N,5,8,Y,FRI,,,,,,,,,,,,,,,,,,,,,,,,,,,,,,,,,,,,,,,,,,,,,,,,,,,,,,,,0,0,0,2,0,0,0,135,,,
13427506,N,N,N,N,N,N,N,8/21/2013,3:39 PM,,,24,1589,Y,Y,26.886,-98.135,2,281,,1,,,NOT REPORTED,,N,N,70,Y,Y,,N,4,755,,,,,NOT REPORTED,,,,,,,,11,1,0,2,1,2,11,3:49 PM,DPS DISPATCH,4:42 PM,8/21/2013,Y,,10000,19,112,1,8,10,4,1,1,49,1,2,4,21,21,24,1589,26.88868055,-98.13565295,US,281,,522.226,US0281,,255,5,3.236,734,-0.044,,,,,,,,,Y,Y,Y,5,0,Y,WED,4,0,4,10,126,2,4,300,80,48,4,0,0,2,8,5,2,20,5,3,118,1,2,12962,2014,12962,5,37.1,42.1,,,,,,,,,,,,,,,,,,,,,,,,,,,0,0,0,3,0,0,0,,,,
13427563,N,N,N,N,Y,N,N,8/29/2013,12:33 PM,13-6679,,220,214,N,Y,,,19,,,1,1100,,NORWOOD,DR,N,N,30,N,N,,N,19,,,,100,W,CHERYL,AVE,,,,,,,11,1,0,,1,1,1,12:34 PM,DISPATCHED,12:40 PM,8/30/2013,Y,TX2201600,1503,,,35,8,7,2,1,36,54,1,5,2,21,21,220,214,32.8278113,-97.16812956,,,,,NORWOOD DR,1102,,,,,,,,,W CHERYL AVE,,,,,Y,N,N,2,6,Y,THU,,,,,,,,,,,,,,,,,,,,,,,,,,,,,,,,,,,,,,,,,,,,,,,,,,,,,,,,0,1,0,0,0,1,0,282,,,
13427653,N,N,N,N,N,N,N,8/24/2013,7:55 PM,,,170,684,N,Y,30.33265,-95.35651,3,105,,1,,,NOT REPORTED,,N,N,55,N,N,,N,19,,,,,,MILMAC,RD,,,,,,,11,3,0,1,1,1,12,9:31 PM,DPS HOUSTON,9:59 PM,8/25/2013,Y,,10000,12,52,1,8,2,3,14,64,14,1,2,1,32,21,170,684,30.33267191,-95.35651281,SH,105,,73.671,SH0105,14005,338,4,29.072,698,-0.524,,,,,,,,,Y,Y,Y,5,1,Y,SAT,2,0,10,10,0,2,2,120,44,22,4,0,0,2,10,5,2,10,5,0,0,4,14,14560,2014,14560,5.8,8.1,13.9,1,51,0,2,3,,,,,,,,,,,,,,,,,,,,,,0,0,0,3,0,0,0,15,,,
13427654,N,N,N,N,N,Y,N,8/24/2013,2:06 PM,,,170,1735,Y,Y,30.39348,-95.48599,1,45,,1,,,NOT REPORTED,,N,N,65,Y,N,,N,4,830,,,,,NOT REPORTED,,,,,,,,11,1,0,2,1,1,20,2:47 PM,DPS HOUSTON,2:55 PM,2/18/2014,Y,,10000,12,52,1,8,7,4,1,23,49,1,1,2,21,21,170,1735,30.39849612,-95.48657146,IH,45,,93.05,IH0045,,675,8,20.289,93,-0.052,,,,,,,,,Y,Y,Y,3,0,Y,SAT,5,0,14,10,148,9,4,320,96,48,6,0,0,2,28,5,2,20,5,3,120,4,11,41250,2014,41250,2.8,19.2,22,1,36,0,1,1,,,,,,,,,,,,,,,,,,,,,,0,0,1,0,0,1,0,15,,,
13427762,N,N,N,N,N,N,N,8/26/2013,4:48 PM,219570A,,57,107,N,Y,,,19,,,1,7900,,BELT LINE,RD,N,N,40,N,N,,N,19,,,,160,,COIT,RD,,,,,,,11,1,0,,1,1,3,4:52 PM,DISPATCHED,5:00 PM,8/26/2013,Y,TX0000006,2471,,,59,8,2,3,10,64,14,1,5,1,32,21,57,107,32.95061422,-96.77158256,,,,,BELT LINE RD,7900,,,,,,,,,,,,,,Y,N,N,5,9,Y,MON,,,,,,,,,,,,,,,,,,,,,,,,,,,,,,,,,,,,,,,,,,,,,,,,,,,,,,,,0,0,0,2,0,0,0,282,,,
13428089,N,Y,N,N,N,N,N,8/23/2013,5:31 AM,13-19212,3 Unit H&R C Major,57,218,N,Y,,,3,114,,1,1000,E,JOHN CARPENTER,FWY,N,N,60,N,N,,N,19,,,,3500,,CISTERCIAN,RD,,,,,,,11,4,0,2,1,1,20,5:33 AM,DISPATCHED,5:37 AM,8/26/2013,Y,TX0571500,1518,,,33,8,2,4,21,56,9,1,2,1,21,21,57,218,32.85394216,-96.92518228,SH,114,,390.336,SH0114,1098,353,6,2.745,622,0.367,,,,,,,,,Y,Y,N,3,8,Y,FRI,5,0,6,10,42,3,4,358,80,48,5,0,0,2,12,5,2,20,5,3,30,4,12,36301,2014,36301,3.2,3.5,6.7,,,,,,,,,,,,,,,,,,,,,,,,,,,0,0,1,0,1,1,0,282,,,
13428161,N,N,N,N,N,N,N,8/29/2013,7:17 AM,P132410127,,79,1644,Y,Y,,,4,723,,1,5000,,NOT REPORTED,,N,N,55,N,N,,N,4,359,,,6600,,NOT REPORTED,,,,,,,,11,1,0,1,1,1,20,7:19 AM,FBCSO DISPATCH,7:50 AM,8/30/2013,Y,TX0790000,1312,,,35,8,2,4,22,64,38,1,3,1,21,21,79,1644,29.63204825,-95.81182127,FM,723,,4.492,FM0723,4652,188,9,14.492,478,0.309,,,,,,,,,Y,Y,Y,5,0,Y,THU,2,0,2,2,0,2,2,120,29,24,4,0,0,2,2,5,2,2,5,0,0,4,16,11260,2014,11260,10.6,12.8,23.4,,,,,,,,,,,,,,,,,,,,,,,,,,,0,0,0,5,0,0,0,15,,,
13428220,N,N,N,N,N,N,N,9/1/2013,8:34 AM,224778A,,57,107,N,Y,,,2,75,,1,10800,N,CENTRAL,EXPY,N,N,60,N,N,,N,19,,,,10800,,STONE CANYON,RD,,,,,,,11,1,0,,1,1,20,8:36 AM,DISPATCHED,8:41 AM,9/1/2013,Y,TX0000006,2471,,,59,8,2,4,20,64,42,1,2,1,21,21,57,107,,,US,75,,,US0075,,,,,,,,,,,,,,,Y,Y,N,3,9,N,SUN,,,,,,,,,,,,,,,,,,,,,,,,,,,,,,,,,,,,,,,,,,,,,,,,,,,,,,,,0,0,3,0,0,3,0,,,,
13428248,N,N,N,N,N,N,N,9/1/2013,8:41 AM,SAPD13191256,7330,15,379,N,Y,,,19,,,1,5931,,WOODRIDGE CV,,N,N,-1,N,N,LOCAL ROAD,N,19,,,,0,,WOODRIDGE BLUFF,,,,,,LOCAL ROAD,,0,0,0,,1,1,1,8:41 AM,DISPATCH,8:58 AM,9/1/2013,Y,TXSPD0000,2473,,61,123,8,4,4,5,64,3,1,5,1,21,21,15,379,29.54986495,-98.60074065,,,,,WOODRIDGE CV,5931,,,,,,,,,,,,,,Y,N,N,0,9,Y,SUN,,,,,,,,,,,,,,,,,,,,,,,,,,,,,,,,,,,,,,,,,,,,,,,,,,,,,,,,0,0,0,0,1,0,0,28,,,
13428440,N,N,N,N,N,N,N,8/31/2013,5:34 PM,1300012319,,101,391,N,Y,,,19,,,1,2500,,REPSDORPH,RD,N,N,35,N,N,,N,19,,,,,,PELICAN,DR,,,,,,,11,1,0,,1,1,20,5:35 PM,DISPATCHED,5:41 PM,9/1/2013,Y,TX1011700,2103,,,35,8,2,3,20,64,42,1,5,1,32,21,101,391,29.57107423,-95.03768987,,,,,REPSDORPH RD,2576,,,,,,,,,,,,,,Y,N,N,5,5,Y,SAT,,,,,,,,,,,,,,,,,,,,,,,,,,,,,,,,,,,,,,,,,,,,,,,,,,,,,,,,0,0,0,2,0,0,0,15,,,
13428534,N,N,N,N,N,N,N,9/2/2013,9:08 AM,225620A,,57,107,N,Y,,,19,,,1,6800,,WALNUT HILL,,N,N,35,N,N,,N,19,,,,9600,,HILLCREST,RD,,,,,,,2,1,0,,1,2,5,9:10 AM,DISPATCHED,9:13 AM,9/2/2013,Y,TX0000006,2471,,,59,8,2,2,22,64,38,1,5,1,21,21,57,107,32.88000232,-96.78688414,,,,,WALNUT HILL LN,,,,,,,,,,HILLCREST RD,,,,,Y,N,N,5,9,Y,MON,,,,,,,,,,,,,,,,,,,,,,,,,,,,,,,,,,,,,,,,,,,,,,,,,,,,,,,,0,0,0,4,0,0,0,282,,,
13429021,N,N,N,N,N,N,N,8/31/2013,5:25 PM,13086812,,170,92,N,Y,,,1,45,,7,2920,N,IH 45 NORTH,,Y,N,-1,N,N,T.J. MAXX / BED BATH & BEYOND,N,4,3083,,,,N,FM 3083 WEST,,,,,,,,11,1,0,,1,1,1,6:13 PM,DISPATCH,6:20 PM,8/31/2013,N,TX1700100,325,,,122,8,4,4,4,64,54,7,9,5,33,21,170,92,,,IH,45,,,IH0045,,,,,,,,,,,,,,,N,Y,N,0,7,N,SAT,,,,,,,,,,,,,,,,,,,,,,,,,,,,,,,,,,,,,,,,,,,,,,,,,,,,,,,,0,0,0,0,1,0,0,,,,
13429055,N,N,N,N,N,N,N,8/27/2013,10:05 AM,13-0827-0011,13A430,246,372,N,Y,,,1,35,,2,220,S,NB SVC,RD,N,N,50,N,N,,N,19,,,,505,,ROUND ROCK,AVE,,,,,,,2,1,0,2,1,2,5,10:09 AM,POLICE DISPATCH,10:21 AM,8/27/2013,Y,TX2460500,2047,,,,8,2,2,22,64,38,2,1,1,21,21,246,372,30.50923317,-97.68594097,IH,35,,251.983,IH0035,,15,9,2.121,253,-0.503,RM,620,,RM0620,,,,,Y,Y,N,2,8,Y,TUE,5,0,4,10,11,2,6,300,100,72,4,0,0,2,8,5,2,20,5,2,3,4,11,157820,2014,157820,3.3,9.4,12.7,,,,,,,,,,,,,,,,,,,,,,,,,,,0,1,0,1,0,1,0,90,,,