Crash_ID,Crash_Fatal_Fl,Cmv_Involv_Fl,Schl_Bus_Fl,Rr_Relat_Fl,Medical_Advisory_Fl,Amend_Supp_Fl,Active_School_Zone_Fl,Crash_Date,Crash_Time,Case_ID,Local_Use,Rpt_CRIS_Cnty_ID,Rpt_City_ID,Rpt_Outside_City_Limit_Fl,Thousand_Damage_Fl,Rpt_Latitude,Rpt_Longitude,Rpt_Rdwy_Sys_ID,Rpt_Hwy_Num,Rpt_Hwy_Sfx,Rpt_Road_Part_ID,Rpt_Block_Num,Rpt_Street_Pfx,Rpt_Street_Name,Rpt_Street_Sfx,Private_Dr_Fl,Toll_Road_Fl,Crash_Speed_Limit,Road_Constr_Zone_Fl,Road_Constr_Zone_Wrkr_Fl,Rpt_Street_Desc,At_Intrsct_Fl,Rpt_Sec_Rdwy_Sys_ID,Rpt_Sec_Hwy_Num,Rpt_Sec_Hwy_Sfx,Rpt_Sec_Road_Part_ID,Rpt_Sec_Block_Num,Rpt_Sec_Street_Pfx,Rpt_Sec_Street_Name,Rpt_Sec_Street_Sfx,Rpt_Ref_Mark_Offset_Amt,Rpt_Ref_Mark_Dist_Uom,Rpt_Ref_Mark_Dir,Rpt_Ref_Mark_Nbr,Rpt_Sec_Street_Desc,Rpt_CrossingNumber,Wthr_Cond_ID,Light_Cond_ID,Entr_Road_ID,Road_Type_ID,Road_Algn_ID,Surf_Cond_ID,Traffic_Cntl_ID,Investigat_Notify_Time,Investigat_Notify_Meth,Investigat_Arrv_Time,Report_Date,Investigat_Comp_Fl,ORI_Number,Investigat_Agency_ID,Investigat_Area_ID,Investigat_District_ID,Investigat_Region_ID,Bridge_Detail_ID,Harm_Evnt_ID,Intrsct_Relat_ID,FHE_Collsn_ID,Obj_Struck_ID,Othr_Factr_ID,Road_Part_Adj_ID,Road_Cls_ID,Road_Relat_ID,Phys_Featr_1_ID,Phys_Featr_2_ID,Cnty_ID,City_ID,Latitude,Longitude,Hwy_Sys,Hwy_Nbr,Hwy_Sfx,Dfo,Street_Name,Street_Nbr,Control,Section,Milepoint,Ref_Mark_Nbr,Ref_Mark_Displ,Hwy_Sys_2,Hwy_Nbr_2,Hwy_Sfx_2,Street_Name_2,Street_Nbr_2,Control_2,Section_2,Milepoint_2,Txdot_Rptable_Fl,Onsys_Fl,Rural_Fl,Crash_Sev_ID,Pop_Group_ID,Located_Fl,Day_of_Week,Hwy_Dsgn_Lane_ID,Hwy_Dsgn_Hrt_ID,Hp_Shldr_Left,Hp_Shldr_Right,Hp_Median_Width,Base_Type_ID,Nbr_Of_Lane,Row_Width_Usual,Roadbed_Width,Surf_Width,Surf_Type_ID,Curb_Type_Left_ID,Curb_Type_Right_ID,Shldr_Type_Left_ID,Shldr_Width_Left,Shldr_Use_Left_ID,Shldr_Type_Right_ID,Shldr_Width_Right,Shldr_Use_Right_ID,Median_Type_ID,Median_Width,Rural_Urban_Type_ID,Func_Sys_ID,Adt_Curnt_Amt,Adt_Curnt_Year,Adt_Adj_Curnt_Amt,Pct_Single_Trk_Adt,Pct_Combo_Trk_Adt,Trk_Aadt_Pct,Curve_Type_ID,Curve_Lngth,Cd_Degr,Delta_Left_Right_ID,Dd_Degr,Feature_Crossed,Structure_Number,I_R_Min_Vert_Clear,Approach_Width,Bridge_Median_ID,Bridge_Loading_Type_ID,Bridge_Loading_In_1000_Lbs,Bridge_Srvc_Type_On_ID,Bridge_Srvc_Type_Under_ID,Culvert_Type_ID,Roadway_Width,Deck_Width,Bridge_Dir_Of_Traffic_ID,Bridge_Rte_Struct_Func_ID,Bridge_IR_Struct_Func_ID,CrossingNumber,RRCo,Poscrossing_ID,WDCode_ID,Standstop,Yield,Incap_Injry_Cnt,Nonincap_Injry_Cnt,Poss_Injry_Cnt,Non_Injry_Cnt,Unkn_Injry_Cnt,Tot_Injry_Cnt,Death_Cnt,MPO_ID,Investigat_Service_ID,Investigat_DA_ID,Investigator_Narrative
13429229,N,Y,N,N,N,N,N,8/27/2013,6:52 PM,13-5350,,79,413,N,Y,,,19,,,1,1300,,WATER GAP,DR,N,N,30,N,N,,N,2,59,,,15300,,SOUTHWEST FREEWAY,,,,,,FEEDER ROAD,,11,1,98,,4,1,8,6:53 PM,POLICE DISPATCH,6:59 PM,8/27/2013,Y,TX0790500,2189,,,35,8,7,2,2,27,3,2,2,1,21,21,79,413,29.60685742,-95.61471369,,,,,WATER GAP DR,,,,,,,US,59,,US0059,,,,,Y,N,N,5,7,Y,TUE,,,,,,,,,,,,,,,,,,,,,,,,,,,,,,,,,,,,,,,,,,,,,,,,,,,,,,,,0,0,0,1,0,0,0,15,,,
13429312,N,N,N,N,N,N,N,8/20/2013,3:56 PM,13-001211,,61,262,N,Y,,,19,,,1,1700,E,ELDORADO,PKWY,N,N,40,Y,Y,CONCRETE,N,19,,,1,1700,,PRESTON ON THE LAKE,BLVD,,,,,CONCRETE,,11,1,0,1,1,1,11,4:00 PM,DENTON COUNTY,4:04 PM,8/20/2013,Y,TX0611300,1674,,50,150,8,2,3,10,64,49,1,3,1,32,21,61,262,33.16853426,-96.90753613,FM,720,,8.568,FM0720,1720,1567,1,8.495,582,0.477,,,,,,,,,Y,Y,N,5,6,Y,TUE,2,0,0,0,0,2,2,110,22,22,4,0,0,1,0,0,1,0,0,0,0,4,14,11643,2014,11643,4.7,0.8,5.5,,,,,,,,,,,,,,,,,,,,,,,,,,,0,0,0,4,0,0,0,282,,,
13429331,N,N,N,N,N,Y,N,8/14/2013,7:36 PM,13-080998,,243,459,N,Y,33.8506,-98.54347,19,,,1,4800,,WYNN,CIR,N,N,30,N,N,,N,19,,,1,4800,,RHEA,RD,,,,,,,11,1,7,,4,1,1,7:44 PM,DISPATCH,7:46 PM,8/14/2013,Y,TX2430500,2426,,,,8,4,4,1,64,54,1,5,1,21,21,243,459,33.85165413,-98.54323206,,,,,WYNN CIR,4800,,,,,,,,,,,,,,Y,N,N,5,8,Y,WED,,,,,,,,,,,,,,,,,,,,,,,,,,,,,,,,,,,,,,,,,,,,,,,,,,,,,,,,0,0,0,1,0,0,0,151,,,
13429391,N,N,N,N,N,N,N,8/15/2013,6:44 PM,2013-08-15-1,,79,5659,N,Y,,,19,,,1,11600,W,ARIRPORT,BLVD,N,N,35,N,N,,N,19,,,,12200,S,KIRKWOOD,,,,,,,,11,1,4,,1,1,5,6:54 PM,DISPATCHED,6:57 PM,8/15/2013,Y,TX0791300,1764,,,44,8,2,2,22,64,38,1,5,1,21,21,79,5659,,,,,,,W ARIRPORT BLVD,,,,,,,,,,S KIRKWOOD,,,,,Y,N,Y,5,3,N,THU,,,,,,,,,,,,,,,,,,,,,,,,,,,,,,,,,,,,,,,,,,,,,,,,,,,,,,,,0,0,0,2,0,0,0,,,,
13429933,N,N,N,N,N,N,N,8/27/2013,4:45 AM,2013-34260,,101,29,N,Y,,,19,,,1,2300,,DECKER,DR,N,N,35,N,N,,Y,19,,,1,,,LANIER,DR,,,,,,,11,3,4,2,1,1,5,4:45 AM,DISPATCH,4:50 AM,8/31/2013,Y,TX1010100,100,,,27,8,2,1,34,64,54,1,2,1,21,21,101,29,29.74954902,-94.98809587,SS,330,,4.655,SS0330,2300,508,7,4.693,704,0.576,SH,146,,SH0146,,,,,Y,Y,N,5,7,Y,TUE,3,0,6,6,212,9,4,322,72,48,6,0,0,2,12,5,2,12,5,3,200,4,12,43012,2014,43012,3.7,8.6,12.4,1,267,2,2,28,,,,,,,,,,,,,,,,,,,,,,0,0,0,2,0,0,0,15,,,
13429959,N,N,N,N,N,N,N,9/1/2013,4:30 AM,13-86583,,220,156,N,Y,32.71727,-97.30102,17,,,1,2400,,ELIZABETH,CT,N,N,-1,N,N,,N,17,,,,1700,,POPE,ST,,,,,,,11,4,0,,1,1,1,4:56 PM,DISPATCH,5:08 PM,9/1/2013,N,TX2201200,1318,4,3,23,8,4,4,1,64,3,1,5,2,21,21,220,156,32.71741429,-97.30103245,,,,,ELIZABETH CT,2400,,,,,,,,,,,,,,Y,N,N,0,9,Y,SUN,,,,,,,,,,,,,,,,,,,,,,,,,,,,,,,,,,,,,,,,,,,,,,,,,,,,,,,,0,0,0,0,1,0,0,282,,,
13429972,N,N,N,N,N,N,N,8/31/2013,11:00 AM,0109453313Y,,101,208,N,Y,,,19,,,1,8300,,BELLAIRE,BLVD,N,N,35,Y,Y,,N,19,,,,6998,,MARY BATES,ST,,,,,,,11,1,0,,1,1,1,11:10 AM,DISPATCH,11:23 AM,8/31/2013,Y,TXHPD0000,2469,52,106,54,8,2,4,20,64,49,1,5,1,21,21,101,208,29.70499482,-95.53095525,,,,,BELLAIRE BLVD,8283,,,,,,,,,,,,,,Y,N,N,5,9,Y,SAT,,,,,,,,,,,,,,,,,,,,,,,,,,,,,,,,,,,,,,,,,,,,,,,,,,,,,,,,0,0,0,9,0,0,0,15,,,
13430251,N,N,N,N,N,N,N,9/3/2013,8:12 AM,SAPD13192709,7340,15,379,N,Y,,,19,,,1,5200,,DEZAVALA,RD,N,N,40,N,N,,N,19,,,,12900,,VANCE JACKSON,,,,,,,,12,1,0,,1,1,5,8:39 AM,DISPATCHER,8:46 AM,9/3/2013,Y,txspd0000,2473,,61,123,8,2,3,10,64,14,1,5,1,32,21,15,379,,,,,,,DEZAVALA RD,,,,,,,,,,,,,,,Y,N,N,5,9,N,TUE,,,,,,,,,,,,,,,,,,,,,,,,,,,,,,,,,,,,,,,,,,,,,,,,,,,,,,,,0,0,0,2,0,0,0,,,,
13430271,N,N,N,N,N,N,N,8/31/2013,1:51 PM,SAPD13190620,5340,15,379,N,Y,,,19,,,1,1500,,CABLE RANCH RD,,Y,N,15,N,N,,N,19,,,,8500,,LAKESIDE PKWY,,,,,,,,11,1,0,,1,1,1,2:03 PM,DISPATCHED,2:08 PM,8/31/2013,Y,TXSPD0000,2473,,19,148,8,7,4,1,29,3,7,9,5,33,21,15,379,,,,,,,CABLE RANCH RD,,,,,,,,,,,,,,,N,N,N,0,9,N,SAT,,,,,,,,,,,,,,,,,,,,,,,,,,,,,,,,,,,,,,,,,,,,,,,,,,,,,,,,0,0,0,0,1,0,0,,,,
13430486,N,N,N,N,N,N,N,8/29/2013,5:30 PM,222266A,SEE RELATED 222268A,57,107,N,Y,,,1,35,,1,11800,N,STEMMONS,FWY,N,N,60,Y,N,,N,1,635,,,2400,,LYNDON B JOHNSON,FWY,,,,,,,11,1,0,2,1,1,20,6:17 PM,DISPATCHED,6:24 PM,8/29/2013,N,TX0000006,2471,,,87,8,2,4,21,64,49,1,1,1,21,21,57,107,32.90805647,-96.89777107,IH,35,E,69.158,IH0035E,,196,3,28.171,440,0.229,,,,,,,,,Y,Y,N,5,9,Y,THU,5,1,4,10,18,3,6,300,112,72,6,1,1,2,14,5,2,20,5,2,4,4,11,160706,2014,160706,3.2,6.1,9.3,,,,,,,,,,,,,,,,,,,,,,,,,,,0,0,0,1,1,0,0,282,,,
13430611,N,N,N,N,N,N,N,8/30/2013,6:30 PM,13-86009,,220,156,N,N,32.67642999,-97.39656,19,,,7,4800,S,HULEN,ST,Y,N,-1,N,N,,N,1,20,,,4600,SW,LOOP 820,,,,,,,,11,1,0,,1,1,1,6:50 PM,DISPATCHED,6:55 PM,8/30/2013,Y,TX2201200,1318,4,19,23,8,4,4,5,64,54,7,9,5,33,21,220,156,,,,,,,S HULEN ST,,,,,,,,,,,,,,,N,N,N,0,9,N,FRI,,,,,,,,,,,,,,,,,,,,,,,,,,,,,,,,,,,,,,,,,,,,,,,,,,,,,,,,0,0,0,0,1,0,0,,,,
13430631,N,N,N,N,N,N,N,9/2/2013,5:15 PM,0110400013B,,101,208,N,Y,,,2,59,,2,7050,S,SOUTHWEST SER N,FWY,N,N,40,N,N,CONCRETE,N,19,,,,7000,E,BELLERIVE,DR,,,,,,,2,1,0,,1,2,1,5:22 PM,DISPATCH,5:22 PM,9/2/2013,Y,TXHPD0000,2469,14,106,54,8,2,4,20,64,54,2,2,1,21,21,101,208,,,US,59,,,US0059,,,,,,,,,,,,,,,Y,Y,N,5,9,N,MON,,,,,,,,,,,,,,,,,,,,,,,,,,,,,,,,,,,,,,,,,,,,,,,,,,,,,,,,0,0,0,2,0,0,0,,,,
13430732,N,N,N,N,N,N,N,9/3/2013,4:05 PM,SAPD13193120,6250,15,379,N,Y,,,19,,,1,4300,,PLEASANTON,RD,N,N,35,N,N,,Y,19,,,1,200,,YUKON,BLVD,,,,,,,12,1,2,,1,1,20,4:46 PM,DISPATCHED,5:00 PM,9/3/2013,Y,TXSPD0000,2473,,11,175,8,2,1,34,64,54,1,5,1,21,21,15,379,29.32621499,-98.50117232,,,,,PLEASANTON RD,4342,,,,,,,,,YUKON BLVD,,,,,Y,N,N,5,9,Y,TUE,,,,,,,,,,,,,,,,,,,,,,,,,,,,,,,,,,,,,,,,,,,,,,,,,,,,,,,,0,0,0,2,0,0,0,28,,,
13430957,N,N,N,N,N,N,N,8/30/2013,2:50 PM,13M000551,,170,1323,N,Y,,,1,45,,2,17900,,NOT REPORTED,,N,N,45,Y,N,,N,3,242,,,8000,,NOT REPORTED,,,,,,,,11,1,0,2,1,1,1,3:30 PM,DISPATCHED,3:40 PM,8/31/2013,Y,TX1701200,2121,,,35,8,2,4,20,64,50,2,1,1,20,21,170,1735,30.20023552,-95.45520142,IH,45,,79.107,IH0045,,110,4,6.333,79,0.042,,,,,,,,,Y,Y,Y,5,0,Y,FRI,5,0,10,10,30,2,8,321,140,96,5,0,0,2,20,5,2,20,5,2,10,4,11,147113,2014,147113,5.5,4.6,10.1,,,,,,,,,,,,,,,,,,,,,,,,,,,0,0,0,4,0,0,0,15,,,
13430971,N,N,N,N,N,N,N,8/31/2013,7:07 AM,SAPD13190404,650,15,379,N,Y,,,19,,,1,6500,,INGRAM,RD,N,N,30,N,N,,Y,11,410,,2,6300,NW,410,LOOP,,,,,,,11,1,2,2,1,1,5,7:00 AM,DISPATCH,7:07 AM,8/31/2013,Y,TXSPD0000,2473,,19,148,8,2,2,24,64,3,2,1,1,21,21,15,379,29.46565117,-98.61940253,IH,410,,11.447,IH0410,,521,4,11.497,11,0.271,,,,INGRAM RD,,,,,Y,Y,N,5,9,Y,SAT,5,0,10,10,23,2,6,300,112,72,4,0,0,2,20,5,2,20,5,2,3,4,11,164650,2014,164650,2.9,1.9,4.7,1,648,0,2,25,,,,,,,,,,,,,,,,,,,,,,0,0,0,2,0,0,0,28,,,
13431088,N,N,N,N,N,N,N,8/20/2013,5:04 PM,1300059287,,220,179,N,Y,,,3,26,,1,1600,N,NOT REPORTED,,N,N,55,N,N,,N,19,,,1,2300,,BASS PRO,DR,,,,,,,11,1,0,2,1,1,20,5:06 PM,DISPATCHED,5:24 PM,8/20/2013,Y,TX2201300,1379,,,71,8,2,4,21,64,9,1,2,1,21,21,220,179,32.95435225,-97.04920372,SH,26,,17.46,SH0026,,364,6,1.715,578,-0.189,,,,,,,,,Y,Y,N,5,6,Y,TUE,3,0,0,0,10,3,6,150,72,72,5,1,1,1,0,0,1,0,0,3,10,4,14,29202,2014,29202,2.5,0.4,2.9,,,,,,,,,,,,,,,,,,,,,,,,,,,0,0,0,3,0,0,0,282,,,
13431501,N,Y,N,N,N,N,N,8/20/2013,6:09 PM,1300059302,,220,179,N,Y,,,4,2499,,1,3200,,NOT REPORTED,,N,N,55,N,N,,Y,19,,,1,3400,,STARS STRIPES,WAY,,,,,,,11,1,4,2,1,1,5,6:14 PM,DISPATCH,6:25 PM,8/20/2013,Y,TX2201300,1379,,,71,8,2,1,34,64,3,1,3,1,21,21,220,179,32.97002876,-97.03708614,FM,2499,,13.184,FM2499,,2681,2,11.057,252,1.119,,,,STARS AND STRIPES WAY,,,,,Y,Y,N,5,6,Y,TUE,3,0,0,10,12,3,4,160,76,56,5,1,1,1,0,0,2,20,2,1,12,4,14,42088,2014,42088,1.3,0.2,1.5,,,,,,,,,,,,,,,,,,,,,,,,,,,0,0,0,2,0,0,0,282,,,
13431539,N,N,N,N,N,N,N,8/15/2013,5:45 PM,13-227225,,71,136,N,N,,,19,,,1,,N,LEE TREVINO DR NB,,N,N,0,N,N,,Y,19,,,1,,,PELLICANO,DR,,,,,,,11,1,4,,1,1,5,5:57 PM,VIA PHONE,5:57 PM,8/15/2013,Y,TX0710200,1259,,,182,8,2,2,20,64,47,1,5,1,21,21,71,136,31.74760484,-106.3189804,,,,,N LEE TREVINO DR,,,,,,,,,,PELLICANO DR,,,,,N,N,N,5,9,Y,THU,,,,,,,,,,,,,,,,,,,,,,,,,,,,,,,,,,,,,,,,,,,,,,,,,,,,,,,,0,0,0,3,0,0,0,66,,,
13431592,N,N,N,N,N,N,N,9/2/2013,4:38 PM,2013-74999,,108,283,N,Y,,,2,83,,1,1400,E,NOT REPORTED,,N,N,65,N,N,,N,4,3362,,,1200,S,NOT REPORTED,,,,,,,,2,1,0,3,5,3,20,4:49 PM,DISPATCHED,4:49 PM,9/2/2013,Y,TX1080800,1753,,,35,8,7,4,1,39,1,1,2,4,21,21,108,283,26.19920937,-98.20726452,BU,83,S,14.669,BU0083S,,39,3,9.032,512,0.697,,,,,,,,,Y,Y,N,5,8,Y,MON,2,0,0,8,0,2,4,90,69,58,4,1,2,1,0,0,2,8,5,0,0,4,14,16973,2014,16973,1.3,0.2,1.5,,,,,,,,,,,,,,,,,,,,,,,,,,,0,0,0,1,0,0,0,230,,,
13431724,N,N,N,N,N,N,N,8/26/2013,3:24 PM,2.01E+11,,233,112,N,Y,,,2,90,,1,1400,,VETERANS,BLVD,N,N,30,N,N,,N,19,,,,400,E,12TH,ST,,,,,,,11,1,4,3,1,1,8,3:28 PM,DISPTACHED,3:39 PM,8/28/2013,Y,TX2330100,1191,,,23,8,2,4,21,64,3,1,2,1,21,21,233,112,29.37696355,-100.9029551,US,90,,302.372,US0090,1415,22,10,73.165,420,-0.745,,,,,,,,,Y,Y,N,5,6,Y,MON,2,0,0,0,0,2,4,80,57,53,4,1,1,1,0,0,1,0,0,0,0,2,14,20456,2014,20456,3.3,11.3,14.7,,,,,,,,,,,,,,,,,,,,,,,,,,,0,0,0,3,0,0,0,,,,
13431824,N,N,N,N,N,N,N,8/12/2013,8:30 PM,T13-7392,,19,427,N,N,,,2,71,,1,5000,N,STATE LINE,AVE,N,N,40,N,N,,N,19,,,1,100,W,52ND,ST,,,,,,,11,4,0,3,1,2,20,8:32 PM,DISPATCH,8:35 PM,8/12/2013,Y,TX0190500,2230,19,3,23,8,1,4,1,64,54,1,2,1,21,21,19,1584,33.46344678,-94.04308596,US,71,,0.444,US0071,4086,217,2,3.003,210,-0.559,,,,,,,,,Y,Y,Y,1,0,Y,MON,2,0,0,0,0,9,4,140,67,48,5,2,2,1,0,0,1,0,0,0,0,3,14,22687,2014,22687,0.7,0.5,1.3,,,,,,,,,,,,,,,,,,,,,,,,,,,1,0,0,1,0,1,0,211,,,
13432082,N,N,N,N,N,N,N,8/17/2013,12:41 AM,13-229012,,71,136,N,N,31.73804,-106.37286,19,,,1,7500,,ALAMEDA,AVE,N,N,40,N,N,,N,19,,,1,100,,CALDWALLDER,DR,,,,,,,11,4,0,3,1,1,20,12:41 AM,DISPATCHED,12:44 AM,8/17/2013,Y,TX0710200,1259,,,,8,2,4,21,64,9,1,2,1,21,21,71,136,31.73959537,-106.3748032,SH,20,,27.736,SH0020,7500,2,1,27.893,336,-0.111,,,,,,,,,N,Y,N,5,9,Y,SAT,2,0,0,0,0,3,4,80,68,68,4,1,1,1,0,0,1,0,0,0,0,4,14,11565,2014,11565,1.9,1.5,3.5,,,,,,,,,,,,,,,,,,,,,,,,,,,0,0,0,4,0,0,0,66,,,
13432108,N,N,N,N,N,N,N,8/28/2013,6:39 AM,13-007310,,43,285,N,Y,,,2,75,,1,1399,,BLK N 75,,N,N,65,N,N,,N,19,,,1,2100,,BLK VIRGINIA,PKWY,,,,,,,11,1,98,,1,1,1,6:39 AM,DISPATCH,6:49 AM,8/28/2013,Y,TX0430500,1759,,,211,8,2,4,22,64,42,1,2,1,21,21,43,285,,,US,75,,,US0075,,,,,,,,,,,,,,,Y,Y,N,5,8,N,WED,,,,,,,,,,,,,,,,,,,,,,,,,,,,,,,,,,,,,,,,,,,,,,,,,,,,,,,,0,0,0,2,0,0,0,,,,
13432209,N,N,N,N,N,N,N,8/22/2013,12:38 PM,13-00236,,90,322,N,Y,,,19,,,1,200,N,CUYLER ST,,N,N,30,N,N,,N,19,,,1,100,E,KINGSMILL AVE,,,,,,,,11,1,0,,1,1,20,12:38 PM,RADIO,12:44 PM,8/22/2013,Y,TX0900200,1901,,,27,8,7,2,4,26,54,1,5,2,21,21,90,322,35.53678586,-100.9621297,,,,,N CUYLER ST,201,,,,,,,,,W KINGSMILL AVE,,,,,Y,N,N,5,5,Y,THU,,,,,,,,,,,,,,,,,,,,,,,,,,,,,,,,,,,,,,,,,,,,,,,,,,,,,,,,0,0,0,1,0,0,0,,,,
13432265,N,N,N,N,N,N,N,8/23/2013,8:40 AM,13-0123415,,188,12,N,Y,,,19,,,1,,S,FILLMORE,ST,N,N,30,N,N,,Y,19,,,1,,SE,10TH,AVE,,,,,,,11,1,2,3,1,1,5,8:40 AM,DISPATCH,8:54 AM,8/23/2013,Y,TX1880100,33,,,,8,2,1,10,64,54,1,2,1,21,21,188,12,35.20309309,-101.8346876,US,60,,94.685,US0060,,168,10,1.412,324,-0.69,,,,SE 10TH AVE,,,,,Y,Y,N,5,8,Y,FRI,0,0,0,0,0,9,12,424,182,150,6,2,2,1,16,0,1,16,0,4,0,3,14,46337,2014,46337,2.4,34.4,36.8,,,,,,,,,,,,,,,,,,,,,,,,,,,0,0,0,2,0,0,0,120,,,
13432321,N,N,N,N,N,N,N,8/8/2013,6:25 PM,13-0800275,,21,55,N,N,,,4,158,,1,2200,E,WILLIAM JOEL BRYAN,,N,N,45,N,N,OUTSIDE EB LN,N,3,6,,2,800,N,EARL RUDDER,FWY,,,,,SB FRONTAGE RD,,11,1,0,3,1,1,20,6:34 PM,DISPATCH,6:45 PM,8/8/2013,N,TX0210100,174,,,,8,2,2,22,64,38,2,3,1,21,21,21,55,30.67211657,-96.33828247,FM,158,,3.128,FM0158,,212,3,1.89,618,0.08,SH,6,,SH0006,,,,,N,Y,N,5,7,Y,THU,2,0,0,0,0,2,4,190,60,60,4,1,1,1,0,0,1,0,0,0,0,3,16,35052,2014,35052,5.5,2.5,8,,,,,,,,,,,,,,,,,,,,,,,,,,,0,0,0,4,0,0,0,249,,,
13432403,N,N,N,N,N,N,N,8/29/2013,9:05 AM,26,,81,423,N,Y,31.3711,-96.1705,4,80,,1,700,S,BT WASHINGTON,,N,N,30,N,N,,N,19,,,,,,ADAMS,ST,,,,,,,11,1,0,1,4,1,1,9:10 AM,DISPATCHED,9:13 AM,8/29/2013,Y,TX0810200,2219,,,,8,2,3,20,64,13,1,3,1,32,21,81,423,31.61958759,-96.2848414,FM,80,,20.361,FM0080,850,612,1,0.573,364,0.527,,,,,,,,,Y,Y,Y,2,3,Y,THU,2,0,4,4,0,2,2,100,30,22,2,0,0,2,4,5,2,4,5,0,0,1,7,1949,2014,1949,6.8,2.3,9.1,,,,,,,,,,,,,,,,,,,,,,,,,,,0,1,1,0,0,2,0,,,,
13432416,N,N,N,N,N,N,N,8/20/2013,12:26 PM,13-08670,,186,155,N,Y,,,19,,,1,600,,NELSON,,N,N,5,N,N,PUBLIC ROAD,Y,19,,,1,100,,SIXTH,,,,,,LOCAL ROAD,,11,1,98,,7,1,1,12:26 PM,DISPATCHED,12:26 PM,8/20/2013,N,TX1860100,1317,,,,8,2,2,20,64,38,1,5,1,21,21,186,155,30.88999485,-102.8802412,,,,,N NELSON ST,600,,,,,,,,,W 6TH ST,,,,,Y,N,N,5,4,Y,TUE,,,,,,,,,,,,,,,,,,,,,,,,,,,,,,,,,,,,,,,,,,,,,,,,,,,,,,,,0,0,0,2,0,0,0,,,,
13432507,N,N,N,N,N,N,N,8/21/2013,9:33 AM,13-002940,,79,296,N,Y,,,19,,,1,2500,,CARTWRIGHT,RD,N,N,40,N,N,,Y,19,,,1,2500,,CYPRESS POINT,DR,,,,,,,11,1,2,2,1,1,20,9:33 AM,DISPATCH,9:35 AM,8/21/2013,N,TX0790100,1792,,233,321,8,2,2,23,64,49,1,3,1,21,21,79,296,29.58308601,-95.54346449,FM,3345,,1.237,FM3345,2599,3420,1,2.237,670,0.048,,,,CYPRESS POINT DR,,,,,Y,Y,N,2,7,Y,WED,3,0,0,0,15,2,4,100,48,48,5,2,2,1,0,0,1,0,0,1,15,4,16,17308,2014,17308,3.9,1.4,5.2,,,,,,,,,,,,,,,,,,,,,,,,,,,0,1,0,1,0,1,0,15,,,
13432781,N,N,N,N,N,N,N,9/3/2013,6:15 PM,2.01E+11,WA,57,357,N,Y,,,19,,,1,1425,E,BUCKINGHAM,RD,Y,N,-1,N,N,PARKING LOT,N,19,,,,1300,S,PLANO,RD,,,,,,,11,1,0,,1,1,1,6:22 PM,DISPATCH,6:28 PM,9/3/2013,Y,TX0572000,2011,16,453,23,8,2,4,40,64,12,7,9,5,33,21,57,357,,,,,,,E BUCKINGHAM RD,,,,,,,,,,,,,,,N,N,N,5,8,N,TUE,,,,,,,,,,,,,,,,,,,,,,,,,,,,,,,,,,,,,,,,,,,,,,,,,,,,,,,,0,0,0,5,0,0,0,,,,
13433019,N,N,N,N,N,N,N,8/29/2013,7:40 PM,SAPD13189125,5340,15,379,N,N,,,19,,,1,1200,,KENROCK,,N,N,30,N,N,,N,19,,,,7100,,STONE FENCE,RD,,,,,,,11,1,98,,1,1,1,7:50 PM,DISPATCH,8:07 PM,8/29/2013,N,TXSPD0000,2473,,19,148,8,4,4,5,64,3,1,5,1,21,21,15,379,29.42157081,-98.63062957,,,,,KENROCK DR,1209,,,,,,,,,,,,,,N,N,N,0,9,Y,THU,,,,,,,,,,,,,,,,,,,,,,,,,,,,,,,,,,,,,,,,,,,,,,,,,,,,,,,,0,0,0,0,1,0,0,28,,,
13433206,N,N,N,N,N,N,N,9/3/2013,8:36 AM,1300024115,,3,272,N,Y,,,2,59,,1,4000,S,FIRST,ST,N,N,55,N,N,,N,4,819,,,3500,,COLLEGE,DR,,,,,,,11,1,4,2,1,1,5,8:36 AM,DISPATCH,8:45 AM,9/3/2013,Y,TX0030400,1708,17,53,166,8,2,2,22,64,38,1,2,1,21,21,3,272,31.28199396,-94.73239542,US,59,,187.3,US0059,,176,3,2.816,392,0.212,FM,819,,FM0819,,,,,Y,Y,N,3,6,Y,TUE,3,0,4,10,34,9,4,180,77,49,6,0,0,2,8,5,2,20,5,3,26,2,14,32207,2014,32207,3,27.2,30.2,,,,,,,,,,,,,,,,,,,,,,,,,,,0,0,2,3,0,2,0,,,,
13433256,N,N,N,N,N,N,N,9/2/2013,2:00 PM,225833A,,57,107,N,Y,,,19,,,1,200,S,MALCOLM X,BLVD,N,N,30,N,N,,Y,19,,,1,2900,,JUNIUS,ST,,,,,,,11,1,4,,4,1,8,2:30 PM,DISPATCHED,2:37 PM,9/2/2013,Y,TX0000006,2471,,,35,8,2,1,10,64,54,1,5,1,21,21,57,107,32.78666425,-96.78313257,,,,,N MALCOLM X BLVD,500,,,,,,,,,JUNIUS ST,,,,,Y,N,N,5,9,Y,MON,,,,,,,,,,,,,,,,,,,,,,,,,,,,,,,,,,,,,,,,,,,,,,,,,,,,,,,,0,0,0,2,0,0,0,282,,,