Crash_ID,Crash_Fatal_Fl,Cmv_Involv_Fl,Schl_Bus_Fl,Rr_Relat_Fl,Medical_Advisory_Fl,Amend_Supp_Fl,Active_School_Zone_Fl,Crash_Date,Crash_Time,Case_ID,Local_Use,Rpt_CRIS_Cnty_ID,Rpt_City_ID,Rpt_Outside_City_Limit_Fl,Thousand_Damage_Fl,Rpt_Latitude,Rpt_Longitude,Rpt_Rdwy_Sys_ID,Rpt_Hwy_Num,Rpt_Hwy_Sfx,Rpt_Road_Part_ID,Rpt_Block_Num,Rpt_Street_Pfx,Rpt_Street_Name,Rpt_Street_Sfx,Private_Dr_Fl,Toll_Road_Fl,Crash_Speed_Limit,Road_Constr_Zone_Fl,Road_Constr_Zone_Wrkr_Fl,Rpt_Street_Desc,At_Intrsct_Fl,Rpt_Sec_Rdwy_Sys_ID,Rpt_Sec_Hwy_Num,Rpt_Sec_Hwy_Sfx,Rpt_Sec_Road_Part_ID,Rpt_Sec_Block_Num,Rpt_Sec_Street_Pfx,Rpt_Sec_Street_Name,Rpt_Sec_Street_Sfx,Rpt_Ref_Mark_Offset_Amt,Rpt_Ref_Mark_Dist_Uom,Rpt_Ref_Mark_Dir,Rpt_Ref_Mark_Nbr,Rpt_Sec_Street_Desc,Rpt_CrossingNumber,Wthr_Cond_ID,Light_Cond_ID,Entr_Road_ID,Road_Type_ID,Road_Algn_ID,Surf_Cond_ID,Traffic_Cntl_ID,Investigat_Notify_Time,Investigat_Notify_Meth,Investigat_Arrv_Time,Report_Date,Investigat_Comp_Fl,ORI_Number,Investigat_Agency_ID,Investigat_Area_ID,Investigat_District_ID,Investigat_Region_ID,Bridge_Detail_ID,Harm_Evnt_ID,Intrsct_Relat_ID,FHE_Collsn_ID,Obj_Struck_ID,Othr_Factr_ID,Road_Part_Adj_ID,Road_Cls_ID,Road_Relat_ID,Phys_Featr_1_ID,Phys_Featr_2_ID,Cnty_ID,City_ID,Latitude,Longitude,Hwy_Sys,Hwy_Nbr,Hwy_Sfx,Dfo,Street_Name,Street_Nbr,Control,Section,Milepoint,Ref_Mark_Nbr,Ref_Mark_Displ,Hwy_Sys_2,Hwy_Nbr_2,Hwy_Sfx_2,Street_Name_2,Street_Nbr_2,Control_2,Section_2,Milepoint_2,Txdot_Rptable_Fl,Onsys_Fl,Rural_Fl,Crash_Sev_ID,Pop_Group_ID,Located_Fl,Day_of_Week,Hwy_Dsgn_Lane_ID,Hwy_Dsgn_Hrt_ID,Hp_Shldr_Left,Hp_Shldr_Right,Hp_Median_Width,Base_Type_ID,Nbr_Of_Lane,Row_Width_Usual,Roadbed_Width,Surf_Width,Surf_Type_ID,Curb_Type_Left_ID,Curb_Type_Right_ID,Shldr_Type_Left_ID,Shldr_Width_Left,Shldr_Use_Left_ID,Shldr_Type_Right_ID,Shldr_Width_Right,Shldr_Use_Right_ID,Median_Type_ID,Median_Width,Rural_Urban_Type_ID,Func_Sys_ID,Adt_Curnt_Amt,Adt_Curnt_Year,Adt_Adj_Curnt_Amt,Pct_Single_Trk_Adt,Pct_Combo_Trk_Adt,Trk_Aadt_Pct,Curve_Type_ID,Curve_Lngth,Cd_Degr,Delta_Left_Right_ID,Dd_Degr,Feature_Crossed,Structure_Number,I_R_Min_Vert_Clear,Approach_Width,Bridge_Median_ID,Bridge_Loading_Type_ID,Bridge_Loading_In_1000_Lbs,Bridge_Srvc_Type_On_ID,Bridge_Srvc_Type_Under_ID,Culvert_Type_ID,Roadway_Width,Deck_Width,Bridge_Dir_Of_Traffic_ID,Bridge_Rte_Struct_Func_ID,Bridge_IR_Struct_Func_ID,CrossingNumber,RRCo,Poscrossing_ID,WDCode_ID,Standstop,Yield,Incap_Injry_Cnt,Nonincap_Injry_Cnt,Poss_Injry_Cnt,Non_Injry_Cnt,Unkn_Injry_Cnt,Tot_Injry_Cnt,Death_Cnt,MPO_ID,Investigat_Service_ID,Investigat_DA_ID,Investigator_Narrative
13433300,N,N,N,N,N,N,N,8/21/2013,4:13 PM,,,114,1679,Y,Y,32.4237,-101.53944,4,846,,1,,,NOT REPORTED,,N,N,70,N,N,,Y,4,1584,,1,,,NOT REPORTED,,,,,,,,11,1,4,1,1,1,8,4:15 PM,HOWARD CO COMMS,4:30 PM,8/23/2013,Y,TXDPS1800,10000,19,32,1,8,2,1,10,1,54,1,3,1,21,21,114,1679,32.42399978,-101.5395813,FM,846,,20.216,FM0846,,1872,1,9.135,312,-0.614,FM,1584,,FM1584,,1503,2,8.174,Y,Y,Y,2,0,Y,WED,2,0,0,0,0,2,2,100,20,20,2,0,0,1,0,0,1,0,0,0,0,1,7,391,2014,391,14.9,14,28.9,,,,,,,,,,,,,,,,,,,,,,,,,,,0,2,0,1,0,2,0,,,,
13433354,N,N,N,N,N,N,N,9/4/2013,4:04 PM,SAPD13193903,4260,15,379,N,Y,,,11,410,,3,8900,SE,410,LOOP,N,N,40,N,N,,N,19,,,,4400,S,WW WHITE,RD,,,,,,,2,1,0,2,1,2,1,4:17 PM,DISPATCHED,4:26 PM,9/4/2013,Y,TXSPD0000,2473,,9,162,8,2,2,22,64,42,3,1,1,21,21,15,379,29.35352796,-98.40081132,IH,410,,39.388,IH0410,,521,6,39.012,39,-0.258,SS,117,,SS0117,,,,,Y,Y,N,3,9,Y,WED,5,0,4,10,55,2,4,300,76,48,2,0,0,2,14,5,2,14,5,3,41,4,11,53428,2014,53428,2.4,3,5.4,,,,,,,,,,,,,,,,,,,,,,,,,,,0,0,1,2,0,1,0,28,,,
13433575,N,N,N,N,N,N,N,9/3/2013,9:40 AM,SAPD13192766,7240,15,379,N,Y,,,11,410,,2,100,,LOOP 410 ACCES,,N,N,45,N,N,,Y,19,,,1,8800,,JONE MALTSBERGER,,,,,,,,11,1,2,,1,1,5,9:31 AM,DISPATCHED,9:50 AM,9/3/2013,Y,TXSPD0000,2473,,61,123,8,2,1,10,64,54,2,2,1,21,21,15,379,,,,,,,SL0410,,,,,,,,,,JONE MALTSBERGER,,,,,Y,Y,N,5,9,N,TUE,,,,,,,,,,,,,,,,,,,,,,,,,,,,,,,,,,,,,,,,,,,,,,,,,,,,,,,,0,0,0,2,0,0,0,,,,
13433636,N,N,N,N,N,N,N,8/17/2013,2:42 PM,131043,,61,1124,N,N,,,3,114,,1,5100,E,SH 114,HWY,N,N,60,N,N,,N,19,,,1,13000,,RACEWAY,DR,,,,,,,11,1,0,2,4,1,1,4:52 PM,DISPATCH,4:54 PM,8/17/2013,Y,TX0613900,1863,,,,8,2,4,21,64,9,1,2,1,21,21,61,1124,33.02683068,-97.27029829,SH,114,,365.012,SH0114,,353,2,7.311,594,-0.635,,,,,,,,,N,Y,Y,5,1,Y,SAT,3,0,4,8,208,3,4,400,72,48,5,0,0,2,8,5,2,16,5,3,200,4,14,39091,2014,39091,3.2,3.5,6.7,,,,,,,,,,,,,,,,,,,,,,,,,,,0,0,0,3,0,0,0,282,,,
13433680,N,N,N,N,N,N,N,8/24/2013,6:25 AM,13-026522,,240,254,N,Y,,,19,,,1,2800,,COUNTRY CLUB,,N,N,20,N,N,,N,19,,,1,,,MCPHERSON,,,,,,,,11,4,2,,4,1,17,6:27 AM,SELF,6:27 AM,8/26/2013,Y,TX2400100,1644,,,65,8,7,4,1,32,54,1,5,4,21,21,240,254,27.58176141,-99.4730931,,,,,COUNTRY CLUB BLVD,1436,,,,,,,,,,,,,,Y,N,N,5,8,Y,SAT,,,,,,,,,,,,,,,,,,,,,,,,,,,,,,,,,,,,,,,,,,,,,,,,,,,,,,,,0,0,0,1,0,0,0,205,,,
13433684,N,N,N,N,N,N,N,8/24/2013,12:26 AM,13-026485,,240,254,N,Y,,,19,,,1,1000,S,MEADOW,AVE,N,N,35,N,N,,N,19,,,1,1800,,BARRIOS,,,,,,,,11,4,2,,2,1,11,12:26 AM,MCT DISPATCH,12:29 AM,8/24/2013,Y,TX2400100,1644,,,,8,7,4,1,30,54,1,5,2,21,21,240,254,27.48756962,-99.47708045,,,,,S MEADOW AVE,1108,,,,,,,,,,,,,,Y,N,N,2,8,Y,SAT,,,,,,,,,,,,,,,,,,,,,,,,,,,,,,,,,,,,,,,,,,,,,,,,,,,,,,,,0,1,0,0,0,1,0,205,,,
13433788,N,N,N,N,N,N,N,8/15/2013,9:30 PM,2013-17870,,116,180,N,Y,,,19,,,1,2800,,WASHINGTON,ST,N,N,30,N,N,,Y,19,,,,2500,,WESLEY,ST,,,,,,,11,4,0,3,1,1,5,9:31 PM,GREENVILLE P.D. DISP,9:33 PM,8/15/2013,Y,TX1160300,1383,,2,3,8,2,1,10,64,3,1,2,1,21,21,116,180,33.13946486,-96.10893754,SS,302,,1.705,SS0302,2798,135,7,11.214,630,-0.436,,,,WESLEY ST,,,,,Y,Y,N,5,6,Y,THU,0,0,19,8,38,2,6,160,125,71,6,1,1,2,38,1,2,16,2,4,0,2,14,10123,2014,10123,11.5,13.1,24.6,,,,,,,,,,,,,,,,,,,,,,,,,,,0,0,0,3,0,0,0,282,,,
13433872,N,N,N,N,N,N,N,8/24/2013,10:36 PM,13-06717,,20,46,N,N,,,19,,,1,100,E,TEXAS,ST,N,N,30,N,N,ASPHALT,N,19,,,1,200,S,BROOKS,ST,,,,,ASPHALT,,11,4,2,,1,1,1,10:36 PM,OFFICER INITIATED,10:36 PM,8/25/2013,Y,TX0201800,150,,,9,8,2,3,45,64,14,1,5,1,32,21,20,46,29.04442636,-95.57006954,,,,,W TEXAS ST,118,,,,,,,,,,,,,,N,N,Y,5,3,Y,SAT,,,,,,,,,,,,,,,,,,,,,,,,,,,,,,,,,,,,,,,,,,,,,,,,,,,,,,,,0,0,0,2,0,0,0,15,,,
13433900,N,N,N,N,N,N,N,8/23/2013,12:48 PM,13-4301,,220,141,N,Y,,,19,,,3,3600,S,SERVICE,RD,N,N,35,N,N,ENTRANCE RAMP TO SOUTH SERVICE ROAD,N,19,,,1,2200,S,AIRFIELD,DR,,,,,,,11,1,0,,4,1,1,12:48 PM,DISPATCHED,12:50 PM,8/23/2013,Y,,1173,,,,8,7,4,1,29,3,3,5,2,21,21,220,141,32.86189417,-97.04088364,,,,,INTERNATIONAL PKWY S,,,,,,,,,,,,,,,Y,N,N,5,7,Y,FRI,,,,,,,,,,,,,,,,,,,,,,,,,,,,,,,,,,,,,,,,,,,,,,,,,,,,,,,,0,0,0,4,0,0,0,282,,,
13433997,N,Y,N,N,N,N,N,8/23/2013,4:46 PM,13-026440,,240,254,N,Y,,,19,,,1,8300,,TEJAS,,N,N,30,N,N,,N,1,35,,1,8900,,IH 35 FRONTAGE,RD,,,,,,,11,1,0,,1,1,1,5:02 PM,MCT DISPATCHED,5:11 PM,8/23/2013,Y,TX2400100,1644,,53,49,8,4,4,4,64,54,1,5,1,21,21,240,254,27.58320458,-99.50475091,,,,,TEJAS LOOP,8300,,,,,,,,,,,,,,Y,N,N,5,8,Y,FRI,,,,,,,,,,,,,,,,,,,,,,,,,,,,,,,,,,,,,,,,,,,,,,,,,,,,,,,,0,0,0,1,0,0,0,205,,,
13434167,N,Y,N,N,N,N,N,8/27/2013,1:20 PM,,,115,1680,Y,Y,31.19653,-105.58035,1,10,,1,,,NOT REPORTED,,N,N,80,N,N,,N,,,,,,,NOT REPORTED,,0.3,M,W,93,,,11,1,0,2,1,1,11,1:25 PM,HUDSPETH COMM,1:39 PM,8/27/2013,Y,,10000,1,163,1,8,7,4,1,39,3,1,1,4,21,21,115,1680,31.19684299,-105.5739777,IH,10,,92.79,IH0010,,2,6,31.237,93,-0.3,,,,NOT REPORTED,,,,,Y,Y,Y,5,0,Y,TUE,5,0,4,10,60,8,4,300,76,48,5,0,0,2,8,5,2,20,5,,52,1,1,15775,2014,15775,3.5,47.3,50.7,,,,,,,,,,,,,,,,,,,,,,,,,,,0,0,0,1,0,0,0,,,,
13434378,N,N,N,N,N,N,N,9/2/2013,11:10 AM,13090186,,31,53,N,Y,,,19,,,1,3500,,OLD HIGHWAY 77,,N,N,35,N,N,,Y,19,,,1,0,,CHARLIE CLARK,DR,,,,,,,11,1,4,,1,1,8,11:10 AM,WAVED DOWN,11:10 AM,9/2/2013,Y,TX0310100,172,,211,59,8,2,1,10,64,54,1,5,1,21,21,31,53,25.95279566,-97.50752268,,,,,OLD US HWY 77,3566,,,,,,,,,CHARLIE CLARK DR,,,,,Y,N,N,5,8,Y,MON,,,,,,,,,,,,,,,,,,,,,,,,,,,,,,,,,,,,,,,,,,,,,,,,,,,,,,,,0,0,0,4,0,0,0,248,,,
13434433,N,Y,N,N,N,N,N,8/20/2013,2:10 PM,0104649613J,,101,208,N,Y,,,2,290,,1,10120,,NORTHWEST,FWY,N,N,60,N,N,,N,19,,,,,,DACOMA,ST,,,,,,,2,1,0,,3,2,20,2:33 PM,DISPATCH,2:52 PM,8/20/2013,Y,TXHPD0000,2469,16,152,27,8,2,4,22,64,42,1,2,1,21,21,101,208,,,US,290,,,US0290,,,,,,,,,,,,,,,Y,Y,N,5,9,N,TUE,,,,,,,,,,,,,,,,,,,,,,,,,,,,,,,,,,,,,,,,,,,,,,,,,,,,,,,,0,0,0,3,0,0,0,,,,
13434518,N,N,N,N,N,N,N,8/31/2013,11:47 AM,13-37378,,79,371,N,Y,,,19,,,1,6600,,READING,RD,N,N,35,N,N,2 LANE ROADWAY,Y,19,,,1,6900,,INDUSTRIAL,PKWY,,,,,,,12,1,4,,1,1,5,11:47 AM,DISPATCH,11:55 AM,8/31/2013,Y,TX0790300,2045,888,212,44,8,2,1,10,1,54,1,5,1,21,21,79,371,29.54368486,-95.759333,,,,,READING RD,6699,,,,,,,,,INDUSTRIAL PKWY,,,,,Y,N,N,1,6,Y,SAT,,,,,,,,,,,,,,,,,,,,,,,,,,,,,,,,,,,,,,,,,,,,,,,,,,,,,,,,1,1,0,1,0,2,0,15,,,
13434578,N,N,N,N,N,N,N,8/28/2013,3:48 PM,2013-36830,,79,371,N,Y,,,19,,,7,1317,,MAHLMANN,ST,Y,N,20,N,N,ASPHALT PARKING LOT,N,19,,,,3700,,AVENUE J,AVE,,,,,TWO LANE ASPHALT,,11,1,0,,1,1,1,3:48 PM,DISPATCHED,3:51 PM,8/28/2013,Y,TX0790300,2045,888,212,44,8,4,4,2,64,54,7,9,5,33,21,79,371,,,,,,,MAHLMANN ST,,,,,,,,,,,,,,,N,N,N,0,6,N,WED,,,,,,,,,,,,,,,,,,,,,,,,,,,,,,,,,,,,,,,,,,,,,,,,,,,,,,,,0,0,0,0,2,0,0,,,,
13434711,N,N,N,N,N,N,N,9/1/2013,8:00 PM,sapd13191643,5210,15,379,N,Y,,,1,10,,4,5800,,IH 10 WEST,,N,N,45,N,N,,N,19,,,,1100,,VANCE JACKSON,,,,,,,,11,4,0,2,1,1,5,8:11 PM,DISPATCHED,8:12 PM,9/4/2013,Y,TXSPD0000,2473,,19,148,8,2,4,22,64,38,4,1,1,21,21,15,379,29.48472958,-98.53530946,IH,10,,563.685,IH0010,,72,12,20.423,565,0.387,,,,,,,,,Y,Y,N,5,9,Y,SUN,5,0,3,10,18,9,10,450,167,132,5,1,1,2,15,5,2,20,5,,3,4,11,171290,2014,171290,1.9,2.8,4.7,,,,,,,,,,,,,,,,,,,,,,,,,,,0,0,0,2,1,0,0,28,,,
13434779,N,N,N,N,N,N,N,9/2/2013,10:20 PM,0110496913I,,101,208,N,Y,,,19,,,7,10222,,FORUM WEST,DR,Y,N,15,N,N,ASPHALT,N,19,,,,10300,,W SAM HOUSTON,PKWY,,,,,,,11,4,0,,1,1,1,10:23 PM,DISPATCHED,10:27 PM,9/3/2013,Y,TXHPD0000,2469,14,128,39,8,7,4,1,36,3,7,9,5,33,21,101,208,,,,,,,FORUM WEST DR,,,,,,,,,,,,,,,N,N,N,5,9,N,MON,,,,,,,,,,,,,,,,,,,,,,,,,,,,,,,,,,,,,,,,,,,,,,,,,,,,,,,,0,0,0,1,0,0,0,,,,
13434848,N,N,N,N,N,N,N,9/4/2013,5:35 AM,SAPD13193489,5140,15,379,N,Y,,,19,,,1,300,N,FRANK LUKE,DR,N,N,40,N,N,,N,19,,,,200,,SAM HOUSTON,BLVD,,,,,,,11,4,0,,4,1,1,5:45 AM,DISPATCHER,5:50 AM,9/4/2013,Y,YXSPD0000,2473,,19,148,8,7,4,1,62,3,1,5,2,21,21,15,379,29.3981633,-98.57467027,,,,,N FRANK LUKE DR,1380,,,,,,,,,,,,,,Y,N,N,3,9,Y,WED,,,,,,,,,,,,,,,,,,,,,,,,,,,,,,,,,,,,,,,,,,,,,,,,,,,,,,,,0,0,1,1,0,1,0,28,,,
13434892,N,N,N,N,N,N,N,9/4/2013,9:45 AM,0111120913I,,101,208,N,Y,,,19,,,1,2400,,WASHINGTON,AVE,N,N,35,N,N,CONCRETE,N,19,,,,1000,,SAWYER,,,,,,,,11,1,0,,1,1,1,10:00 AM,DISP,10:07 AM,9/5/2013,Y,TXHPD0000,2469,6,121,33,8,2,2,30,36,54,1,5,1,21,21,101,208,29.76832557,-95.38277465,,,,,WASHINGTON AVE,2401,,,,,,,,,SAWYER ST,,,,,Y,N,N,2,9,Y,WED,,,,,,,,,,,,,,,,,,,,,,,,,,,,,,,,,,,,,,,,,,,,,,,,,,,,,,,,0,1,1,1,0,2,0,15,,,
13435181,N,N,N,N,N,N,N,9/5/2013,7:20 AM,SAPD13194369,3210,15,379,N,Y,,,19,,,1,8800,N,STARCREST,DR,N,N,35,N,N,,Y,19,,,1,2200,NE,410,LOOP,,,,,,,11,1,0,,1,1,5,7:26 AM,DISPATCH,7:43 AM,9/5/2013,Y,txspd0000,2473,,29,131,8,2,1,36,64,54,2,2,1,21,21,15,379,29.51535495,-98.42284233,,,,,STARCREST DR,,,,,,,,,,NE I 410 LOOP,,,,,Y,N,N,5,9,Y,THU,,,,,,,,,,,,,,,,,,,,,,,,,,,,,,,,,,,,,,,,,,,,,,,,,,,,,,,,0,0,0,2,0,0,0,28,,,
13435186,N,N,N,N,N,N,N,9/4/2013,8:30 AM,0111088413V,,101,208,N,Y,,,19,,,1,8500,,ALMEDA,RD,N,N,40,N,N,,N,19,,,,,S,HOLLY HALL,RD,,,,,,,11,1,0,2,1,1,5,8:56 AM,HPD DISPATCHER,9:02 AM,9/6/2013,Y,TXHPD0000,2469,6,125,40,8,2,4,20,64,54,1,3,1,21,21,101,208,29.68511831,-95.39160726,FM,521,,97.339,FM0521,,111,1,12.378,734,-0.55,,,,,,,,,Y,Y,N,5,9,Y,WED,3,0,4,4,20,2,4,160,58,42,4,1,2,5,8,5,5,8,5,1,12,4,14,19911,2014,19911,3.9,1.4,5.2,,,,,,,,,,,,,,,,,,,,,,,,,,,0,0,0,3,0,0,0,15,,,
13435191,N,N,N,N,N,N,N,8/23/2013,4:03 PM,2013A002111,29B,57,166,N,Y,32.9428,-96.66141999,19,,,7,2200,,VILLAGE CREST,DR,N,N,10,N,N,NORTH ALLEY,Y,19,,,1,2900,,VILLAGE CREST,CIR,,,,,,,11,1,2,,1,1,1,4:03 PM,RADIO DISPATCHED,4:28 PM,8/23/2013,Y,TX0571100,1344,,,49,8,2,1,10,64,54,1,5,1,21,21,57,166,32.94282195,-96.66115184,,,,,VILLAGE CREST DR,2200,,,,,,,,,UNKNOWN,,,,,Y,N,N,2,8,Y,FRI,,,,,,,,,,,,,,,,,,,,,,,,,,,,,,,,,,,,,,,,,,,,,,,,,,,,,,,,0,1,0,1,0,1,0,282,,,
13435271,N,N,N,N,N,N,N,8/31/2013,12:45 PM,13042,,3,117,N,Y,,,19,,,1,,,HINES,ST,N,N,35,N,N,,N,19,,,,,,BALLENGER,ST,,,,,,,11,1,0,1,1,1,9,12:45 PM,DIBOLL PD COMM,12:48 PM,8/31/2013,Y,TX0030100,1202,,,,8,2,2,14,64,54,1,2,1,21,21,3,117,31.18540128,-94.7852767,SL,210,,0.266,SL0210,195,176,11,1.268,368,0.221,,,,BALLENGER,,,,,Y,Y,Y,5,3,Y,SAT,2,0,4,8,0,9,2,50,38,24,6,2,0,2,4,5,2,8,5,0,0,1,7,2055,2014,2055,1.8,6.5,8.3,,,,,,,,,,,,,,,,,,,,,,,,,,,0,0,0,2,0,0,0,,,,
13435295,N,N,N,N,N,N,N,8/26/2013,3:07 PM,282248,,237,1802,Y,Y,,,15,,,1,25979,,KICKAPOO,RD,N,N,45,N,N,,Y,15,,,1,,,JOSEPH,RD,,,,,,,12,1,2,,1,2,8,3:07 PM,THIRD PARTY,3:13 PM,8/26/2013,Y,237000000,2378,,,33,8,7,2,1,20,3,1,4,2,21,21,237,1802,30.15266474,-95.87503294,,,,,KICKAPOO RD,26006,,,,,,,,,JOSEPH RD,,,,,Y,N,Y,5,0,Y,MON,,,,,,,,,,,,,,,,,,,,,,,,,,,,,,,,,,,,,,,,,,,,,,,,,,,,,,,,0,0,0,3,0,0,0,15,,,
13435485,N,N,N,N,N,N,N,8/26/2013,3:03 PM,1300039839,,46,309,N,Y,,,19,,,1,300,S,SEGUIN,AVE,N,N,35,N,N,NORTHBOUND PROPER,N,19,,,1,100,E,COLL,ST,,,,,,,2,1,0,3,1,2,20,3:03 PM,DISPATCHED,3:15 PM,8/26/2013,Y,TX0460100,1841,,498,17,8,2,4,22,64,42,1,2,1,21,21,46,309,29.70071229,-98.12131822,BS,46,C,2.606,BS0046C,355,16,10,20.823,516,-0.619,,,,,,,,,Y,Y,N,5,7,Y,MON,2,0,8,8,0,2,4,64,64,48,4,1,1,2,8,5,2,8,5,0,0,4,16,14443,2014,14443,2.3,2.2,4.5,,,,,,,,,,,,,,,,,,,,,,,,,,,0,0,0,2,0,0,0,28,,,
13435541,N,N,N,N,N,N,N,8/9/2013,9:20 PM,13-12938,,226,1791,Y,Y,31.60328,-100.60925,15,,,1,11500,W,GRAPE CREEK,RD,N,N,45,N,N,,N,15,,,1,11100,,GLASS,RD,,,,,,,11,3,0,,1,1,1,9:31 PM,911,9:36 PM,8/9/2013,Y,TX2260000,2284,30,26,41,8,7,4,1,32,29,1,4,2,21,21,226,1791,31.60323181,-100.6086881,,,,,W GRAPE CREEK RD,11405,,,,,,,,,,,,,,Y,N,Y,5,0,Y,FRI,,,,,,,,,,,,,,,,,,,,,,,,,,,,,,,,,,,,,,,,,,,,,,,,,,,,,,,,0,0,0,1,0,0,0,,,,
13436118,N,N,N,N,N,N,N,8/26/2013,9:47 AM,2013A002132,29C,57,166,N,Y,32.89438,-96.65976,19,,,1,2100,W,MILLER,RD,N,N,40,N,N,,Y,19,,,1,1900,,PATRICIA,LN,,,,,,,11,1,2,,1,1,20,9:47 AM,DISPATCH,9:55 AM,8/26/2013,N,TX0571100,1344,,,227,8,2,2,20,64,47,1,5,1,21,21,57,166,32.89442423,-96.6597326,,,,,W MILLER RD,2101,,,,,,,,,PATRICIA LN,,,,,Y,N,N,5,8,Y,MON,,,,,,,,,,,,,,,,,,,,,,,,,,,,,,,,,,,,,,,,,,,,,,,,,,,,,,,,0,0,0,2,0,0,0,282,,,
13436265,N,N,N,N,N,N,N,8/23/2013,6:00 PM,2013A002114,29C,57,166,N,Y,32.90479,-96.68294,19,,,1,1000,S,JUPITER,RD,N,N,40,N,N,,N,19,,,1,3400,,MILLER PARK,DR,,,,,,,11,1,4,,1,1,11,6:13 PM,DISPATCHED,6:18 PM,8/23/2013,N,TX0571100,1344,,82,,8,2,4,21,64,25,1,5,1,21,21,57,166,32.90399186,-96.68299795,,,,,S JUPITER RD,,,,,,,,,,,,,,,Y,N,N,5,8,Y,FRI,,,,,,,,,,,,,,,,,,,,,,,,,,,,,,,,,,,,,,,,,,,,,,,,,,,,,,,,0,0,0,2,0,0,0,282,,,
13436430,N,N,N,N,N,N,N,8/28/2013,7:40 AM,,,111,1676,Y,Y,32.38913,-97.92052,2,377,,1,,,NOT REPORTED,,N,N,45,N,N,,N,4,56,,,,,NOT REPORTED,,,,,,,,11,1,0,1,1,1,12,7:45 AM,MOTORIST,7:47 AM,8/28/2013,Y,,10000,8,118,1,8,2,2,22,64,42,1,2,1,21,21,111,1407,32.38900489,-97.92063176,US,377,,136.48,US0377,,80,3,13.386,344,-0.916,FM,56,,FM0056,,,,,Y,Y,Y,5,1,Y,WED,2,0,9,9,0,3,2,100,42,24,4,0,0,2,9,5,2,9,5,0,0,1,2,6098,2014,6098,9.5,5.7,15.2,,,,,,,,,,,,,,,,,,,,,,,,,,,0,0,0,3,0,0,0,282,,,
13436468,N,N,N,N,N,N,N,8/27/2013,1:05 PM,,,68,1633,Y,Y,31.87217,-102.41138,14,450,,1,,,NOT REPORTED,,N,N,55,N,N,,N,15,,,,,,CESSNA,AVE,,,,,,,11,1,0,3,1,1,20,1:10 PM,DISPATCHED,1:17 PM,9/4/2013,Y,,10000,1,32,1,8,2,4,24,64,3,1,2,1,21,21,68,1633,31.87227117,-102.4118236,SS,450,,0.523,SS0450,,572,1,20.988,258,-0.181,,,,,,,,,Y,Y,Y,5,0,Y,TUE,2,0,9,9,0,1,4,98,81,48,2,1,1,2,9,5,2,9,5,0,0,3,14,8430,2014,8430,10.8,2.4,13.2,,,,,,,,,,,,,,,,,,,,,,,,,,,0,0,0,2,0,0,0,174,,,
13436503,N,N,N,N,N,N,N,9/3/2013,5:35 PM,,,181,441,N,Y,30.1652,-94.01981,4,105,,1,,,NOT REPORTED,,N,N,55,N,N,,N,4,1132,,,,,NOT REPORTED,,,,,,,,2,1,4,3,1,2,20,5:42 PM,DPS LUFKIN COMMS,6:13 PM,9/3/2013,Y,,10000,7,58,1,8,2,3,14,64,14,1,3,1,32,21,181,1746,30.16501316,-94.02005721,FM,105,,14.38,FM0105,2884,710,2,5.473,440,-0.638,,,,,,,,,Y,Y,Y,5,0,Y,TUE,2,0,10,10,0,8,4,151,82,62,4,0,0,2,10,5,2,10,5,0,0,3,16,14570,2014,14570,2.9,1.5,4.4,,,,,,,,,,,,,,,,,,,,,,,,,,,0,0,0,2,0,0,0,135,,,
13436629,N,N,N,N,N,N,N,8/28/2013,8:35 AM,,,170,1735,Y,Y,30.1418,-95.65853,3,249,,1,,,NOT REPORTED,,N,N,60,N,N,,N,19,,,,,,PINEDALE,CIR,,,,,,,11,1,0,2,1,1,20,8:53 AM,MCSO COMM CONROE,8:53 AM,8/30/2013,Y,,10000,17,52,1,8,2,4,20,64,54,1,2,1,21,21,170,1735,30.14244857,-95.65935889,SH,249,,2.513,SH0249,32904,720,2,34.917,448,-0.904,,,,,,,,,Y,Y,Y,5,0,Y,WED,5,0,0,0,14,2,6,350,78,76,5,1,2,1,0,0,1,0,0,3,14,4,14,26881,2014,26881,6.5,3.7,10.2,,,,,,,,,,,,,,,,,,,,,,,,,,,0,0,0,2,0,0,0,15,,,
13436646,N,N,N,N,N,N,N,8/30/2013,6:25 PM,,,170,1735,Y,Y,30.2035,-95.76577,4,1488,,1,,,NOT REPORTED,,N,N,55,N,N,,N,19,,,,,,OLD HOCKLEY,RD,,,,,,,11,1,0,1,1,1,20,6:30 PM,MCSO DISPATCH,6:35 PM,8/30/2013,N,,10000,17,52,1,8,2,4,20,64,42,1,3,1,21,21,170,1735,30.20340239,-95.76588689,FM,1488,,21.861,FM1488,19655,523,8,2.568,660,0.619,,,,,,,,,Y,Y,Y,2,0,Y,FRI,2,0,5,5,0,2,2,100,30,20,2,0,0,3,5,5,3,5,5,0,0,4,16,6602,2014,6602,6.8,2.3,9.1,,,,,,,,,,,,,,,,,,,,,,,,,,,0,1,0,3,0,1,0,15,,,
13436649,N,N,N,N,N,N,N,9/3/2013,3:55 PM,201334491,,139,324,N,N,,,19,,,1,1000,,LAMAR,AVE,N,N,30,N,N,LAMAR AVENUE,N,19,,,,100,SE,12TH,ST,,,,,100 BLOCK SOUTHEAST 12TH,,11,1,0,3,1,1,20,3:58 PM,DISPATCHED,4:05 PM,9/3/2013,Y,TX1390200,1907,,,35,8,2,3,24,64,13,1,2,1,32,21,139,324,33.66112468,-95.5440309,BU,82,H,3.181,BU0082H,1147,45,9,9.055,657,0.095,,,,,,,,,N,Y,N,5,6,Y,TUE,0,0,0,0,0,8,6,120,76,75,4,2,2,1,0,0,1,0,0,4,0,2,16,6057,2014,6057,5.8,14.2,20.1,,,,,,,,,,,,,,,,,,,,,,,,,,,0,0,0,3,0,0,0,,,,