Crash_ID,Crash_Fatal_Fl,Cmv_Involv_Fl,Schl_Bus_Fl,Rr_Relat_Fl,Medical_Advisory_Fl,Amend_Supp_Fl,Active_School_Zone_Fl,Crash_Date,Crash_Time,Case_ID,Local_Use,Rpt_CRIS_Cnty_ID,Rpt_City_ID,Rpt_Outside_City_Limit_Fl,Thousand_Damage_Fl,Rpt_Latitude,Rpt_Longitude,Rpt_Rdwy_Sys_ID,Rpt_Hwy_Num,Rpt_Hwy_Sfx,Rpt_Road_Part_ID,Rpt_Block_Num,Rpt_Street_Pfx,Rpt_Street_Name,Rpt_Street_Sfx,Private_Dr_Fl,Toll_Road_Fl,Crash_Speed_Limit,Road_Constr_Zone_Fl,Road_Constr_Zone_Wrkr_Fl,Rpt_Street_Desc,At_Intrsct_Fl,Rpt_Sec_Rdwy_Sys_ID,Rpt_Sec_Hwy_Num,Rpt_Sec_Hwy_Sfx,Rpt_Sec_Road_Part_ID,Rpt_Sec_Block_Num,Rpt_Sec_Street_Pfx,Rpt_Sec_Street_Name,Rpt_Sec_Street_Sfx,Rpt_Ref_Mark_Offset_Amt,Rpt_Ref_Mark_Dist_Uom,Rpt_Ref_Mark_Dir,Rpt_Ref_Mark_Nbr,Rpt_Sec_Street_Desc,Rpt_CrossingNumber,Wthr_Cond_ID,Light_Cond_ID,Entr_Road_ID,Road_Type_ID,Road_Algn_ID,Surf_Cond_ID,Traffic_Cntl_ID,Investigat_Notify_Time,Investigat_Notify_Meth,Investigat_Arrv_Time,Report_Date,Investigat_Comp_Fl,ORI_Number,Investigat_Agency_ID,Investigat_Area_ID,Investigat_District_ID,Investigat_Region_ID,Bridge_Detail_ID,Harm_Evnt_ID,Intrsct_Relat_ID,FHE_Collsn_ID,Obj_Struck_ID,Othr_Factr_ID,Road_Part_Adj_ID,Road_Cls_ID,Road_Relat_ID,Phys_Featr_1_ID,Phys_Featr_2_ID,Cnty_ID,City_ID,Latitude,Longitude,Hwy_Sys,Hwy_Nbr,Hwy_Sfx,Dfo,Street_Name,Street_Nbr,Control,Section,Milepoint,Ref_Mark_Nbr,Ref_Mark_Displ,Hwy_Sys_2,Hwy_Nbr_2,Hwy_Sfx_2,Street_Name_2,Street_Nbr_2,Control_2,Section_2,Milepoint_2,Txdot_Rptable_Fl,Onsys_Fl,Rural_Fl,Crash_Sev_ID,Pop_Group_ID,Located_Fl,Day_of_Week,Hwy_Dsgn_Lane_ID,Hwy_Dsgn_Hrt_ID,Hp_Shldr_Left,Hp_Shldr_Right,Hp_Median_Width,Base_Type_ID,Nbr_Of_Lane,Row_Width_Usual,Roadbed_Width,Surf_Width,Surf_Type_ID,Curb_Type_Left_ID,Curb_Type_Right_ID,Shldr_Type_Left_ID,Shldr_Width_Left,Shldr_Use_Left_ID,Shldr_Type_Right_ID,Shldr_Width_Right,Shldr_Use_Right_ID,Median_Type_ID,Median_Width,Rural_Urban_Type_ID,Func_Sys_ID,Adt_Curnt_Amt,Adt_Curnt_Year,Adt_Adj_Curnt_Amt,Pct_Single_Trk_Adt,Pct_Combo_Trk_Adt,Trk_Aadt_Pct,Curve_Type_ID,Curve_Lngth,Cd_Degr,Delta_Left_Right_ID,Dd_Degr,Feature_Crossed,Structure_Number,I_R_Min_Vert_Clear,Approach_Width,Bridge_Median_ID,Bridge_Loading_Type_ID,Bridge_Loading_In_1000_Lbs,Bridge_Srvc_Type_On_ID,Bridge_Srvc_Type_Under_ID,Culvert_Type_ID,Roadway_Width,Deck_Width,Bridge_Dir_Of_Traffic_ID,Bridge_Rte_Struct_Func_ID,Bridge_IR_Struct_Func_ID,CrossingNumber,RRCo,Poscrossing_ID,WDCode_ID,Standstop,Yield,Incap_Injry_Cnt,Nonincap_Injry_Cnt,Poss_Injry_Cnt,Non_Injry_Cnt,Unkn_Injry_Cnt,Tot_Injry_Cnt,Death_Cnt,MPO_ID,Investigat_Service_ID,Investigat_DA_ID,Investigator_Narrative
13436814,N,N,N,N,N,N,N,9/6/2013,1:15 PM,13M000567,,170,1323,N,Y,,,1,45,,2,18000,,NOT REPORTED,,N,N,45,N,N,,N,19,,,,,,SHENANDOAH PARK DR,,,,,,,,12,1,0,2,1,1,11,1:16 PM,DISPATCHED,1:29 PM,9/6/2013,Y,TX1701200,2121,,,35,8,2,4,22,64,42,2,1,1,21,21,170,1323,30.18232986,-95.45222564,IH,45,,77.86,IH0045,,110,4,5.088,78,-0.158,,,,,,,,,Y,Y,Y,5,1,Y,FRI,5,0,10,12,40,3,8,321,140,96,5,0,0,2,20,5,2,24,5,2,20,4,11,147113,2014,147113,5.5,4.6,10.1,,,,,,,,,,,,,,,,,,,,,,,,,,,0,0,0,2,0,0,0,15,,,
13436839,N,N,N,N,N,N,N,8/31/2013,2:15 PM,SAPD13190642,,15,379,N,N,,,17,,,7,1432,,AUSTIN,HWY,Y,N,15,N,N,PARKING LOT OFF OF MAIN ROADWAY,N,19,,,,,,HARRY WURZBACH,PKWY,,,,,,,11,1,98,,1,1,1,2:16 PM,DISPATCH,2:20 PM,8/31/2013,Y,TXSPD0000,2473,,29,131,8,2,4,40,64,12,7,9,5,33,21,15,379,,,,,,,AUSTIN HWY,,,,,,,,,,,,,,,N,N,N,5,9,N,SAT,,,,,,,,,,,,,,,,,,,,,,,,,,,,,,,,,,,,,,,,,,,,,,,,,,,,,,,,0,0,0,2,0,0,0,,,,
13436857,N,N,N,N,N,N,N,9/6/2013,4:15 PM,13-400333,,57,24,N,Y,,,19,,,1,12200,,ELAM,RD,N,N,35,N,N,,Y,19,,,1,,,SHEPHERD,LN,,,,,,,11,1,4,,1,1,5,3:22 PM,RADIO,3:13 PM,9/6/2013,Y,TX0570200,79,,,35,8,2,1,34,64,54,1,5,1,21,21,57,24,32.71943426,-96.61406262,,,,,ELAM RD,12498,,,,,,,,,SHEPHERD LN,,,,,Y,N,N,5,5,Y,FRI,,,,,,,,,,,,,,,,,,,,,,,,,,,,,,,,,,,,,,,,,,,,,,,,,,,,,,,,0,0,0,3,0,0,0,282,,,
13436921,N,N,N,N,N,N,N,9/1/2013,3:11 PM,SAPD131931455,3250,15,379,N,Y,,,1,35,,2,9600,,NOT REPORTED,,N,N,45,N,N,,N,11,410,,,,,NOT REPORTED,,,,,,,,11,1,0,2,1,1,1,3:15 PM,DISPATCH,3:17 PM,9/5/2013,Y,TXSPD0000,2473,,29,131,8,7,4,1,39,42,2,1,4,21,21,15,379,29.52513469,-98.39356944,IH,35,,166.575,IH0035,,17,10,33.595,167,0.116,,,,,,,,,Y,Y,N,1,9,Y,SUN,5,0,8,10,18,9,7,300,120,84,6,0,0,2,16,5,2,20,5,,2,4,11,134863,2014,134863,3.4,11.2,14.6,,,,,,,,,,,,,,,,,,,,,,,,,,,1,0,0,0,0,1,0,28,,,
13437067,N,N,N,N,N,N,N,9/6/2013,6:20 AM,SAPD13195134,7320,15,379,N,N,,,11,1604,,3,9000,NW,LOOP 1604,,N,N,70,N,N,,N,19,,,,11700,,BANDERA,RD,,,,,,,11,3,0,2,1,1,20,6:20 AM,DISPATCH,6:30 AM,9/6/2013,Y,TXSPD0000,2473,,61,123,8,2,4,22,64,42,3,2,1,21,21,15,379,29.55877713,-98.6614181,SL,1604,,28.535,SL1604,,2452,2,0.469,516,0.55,,,,,,,,,Y,Y,N,3,9,Y,FRI,4,0,4,10,85,2,4,340,76,48,4,0,0,2,8,5,2,20,5,3,77,4,12,87097,2014,87097,4,10.4,14.5,,,,,,,,,,,,,,,,,,,,,,,,,,,0,0,1,1,1,1,0,28,,,
13437083,N,N,N,N,N,N,N,9/5/2013,6:15 AM,228343A,FLID# 228358A,57,107,N,Y,,,19,,,1,9800,,MONROE,DR,N,N,30,N,N,,N,19,,,,,,BLYSTONE,LN,,,,,,,11,3,0,,4,1,1,7:20 AM,DISPATCHED,7:38 AM,9/5/2013,Y,TX0000006,2471,,,87,8,4,4,1,64,54,7,9,5,33,21,57,107,,,,,,,MONROE DR,,,,,,,,,,,,,,,N,N,N,0,9,N,THU,,,,,,,,,,,,,,,,,,,,,,,,,,,,,,,,,,,,,,,,,,,,,,,,,,,,,,,,0,0,0,0,1,0,0,,,,
13437262,N,N,N,N,N,N,N,9/5/2013,5:19 PM,0111782613V,,101,208,N,Y,,,1,45,,1,13700,N,NORTH,FWY,N,N,60,N,N,CONCRETE,N,19,,,,,,RANKIN,RD,,,,,,,12,1,0,,1,2,20,5:19 PM,HPD DISPATCH,5:19 PM,9/5/2013,Y,TXHPD0000,2469,52,152,59,8,2,4,20,64,54,1,1,1,21,21,101,208,,,IH,45,,,IH0045,,,,,,,,,,,,,,,Y,Y,N,5,9,N,THU,,,,,,,,,,,,,,,,,,,,,,,,,,,,,,,,,,,,,,,,,,,,,,,,,,,,,,,,0,0,0,4,0,0,0,,,,
13437326,N,N,N,N,N,N,N,9/7/2013,6:32 PM,13-23071,,227,1792,Y,Y,30.15467,-97.69577,2,183,,1,7200,S,S US 183 HWY,HWY,N,N,65,N,N,,N,19,,,,8819,,LAVA HILL RD,RD,,,,,,,2,1,0,3,1,2,1,6:32 PM,DISPATCHED,6:40 PM,9/7/2013,Y,TX2270000,2292,,7,122,8,2,4,30,64,1,1,2,1,21,21,227,1792,30.1546216,-97.69568373,US,183,,333.846,US0183,7199,152,1,31.565,530,-0.845,,,,,,,,,Y,Y,Y,5,0,Y,SAT,2,0,2,2,0,2,4,230,64,48,4,0,0,2,2,5,2,2,5,0,0,4,14,16761,2014,16761,4.9,2,7,,,,,,,,,,,,,,,,,,,,,,,,,,,0,0,0,2,0,0,0,90,,,
13437429,N,N,N,N,N,N,N,9/7/2013,2:11 AM,SAPD13195994,3130,15,379,N,Y,,,19,,,1,16000,,ROUGH OAK,,N,N,35,N,N,MAIN LANE,N,19,,,,16000,,HENDERSON PASS,,,,,,MAIN LANE,,11,4,0,,1,1,1,2:11 AM,DISPATCHED,2:15 AM,9/7/2013,Y,TXSPD0000,2473,,29,131,8,4,4,1,64,9,1,5,1,21,21,15,379,29.58798364,-98.44855218,,,,,ROUGH OAK ST,16040,,,,,,,,,,,,,,Y,N,N,0,9,Y,SAT,,,,,,,,,,,,,,,,,,,,,,,,,,,,,,,,,,,,,,,,,,,,,,,,,,,,,,,,0,0,0,0,1,0,0,28,,,
13437462,N,N,N,N,N,N,N,8/28/2013,2:05 PM,221208A,FLID #221209A,57,107,N,Y,,,2,75,,1,11100,N,CENTRAL,EXPY,N,N,60,N,N,,N,19,,,,8OOO,,ROYAL,LN,,,,,,,11,1,0,2,2,1,20,2:37 PM,DISPATCHED,4:00 PM,8/28/2013,N,TX0000006,2471,,,33,8,2,2,13,64,9,1,2,1,21,21,57,107,32.90130999,-96.7690307,US,75,,67.695,US0075,,47,7,7.036,264,-0.778,,,,ROYAL LN,,,,,Y,Y,N,5,9,Y,WED,5,0,10,10,24,3,8,300,136,96,5,0,0,2,20,5,2,20,5,2,4,4,12,165434,2014,165434,2.8,5.4,8.3,,,,,,,,,,,,,,,,,,,,,,,,,,,0,0,0,1,1,0,0,282,,,
13437686,N,N,N,N,N,N,N,8/31/2013,5:00 PM,224169A,224196A,57,107,N,Y,,,19,,,1,8500,,LAKE JUNE,RD,N,N,35,N,N,,N,19,,,,1200,,HOLCOMB,RD,,,,,,,11,1,0,,1,1,20,6:29 PM,DISPATCHED,6:29 PM,9/1/2013,Y,TX0000006,2471,,,27,8,2,4,20,64,54,1,5,1,21,21,57,107,32.73412426,-96.67438037,,,,,LAKE JUNE RD,,,,,,,,,,,,,,,Y,N,N,5,9,Y,SAT,,,,,,,,,,,,,,,,,,,,,,,,,,,,,,,,,,,,,,,,,,,,,,,,,,,,,,,,0,0,0,5,0,0,0,282,,,
13437690,N,N,N,N,N,N,N,9/6/2013,2:30 PM,0112145813N,,101,208,N,Y,,,19,,,1,2000,,BROADWAY,ST,N,N,35,N,N,,Y,19,,,1,8000,,ELVERA,ST,,,,,,,12,1,0,,1,1,8,2:52 PM,DISPATCH,2:56 PM,9/6/2013,Y,TXHPD0000,2469,24,113,65,8,2,1,10,64,3,1,5,1,21,21,101,208,29.70881481,-95.27807311,,,,,BROADWAY ST,2001,,,,,,,,,ELVERA ST,,,,,Y,N,N,2,9,Y,FRI,,,,,,,,,,,,,,,,,,,,,,,,,,,,,,,,,,,,,,,,,,,,,,,,,,,,,,,,0,1,1,0,0,2,0,15,,,
13437699,N,N,N,N,N,Y,N,8/18/2013,4:40 PM,2013-BCSO-034670,B10,15,1580,Y,Y,29.47648,-98.16593,4,2538,,1,5320,,FM 2538,HWY,N,N,40,N,N,ASPHAULT,N,17,,,,15400,,REAL ROCK,RD,,,,,ASPHAULT,,11,1,0,1,1,1,1,4:40 PM,DISPATCHED,5:16 PM,9/20/2013,Y,TX0150000,120,,,162,8,2,3,22,64,47,1,3,1,32,21,15,1580,29.47947626,-98.16871265,FM,2538,,2.206,FM2538,5589,2442,1,12.208,512,0.208,,,,,,,,,Y,Y,Y,5,0,Y,SUN,2,0,4,4,0,2,2,80,30,22,4,0,0,2,4,5,2,4,5,0,0,4,17,2074,2014,2074,11.6,5.9,17.5,1,183,4,2,38,,,,,,,,,,,,,,,,,,,,,,0,0,0,4,0,0,0,28,,,
13437849,N,N,N,N,N,Y,N,9/6/2013,11:15 AM,220116,,18,202,N,Y,32.04564,-97.30832,4,56,,1,,,NOT REPORTED,,N,N,60,N,N,,N,15,1190,,,,,NOT REPORTED,,,,,,,,11,1,0,,4,1,12,11:30 AM,DISPATCHED,12:09 PM,9/11/2013,Y,,10000,12,119,1,8,10,4,1,1,54,1,3,2,21,21,18,202,,,FM,56,,,FM0056,,,,,,,,,,,,,,,Y,Y,N,1,4,N,FRI,,,,,,,,,,,,,,,,,,,,,,,,,,,,,,,,,,,,,,,,,,,,,,,,,,,,,,,,1,0,0,0,0,1,0,,,,
13437871,N,N,N,N,N,N,N,8/27/2013,6:27 PM,,,20,1585,Y,Y,29.4769,-95.29309,15,99,,1,,,NOT REPORTED,,N,N,45,N,N,,N,15,541,,,,,NOT REPORTED,,,,,,,,11,1,0,,4,1,11,6:29 PM,DPS TX CITY COMM,7:37 PM,9/3/2013,Y,,10000,8,35,1,8,7,4,1,36,55,1,4,2,21,21,20,1585,29.47695021,-95.29313859,,,,,PEARLAND SITES RD,2241,,,,,,,,,,,,,,Y,N,Y,0,0,Y,TUE,,,,,,,,,,,,,,,,,,,,,,,,,,,,,,,,,,,,,,,,,,,,,,,,,,,,,,,,0,0,0,0,1,0,0,15,,,
13437903,N,N,N,N,N,N,N,9/8/2013,8:50 PM,1300024670,,3,272,N,Y,,,19,,,1,700,,ABNEY,ST,N,N,30,N,N,,N,19,,,,700,,CAIN,ST,,,,,,,11,4,0,,1,1,1,8:56 PM,DISPATCH,9:09 PM,9/8/2013,Y,TX0030400,1708,17,53,166,8,6,4,1,64,54,1,5,1,21,21,3,272,31.34657578,-94.73035343,,,,,ABNEY AVE,709,,,,,,,,,,,,,,Y,N,N,5,6,Y,SUN,,,,,,,,,,,,,,,,,,,,,,,,,,,,,,,,,,,,,,,,,,,,,,,,,,,,,,,,0,0,0,3,0,0,0,,,,
13437933,N,N,N,N,N,N,N,9/7/2013,9:11 AM,SAPD13196119,6240,15,379,N,Y,,,19,,,1,5400,S,FLORES,,N,N,40,N,N,,Y,19,,,1,100,,NEW YORK,,,,,,,,11,1,2,,1,1,1,9:13 AM,DISPATCH,9:20 AM,9/7/2013,Y,TXSPD0000,2473,,11,175,8,2,1,22,64,42,1,5,1,21,21,15,379,29.37164498,-98.49724232,,,,,S FLORES ST,5498,,,,,,,,,NEW YORK AVE,,,,,Y,N,N,5,9,Y,SAT,,,,,,,,,,,,,,,,,,,,,,,,,,,,,,,,,,,,,,,,,,,,,,,,,,,,,,,,0,0,0,2,1,0,0,28,,,
13438101,N,N,N,N,N,N,N,9/2/2013,6:20 PM,13-0902-0018,13A463,246,372,N,Y,,,19,,,1,100,W,LOUIS HENNA,,N,N,45,N,N,,Y,1,35,,,200,N,FR SB,,,,,,,,11,1,98,2,1,1,5,6:25 PM,DISPATCHED,6:35 PM,9/2/2013,Y,TX2460500,2047,,,,8,2,1,10,64,54,2,1,1,21,21,246,372,30.48032379,-97.67394257,IH,35,,249.862,IH0035,,15,10,3.121,250,0.349,SH,45,,SH0045,,683,6,4.245,Y,Y,N,5,8,Y,MON,5,0,10,10,23,2,6,350,112,72,4,0,0,2,20,5,2,20,5,2,3,4,11,147801,2014,147801,3.3,9.4,12.7,,,,,,,,,,,,,,,,,,,,,,,,,,,0,0,0,3,0,0,0,90,,,
13438167,N,N,N,N,N,N,N,9/8/2013,10:57 AM,13007617,District 6,84,428,N,N,29.4374,-95.0195,4,1764,,2,9500,,FM 1764,RD,N,N,50,N,N,9500 EMMETT F LOWRY EXPRESSWAY,N,19,,,,1000,,CENTURY,BLVD,,,,,CENTURY/DELANEY,,12,1,0,2,1,2,5,11:04 AM,DISPATCHED,11:09 AM,9/8/2013,Y,TX0840900,2239,,,35,8,2,2,22,64,36,2,3,1,21,21,84,428,29.4015446,-95.02026769,FM,1764,,7.033,FM1764,,1607,1,6.033,704,0.146,,,,CENTURY BLVD,,,,,N,Y,N,5,6,Y,SUN,5,0,6,12,14,9,4,380,108,48,5,0,0,2,12,5,2,24,5,2,2,3,12,20903,2014,20903,3.9,1.4,5.2,1,350,0,1,9,,,,,,,,,,,,,,,,,,,,,,0,0,0,1,1,0,0,15,,,
13438373,N,N,N,N,N,N,N,8/26/2013,7:18 AM,13-238033,,71,136,N,Y,,,19,,,1,11000,,EDGEMERE,BLVD,N,N,35,N,N,,Y,19,,,1,3400,,RED SAILS,ST,,,,,,,11,1,4,,1,1,5,7:23 AM,DISPATCHED,7:47 AM,8/26/2013,Y,TX0710200,1259,,,216,8,2,1,10,64,54,1,5,1,21,21,71,136,31.79043484,-106.3128604,,,,,EDGEMERE BLVD,,,,,,,,,,RED SAILS DR,,,,,Y,N,N,2,9,Y,MON,,,,,,,,,,,,,,,,,,,,,,,,,,,,,,,,,,,,,,,,,,,,,,,,,,,,,,,,0,1,0,3,0,1,0,66,,,
13438544,N,N,N,N,N,N,N,9/7/2013,11:30 AM,P132500267,,79,1644,Y,Y,,,2,90,,1,4300,E,US 90 A,,N,N,50,N,N,,N,19,,,,100,,CUNNINGHAM CREEK,BLVD,,,,,,,2,1,2,2,1,2,5,11:30 AM,DISPATCHER,11:41 AM,9/8/2013,Y,TX0790000,1312,,,35,8,2,2,22,64,38,1,2,1,21,21,79,1644,29.60107954,-95.69124688,UA,90,,146.91,UA0090,,27,8,23.237,674,-0.774,,,,CUNNINGHAM CREEK BLVD,,,,,Y,Y,Y,5,0,Y,SAT,3,0,4,10,54,9,4,175,76,48,4,0,0,2,8,5,2,20,5,3,46,4,12,15324,2014,15324,1.9,0.5,2.3,,,,,,,,,,,,,,,,,,,,,,,,,,,0,0,0,3,0,0,0,15,,,
13438596,N,N,N,N,N,N,N,8/21/2013,8:55 AM,2013-00021723,,105,239,N,Y,,,1,35,,2,23000,N,E ACC213 EXIT,HWY,N,N,55,N,N,,N,1,35,,1,22600,N,IH 35,HWY,150,F,N,213,213 MM,,11,1,3,2,1,1,9,8:55 AM,DISPATCHED,8:57 AM,8/21/2013,Y,TX1050700,1604,,,,8,2,4,22,64,3,2,1,1,21,21,105,239,29.98156672,-97.87364571,IH,35,,212.582,IH0035,,16,2,15.407,213,150,,,,,,,,,Y,Y,N,3,6,Y,WED,5,0,2,10,6,2,6,350,96,72,4,0,0,2,4,5,2,20,5,,2,4,11,103833,2014,103833,4.9,8,13,1,179,0,2,4,,,,,,,,,,,,,,,,,,,,,,0,0,3,3,0,3,0,90,,,
13438624,N,N,N,N,N,N,N,8/17/2013,10:47 AM,C1306068,,178,97,N,Y,,,19,,,1,2900,,MCKINZIE,RD,N,N,40,N,N,,Y,19,,,1,10500,,HEIZER,RD,,,,,,,11,1,0,,1,1,8,10:55 AM,DISPATCHED,10:58 AM,8/17/2013,Y,TX1780200,1115,,,51,8,2,1,14,64,54,1,5,1,21,21,178,97,27.83772527,-97.5738526,,,,,MCKINZIE RD,2954,,,,,,,,,HEIZER DR,,,,,Y,N,N,5,9,Y,SAT,,,,,,,,,,,,,,,,,,,,,,,,,,,,,,,,,,,,,,,,,,,,,,,,,,,,,,,,0,0,0,2,0,0,0,96,,,
13438630,N,N,N,N,N,N,N,8/20/2013,4:45 PM,13-232215,,71,136,N,Y,,,11,375,,4,47,,LOOP 375 EXIT,,N,N,45,N,N,,N,19,,,1,9400,,ALAMEDA,AVE,,,,,,,11,1,0,2,3,1,20,4:46 PM,DISPATCHED,4:52 PM,8/20/2013,Y,TX0710200,1259,,,111,8,2,4,22,64,42,4,2,1,21,21,71,136,31.68208589,-106.3090807,SL,375,,34.894,SL0375,,2552,3,14.391,46,0.351,,,,,,,,,Y,Y,N,3,9,Y,TUE,5,0,4,10,53,2,4,370,88,48,5,0,0,2,8,5,2,20,5,2,45,4,12,70824,2014,70824,2.1,3.9,6,,,,,,,,,,,,,,,,,,,,,,,,,,,0,0,1,2,0,1,0,66,,,
13438709,N,N,N,N,N,N,N,8/10/2013,5:03 PM,1300021933,,112,415,N,Y,,,19,,,1,100,,NICHOLSON,ST,N,N,30,N,N,,N,19,,,1,500,S,LOCUST,ST,,,,,,,11,1,0,,1,1,1,5:04 PM,DISPATCHED,5:08 PM,8/10/2013,Y,TX1120200,2193,,8,36,8,4,3,4,64,14,1,5,1,32,21,112,415,33.12966305,-95.60854187,,,,,NICHOLSON ST,113,,,,,,,,,,,,,,Y,N,N,5,5,Y,SAT,,,,,,,,,,,,,,,,,,,,,,,,,,,,,,,,,,,,,,,,,,,,,,,,,,,,,,,,0,0,0,1,0,0,0,,,,
13438798,N,N,N,N,N,N,N,9/7/2013,12:40 PM,,,149,1714,Y,Y,28.29825,-97.97487,1,37,,1,,,NOT REPORTED,,N,N,75,N,N,,N,,,,,,,NOT REPORTED,,0.3,M,N,51,,,2,1,0,2,1,2,20,12:40 PM,DISPATCH,1:15 PM,9/8/2013,Y,,10000,1,112,1,8,2,4,21,23,1,1,1,1,21,21,149,1714,28.28619428,-97.96301744,IH,37,,51.21,IH0037,,74,2,11.688,51,0.3,,,,NOT REPORTED,,,,,Y,Y,Y,5,0,Y,SAT,5,0,5,13,75,2,4,393,80,46,4,0,0,2,11,5,2,23,5,,64,1,1,19264,2014,19264,8.5,18.3,26.8,,,,,,,,,,,,,,,,,,,,,,,,,,,0,0,0,2,0,0,0,,,,
13438852,N,N,N,N,N,N,N,8/25/2013,2:40 AM,13-18711,,68,315,N,Y,,,19,,,1,1300,E,CASTLE,RD,N,N,30,N,N,,N,19,,,1,1300,E,38TH,ST,,,,,,,11,4,0,,4,1,1,2:40 AM,DISPATCHED,4:26 AM,8/25/2013,Y,680200,1873,,,,8,4,4,1,33,54,1,5,1,21,21,68,315,31.88308465,-102.3688013,,,,,CASTLE RD,1300,,,,,,,,,,,,,,Y,N,N,3,8,Y,SUN,,,,,,,,,,,,,,,,,,,,,,,,,,,,,,,,,,,,,,,,,,,,,,,,,,,,,,,,0,0,2,1,0,2,0,174,,,
13439088,N,Y,N,N,N,N,N,8/16/2013,7:49 AM,13-0120,STREET,146,260,N,Y,,,19,,,1,3800,,NORTH MAIN,,N,N,60,N,N,STREET,N,19,,,1,3800,,SANDUNE,,,,,,STREET,,11,1,6,,1,1,20,8:23 AM,RADIO,8:26 AM,8/16/2013,N,TX1460400,1665,,,,8,2,4,30,64,3,1,5,1,21,21,146,260,30.08394251,-94.76756648,,,,,N MAIN ST,3800,,,,,,,,,,,,,,Y,N,N,2,4,Y,FRI,,,,,,,,,,,,,,,,,,,,,,,,,,,,,,,,,,,,,,,,,,,,,,,,,,,,,,,,0,1,0,2,0,1,0,15,,,
13439099,N,N,N,N,N,N,N,8/31/2013,6:44 PM,AC13-08-0026,,107,20,N,Y,,,3,31,,1,700,W,CORSICANA,ST,N,N,40,N,N,2WAY 4LANE W/ CENTER TURN LN,N,19,,,1,100,S,ERWIN,ST,,,,,2WAY UNMARKED ROADWAY,,11,1,0,3,2,1,11,6:45 PM,RADIO,6:47 PM,8/31/2013,Y,TX1070100,67,,,13,8,2,4,24,64,54,1,2,1,21,21,107,20,32.20449758,-95.86911229,BS,31,H,2.501,BS0031H,,163,4,9.361,660,0.836,,,,,,,,,Y,Y,N,5,5,Y,SAT,2,0,8,8,0,2,4,205,72,52,4,1,1,2,8,2,2,8,2,0,0,2,14,6827,2014,6827,3.2,11.5,14.7,1,98,5,2,24,,,,,,,,,,,,,,,,,,,,,,0,0,0,6,0,0,0,,,,
13439117,N,N,N,N,N,N,N,8/30/2013,11:20 AM,201306590,201306590,201,195,N,Y,,,2,79,,1,500,,HWY 79S,,N,N,40,N,N,ON BLACKTOP IN GOOD CONDITION,N,2,259,,1,1000,,HWY 259S,,,,,,OF INTERSECTION HWY 79S/HWY 259S,,11,1,4,1,1,1,5,11:21 AM,DISPATCHED,11:21 AM,8/30/2013,Y,TX2010100,1443,,,33,8,2,2,20,64,54,1,2,1,21,21,201,195,32.16763549,-94.78665966,US,79,,52.563,US0079,,245,8,13.03,338,0.303,US,259,,US0259,,,,,Y,Y,N,5,5,Y,FRI,2,0,7,7,0,9,2,180,36,22,6,0,0,2,7,5,2,7,5,0,0,2,14,6035,2014,6035,6.9,16.7,23.6,,,,,,,,,,,,,,,,,,,,,,,,,,,0,0,0,2,0,0,0,,,,
13439153,N,N,N,N,N,N,N,8/9/2013,8:28 PM,C1305871,,178,97,N,N,,,2,77,,2,4000,,NOT REPORTED,,N,N,45,N,N,,N,19,,,1,,,NORTHWEST,BLVD,,,,,,,11,5,0,,1,1,5,8:30 PM,DISPATCHED,8:32 PM,8/9/2013,Y,TX1780200,1115,,,51,8,2,2,22,64,38,2,1,1,21,21,178,97,27.85609315,-97.62971046,,,,,US HIGHWAY 77,4006,,,,,,,,,NORTHWEST BLVD,,,,,N,N,N,5,9,Y,FRI,,,,,,,,,,,,,,,,,,,,,,,,,,,,,,,,,,,,,,,,,,,,,,,,,,,,,,,,0,0,0,2,0,0,0,96,,,
13439342,N,N,N,N,N,N,N,9/2/2013,6:34 PM,132451359,,227,22,N,N,,,19,,,1,2400,S,CONGRESS,AVE,N,N,35,N,N,,N,19,,,,100,W,OLTROF,ST,,,,,,,11,1,0,,1,1,16,5:51 PM,ON SIGHT,5:51 PM,9/2/2013,Y,TX2270100,74,1043,93,112,8,5,3,1,64,14,1,5,1,32,21,227,22,30.23922416,-97.75315309,,,,,S CONGRESS AVE,2357,,,,,,,,,,,,,,Y,N,N,3,9,Y,MON,,,,,,,,,,,,,,,,,,,,,,,,,,,,,,,,,,,,,,,,,,,,,,,,,,,,,,,,0,0,1,1,0,1,0,90,,,
13439543,N,N,N,N,N,Y,N,8/10/2013,1:00 PM,0100134013P,FSGI,101,208,N,Y,,,1,610,,2,2900,W,WEST LP S SER E,,N,N,30,N,N,WET CONCRETE,N,19,,,,,,WESTHEIMER,RD,,,,,,,12,1,0,2,1,2,20,2:08 PM,DISPATCHED,2:08 PM,5/12/2014,Y,TXHPD0000,2469,14,121,35,8,2,4,21,64,54,2,1,1,21,21,101,208,29.74088435,-95.45812096,IH,610,,8.85,IH0610,,271,17,34.9,9,-0.155,,,,,,,,,Y,Y,N,5,9,Y,SAT,5,0,12,12,26,3,8,350,144,96,5,0,0,2,24,5,2,24,5,2,2,4,11,204698,2014,204698,2.8,2.8,5.6,1,94,1,2,4,,,,,,,,,,,,,,,,,,,,,,0,0,0,1,1,0,0,15,,,