Crash_ID,Crash_Fatal_Fl,Cmv_Involv_Fl,Schl_Bus_Fl,Rr_Relat_Fl,Medical_Advisory_Fl,Amend_Supp_Fl,Active_School_Zone_Fl,Crash_Date,Crash_Time,Case_ID,Local_Use,Rpt_CRIS_Cnty_ID,Rpt_City_ID,Rpt_Outside_City_Limit_Fl,Thousand_Damage_Fl,Rpt_Latitude,Rpt_Longitude,Rpt_Rdwy_Sys_ID,Rpt_Hwy_Num,Rpt_Hwy_Sfx,Rpt_Road_Part_ID,Rpt_Block_Num,Rpt_Street_Pfx,Rpt_Street_Name,Rpt_Street_Sfx,Private_Dr_Fl,Toll_Road_Fl,Crash_Speed_Limit,Road_Constr_Zone_Fl,Road_Constr_Zone_Wrkr_Fl,Rpt_Street_Desc,At_Intrsct_Fl,Rpt_Sec_Rdwy_Sys_ID,Rpt_Sec_Hwy_Num,Rpt_Sec_Hwy_Sfx,Rpt_Sec_Road_Part_ID,Rpt_Sec_Block_Num,Rpt_Sec_Street_Pfx,Rpt_Sec_Street_Name,Rpt_Sec_Street_Sfx,Rpt_Ref_Mark_Offset_Amt,Rpt_Ref_Mark_Dist_Uom,Rpt_Ref_Mark_Dir,Rpt_Ref_Mark_Nbr,Rpt_Sec_Street_Desc,Rpt_CrossingNumber,Wthr_Cond_ID,Light_Cond_ID,Entr_Road_ID,Road_Type_ID,Road_Algn_ID,Surf_Cond_ID,Traffic_Cntl_ID,Investigat_Notify_Time,Investigat_Notify_Meth,Investigat_Arrv_Time,Report_Date,Investigat_Comp_Fl,ORI_Number,Investigat_Agency_ID,Investigat_Area_ID,Investigat_District_ID,Investigat_Region_ID,Bridge_Detail_ID,Harm_Evnt_ID,Intrsct_Relat_ID,FHE_Collsn_ID,Obj_Struck_ID,Othr_Factr_ID,Road_Part_Adj_ID,Road_Cls_ID,Road_Relat_ID,Phys_Featr_1_ID,Phys_Featr_2_ID,Cnty_ID,City_ID,Latitude,Longitude,Hwy_Sys,Hwy_Nbr,Hwy_Sfx,Dfo,Street_Name,Street_Nbr,Control,Section,Milepoint,Ref_Mark_Nbr,Ref_Mark_Displ,Hwy_Sys_2,Hwy_Nbr_2,Hwy_Sfx_2,Street_Name_2,Street_Nbr_2,Control_2,Section_2,Milepoint_2,Txdot_Rptable_Fl,Onsys_Fl,Rural_Fl,Crash_Sev_ID,Pop_Group_ID,Located_Fl,Day_of_Week,Hwy_Dsgn_Lane_ID,Hwy_Dsgn_Hrt_ID,Hp_Shldr_Left,Hp_Shldr_Right,Hp_Median_Width,Base_Type_ID,Nbr_Of_Lane,Row_Width_Usual,Roadbed_Width,Surf_Width,Surf_Type_ID,Curb_Type_Left_ID,Curb_Type_Right_ID,Shldr_Type_Left_ID,Shldr_Width_Left,Shldr_Use_Left_ID,Shldr_Type_Right_ID,Shldr_Width_Right,Shldr_Use_Right_ID,Median_Type_ID,Median_Width,Rural_Urban_Type_ID,Func_Sys_ID,Adt_Curnt_Amt,Adt_Curnt_Year,Adt_Adj_Curnt_Amt,Pct_Single_Trk_Adt,Pct_Combo_Trk_Adt,Trk_Aadt_Pct,Curve_Type_ID,Curve_Lngth,Cd_Degr,Delta_Left_Right_ID,Dd_Degr,Feature_Crossed,Structure_Number,I_R_Min_Vert_Clear,Approach_Width,Bridge_Median_ID,Bridge_Loading_Type_ID,Bridge_Loading_In_1000_Lbs,Bridge_Srvc_Type_On_ID,Bridge_Srvc_Type_Under_ID,Culvert_Type_ID,Roadway_Width,Deck_Width,Bridge_Dir_Of_Traffic_ID,Bridge_Rte_Struct_Func_ID,Bridge_IR_Struct_Func_ID,CrossingNumber,RRCo,Poscrossing_ID,WDCode_ID,Standstop,Yield,Incap_Injry_Cnt,Nonincap_Injry_Cnt,Poss_Injry_Cnt,Non_Injry_Cnt,Unkn_Injry_Cnt,Tot_Injry_Cnt,Death_Cnt,MPO_ID,Investigat_Service_ID,Investigat_DA_ID,Investigator_Narrative
13439741,N,N,N,N,N,N,N,9/8/2013,3:00 PM,0113057113A,,101,208,N,Y,,,2,59,,2,6400,S,SOUTHWEST SER N,FWY,N,N,55,N,N,,N,19,,,,5900,,HILLCROFT,AVE,,,,,,,11,1,0,,1,1,16,3:13 PM,DISPATCHED,3:13 PM,9/9/2013,Y,TXHPD0000,2469,14,106,54,8,2,4,22,64,42,2,2,1,21,21,101,208,,,US,59,,,US0059,,,,,,,,,,,,,,,Y,Y,N,2,9,N,SUN,,,,,,,,,,,,,,,,,,,,,,,,,,,,,,,,,,,,,,,,,,,,,,,,,,,,,,,,0,1,0,3,0,1,0,,,,
13439878,N,Y,N,N,N,N,N,9/3/2013,12:30 PM,220583,,149,1714,Y,Y,28.1227,-97.5328,1,37,,1,,,NOT REPORTED,,N,N,75,N,N,,N,,,,,,,NOT REPORTED,,0.5,M,S,45,,,11,1,0,2,1,1,11,12:40 PM,DISPATCH,1:04 PM,9/9/2013,Y,,10000,1,112,1,8,4,4,1,64,3,1,1,3,21,21,149,1714,28.21025642,-97.89503687,IH,37,,44.403,IH0037,,74,2,4.896,45,-0.5,,,,NOT REPORTED,,,,,Y,Y,Y,3,0,Y,TUE,5,0,5,13,75,2,4,440,80,46,4,0,0,2,11,5,2,23,5,,64,1,1,19092,2014,19092,8.5,18.3,26.8,,,,,,,,,,,,,,,,,,,,,,,,,,,0,0,1,2,0,1,0,,,,
13440054,N,Y,N,N,N,N,N,9/9/2013,1:30 PM,SAPD13197892,6250,15,379,N,Y,,,1,37,,7,15102,S,IH 37,,N,N,45,N,N,,Y,19,,,1,1000,,DONOP,RD,,,,,,,12,1,0,2,1,1,1,2:08 PM,DISPATCHED,2:28 PM,9/9/2013,Y,TXSPD0000,2473,,11,175,8,2,2,31,64,3,1,1,1,21,21,15,379,29.28177827,-98.39571412,IH,37,,129.978,IH0037,,73,9,12.366,130,0.089,SS,122,,SS0122,,,,,Y,Y,N,5,9,Y,MON,5,0,4,8,160,2,4,380,72,48,4,0,0,2,8,5,2,16,5,2,152,4,11,40260,2014,40260,4,24.4,28.4,,,,,,,,,,,,,,,,,,,,,,,,,,,0,0,0,2,0,0,0,28,,,
13440109,N,Y,N,N,N,N,N,9/9/2013,12:53 PM,13-09601,132,61,259,N,Y,,,1,35,E,1,800,S,STEMMONS,FWY,N,N,60,N,N,,N,19,,,,600,,FOX,AVE,,,,,OVERPASS,,11,1,0,2,1,1,20,12:53 PM,DISPATCHED,1:03 AM,9/9/2013,Y,TX0610600,1659,,,35,8,2,4,21,64,8,1,1,1,21,21,61,259,33.03751758,-97.00118523,IH,35,E,80.398,IH0035E,,196,2,6.154,452,-0.482,,,,,,,,,Y,Y,N,5,7,Y,MON,5,0,12,10,28,3,6,300,116,72,6,0,0,2,24,5,2,20,5,2,4,4,11,172292,2014,172292,3.2,6.1,9.3,,,,,,,,,,,,,,,,,,,,,,,,,,,0,0,0,2,0,0,0,282,,,
13440309,N,N,N,N,N,N,N,9/8/2013,6:15 PM,SAPD13196477,7230,15,379,N,Y,,,17,,,7,,NW,MILITARY,HWY,Y,N,10,N,N,,N,19,,,,,,LOCKHILL SELMA,RD,,,,,,,11,1,0,,1,1,1,6:15 PM,DISPATCHED,6:45 PM,9/8/2013,Y,TXSPD0000,2473,,61,123,8,2,4,40,64,12,7,9,5,33,21,15,379,,,,,,,NW MILITARY HWY,,,,,,,,,,,,,,,N,N,N,5,9,N,SUN,,,,,,,,,,,,,,,,,,,,,,,,,,,,,,,,,,,,,,,,,,,,,,,,,,,,,,,,0,0,0,2,0,0,0,,,,
13440454,N,N,N,N,N,N,N,8/24/2013,3:04 PM,13-24842,,126,78,N,Y,,,3,174,,1,,,CADDO ST,,N,N,35,N,N,PAVEMENT,Y,8,67,,1,,,HENDERSON,,,,,,,,11,1,4,2,1,1,5,3:04 PM,RADIO,3:09 PM,8/24/2013,Y,TX1260300,284,79,2,102,8,2,1,10,64,3,1,2,1,21,21,126,78,32.38206173,-97.39236443,US,67,,227.884,US0067,,259,6,3.773,,,SH,174,,SH0174,,,,,Y,Y,N,5,6,Y,SAT,3,0,10,10,82,3,4,300,88,48,5,0,0,2,20,5,2,20,5,3,62,2,12,13565,2014,13565,2.6,16,18.6,1,608,0,2,24,,,,,,,,,,,,,,,,,,,,,,0,0,0,2,0,0,0,282,,,
13440480,N,N,N,N,N,N,N,8/30/2013,8:00 AM,13-158944,,43,336,N,Y,,,19,,,1,800,E,PARK,BLVD,N,N,40,N,N,,Y,19,,,1,700,,REPUBLIC,DR,,,,,,,11,1,4,,1,1,5,8:10 AM,POLICE DISPATCH,8:17 AM,8/30/2013,Y,TX0430600,1938,,,214,8,2,1,10,64,54,1,5,1,21,21,43,336,33.0301142,-96.70428258,,,,,E PARK BLVD,,,,,,,,,,REPUBLIC DR,,,,,Y,N,N,5,9,Y,FRI,,,,,,,,,,,,,,,,,,,,,,,,,,,,,,,,,,,,,,,,,,,,,,,,,,,,,,,,0,0,0,1,1,0,0,282,,,
13440979,N,N,N,N,N,N,N,9/2/2013,6:00 PM,1300837,13-146,205,216,N,N,,,3,361,,7,2589,,NOT REPORTED,,Y,N,10,N,N,,N,19,,,,2900,,MAIN,ST,,,,,,,11,1,0,,7,1,1,6:07 PM,POLICE RADIO,6:07 PM,9/2/2013,Y,TX2050100,1511,,,,8,4,4,2,64,3,7,9,5,33,21,205,216,,,SH,361,,,SH0361,,,,,,,,,,,,,,,N,Y,N,0,4,N,MON,,,,,,,,,,,,,,,,,,,,,,,,,,,,,,,,,,,,,,,,,,,,,,,,,,,,,,,,0,0,0,0,1,0,0,,,,
13440999,N,N,N,N,N,N,N,8/27/2013,7:56 AM,1301970,,178,366,N,Y,,,4,1889,,1,1300,,NOT REPORTED,,N,N,45,N,N,,N,19,,,,100,,MAGIE,LN,,,,,,,2,1,0,3,1,2,3,7:56 AM,DISPATCHED,8:00 AM,8/27/2013,Y,,2031,,,,8,2,4,14,64,3,1,3,1,21,21,178,366,27.80757568,-97.66598089,FM,1889,,3.54,FM1889,,1088,3,3.539,610,-0.433,,,,,,,,,Y,Y,N,5,5,Y,TUE,2,0,0,0,0,2,4,80,52,48,4,2,2,1,0,0,1,0,0,0,0,2,16,3539,2014,3539,4.4,14.6,19,,,,,,,,,,,,,,,,,,,,,,,,,,,0,0,0,4,0,0,0,,,,
13441069,N,Y,N,N,N,N,N,8/27/2013,4:15 PM,13-02206,,101,244,N,Y,,,3,225,,1,10800,,SH 225 WEST BOUND,,N,N,65,N,N,CONCRETE,N,19,,,,,,MILLER CUT OFF,RD,,,,,,,11,1,0,2,1,1,20,5:06 PM,DISPATCH,5:17 PM,8/29/2013,Y,TX1011300,1614,,,27,8,2,4,20,64,9,1,2,1,21,21,101,244,29.69788366,-95.07118177,SH,225,,12.835,SH0225,9522,502,1,12.14,698,0.861,,,,,,,,,Y,Y,N,1,6,Y,TUE,5,0,10,12,26,3,8,370,140,96,5,0,0,2,22,5,2,22,5,2,4,4,12,72401,2014,72401,5.1,7.4,12.4,,,,,,,,,,,,,,,,,,,,,,,,,,,1,1,0,1,0,2,0,15,,,
13441319,N,N,N,N,N,N,N,8/27/2013,5:09 PM,C1306348,,178,97,N,N,,,19,,,1,3700,,CASTLE VIEW,CIR,N,N,30,N,N,,N,19,,,1,4000,,CASTLE VALLEY,DR,,,,,,,12,1,0,,2,1,1,5:09 PM,DISPATCHER,5:17 PM,8/27/2013,N,TX1780200,1115,,,51,8,4,4,5,64,54,1,5,1,21,21,178,97,27.85564526,-97.5709526,,,,,CASTLE VIEW CIR,3700,,,,,,,,,,,,,,N,N,N,0,9,Y,TUE,,,,,,,,,,,,,,,,,,,,,,,,,,,,,,,,,,,,,,,,,,,,,,,,,,,,,,,,0,0,0,0,1,0,0,96,,,
13441403,N,N,N,N,N,N,N,8/7/2013,11:21 AM,1300015246,,133,234,N,Y,30.02082,-99.12363,3,27,,1,2800,,MEMORIAL,BLVD,N,N,45,N,N,,Y,19,,,1,100,,MEEKER,RD,,,,,,,11,1,2,3,1,1,8,11:21 AM,DISPATCHED,11:23 AM,8/7/2013,Y,TX1330100,1583,,8,36,8,2,2,22,64,46,1,2,1,21,21,133,234,30.02047733,-99.12394919,SH,27,,22.389,SH0027,2806,142,5,2.57,468,0.257,SL,534,,SL0534,,,,,Y,Y,N,2,5,Y,WED,2,0,0,0,0,2,4,80,60,60,4,1,1,1,0,0,1,0,0,0,0,2,14,11723,2014,11723,3.9,6.7,10.6,,,,,,,,,,,,,,,,,,,,,,,,,,,0,1,2,2,0,3,0,,,,
13441576,N,N,N,N,N,N,N,8/15/2013,2:42 PM,13-0174,,117,43,N,Y,,,3,136,,1,100,W,WILSON,,N,N,30,N,N,,Y,19,,,1,600,S,MAIN,,,,,,,,12,1,4,2,1,1,8,2:53 PM,RADIO,2:53 PM,8/16/2013,Y,TX1170100,140,,2,3,8,2,1,10,64,54,1,2,1,21,21,117,43,35.66256898,-101.3985084,SH,136,,63.042,SH0136,,379,1,0.127,74,0.208,SH,207,,SH0207,,,,,Y,Y,N,5,5,Y,THU,3,0,0,10,1,2,4,177,88,48,4,1,0,1,0,0,2,20,5,1,1,2,16,4690,2014,4690,8.6,3.5,12.1,1,78,8,1,32,,,,,,,,,,,,,,,,,,,,,,0,0,0,4,0,0,0,,,,
13441614,N,N,N,N,N,N,N,8/20/2013,11:11 AM,130114700,4001167,101,208,N,Y,,,19,,,1,10400,,BRIAR FOREST,DR,N,N,35,N,N,EASTBOUND,Y,12,,,2,1300,W,SAM HOUSTON SOUTH,PKWY,,,,,,,11,1,4,,1,1,5,11:13 AM,DISPATCHED,11:15 AM,8/20/2013,Y,TX1015000,2745,61,88,53,8,2,1,10,64,54,1,5,1,21,21,101,208,29.74767481,-95.55844304,,,,,BRIAR FOREST DR,,,,,,,,,,W SAM HOUSTON PKWY S,,,,,Y,N,N,3,9,Y,TUE,,,,,,,,,,,,,,,,,,,,,,,,,,,,,,,,,,,,,,,,,,,,,,,,,,,,,,,,0,0,2,1,0,2,0,15,,,
13441936,N,N,N,N,N,N,N,8/21/2013,1:10 PM,130115325,1015840,101,1666,Y,N,,,19,,,7,14400,,BELLAIRE BL,,Y,N,0,N,N,,N,19,,,,,,TRES LAGUNAS,DR,,,,,,,11,1,0,,1,1,1,1:16 PM,DISPATCHED,1:33 PM,8/21/2013,Y,TX1010000,1419,122,4,5,8,2,4,40,64,12,7,9,5,33,21,101,1666,,,,,,,BELLAIRE BL,,,,,,,,,,,,,,,N,N,Y,5,0,N,WED,,,,,,,,,,,,,,,,,,,,,,,,,,,,,,,,,,,,,,,,,,,,,,,,,,,,,,,,0,0,0,3,0,0,0,,,,
13441995,N,N,N,N,N,N,N,8/13/2013,10:10 AM,130111097,4001560,101,1666,Y,Y,,,19,,,1,21200,,SINGING SPURS,DR,N,N,30,N,N,TWO LANE RESIDENTIAL,Y,19,,,1,900,,GOLDEN WEST,DR,,,,,TWO LANE RESIDENTIAL,,12,1,0,,1,1,1,10:15 AM,DISPATCHED,10:22 AM,8/13/2013,Y,TX1015000,2745,41,38,53,8,2,4,30,64,3,1,4,1,21,21,101,1666,29.76590481,-95.75707299,,,,,SINGING SPURS DR,22198,,,,,,,,,,,,,,Y,N,Y,5,0,Y,TUE,,,,,,,,,,,,,,,,,,,,,,,,,,,,,,,,,,,,,,,,,,,,,,,,,,,,,,,,0,0,0,5,0,0,0,15,,,
13442045,N,N,N,N,N,N,N,8/30/2013,6:17 PM,13159314,0,43,336,N,Y,,,2,75,,1,700,,CENTRAL,EXPY,N,N,60,N,N,,N,19,,,,,W,PLANO,PKWY,,,,,,,11,1,0,2,1,1,20,6:19 PM,DISPATCH,6:21 PM,8/30/2013,Y,TX0430600,1938,126,145,187,8,2,4,20,64,54,1,2,1,21,21,43,336,33.0105606,-96.70801991,US,75,,59.058,US0075,,47,6,12.894,252,0.786,,,,,,,,,Y,Y,N,5,9,Y,FRI,5,0,12,10,28,3,8,300,140,96,5,0,0,2,24,5,2,20,5,2,4,4,12,241330,2014,241330,2.8,5.4,8.3,,,,,,,,,,,,,,,,,,,,,,,,,,,0,0,0,3,0,0,0,282,,,
13442059,N,N,N,N,N,N,N,8/30/2013,10:05 AM,13SP078696,,220,406,N,Y,32.98654,-97.35268,3,114,,1,500,W,114,HWY,N,N,65,N,N,STRAIGHT AND LEVEL,N,19,,,1,500,W,DOVE,RD,,,,,STRAIGHT WITH A GRADE,,11,1,0,2,1,1,11,10:12 AM,DISPATCHED,10:18 AM,8/30/2013,Y,TX2203200,2154,,8,37,8,7,4,1,39,3,1,2,4,21,21,220,406,32.9701289,-97.15856651,SH,114,,372.978,SH0114,,353,3,2.224,604,-0.721,,,,,,,,,Y,Y,N,2,6,Y,FRI,4,0,10,10,60,3,6,350,112,72,5,0,0,2,20,5,2,20,5,2,40,4,12,25652,2014,25652,3.2,3.5,6.7,,,,,,,,,,,,,,,,,,,,,,,,,,,0,1,0,1,0,1,0,282,,,
13442249,N,N,N,N,N,N,N,9/7/2013,4:30 AM,,,18,1583,Y,Y,31.86352,-97.39551,3,22,,1,,,NOT REPORTED,,N,N,70,N,N,,N,4,56,,,,,NOT REPORTED,,,,,,,,11,3,0,1,2,1,12,4:36 AM,DISPATCHED,5:22 AM,9/7/2013,Y,,10000,12,119,1,8,6,4,1,64,54,1,2,1,21,21,18,1583,31.85538085,-97.41453385,SH,22,,48.295,SH0022,1065,121,1,30.873,562,-0.981,,,,,,,,,Y,Y,Y,2,0,Y,SAT,2,0,7,7,0,2,2,120,44,24,2,0,0,2,7,5,2,7,5,0,0,1,6,2623,2014,2623,2.1,4.9,7,,,,,,,,,,,,,,,,,,,,,,,,,,,0,1,0,0,0,1,0,,,,
13442318,N,N,N,N,N,N,N,9/9/2013,7:44 AM,13030440,,61,151,N,N,,,4,2499,,1,3300,,LONG PRAIRIE,RD,N,N,45,N,N,,N,19,,,,2700,,SAGEBRUSH,DR,,,,,,,11,1,0,,1,1,20,7:44 AM,DISPATCH,7:44 AM,9/9/2013,Y,TX0611200,1304,967,889,87,8,2,4,22,64,42,1,3,1,21,21,61,151,,,FM,2499,,,FM2499,,,,,,,,,,,,,,,Y,Y,N,3,7,N,MON,,,,,,,,,,,,,,,,,,,,,,,,,,,,,,,,,,,,,,,,,,,,,,,,,,,,,,,,0,0,1,1,0,1,0,,,,
13442350,N,N,N,N,N,N,N,8/9/2013,3:12 PM,130109253,1013171,101,1666,Y,Y,,,19,,,1,15600,,CUTTEN,RD,N,N,35,N,N,,Y,19,,,1,10500,,VINTAGE PRESERVE PW,,,,,,,,11,1,4,,1,1,8,3:25 PM,DISPATCHED,4:17 PM,8/9/2013,Y,TX1010000,1419,74,4,5,8,2,1,10,64,54,1,4,1,21,21,101,1666,29.99426476,-95.55901303,,,,,CUTTEN RD,,,,,,,,,,VINTAGE PRESERVE PKWY,,,,,Y,N,Y,5,0,Y,FRI,,,,,,,,,,,,,,,,,,,,,,,,,,,,,,,,,,,,,,,,,,,,,,,,,,,,,,,,0,0,0,3,0,0,0,15,,,
13442422,N,N,N,N,N,N,N,8/30/2013,1:25 PM,2013-21137,13-21138,101,325,N,Y,,,19,,,1,1500,,W SOUTHMORE,,N,N,35,N,N,,Y,19,,,1,1300,,ACACIA,,,,,,,,11,1,0,,1,1,8,1:39 PM,MDT,1:45 PM,8/30/2013,Y,TX1011500,1912,1,2,3,8,2,1,10,64,54,1,5,1,21,21,101,325,29.69054481,-95.22907313,,,,,W SOUTHMORE AVE,1509,,,,,,,,,UNKNOWN,,,,,Y,N,N,5,8,Y,FRI,,,,,,,,,,,,,,,,,,,,,,,,,,,,,,,,,,,,,,,,,,,,,,,,,,,,,,,,0,0,0,2,0,0,0,15,,,
13442531,N,N,N,N,N,N,N,8/16/2013,9:50 AM,130112691,3502690,101,1666,Y,Y,,,4,1960,,1,1300,W,NOT REPORTED,,N,N,40,N,N,,Y,19,,,1,17000,,BAMWOOD,DR,,,,,,,11,1,0,2,1,1,1,10:04 AM,DISPATCHED,10:04 AM,8/16/2013,Y,TX1014900,2744,250,5,6,8,2,1,34,64,54,1,3,1,21,21,101,1666,30.01487893,-95.44946535,FM,1960,,12.083,FM1960,1321,1685,1,13.34,678,0.313,,,,BAMWOOD DR,,,,,Y,Y,Y,5,0,Y,FRI,3,0,0,0,10,2,8,150,116,116,4,0,0,1,0,0,1,0,0,1,10,4,14,55806,2014,55806,3.5,1,4.6,,,,,,,,,,,,,,,,,,,,,,,,,,,0,0,0,2,0,0,0,15,,,
13442623,N,N,N,N,N,N,N,8/13/2013,7:45 AM,2013-17637,,116,180,N,N,,,8,69,,1,4801,,MOULTON,,Y,N,45,N,N,PRIVATE PARKING LOT,N,1,30,,2,1200,,FRONTAGE,RD,,,,,,,12,1,0,,7,1,1,8:00 AM,DISPATCHED,8:03 AM,8/13/2013,N,TX1160300,1383,,2,94,8,4,4,4,64,12,7,9,5,33,21,116,180,,,,,,,BU0069,,,,,,,,,,,,,,,N,Y,N,5,6,N,TUE,,,,,,,,,,,,,,,,,,,,,,,,,,,,,,,,,,,,,,,,,,,,,,,,,,,,,,,,0,0,0,2,2,0,0,,,,
13442624,N,N,N,N,N,N,N,8/14/2013,11:20 AM,2013-17737,,116,180,N,Y,,,3,34,,1,7000,,WESLEY,ST,N,N,40,N,N,,Y,19,,,1,3200,,KARI,LN,,,,,,,11,1,0,3,1,1,5,11:21 AM,GREENVILLE PD DISPAT,11:21 AM,8/14/2013,Y,TX1160300,1383,,,,8,2,2,22,64,38,1,2,1,21,21,116,180,33.09863408,-96.10978817,SH,34,,42.28,SH0034,,173,7,2.334,282,0.523,,,,KARI LN,,,,,Y,Y,N,5,6,Y,WED,2,0,1,1,0,3,4,80,64,48,4,1,1,2,1,5,2,1,5,0,0,2,14,21199,2014,21199,5.6,19.2,24.8,,,,,,,,,,,,,,,,,,,,,,,,,,,0,0,0,5,0,0,0,282,,,
13442626,N,N,N,N,N,N,N,8/24/2013,4:05 PM,2013-18548,,116,180,N,Y,,,2,69,,5,1400,,JOE RAMSEY,BLVD,N,N,30,N,N,CONNECTOR,N,1,30,,1,5400,,NOT REPORTED,,,,,,,,11,1,2,2,5,1,9,4:05 PM,DROVE UPON CRASH,4:05 PM,8/24/2013,Y,TX1160300,1383,,,,8,2,2,22,64,38,5,2,1,21,21,116,180,33.11450655,-96.09683197,US,69,,60.819,US0069,,9,15,6.785,254,0.701,IH,30,,IH0030,,,,,Y,Y,N,5,6,Y,SAT,4,0,10,10,20,9,4,300,68,48,6,0,0,2,10,5,2,10,5,3,10,2,14,9264,2014,9264,2.7,7.8,10.4,,,,,,,,,,,,,,,,,,,,,,,,,,,0,0,0,3,0,0,0,282,,,
13442725,N,N,N,N,N,N,N,9/10/2013,7:40 AM,13-23280,132530122,227,1792,Y,Y,30.25041,-97.59054,4,969,,1,13500,,NOT REPORTED,,N,N,55,N,N,,N,19,,,,4700,,GILBERT,RD,,,,,,,12,1,0,1,1,1,11,7:40 AM,RADIO DISPATCHED,7:45 AM,9/10/2013,Y,TX2270000,2292,,9,118,8,2,4,22,64,42,1,3,1,21,21,227,1792,30.24769139,-97.58411385,FM,969,,8.049,FM0969,14263,1186,1,19.785,456,0.19,,,,,,,,,Y,Y,Y,5,0,Y,TUE,2,0,0,4,0,2,2,100,30,26,4,0,0,1,0,0,2,4,5,0,0,4,17,6720,2014,6720,2.6,8.7,11.3,1,150,6,,0,,,,,,,,,,,,,,,,,,,,,,0,0,0,2,0,0,0,90,,,
13442747,N,N,N,N,N,Y,N,9/5/2013,12:50 PM,20133856,,183,68,N,Y,,,8,79,,1,100,E,SABINE,ST,N,N,30,N,N,ON THE SQUARE,N,8,59,,,100,S,SHELBY,ST,,,,,,,11,1,0,1,1,1,5,12:50 PM,DISPATCHED,12:54 PM,9/18/2013,Y,TX1830100,216,,,35,8,2,4,23,64,8,1,2,1,12,21,183,68,32.15730212,-94.33872402,BU,79,G,1.909,BU0079G,103,246,2,2.909,734,-0.128,,,,,,,,,Y,Y,N,5,4,Y,THU,2,0,0,0,0,9,2,60,36,24,5,1,1,1,0,0,1,0,0,0,0,2,16,10206,2014,10206,3.8,20.7,24.5,,,,,,,,,,,,,,,,,,,,,,,,,,,0,0,0,3,0,0,0,,,,
13442852,N,N,N,N,N,N,N,9/6/2013,2:45 PM,,,73,1638,Y,Y,31.27997,-97.25945,1,35,,1,,,NOT REPORTED,,N,N,70,Y,N,,N,,,,,,,NOT REPORTED,,0.4,M,N,315,,,11,1,0,2,1,1,20,2:48 PM,DPS WACO COMM CENTER,3:10 PM,9/7/2013,Y,,10000,7,119,1,8,7,4,1,63,49,1,1,2,21,21,161,584,31.29216316,-97.25374021,IH,35,,314.91,IH0035,,15,3,1.795,315,0.4,,,,NOT REPORTED,,,,,Y,Y,Y,5,1,Y,FRI,5,0,6,10,38,2,4,254,80,48,4,0,2,2,12,5,2,20,5,3,26,1,1,52361,2014,52361,4.1,19,23,,,,,,,,,,,,,,,,,,,,,,,,,,,0,0,0,2,0,0,0,140,,,
13442902,N,N,N,N,N,N,N,9/9/2013,12:24 PM,18472,,175,98,N,Y,,,19,,,1,300,W,2ND,AVE,N,N,35,N,N,W 2ND AVE,N,19,,,,400,N,14TH,ST,,,,,N 14TH ST,,11,1,0,3,1,1,1,12:24 PM,DISPATCH RADIO,12:35 PM,9/9/2013,Y,TX1750100,1119,,,35,8,2,3,10,64,14,1,2,1,32,21,175,98,32.09442591,-96.47146496,SH,22,,111.287,SH0022,596,121,5,25.274,626,0.01,,,,,,,,,Y,Y,N,5,5,Y,MON,2,0,3,3,0,3,4,70,50,44,6,1,1,2,3,5,2,3,5,0,0,2,16,9095,2014,9095,11.4,7.2,18.7,,,,,,,,,,,,,,,,,,,,,,,,,,,0,0,0,3,0,0,0,,,,
13442964,N,N,N,N,N,N,N,8/27/2013,6:30 AM,,,20,1585,Y,Y,29.0729,-95.36034,4,523,,1,,,NOT REPORTED,,N,N,60,N,N,,N,15,223,,,,,NOT REPORTED,,,,,,,,12,3,0,1,5,1,12,6:33 AM,BCSO DISPATCH,6:38 AM,9/3/2013,Y,,10000,3,35,1,8,7,4,1,20,3,1,3,2,21,21,20,1585,29.07677856,-95.36289819,FM,523,,15.433,FM0523,9312,1003,1,17.602,520,-0.172,,,,,,,,,Y,Y,Y,5,0,Y,TUE,2,0,8,8,0,2,2,80,40,24,4,0,0,2,8,5,2,8,5,0,0,3,16,4697,2014,4697,2,0.6,2.6,,,,,,,,,,,,,,,,,,,,,,,,,,,0,0,0,1,0,0,0,15,,,
13443029,N,N,N,N,N,N,N,9/8/2013,1:58 PM,2013-3784,,50,95,N,Y,,,19,,,1,1000,,GEORGETOWN,RD,N,N,30,N,N,,Y,19,,,1,700,,VETERANS,AVE,,,,,,,11,1,2,,1,1,8,2:00 PM,DISPATCHED,2:04 PM,9/10/2013,Y,TX0500100,1112,,,35,8,2,1,14,64,54,1,5,1,21,21,50,95,31.11708462,-97.90844238,,,,,GEORGETOWN RD,601,,,,,,,,,VETERANS AVE,,,,,Y,N,N,5,6,Y,SUN,,,,,,,,,,,,,,,,,,,,,,,,,,,,,,,,,,,,,,,,,,,,,,,,,,,,,,,,0,0,0,2,0,0,0,277,,,