Crash_ID,Crash_Fatal_Fl,Cmv_Involv_Fl,Schl_Bus_Fl,Rr_Relat_Fl,Medical_Advisory_Fl,Amend_Supp_Fl,Active_School_Zone_Fl,Crash_Date,Crash_Time,Case_ID,Local_Use,Rpt_CRIS_Cnty_ID,Rpt_City_ID,Rpt_Outside_City_Limit_Fl,Thousand_Damage_Fl,Rpt_Latitude,Rpt_Longitude,Rpt_Rdwy_Sys_ID,Rpt_Hwy_Num,Rpt_Hwy_Sfx,Rpt_Road_Part_ID,Rpt_Block_Num,Rpt_Street_Pfx,Rpt_Street_Name,Rpt_Street_Sfx,Private_Dr_Fl,Toll_Road_Fl,Crash_Speed_Limit,Road_Constr_Zone_Fl,Road_Constr_Zone_Wrkr_Fl,Rpt_Street_Desc,At_Intrsct_Fl,Rpt_Sec_Rdwy_Sys_ID,Rpt_Sec_Hwy_Num,Rpt_Sec_Hwy_Sfx,Rpt_Sec_Road_Part_ID,Rpt_Sec_Block_Num,Rpt_Sec_Street_Pfx,Rpt_Sec_Street_Name,Rpt_Sec_Street_Sfx,Rpt_Ref_Mark_Offset_Amt,Rpt_Ref_Mark_Dist_Uom,Rpt_Ref_Mark_Dir,Rpt_Ref_Mark_Nbr,Rpt_Sec_Street_Desc,Rpt_CrossingNumber,Wthr_Cond_ID,Light_Cond_ID,Entr_Road_ID,Road_Type_ID,Road_Algn_ID,Surf_Cond_ID,Traffic_Cntl_ID,Investigat_Notify_Time,Investigat_Notify_Meth,Investigat_Arrv_Time,Report_Date,Investigat_Comp_Fl,ORI_Number,Investigat_Agency_ID,Investigat_Area_ID,Investigat_District_ID,Investigat_Region_ID,Bridge_Detail_ID,Harm_Evnt_ID,Intrsct_Relat_ID,FHE_Collsn_ID,Obj_Struck_ID,Othr_Factr_ID,Road_Part_Adj_ID,Road_Cls_ID,Road_Relat_ID,Phys_Featr_1_ID,Phys_Featr_2_ID,Cnty_ID,City_ID,Latitude,Longitude,Hwy_Sys,Hwy_Nbr,Hwy_Sfx,Dfo,Street_Name,Street_Nbr,Control,Section,Milepoint,Ref_Mark_Nbr,Ref_Mark_Displ,Hwy_Sys_2,Hwy_Nbr_2,Hwy_Sfx_2,Street_Name_2,Street_Nbr_2,Control_2,Section_2,Milepoint_2,Txdot_Rptable_Fl,Onsys_Fl,Rural_Fl,Crash_Sev_ID,Pop_Group_ID,Located_Fl,Day_of_Week,Hwy_Dsgn_Lane_ID,Hwy_Dsgn_Hrt_ID,Hp_Shldr_Left,Hp_Shldr_Right,Hp_Median_Width,Base_Type_ID,Nbr_Of_Lane,Row_Width_Usual,Roadbed_Width,Surf_Width,Surf_Type_ID,Curb_Type_Left_ID,Curb_Type_Right_ID,Shldr_Type_Left_ID,Shldr_Width_Left,Shldr_Use_Left_ID,Shldr_Type_Right_ID,Shldr_Width_Right,Shldr_Use_Right_ID,Median_Type_ID,Median_Width,Rural_Urban_Type_ID,Func_Sys_ID,Adt_Curnt_Amt,Adt_Curnt_Year,Adt_Adj_Curnt_Amt,Pct_Single_Trk_Adt,Pct_Combo_Trk_Adt,Trk_Aadt_Pct,Curve_Type_ID,Curve_Lngth,Cd_Degr,Delta_Left_Right_ID,Dd_Degr,Feature_Crossed,Structure_Number,I_R_Min_Vert_Clear,Approach_Width,Bridge_Median_ID,Bridge_Loading_Type_ID,Bridge_Loading_In_1000_Lbs,Bridge_Srvc_Type_On_ID,Bridge_Srvc_Type_Under_ID,Culvert_Type_ID,Roadway_Width,Deck_Width,Bridge_Dir_Of_Traffic_ID,Bridge_Rte_Struct_Func_ID,Bridge_IR_Struct_Func_ID,CrossingNumber,RRCo,Poscrossing_ID,WDCode_ID,Standstop,Yield,Incap_Injry_Cnt,Nonincap_Injry_Cnt,Poss_Injry_Cnt,Non_Injry_Cnt,Unkn_Injry_Cnt,Tot_Injry_Cnt,Death_Cnt,MPO_ID,Investigat_Service_ID,Investigat_DA_ID,Investigator_Narrative
13464399,N,N,N,N,N,Y,N,9/20/2013,12:43 PM,09/20/13 GEORGE,,155,1720,Y,Y,32.7868,-94.68172,4,450,,1,,,NOT REPORTED,,N,N,55,N,N,,N,15,,,,,,OLD AVINGER,RD,,,,,,,2,1,0,1,1,2,12,12:44 PM,MARION CO SO,1:13 PM,9/26/2013,Y,TXDPS3100,10000,22,28,1,8,8,4,1,50,54,1,3,1,21,21,155,1720,32.79319372,-94.69259948,FM,450,,1.913,FM0450,,1382,2,0.653,260,0.651,,,,,,,,,Y,Y,Y,5,0,Y,FRI,2,0,4,4,0,2,2,80,28,20,2,0,0,5,4,5,5,4,5,0,0,1,7,642,2014,642,3.3,10.2,13.5,,,,,,,,,,,,,,,,,,,,,,,,,,,0,0,0,1,0,0,0,,,,
13464431,N,N,N,N,N,N,N,9/23/2013,3:41 PM,13-38112,,101,29,N,Y,,,19,,,1,6900,,GARTH,RD,N,N,50,N,N,6900 BLK GARTH,N,1,10,,,,,NOT REPORTED,,,,,,,,11,1,0,,1,1,5,3:52 PM,DISPATCHED,4:09 PM,9/23/2013,Y,TX1010100,100,,,33,8,2,2,22,64,42,2,1,1,21,21,101,29,29.80429406,-94.98166248,,,,,GARTH RD,7194,,,,,,IH,10,,IH0010,,,,,Y,N,N,5,7,Y,MON,,,,,,,,,,,,,,,,,,,,,,,,,,,,,,,,,,,,,,,,,,,,,,,,,,,,,,,,0,0,0,4,0,0,0,15,,,
13464484,N,N,N,N,N,N,N,9/16/2013,12:41 PM,13018075,,227,895,N,Y,,,4,1431,,1,19100,,NOT REPORTED,,N,N,55,N,N,,N,19,,,,19100,W,REED PARKS,RD,,,,,,,11,1,0,3,2,1,20,12:41 PM,TELEPHONE,12:41 PM,9/17/2013,Y,TX2272200,1547,,,35,8,2,2,20,64,42,1,3,1,21,21,227,895,30.48260174,-97.93214643,RM,1431,,49.615,RM1431,18843,1378,1,19.105,546,-0.641,,,,REED PARKS RD,,,,,Y,Y,Y,5,1,Y,MON,2,0,2,2,0,2,4,100,54,50,2,0,0,2,2,5,2,2,5,0,0,1,6,13655,2014,13655,2.2,3.8,6,1,183,0,,0,,,,,,,,,,,,,,,,,,,,,,0,0,0,2,0,0,0,90,,,
13464557,N,N,N,N,N,N,N,9/23/2013,4:45 PM,0119779213L,,101,208,N,Y,,,2,59,,2,6000,S,SOUTHWEST SER S,FWY,N,N,45,N,N,"CONCRETE, LEVEL, DRY",Y,19,,,1,3600,,FOUNTAINVIEW,DR,,,,,,,11,1,4,,1,1,5,4:55 PM,DISPATCH,5:05 PM,9/23/2013,Y,TXHPD0000,2469,16,125,55,8,2,1,10,29,54,2,2,1,21,21,101,208,,,US,59,,,US0059,,,,,,,,,,FOUNTAINVIEW DR,,,,,Y,Y,N,3,9,N,MON,,,,,,,,,,,,,,,,,,,,,,,,,,,,,,,,,,,,,,,,,,,,,,,,,,,,,,,,0,0,4,0,0,4,0,,,,
13464698,N,N,N,N,N,N,N,9/15/2013,10:00 PM,236420A,,57,107,N,Y,,,19,,,1,10300,,WHITE ELM,RD,N,N,30,N,N,,N,19,,,,9900,,BLACK WALNUT,ST,,,,,,,11,4,0,,1,1,1,11:56 PM,DISPATCHED,1:00 AM,9/15/2013,N,TX0000006,2471,,,33,8,4,4,5,64,54,1,5,1,21,21,57,107,32.91574743,-96.70623259,,,,,WHITE ELM RD,10300,,,,,,,,,,,,,,Y,N,N,0,9,Y,SUN,,,,,,,,,,,,,,,,,,,,,,,,,,,,,,,,,,,,,,,,,,,,,,,,,,,,,,,,0,0,0,0,1,0,0,282,,,
13464765,N,N,N,N,N,N,N,9/23/2013,8:00 PM,1300025637,FLID,57,177,N,N,,,19,,,1,1500,,COTTONWOOD,ST,N,N,30,N,N,,N,19,,,,900,NE,15TH,ST,,,,,,,11,4,0,,1,1,1,8:21 PM,DISPATCHED,8:35 PM,9/24/2013,Y,TX0571200,1372,,,87,8,4,4,1,64,54,1,5,1,21,21,57,177,32.75546427,-96.98518763,,,,,COTTONWOOD ST,1545,,,,,,,,,,,,,,N,N,N,0,8,Y,MON,,,,,,,,,,,,,,,,,,,,,,,,,,,,,,,,,,,,,,,,,,,,,,,,,,,,,,,,0,0,0,0,1,0,0,282,,,
13464785,N,N,N,N,N,N,N,9/11/2013,1:23 PM,2013-11687,,220,1785,Y,Y,32.34246,-97.11527,19,,,1,7040,,BENNETT LAWSON,RD,N,N,40,N,N,,N,3,1187,,1,,,RENDON BLOODWORTH,RD,,,,,,,11,1,0,,1,1,11,1:24 PM,RADIO DISPATCHED,1:34 PM,9/12/2013,Y,TX2200000,2213,,372,167,8,10,4,1,33,54,1,5,2,21,21,220,1785,32.57953924,-97.20137403,,,,,BENNETT LAWSON RD,6675,,,,,,,,,,,,,,Y,N,Y,3,0,Y,WED,,,,,,,,,,,,,,,,,,,,,,,,,,,,,,,,,,,,,,,,,,,,,,,,,,,,,,,,0,0,2,0,0,2,0,282,,,
13465073,N,Y,N,N,N,N,N,9/19/2013,6:40 AM,241111A,241112A,57,107,N,Y,,,19,,,1,4200,,SINGLETON,BLVD,N,N,35,N,N,,N,19,,,,2900,N,WESTMORELAND,RD,,,,,,,11,1,0,,1,1,20,7:55 AM,DISPATCHED,8:11 AM,9/19/2013,N,TX0000006,2471,,,44,8,2,4,21,64,54,1,5,1,21,21,57,107,32.77883272,-96.88246834,,,,,SINGLETON BLVD,,,,,,,,,,,,,,,Y,N,N,5,9,Y,THU,,,,,,,,,,,,,,,,,,,,,,,,,,,,,,,,,,,,,,,,,,,,,,,,,,,,,,,,0,0,0,1,1,0,0,282,,,
13465161,N,N,N,N,N,N,N,9/21/2013,10:16 AM,19191,,175,98,N,N,,,17,,,7,417,N,9TH,ST,Y,N,5,N,N,PARKING LOT PRIVATE DRIVE,N,19,,,,300,E,2ND,AVE,,,,,,,11,1,0,,1,1,1,10:24 AM,DISPATCH RADIO,10:28 AM,9/21/2013,Y,TX1750100,1119,,,35,8,7,4,4,33,14,7,9,5,1,21,175,98,,,,,,,N 9TH ST,,,,,,,,,,,,,,,N,N,N,5,5,N,SAT,,,,,,,,,,,,,,,,,,,,,,,,,,,,,,,,,,,,,,,,,,,,,,,,,,,,,,,,0,0,0,3,0,0,0,,,,
13465237,N,N,N,N,N,N,N,9/24/2013,6:24 PM,13-10179,518,61,259,N,Y,,,12,121,,2,900,,SAM RAYBURN TOLLWAY,,N,N,55,N,N,,Y,19,,,1,2700,,LAKE VISTA,DR,,,,,,,11,1,4,,1,1,5,6:24 PM,DISPATCHED,6:32 PM,9/24/2013,Y,TX0610600,1659,,,35,4,2,4,10,42,54,2,6,1,21,21,61,259,,,,,,,TL0121,,,,,,,,,,,,,,,Y,N,N,3,7,N,TUE,,,,,,,,,,,,,,,,,,,,,,,,,,,,,,,,,,,,,,,,,,,,,,,,,,,,,,,,0,0,1,1,0,1,0,,,,
13465408,N,N,N,N,N,N,N,9/19/2013,6:40 PM,,,67,128,N,Y,32.4012,-98.78902,1,20,,1,,,NOT REPORTED,,N,N,75,N,N,,N,4,570,,,,,NOT REPORTED,,,,,,,,2,1,0,2,1,2,11,6:42 PM,EASTLAND CO.  SO,6:50 PM,9/21/2013,Y,,10000,22,1,1,8,9,2,1,3,54,1,1,4,21,21,67,128,32.40085518,-98.78944234,IH,20,,343.131,IH0020,,7,3,19.877,344,-0.055,FM,570,,FM0570,,,,,Y,Y,Y,5,3,Y,THU,5,0,4,10,56,2,4,375,76,48,4,0,0,2,8,5,2,20,5,3,48,1,1,20599,2014,20599,4.6,36,40.7,1,587,1,2,31,,,,,,,,,,,,,,,,,,,,,,0,0,0,1,0,0,0,,,,
13465591,N,N,N,N,N,N,N,9/25/2013,11:35 AM,,,234,1799,Y,Y,32.44622,-95.69643,3,64,,1,,,NOT REPORTED,,N,N,60,Y,Y,,N,4,858,,,,,NOT REPORTED,,,,,,,,11,1,0,1,2,1,4,11:40 AM,VAN ZANDT S.O.,11:55 AM,9/25/2013,Y,,10000,7,28,1,8,2,4,20,64,50,1,2,1,21,21,234,1799,32.4465598,-95.69715979,SH,64,,25.29,SH0064,13447,245,19,25.257,660,-0.716,,,,,,,,,Y,Y,Y,3,0,Y,WED,2,0,10,10,0,2,2,150,60,40,4,0,0,2,10,5,2,10,5,0,0,1,6,3603,2014,3603,5.2,7,12.3,,,,,,,,,,,,,,,,,,,,,,,,,,,0,0,1,3,0,1,0,,,,
13465667,N,N,N,N,N,N,N,9/22/2013,5:30 PM,244245A,,57,107,N,Y,,,19,,,1,3700,,FOREST,LN,N,N,-1,N,N,,N,19,,,,11700,,MARSH,LN,,,,,,,11,1,0,,1,1,20,5:30 PM,DISPATCHED,5:46 PM,9/22/2013,N,TX0000006,2471,,,87,8,2,3,34,64,13,1,5,1,32,21,57,107,32.90949423,-96.85273472,,,,,FOREST LN,3783,,,,,,,,,,,,,,Y,N,N,1,9,Y,SUN,,,,,,,,,,,,,,,,,,,,,,,,,,,,,,,,,,,,,,,,,,,,,,,,,,,,,,,,2,2,0,1,0,4,0,282,,,
13465686,N,N,N,N,N,Y,N,9/25/2013,2:05 PM,13-10207,334,61,259,N,Y,,,4,3040,,1,700,W,ROUND GROVE,RD,N,N,50,N,N,,N,19,,,,2300,S,EDMONDS,LN,,,,,,,11,1,0,2,1,1,5,2:14 PM,DISPATCHED,2:18 PM,9/28/2013,Y,TX0610600,1659,,,35,8,2,2,22,64,38,1,3,1,21,21,61,259,33.00485736,-97.00644789,FM,3040,,3.934,FM3040,,3088,1,11.434,574,-0.057,,,,S EDMONDS LN,,,,,Y,Y,N,3,7,Y,WED,3,0,2,2,19,8,6,120,80,72,5,2,2,2,4,5,2,4,5,1,15,4,16,30040,2014,30040,2.8,3.6,6.4,1,75,1,1,3,,,,,,,,,,,,,,,,,,,,,,0,0,1,1,0,1,0,282,,,
13465831,N,Y,N,N,N,N,N,9/18/2013,9:04 AM,,,42,1607,Y,Y,31.81282,-99.38337,4,568,,1,,,NOT REPORTED,,N,N,75,N,N,,N,15,192,,,,,NOT REPORTED,,,,,,,,11,1,0,1,1,1,11,9:07 AM,DISPATCHED,9:16 AM,9/18/2013,Y,,10000,1,1,1,8,7,4,1,32,54,1,3,2,21,21,42,1607,31.8128955,-99.38391204,FM,568,,2.304,FM0568,1029,636,2,0.853,436,0.334,,,,,,,,,Y,Y,Y,5,0,Y,WED,2,0,0,0,0,2,2,60,22,22,2,0,0,1,0,0,1,0,0,0,0,1,7,306,2014,306,16.9,0,16.9,,,,,,,,,,,,,,,,,,,,,,,,,,,0,0,0,1,0,0,0,,,,
13465919,N,N,N,N,N,N,N,9/21/2013,11:36 PM,2013-79996,,108,283,N,Y,,,2,83,,3,600,W,EXPRESSWAY,EXPY,N,N,65,N,N,,N,19,,,,1600,S,6TH,ST,,,,,,,2,4,0,3,6,2,2,11:36 PM,DROVE BY,11:36 PM,9/21/2013,Y,TX1080800,1753,,,35,8,7,2,1,32,54,3,2,4,21,21,108,283,26.2026228,-98.22563468,BU,83,S,13.502,BU0083S,,39,3,7.867,512,-0.47,,,,S 6TH ST,,,,,Y,Y,N,5,8,Y,SAT,2,0,0,8,0,2,4,100,69,58,4,1,2,1,0,0,2,8,5,0,0,4,14,16973,2014,16973,1.3,0.2,1.5,,,,,,,,,,,,,,,,,,,,,,,,,,,0,0,0,1,0,0,0,230,,,
13465932,N,N,N,N,N,N,N,8/24/2013,2:30 PM,13-00362,,14,188,N,Y,,,4,2410,,1,1800,E,KNIGHTS,WAY,N,N,50,N,N,,Y,19,,,1,2300,,COMMANCHE GAP,RD,,,,,,,11,1,2,1,1,1,8,2:30 PM,POLICE RADIO,2:31 PM,8/24/2013,Y,TX0140300,1415,,223,102,8,2,1,34,64,3,1,3,1,21,21,14,188,31.0519715,-97.63349217,FM,2410,,5.703,FM2410,,2304,2,9.596,544,-0.561,,,,COMANCHE GAP RD,,,,,Y,Y,N,1,6,Y,SAT,2,0,4,4,0,2,2,100,42,34,2,0,0,2,4,5,2,4,5,0,0,4,16,10181,2014,10181,2.1,4.9,7,,,,,,,,,,,,,,,,,,,,,,,,,,,1,0,0,2,0,1,0,277,,,
13465934,N,N,N,N,N,N,N,8/28/2013,3:51 PM,13-1920,,84,160,N,Y,,,19,,,1,900,,FALLING LEAF,DR,N,N,30,N,N,,N,19,,,1,,,SUNSET,DR,,,,,,,11,1,0,,1,1,1,3:52 PM,DISPATCHED,3:59 PM,8/28/2013,Y,TX0840300,1328,,,12,8,2,4,22,64,42,1,5,1,21,21,84,160,29.51682981,-95.20866575,,,,,FALLING LEAF DR,854,,,,,,,,,,,,,,Y,N,N,5,6,Y,WED,,,,,,,,,,,,,,,,,,,,,,,,,,,,,,,,,,,,,,,,,,,,,,,,,,,,,,,,0,0,0,5,0,0,0,15,,,
13466000,N,N,N,N,N,N,N,9/18/2013,5:29 AM,,2013189722,246,1811,Y,Y,,,4,1331,,1,7399,,FM 1331,,N,N,65,N,N,,N,15,,,,,,CR 499,,,,,,CR 499,,11,3,0,1,1,1,11,5:36 AM,RADIO,5:52 AM,9/18/2013,Y,TX2460000,2430,,,96,8,6,4,1,64,54,1,3,1,21,21,246,1811,30.67933549,-97.32489733,FM,1331,,7.405,FM1331,7389,337,3,8.35,562,-0.64,,,,,,,,,Y,Y,Y,5,0,Y,WED,2,0,1,1,0,2,2,80,22,20,2,0,0,2,1,5,2,1,5,0,0,1,7,1049,2014,1049,8.7,5,13.7,,,,,,,,,,,,,,,,,,,,,,,,,,,0,0,0,1,0,0,0,90,,,
13466159,N,N,N,N,N,N,N,9/17/2013,5:54 PM,13-02354,,101,447,N,Y,,,19,,,1,500,W,BAY AREA,BLVD,N,N,35,N,N,,N,19,,,1,,N,TEXAS,AVE,,,,,,,12,1,0,,1,1,20,5:56 PM,DISPATCHED,6:04 PM,9/18/2013,Y,TX1012500,2391,,,,8,2,4,21,64,9,1,5,1,21,21,101,447,29.54628851,-95.13217535,,,,,W BAY AREA BLVD,,,,,,,,,,,,,,,Y,N,N,5,5,Y,TUE,,,,,,,,,,,,,,,,,,,,,,,,,,,,,,,,,,,,,,,,,,,,,,,,,,,,,,,,0,0,0,3,0,0,0,15,,,
13466222,N,N,N,N,N,N,N,9/5/2013,4:03 PM,2013-0523928,,191,12,N,Y,,,19,,,1,3100,S,MANHATTAN,ST,N,N,30,N,N,,N,19,,,1,2900,E,LONGHORN,AVE,,,,,,,11,1,98,,1,1,17,4:41 PM,DISPATCH,4:46 PM,9/5/2013,N,TX1880100,33,,,142,8,2,4,10,64,11,1,5,1,21,21,191,12,35.1797737,-101.8042796,,,,,S MANHATTAN ST,3260,,,,,,,,,,,,,,Y,N,N,5,8,Y,THU,,,,,,,,,,,,,,,,,,,,,,,,,,,,,,,,,,,,,,,,,,,,,,,,,,,,,,,,0,0,0,2,0,0,0,120,,,
13466497,N,N,N,N,N,N,N,9/25/2013,5:31 PM,2013121154,,57,67,N,Y,,,19,,,1,2200,,MARSH,LN,N,N,40,N,N,,Y,19,,,1,2800,,KELLER SPRINGS,RD,,,,,,,11,1,4,,1,1,5,5:34 PM,DISPATCH,5:45 PM,9/25/2013,Y,TX0570400,214,,,170,8,2,1,34,64,54,1,5,1,21,21,57,67,32.97043422,-96.85553254,,,,,N MARSH LN,,,,,,,,,,KELLER SPRINGS RD,,,,,Y,N,N,3,8,Y,WED,,,,,,,,,,,,,,,,,,,,,,,,,,,,,,,,,,,,,,,,,,,,,,,,,,,,,,,,0,0,1,2,0,1,0,282,,,
13466558,N,N,N,N,N,Y,N,9/19/2013,4:37 PM,2.01E+11,,233,112,N,Y,,,19,,,1,400,,PECAN,ST,N,N,-1,N,N,,N,19,,,,100,,CACTUS,ST,,,,,,,11,1,0,,1,1,1,4:37 PM,DIISPATCHED,4:41 PM,10/1/2013,Y,TX2330100,1191,,,23,8,2,4,20,64,3,1,5,1,21,21,233,112,29.36065158,-100.8978356,,,,,PECAN ST,309,,,,,,,,,,,,,,Y,N,N,3,6,Y,THU,,,,,,,,,,,,,,,,,,,,,,,,,,,,,,,,,,,,,,,,,,,,,,,,,,,,,,,,0,0,2,1,0,2,0,,,,
13466598,N,N,N,N,N,N,N,9/11/2013,2:18 PM,13-16075,,92,268,N,N,,,19,,,1,200,E,NELSON,ST,N,N,30,N,N,,N,19,,,,,S,HIGH,ST,,,,,,,11,1,0,,1,1,5,2:20 PM,DISPATCHED,2:31 PM,9/11/2013,Y,920500,1691,,,,8,2,2,22,64,38,1,5,1,21,21,92,268,32.48707423,-94.74428436,,,,,W NELSON ST,208,,,,,,,,,S HIGH ST,,,,,N,N,N,5,7,Y,WED,,,,,,,,,,,,,,,,,,,,,,,,,,,,,,,,,,,,,,,,,,,,,,,,,,,,,,,,0,0,0,2,0,0,0,361,,,
13466605,N,N,N,N,N,N,N,9/8/2013,10:57 AM,13-15907,,92,268,N,Y,,,11,281,,1,400,W,LOOP 281,,N,N,45,N,N,,N,14,63,,,,,MCCANN,RD,,,,,,,11,1,0,2,1,1,20,10:58 AM,DISPATCHED,11:02 AM,9/8/2013,Y,920500,1691,,,,8,2,4,21,29,9,1,2,1,21,21,92,268,32.54096938,-94.75582859,SL,281,,10.323,SL0281,404,2642,1,3.35,718,0.317,,,,,,,,,Y,Y,N,2,7,Y,SUN,3,0,0,10,16,2,6,300,94,72,4,2,2,1,0,0,2,20,5,1,16,3,14,21399,2014,21399,3.3,6.2,9.6,,,,,,,,,,,,,,,,,,,,,,,,,,,0,2,0,1,0,2,0,361,,,
13466682,N,N,N,N,N,N,N,9/14/2013,9:35 PM,13-001618,,14,236,N,Y,,,19,,,1,5500,,STAGECOACH,RD,N,N,40,N,N,,Y,19,,,7,6600,,GOLDEN OAK,LN,,,,,,,11,4,4,,1,1,21,9:36 PM,DISPATCHED,9:46 PM,9/15/2013,Y,TX0140400,1587,,100,85,8,2,1,34,64,54,1,5,1,21,21,14,236,31.05502462,-97.69714244,,,,,E STAGECOACH RD,5201,,,,,,,,,GOLDEN OAK LN,,,,,Y,N,N,5,8,Y,SAT,,,,,,,,,,,,,,,,,,,,,,,,,,,,,,,,,,,,,,,,,,,,,,,,,,,,,,,,0,0,0,7,0,0,0,277,,,
13466734,N,N,N,N,N,N,N,9/20/2013,6:25 PM,2013-0002359,,226,378,N,Y,,,19,,,1,2000,,BLK S BRYANT,BLVD,N,N,40,N,N,,Y,19,,,1,500,,W AVE Q,AVE,,,,,,,2,1,2,,1,2,5,6:25 PM,DISPATCHED,6:26 PM,9/20/2013,Y,TX2260100,2067,,,78,8,2,1,34,64,3,1,5,1,21,21,226,378,,,,,,,BLK S BRYANT BLVD,,,,,,,,,,W AVE Q AVE,,,,,Y,N,N,2,7,N,FRI,,,,,,,,,,,,,,,,,,,,,,,,,,,,,,,,,,,,,,,,,,,,,,,,,,,,,,,,0,1,0,2,0,1,0,,,,
13466790,N,N,N,N,N,N,N,9/16/2013,6:39 PM,1300015553,,220,1468,N,Y,,,3,183,,1,6300,,WESTWORTH BLVD,HWY,N,N,40,N,N,4 LANE DIVIDED HWY WITH PAINTED LANES,N,19,,,1,100,,ROARING SPRINGS,RD,,,,,2 LANE ASPHALT WITH PAINTED LANES,,11,1,0,2,1,1,5,6:40 PM,DISPATCHED,6:41 PM,9/17/2013,Y,TX2202800,2411,87,166,11,8,2,4,20,64,38,1,2,1,21,21,220,1468,32.759196,-97.42426146,SH,183,,7.146,SH0183,,94,5,3.224,558,0.599,,,,,,,,,Y,Y,Y,5,3,Y,MON,3,0,5,8,7,9,4,171,72,46,6,1,0,2,5,5,2,8,5,2,2,4,14,23847,2014,23847,3.6,5,8.5,1,100,8,2,45,,,,,,,,,,,,,,,,,,,,,,0,0,0,3,0,0,0,282,,,
13466893,N,N,N,N,N,N,N,9/19/2013,12:09 PM,13-00109,,227,1016,N,Y,,,2,290,,1,13200,,HWY 290E,,N,N,65,N,N,,Y,19,,,1,,,GEORGE BUSH,,,,,,,,11,1,6,2,1,1,5,12:09 PM,RADIO,12:14 PM,9/19/2013,Y,TX2270200,1724,,,82,8,2,2,22,64,38,1,2,1,21,21,227,1016,30.34955417,-97.52637012,US,290,,136.428,US0290,,114,2,11.436,598,-0.831,,,,GEORGE BUSH ST,,,,,Y,Y,N,5,4,Y,THU,4,0,6,10,80,2,4,240,80,48,4,0,0,2,12,5,2,20,5,3,68,2,14,25973,2014,25973,6.5,4.8,11.3,1,180,0,1,1,,,,,,,,,,,,,,,,,,,,,,0,0,0,2,0,0,0,90,,,
13467080,N,N,N,N,N,N,N,9/25/2013,8:05 AM,246432A,246433A,57,107,N,Y,,,11,12,,1,3700,W,NORTHWEST,HWY,N,N,35,N,N,,N,19,,,,9400,,MARSH,LN,,,,,,,11,1,0,2,1,1,20,8:30 AM,DISPATCHED,8:40 AM,9/25/2013,N,TX0000006,2471,,,87,8,2,4,21,64,54,1,2,1,21,21,57,107,32.86104759,-96.85513815,SL,12,,19.749,SL0012,,353,5,21.44,604,-0.279,,,,,,,,,Y,Y,N,5,9,Y,WED,3,0,0,0,15,3,6,150,66,66,6,1,2,1,0,0,1,0,0,1,15,4,14,46853,2014,46853,2.3,0.4,2.7,,,,,,,,,,,,,,,,,,,,,,,,,,,0,0,0,1,1,0,0,282,,,
13467098,N,N,N,N,N,N,N,9/17/2013,7:45 AM,SAPD13204123,4240,15,379,N,N,,,1,37,,4,4000 BLK,S,IH 37,HWY,N,N,-1,N,N,,N,19,,,,500,S,FAIR,AVE,,,,,,,11,1,5,,1,1,11,7:49 AM,DISPATCHED,8:00 AM,9/17/2013,Y,TXSPD0000,2473,,9,162,8,2,4,20,64,42,4,1,1,21,21,15,379,,,IH,37,,,IH0037,,,,,,,,,,,,,,,N,Y,N,5,9,N,TUE,,,,,,,,,,,,,,,,,,,,,,,,,,,,,,,,,,,,,,,,,,,,,,,,,,,,,,,,0,0,0,2,0,0,0,,,,
13467169,N,Y,N,N,N,N,N,9/25/2013,10:40 AM,,,121,1686,Y,Y,30.35643,-94.0802,2,96,,2,,,NOT REPORTED,,N,N,15,N,N,,N,3,105,,,,,NOT REPORTED,,,,,,,,11,1,0,2,4,1,10,10:43 AM,LUFKIN DPS COMM,11:19 AM,9/25/2013,Y,,10000,15,58,1,4,7,4,1,43,3,2,2,1,21,21,121,1686,30.35623419,-94.07939925,US,96,,119.237,US0096,,65,4,9.032,438,-0.459,,,,,,,,,Y,Y,Y,5,0,Y,WED,4,0,0,4,100,2,4,300,48,40,4,0,0,1,0,0,2,8,5,3,100,1,2,8384,2014,8384,1.6,7.8,9.4,1,401,2,2,42,,,,,,,,,,,,,,,,,,,,,,0,0,0,1,0,0,0,,,,
13467195,N,N,N,N,N,N,N,9/25/2013,5:10 PM,0120675213B,,101,208,N,Y,,,1,10,,4,9900,W,KATY,FWY,N,N,60,N,N,"EXIT RAMP, SINGLE LANE",N,19,,,,,,BUNKER HILL,,,,,,,,11,1,0,2,1,1,20,5:20 PM,DISPATCH,5:45 PM,9/25/2013,Y,TXHPD0000,2469,14,128,21,8,2,4,20,64,42,4,1,1,21,21,101,208,29.78449487,-95.54006251,IH,10,,756.639,IH0010,,271,7,16.689,758,0.19,,,,,,,,,Y,Y,N,5,9,Y,WED,5,1,0,10,30,9,6,275,96,72,6,0,0,1,10,0,2,10,5,2,20,4,11,277883,2014,277883,2.8,3.6,6.4,,,,,,,,,,,,,,,,,,,,,,,,,,,0,0,0,3,0,0,0,15,,,