Crash_ID,Crash_Fatal_Fl,Cmv_Involv_Fl,Schl_Bus_Fl,Rr_Relat_Fl,Medical_Advisory_Fl,Amend_Supp_Fl,Active_School_Zone_Fl,Crash_Date,Crash_Time,Case_ID,Local_Use,Rpt_CRIS_Cnty_ID,Rpt_City_ID,Rpt_Outside_City_Limit_Fl,Thousand_Damage_Fl,Rpt_Latitude,Rpt_Longitude,Rpt_Rdwy_Sys_ID,Rpt_Hwy_Num,Rpt_Hwy_Sfx,Rpt_Road_Part_ID,Rpt_Block_Num,Rpt_Street_Pfx,Rpt_Street_Name,Rpt_Street_Sfx,Private_Dr_Fl,Toll_Road_Fl,Crash_Speed_Limit,Road_Constr_Zone_Fl,Road_Constr_Zone_Wrkr_Fl,Rpt_Street_Desc,At_Intrsct_Fl,Rpt_Sec_Rdwy_Sys_ID,Rpt_Sec_Hwy_Num,Rpt_Sec_Hwy_Sfx,Rpt_Sec_Road_Part_ID,Rpt_Sec_Block_Num,Rpt_Sec_Street_Pfx,Rpt_Sec_Street_Name,Rpt_Sec_Street_Sfx,Rpt_Ref_Mark_Offset_Amt,Rpt_Ref_Mark_Dist_Uom,Rpt_Ref_Mark_Dir,Rpt_Ref_Mark_Nbr,Rpt_Sec_Street_Desc,Rpt_CrossingNumber,Wthr_Cond_ID,Light_Cond_ID,Entr_Road_ID,Road_Type_ID,Road_Algn_ID,Surf_Cond_ID,Traffic_Cntl_ID,Investigat_Notify_Time,Investigat_Notify_Meth,Investigat_Arrv_Time,Report_Date,Investigat_Comp_Fl,ORI_Number,Investigat_Agency_ID,Investigat_Area_ID,Investigat_District_ID,Investigat_Region_ID,Bridge_Detail_ID,Harm_Evnt_ID,Intrsct_Relat_ID,FHE_Collsn_ID,Obj_Struck_ID,Othr_Factr_ID,Road_Part_Adj_ID,Road_Cls_ID,Road_Relat_ID,Phys_Featr_1_ID,Phys_Featr_2_ID,Cnty_ID,City_ID,Latitude,Longitude,Hwy_Sys,Hwy_Nbr,Hwy_Sfx,Dfo,Street_Name,Street_Nbr,Control,Section,Milepoint,Ref_Mark_Nbr,Ref_Mark_Displ,Hwy_Sys_2,Hwy_Nbr_2,Hwy_Sfx_2,Street_Name_2,Street_Nbr_2,Control_2,Section_2,Milepoint_2,Txdot_Rptable_Fl,Onsys_Fl,Rural_Fl,Crash_Sev_ID,Pop_Group_ID,Located_Fl,Day_of_Week,Hwy_Dsgn_Lane_ID,Hwy_Dsgn_Hrt_ID,Hp_Shldr_Left,Hp_Shldr_Right,Hp_Median_Width,Base_Type_ID,Nbr_Of_Lane,Row_Width_Usual,Roadbed_Width,Surf_Width,Surf_Type_ID,Curb_Type_Left_ID,Curb_Type_Right_ID,Shldr_Type_Left_ID,Shldr_Width_Left,Shldr_Use_Left_ID,Shldr_Type_Right_ID,Shldr_Width_Right,Shldr_Use_Right_ID,Median_Type_ID,Median_Width,Rural_Urban_Type_ID,Func_Sys_ID,Adt_Curnt_Amt,Adt_Curnt_Year,Adt_Adj_Curnt_Amt,Pct_Single_Trk_Adt,Pct_Combo_Trk_Adt,Trk_Aadt_Pct,Curve_Type_ID,Curve_Lngth,Cd_Degr,Delta_Left_Right_ID,Dd_Degr,Feature_Crossed,Structure_Number,I_R_Min_Vert_Clear,Approach_Width,Bridge_Median_ID,Bridge_Loading_Type_ID,Bridge_Loading_In_1000_Lbs,Bridge_Srvc_Type_On_ID,Bridge_Srvc_Type_Under_ID,Culvert_Type_ID,Roadway_Width,Deck_Width,Bridge_Dir_Of_Traffic_ID,Bridge_Rte_Struct_Func_ID,Bridge_IR_Struct_Func_ID,CrossingNumber,RRCo,Poscrossing_ID,WDCode_ID,Standstop,Yield,Incap_Injry_Cnt,Nonincap_Injry_Cnt,Poss_Injry_Cnt,Non_Injry_Cnt,Unkn_Injry_Cnt,Tot_Injry_Cnt,Death_Cnt,MPO_ID,Investigat_Service_ID,Investigat_DA_ID,Investigator_Narrative
13467233,N,N,N,N,N,N,N,9/22/2013,7:02 PM,13-94119,,220,156,N,Y,32.74078,-97.25693,19,,,1,4400,E,LANCASTER,AVE,N,N,40,N,N,,Y,19,,,1,300,,RAND,ST,,,,,,,11,1,0,2,1,1,5,7:02 PM,DISPATCH,7:08 PM,9/22/2013,N,TX2201200,1318,4,9,23,8,1,4,1,64,3,1,2,1,21,21,220,156,32.74086645,-97.25777272,SH,180,,3.698,SH0180,,8,5,17.552,624,-0.432,,,,,,,,,Y,Y,N,1,9,Y,SUN,3,0,0,0,46,9,6,140,74,74,6,1,1,1,0,0,1,0,0,1,46,4,14,15582,2014,15582,2.5,0.4,2.9,,,,,,,,,,,,,,,,,,,,,,,,,,,2,0,0,1,0,2,0,282,,,
13467366,N,N,N,N,N,N,N,9/26/2013,10:20 AM,247473A,FLID 247474A,57,107,N,Y,,,19,,,1,3300,,WEBB CHAPEL EXT,,N,N,35,N,N,,N,19,,,,9600,,HARGROVE,DR,,,,,,,11,1,0,,4,1,11,10:29 AM,DISPATCHED,10:35 AM,9/26/2013,N,TX0000006,2471,,,87,8,2,4,20,64,54,1,5,1,21,21,57,107,32.86253025,-96.86527747,,,,,WEBB CHAPEL EXT,,,,,,,,,,,,,,,Y,N,N,3,9,Y,THU,,,,,,,,,,,,,,,,,,,,,,,,,,,,,,,,,,,,,,,,,,,,,,,,,,,,,,,,0,0,1,0,1,1,0,282,,,
13467573,N,N,N,N,N,N,N,9/26/2013,12:52 PM,13HP044321,,220,186,N,Y,,,1,820,,1,4800,NE,820,LOOP,N,N,50,Y,Y,,N,19,,,,5000,,HALTOM,RD,,,,,,,11,1,0,2,1,1,20,12:55 PM,DISPATCHED,1:00 PM,9/26/2013,Y,TX2201400,1404,,,35,8,7,4,1,39,49,1,1,4,21,21,220,186,32.83949958,-97.27677093,IH,820,,19.218,IH0820,,8,14,20.172,19,-0.359,,,,,,,,,Y,Y,N,5,6,Y,THU,5,0,6,10,46,9,4,350,80,48,6,0,0,2,16,5,2,16,5,3,30,4,11,100261,2014,100261,3.6,5,8.5,,,,,,,,,,,,,,,,,,,,,,,,,,,0,0,0,1,0,0,0,282,,,
13467636,N,N,N,N,N,N,N,9/25/2013,5:24 PM,sapd13211089,7190,15,379,N,Y,,,19,,,1,3800,,BLUEMEL,,N,N,30,N,N,,N,19,,,,4000,,BURNING TREE,,,,,,,,11,1,0,,1,1,20,5:24 PM,SIGHT,5:24 PM,9/25/2013,Y,TXSPD0000,2473,,61,123,8,2,3,34,64,13,1,5,1,32,21,15,379,29.53060305,-98.56468072,,,,,BLUEMEL RD,3883,,,,,,,,,,,,,,Y,N,N,3,9,Y,WED,,,,,,,,,,,,,,,,,,,,,,,,,,,,,,,,,,,,,,,,,,,,,,,,,,,,,,,,0,0,1,1,0,1,0,28,,,
13467648,N,N,N,N,N,N,N,9/22/2013,3:35 PM,SAPD13208513,7270,15,379,N,N,,,19,,,1,7400,,SAN PEDRO,AVE,N,N,35,N,N,,N,19,,,,400,W,RECTOR,,,,,,,,11,1,0,2,1,1,5,3:40 PM,DISPATCHED,3:42 PM,9/25/2013,Y,TXSPD0000,2473,,61,123,8,2,2,22,64,38,1,2,1,21,21,15,379,29.51737209,-98.47844907,US,281,,326.085,US0281,,73,8,19.906,530,0.679,,,,E RECTOR ST,,,,,N,Y,N,5,9,Y,SUN,5,0,4,10,13,2,6,300,119,85,4,0,0,2,10,5,2,24,5,2,3,4,12,82490,2014,82490,1.8,0.6,2.3,,,,,,,,,,,,,,,,,,,,,,,,,,,0,0,0,4,1,0,0,28,,,
13467652,N,N,N,N,N,N,N,9/5/2013,3:25 PM,0111726413F,,101,208,N,Y,,,19,,,1,900,,ROPER,,N,N,30,N,N,CONCRETE,Y,19,,,1,2200,,RODNEY,ST,,,,,,,11,1,4,,1,1,8,3:25 PM,DISPATCHED,3:25 PM,9/19/2013,Y,TXHPD0000,2469,16,104,17,8,2,1,10,29,54,1,5,1,21,21,101,208,29.64855482,-95.23711313,,,,,ROPER ST,1001,,,,,,,,,RODNEY ST,,,,,Y,N,N,3,9,Y,THU,,,,,,,,,,,,,,,,,,,,,,,,,,,,,,,,,,,,,,,,,,,,,,,,,,,,,,,,0,0,1,1,1,1,0,15,,,
13467685,N,N,N,N,N,N,N,9/20/2013,5:16 PM,130025359,,220,177,N,Y,,,19,,,1,2300,,BARDIN,RD,N,N,35,N,N,,Y,19,,,1,4000,,SGT GREG HUNTER,LN,,,,,,,2,1,2,,4,2,8,5:17 PM,DISPATCHED,5:20 PM,9/20/2013,Y,TX0571200,1372,,,35,8,2,1,14,64,54,1,5,1,21,21,220,177,32.67238429,-97.03813252,,,,,BARDIN RD,2298,,,,,,,,,SGT GREG L HUNTER LN,,,,,Y,N,N,3,8,Y,FRI,,,,,,,,,,,,,,,,,,,,,,,,,,,,,,,,,,,,,,,,,,,,,,,,,,,,,,,,0,0,1,1,0,1,0,282,,,
13467762,N,N,N,N,N,N,N,9/14/2013,7:16 PM,,,153,1718,Y,Y,32.97682,-101.87015,4,2053,,1,,,NOT REPORTED,,N,N,70,N,N,,N,15,,,,,,M,,,,,,,,11,1,0,1,1,1,11,8:27 PM,DISPATCHED,9:23 PM,9/19/2013,Y,,10000,1,17,1,8,2,4,24,1,54,1,3,1,21,21,153,1718,32.97683676,-101.8836713,FM,2053,,15.868,FM2053,1259,1966,2,18.722,294,0.622,,,,,,,,,Y,Y,Y,5,0,Y,SAT,2,0,0,0,0,2,2,80,24,24,2,0,0,1,0,0,1,0,0,0,0,1,7,217,2014,217,1.9,4.9,6.7,,,,,,,,,,,,,,,,,,,,,,,,,,,0,0,0,2,0,0,0,,,,
13467893,N,N,N,N,N,N,N,9/26/2013,7:11 PM,13-10267,416,61,259,N,Y,,,19,,,1,1500,N,GARDEN RIDGE,BLVD,N,N,40,N,N,,Y,19,,,1,1400,,VALLEY RIDGE,BLVD,,,,,,,11,1,4,,1,1,5,7:12 PM,RADIO,7:23 PM,9/26/2013,Y,Tx0610600,1659,,,35,8,2,2,22,64,38,1,5,1,21,21,61,259,33.06342421,-97.03585249,,,,,N GARDEN RIDGE BLVD,,,,,,,,,,W VALLEY RIDGE BLVD,,,,,Y,N,N,5,7,Y,THU,,,,,,,,,,,,,,,,,,,,,,,,,,,,,,,,,,,,,,,,,,,,,,,,,,,,,,,,0,0,0,6,0,0,0,282,,,
13467966,N,N,N,N,N,N,N,8/25/2013,2:25 PM,130825-004,,101,430,N,Y,,,4,2920,,1,14200,,14200 FM 2920,,N,N,45,N,N,GOOD CONDITION,Y,17,,,1,,,WOODFOREST,DR,,,,,GOOD CONDITION,,12,1,4,,1,1,5,2:45 PM,DISPATCH,2:50 PM,8/25/2013,Y,TX1012300,2286,,,51,8,2,1,22,64,44,1,3,1,21,21,101,430,,,FM,2920,,,FM2920,,,,,,,,,,WOODFOREST DR,,,,,Y,Y,N,5,5,N,SUN,,,,,,,,,,,,,,,,,,,,,,,,,,,,,,,,,,,,,,,,,,,,,,,,,,,,,,,,0,0,0,2,1,0,0,,,,
13468436,N,N,N,N,N,N,N,9/11/2013,7:48 AM,13-254040,,71,136,N,Y,31.7825,-106.28502,19,,,1,11700,,PEBBLE HILLS,BLVD,N,N,0,N,N,,N,19,,,1,3100,,ARRAMBIDE,ST,,,,,,,12,1,98,,1,1,11,7:48 AM,DISPATCHED,7:53 AM,9/11/2013,Y,TX0710200,1259,,,,8,2,4,20,64,42,1,5,1,21,21,71,136,31.78252484,-106.2826128,,,,,PEBBLE HILLS BLVD,11707,,,,,,,,,,,,,,Y,N,N,5,9,Y,WED,,,,,,,,,,,,,,,,,,,,,,,,,,,,,,,,,,,,,,,,,,,,,,,,,,,,,,,,0,0,0,2,0,0,0,66,,,
13468518,N,N,N,N,N,N,N,9/19/2013,1:05 PM,0117899713O,,101,208,N,Y,,,19,,,1,1800,,FANNIN,,N,N,30,N,N,DRY CONCRETE,Y,19,,,1,1000,,ST JOSEPH,PKWY,,,,,,,11,1,4,,1,1,5,1:05 PM,ON VIEW,1:05 PM,9/25/2013,Y,TXHPD0000,2469,16,121,35,8,2,1,10,64,54,1,5,1,21,21,101,208,29.7496848,-95.36938309,,,,,FANNIN ST,1899,,,,,,,,,ST JOSEPH PKWY,,,,,Y,N,N,2,9,Y,THU,,,,,,,,,,,,,,,,,,,,,,,,,,,,,,,,,,,,,,,,,,,,,,,,,,,,,,,,0,1,3,0,0,4,0,15,,,
13469331,N,N,N,N,N,N,N,9/25/2013,8:11 PM,SAPD13211321,6110,15,379,N,Y,,,17,,,7,2710,,NOGALITOS,,Y,N,5,N,N,,N,19,,,,2710,,NOGALITOS,,,,,,,,11,4,0,,1,1,1,8:13 PM,DISPATCHED,8:17 PM,9/25/2013,Y,TXSPD0000,2473,,11,175,8,4,4,4,64,12,7,9,5,33,21,15,379,,,,,,,NOGALITOS,,,,,,,,,,,,,,,N,N,N,5,9,N,WED,,,,,,,,,,,,,,,,,,,,,,,,,,,,,,,,,,,,,,,,,,,,,,,,,,,,,,,,0,0,0,2,0,0,0,,,,
13469397,N,N,N,N,N,N,N,9/26/2013,6:45 AM,13-95367,,220,156,N,Y,32.84911,-97.3126,1,35W,,1,5700,,NORTH,FWY,N,N,60,Y,Y,,N,19,,,,3000,,WESTERN CENTER,BLVD,,,,,,,11,1,98,2,1,1,1,6:56 AM,DISPATCHED,7:10 AM,9/26/2013,Y,TX2201200,1318,4,29,23,8,2,4,22,64,49,1,1,1,21,21,220,156,32.8491112,-97.31269689,IH,35,W,57.976,IH0035W,,14,16,14.001,58,-0.184,,,,,,,,,Y,Y,N,5,9,Y,THU,5,0,4,10,48,3,4,350,76,48,5,0,0,2,8,5,2,20,5,3,40,4,11,141233,2014,141233,3.2,11.8,15.1,1,384,0,2,10,,,,,,,,,,,,,,,,,,,,,,0,0,0,3,0,0,0,282,,,
13469425,N,N,N,N,N,N,N,9/7/2013,2:30 PM,13A013206,,170,79,N,Y,,,19,,,1,10344,,DAW COLLINS,RD,N,N,40,N,N,ASPHALT,N,19,,,,21956,,MORGAN CEMETERY,RD,,,,,ASPHALT,,2,1,98,,4,2,1,2:38 PM,DISPATCH,2:50 PM,9/17/2013,Y,TX1700000,1798,,,35,8,7,4,1,33,1,1,5,2,21,21,170,79,,,,,,,DAW COLLINS RD,,,,,,,,,,,,,,,Y,N,N,5,4,N,SAT,,,,,,,,,,,,,,,,,,,,,,,,,,,,,,,,,,,,,,,,,,,,,,,,,,,,,,,,0,0,0,1,0,0,0,,,,
13469434,N,N,N,N,N,N,N,9/26/2013,5:55 PM,0121156913I,,101,208,N,Y,,,19,,,1,4200,,AIRLINE,DR,N,N,35,N,N,"CONCRETE, 35 MPH",Y,19,,,1,1200,,BARKLEY,,,,,,,,11,1,2,,1,1,20,6:07 PM,HPD DISPATCHER,6:07 PM,9/26/2013,Y,TXHPD0000,2469,6,152,27,8,2,1,20,64,42,1,5,1,21,21,101,208,29.82705479,-95.38413308,,,,,AIRLINE DR,,,,,,,,,,BARKLEY ST,,,,,Y,N,N,5,9,Y,THU,,,,,,,,,,,,,,,,,,,,,,,,,,,,,,,,,,,,,,,,,,,,,,,,,,,,,,,,0,0,0,3,0,0,0,15,,,
13469590,N,N,N,N,N,N,N,9/8/2013,4:39 AM,0112914713G,,101,208,N,Y,,,19,,,1,9304,,JENSEN,DR,Y,N,20,N,N,,N,19,,,,2800,,TIDWELL,,,,,,,,11,4,0,,1,1,1,4:39 AM,ON VIEW,4:39 AM,9/26/2013,Y,TXHPD0000,2469,18,124,113,8,7,4,1,36,54,7,9,5,33,21,101,208,,,,,,,JENSEN DR,,,,,,,,,,,,,,,N,N,N,5,9,N,SUN,,,,,,,,,,,,,,,,,,,,,,,,,,,,,,,,,,,,,,,,,,,,,,,,,,,,,,,,0,0,0,1,0,0,0,,,,
13469658,N,N,N,N,N,N,N,9/24/2013,2:34 AM,13-21872,13-21872,57,218,N,Y,,,19,,,1,1900,E,GRAUWYLER,RD,N,N,35,N,N,LOCAL ROAD,Y,19,,,1,1600,N,WALTON WALKER,LOOP,,,,,LOCAL ROAD,,11,4,4,2,1,1,5,2:43 AM,DISPATCHED,2:50 AM,9/25/2013,N,TX0571500,1518,,,35,8,2,1,35,64,36,1,2,1,21,21,57,218,32.8304908,-96.91708066,SL,12,,14.249,SL0012,,581,2,19.008,600,0.04,,,,E GRAUWYLER RD,,,,,Y,Y,N,5,8,Y,TUE,5,0,10,10,24,3,6,300,112,72,4,0,0,2,20,5,2,20,5,2,4,4,12,122121,2014,122121,3.2,3.5,6.7,,,,,,,,,,,,,,,,,,,,,,,,,,,0,0,0,1,1,0,0,282,,,
13469873,N,N,N,N,N,N,N,9/20/2013,5:40 PM,2013-37712,,101,29,N,Y,,,19,,,1,3700,,GARTH,RD,N,N,40,N,N,,N,19,,,,1200,,ROLLINGBROOK,,,,,,,,2,5,0,,2,2,5,5:40 PM,DISPATCHED,5:55 PM,9/20/2013,Y,TX1010100,100,,,27,8,2,4,22,64,42,1,5,1,21,21,101,29,29.76152881,-94.97738194,,,,,GARTH RD,3613,,,,,,,,,,,,,,Y,N,N,5,7,Y,FRI,,,,,,,,,,,,,,,,,,,,,,,,,,,,,,,,,,,,,,,,,,,,,,,,,,,,,,,,0,0,0,3,0,0,0,15,,,
13470116,N,N,N,N,N,N,N,9/12/2013,8:05 AM,,,166,1731,Y,Y,30.88288,-97.14933,2,190,,1,,,NOT REPORTED,,N,N,70,Y,N,,N,15,116,,,,,NOT REPORTED,,,,,,,,11,1,0,1,1,1,12,8:09 AM,DISPATCHED,8:30 AM,9/24/2013,Y,,10000,19,119,1,8,2,4,22,64,49,1,2,1,21,21,166,1731,30.88743361,-97.15537045,US,190,,328.161,US0190,,185,2,4.565,612,-0.454,,,,,,,,,Y,Y,Y,5,0,Y,THU,2,0,9,9,0,2,2,120,44,26,4,0,0,2,9,5,2,9,5,0,0,1,2,5664,2014,5664,10.3,21.4,31.7,,,,,,,,,,,,,,,,,,,,,,,,,,,0,0,0,4,0,0,0,,,,
13470176,N,N,N,N,N,N,N,9/27/2013,5:43 PM,0121593813J,,101,208,N,Y,,,19,,,1,7300,,HARWIN,DR,N,N,35,N,N,,Y,19,,,1,5700,,BINTLIFF,DR,,,,,,,12,1,0,,1,1,5,5:47 PM,DISPATCHED,6:10 PM,9/27/2013,Y,TXHPD0000,2469,14,106,54,8,2,1,34,64,54,1,5,1,21,21,101,208,29.71786481,-95.51088305,,,,,HARWIN DR,,,,,,,,,,BINTLIFF DR,,,,,Y,N,N,3,9,Y,FRI,,,,,,,,,,,,,,,,,,,,,,,,,,,,,,,,,,,,,,,,,,,,,,,,,,,,,,,,0,0,1,2,0,1,0,15,,,
13470187,N,N,N,N,N,N,N,9/28/2013,6:40 PM,SAPD13213628,6260,15,379,N,N,,,19,,,1,800,SW,MILITARY,DR,N,N,40,N,N,,N,19,,,,2200,,PLEASANTON,RD,,,,,,,2,1,0,2,1,2,5,6:49 PM,DISPATCH,6:50 PM,9/28/2013,Y,TXSPD0000,2473,,11,175,8,2,4,22,64,36,1,2,1,21,21,15,379,29.35669519,-98.50358784,SL,13,,9.019,SL0013,773,521,2,3.419,492,0.969,,,,,,,,,N,Y,N,5,9,Y,SAT,3,0,0,0,1,9,6,100,70,70,6,0,0,1,0,0,1,0,0,3,1,4,14,25586,2014,25586,2.4,4.7,7,,,,,,,,,,,,,,,,,,,,,,,,,,,0,0,0,4,0,0,0,28,,,
13470200,N,N,N,N,N,N,N,9/28/2013,2:39 PM,13-18937,,221,2,N,Y,,,19,,,1,4200,,BUFFALO GAP,RD,N,N,45,N,N,,Y,19,,,1,4100,S,DANVILLE,DR,,,,,,,12,1,4,2,1,2,5,2:42 PM,DISPATCH,2:45 PM,9/28/2013,Y,TX2210100,10,,,44,8,2,1,24,64,54,1,2,1,21,21,221,2,32.40146255,-99.75818634,US,83,,316.394,US0083,,34,1,4.11,331,0.484,FM,89,,FM0089,,699,1,21.432,Y,Y,N,5,8,Y,SAT,5,0,10,9,43,8,6,260,110,72,5,0,0,2,19,5,2,19,5,2,24,3,12,31186,2014,31186,3.2,12.1,15.3,,,,,,,,,,,,,,,,,,,,,,,,,,,0,0,0,4,0,0,0,166,,,
13470356,N,N,N,N,N,N,N,9/18/2013,7:25 AM,2013-BCSO-039180,C20,15,1580,Y,Y,29.36747,-98.72832,19,,,1,6500,,LUCKEY RUN,,N,N,35,N,N,ASPHALT,Y,19,,,1,,,LUCKEY RANCH,,,,,,ASPHALT,,12,1,4,,4,2,1,8:06 AM,DISPACTCHED,8:22 AM,9/18/2013,Y,TX0150000,120,,,148,8,7,2,1,32,1,1,4,2,21,21,15,1580,29.36725499,-98.72816226,,,,,LUCKEY RNCH,6500,,,,,,,,,UNKNOWN,,,,,Y,N,Y,5,0,Y,WED,,,,,,,,,,,,,,,,,,,,,,,,,,,,,,,,,,,,,,,,,,,,,,,,,,,,,,,,0,0,0,1,0,0,0,28,,,
13470360,N,N,N,N,N,N,N,9/15/2013,10:00 AM,,,195,1760,Y,Y,31.36405,-103.37695,4,1450,,1,,,NOT REPORTED,,N,N,70,N,N,,N,,,,,,,NOT REPORTED,,0.3,M,E,200,,,11,1,0,1,1,1,11,10:22 AM,DISPATCH,10:30 AM,9/16/2013,N,,10000,3,32,1,8,10,4,1,1,54,1,3,2,21,21,195,1760,31.36127791,-103.366608,FM,1450,,6.196,FM1450,,1639,1,6.198,200,0.3,,,,NOT REPORTED,,,,,Y,Y,Y,0,0,Y,SUN,2,0,3,3,0,1,2,120,30,24,2,0,0,2,3,5,2,3,5,0,0,1,7,2867,2014,2867,31,28,59,,,,,,,,,,,,,,,,,,,,,,,,,,,0,0,0,0,1,0,0,,,,
13470380,N,N,N,N,N,N,N,9/28/2013,6:10 AM,13-24871,13-24871,227,1792,Y,Y,30.16845,-97.8624,19,,,1,3615,,CAPISTANO,TRL,N,N,30,N,N,,N,19,,,,11200,,BRODIE,LN,,,,,,,12,3,0,,4,1,1,6:10 AM,RADIO DISPATCH,6:22 AM,9/28/2013,Y,TX2270000,2292,,9,117,8,7,4,1,32,3,1,4,2,21,21,227,1792,30.1684577,-97.86162386,,,,,CAPISTRANO TRL,3615,,,,,,,,,,,,,,Y,N,Y,5,0,Y,SAT,,,,,,,,,,,,,,,,,,,,,,,,,,,,,,,,,,,,,,,,,,,,,,,,,,,,,,,,0,0,0,1,0,0,0,90,,,
13470494,N,N,N,N,N,N,N,9/19/2013,7:50 PM,0118074713W,FSGI,101,208,N,Y,,,19,,,1,2500,,MANDELL,ST,N,N,30,N,N,CONCRETE,N,19,,,,1600,,WESTHEIMER,RD,,,,,,,11,6,0,,1,2,20,7:57 PM,DISPATCHED,7:59 PM,9/19/2013,Y,TXHPD0000,2469,18,121,35,8,4,3,1,64,14,1,5,1,32,21,101,208,29.74303709,-95.39943579,,,,,MANDELL ST,2566,,,,,,,,,,,,,,Y,N,N,0,9,Y,THU,,,,,,,,,,,,,,,,,,,,,,,,,,,,,,,,,,,,,,,,,,,,,,,,,,,,,,,,0,0,0,0,2,0,0,15,,,
13470609,N,N,N,N,N,N,N,9/19/2013,4:10 PM,,13-141956,57,124,N,Y,,,2,67,,1,100,S,S G ALEXANDER,FWY,N,N,60,N,N,,N,19,,,1,,S,MAIN,ST,,,,,,,11,1,0,2,1,1,20,4:14 PM,RADIO DISPATCHED,4:22 PM,9/20/2013,Y,TX0570000,1169,,64,22,8,2,4,22,64,42,1,2,1,21,21,57,124,32.62372367,-96.90984837,US,67,,191.783,US0067,,261,2,12.219,416,-0.907,,,,,,,,,Y,Y,N,5,6,Y,THU,5,0,6,12,42,2,4,300,84,48,5,0,0,2,12,5,2,24,5,3,30,4,12,64346,2014,64346,3,3.2,6.2,,,,,,,,,,,,,,,,,,,,,,,,,,,0,0,0,5,2,0,0,282,,,
13470653,N,N,N,N,N,N,N,9/13/2013,11:04 AM,C1306801,,178,97,N,Y,,,19,,,1,3300,,AGNES,ST,N,N,45,N,N,DRY,Y,19,,,1,100,,MOHAWK,ST,,,,,DRY,,11,1,0,3,1,1,11,11:04 AM,DISPATCHED,11:08 AM,9/13/2013,Y,TX1780200,1115,,,25,8,2,2,22,64,46,1,2,1,21,21,178,97,27.78633532,-97.42890264,SS,544,,3.674,SS0544,3401,102,14,12.572,554,0.563,,,,MOHAWK ST,,,,,Y,Y,N,5,9,Y,FRI,2,0,0,0,0,9,4,80,66,62,6,2,2,1,0,0,1,0,0,0,0,4,14,7280,2014,7280,7.5,6.4,13.9,1,140,1,1,8,,,,,,,,,,,,,,,,,,,,,,0,0,0,2,0,0,0,96,,,
13470669,N,N,N,N,N,N,N,9/27/2013,4:24 PM,13095626,,170,92,N,Y,,,1,45,,2,2900,N,IH 45 NORTH FEEDER,,N,N,55,N,N,,N,4,3083,,,,N,FM 3083 WEST,,,,,,,,12,1,0,2,2,1,20,4:28 PM,DISPATCH,4:40 PM,9/27/2013,Y,TX1700100,325,,,122,8,2,3,20,64,13,2,1,1,32,21,170,92,30.34972119,-95.48377659,IH,45,,89.687,IH0045,,675,8,16.947,90,-0.231,,,,,,,,,Y,Y,N,5,7,Y,FRI,5,0,12,10,50,9,4,300,92,48,6,0,0,2,24,5,2,20,5,2,26,4,11,72073,2014,72073,2.8,19.2,22,1,415,0,2,14,,,,,,,,,,,,,,,,,,,,,,0,0,0,3,0,0,0,15,,,
13470782,N,N,N,N,N,N,N,9/22/2013,4:45 PM,13-02397,,101,447,N,Y,,,1,45,,2,20700,,IH 45 E FR,FWY,N,N,50,N,N,,N,19,,,1,,W,NASA,PKWY,,,,,,,12,1,0,2,1,1,17,4:46 PM,DISPATCH,4:50 PM,9/22/2013,Y,TX1012500,2391,,,,8,2,2,22,64,38,2,1,1,21,21,101,447,29.52119459,-95.12481592,IH,45,,24.975,IH0045,,500,3,1.022,25,-0.055,SH,NASA,,SHNASA,,,,,Y,Y,N,3,5,Y,SUN,5,0,12,12,50,9,6,300,124,72,5,0,0,2,24,5,2,24,5,2,26,4,11,117628,2014,117628,5.5,4.6,10.1,,,,,,,,,,,,,,,,,,,,,,,,,,,0,0,1,3,0,1,0,15,,,
13470792,N,N,N,N,N,N,N,9/19/2013,4:10 PM,13-02368,,101,447,N,Y,,,19,,,1,500,W,BAY AREA,BLVD,N,N,35,N,N,,N,19,,,1,,,TEXAS,AVE,,,,,,,2,1,0,,1,2,20,4:12 PM,DISPATCHED,4:14 PM,9/19/2013,Y,TX1012500,2391,,,,8,2,4,21,64,9,1,5,1,21,21,101,447,29.54534385,-95.13352546,,,,,W BAY AREA BLVD,,,,,,,,,,,,,,,Y,N,N,5,5,Y,THU,,,,,,,,,,,,,,,,,,,,,,,,,,,,,,,,,,,,,,,,,,,,,,,,,,,,,,,,0,0,0,4,0,0,0,15,,,
13470860,N,N,N,N,N,N,N,9/19/2013,10:13 AM,01331-13,,106,609,N,Y,,,17,,,7,1015,S,2ND,ST,Y,N,0,N,N,PIT STOP PARKING LOT,N,19,,,1,100,W,BIRCH,,,,,,,,11,1,0,,7,1,1,10:13 AM,DISPATCHED,10:15 AM,9/19/2013,N,TX1060000,1436,,,,8,4,4,5,64,54,7,9,5,33,21,106,609,,,,,,,S 2ND ST,,,,,,,,,,,,,,,N,N,Y,0,3,N,THU,,,,,,,,,,,,,,,,,,,,,,,,,,,,,,,,,,,,,,,,,,,,,,,,,,,,,,,,0,0,0,0,1,0,0,,,,
13470905,N,N,N,N,N,N,N,9/22/2013,10:24 AM,C1307066,,178,97,N,Y,,,19,,,1,5133,,MIDDLECOFF,RD,N,N,30,N,N,,N,19,,,1,6500,,LONGMEADOW,DR,,,,,,,11,1,2,,1,1,1,10:44 AM,DISPATCHER,10:54 AM,9/22/2013,N,TX1780200,1115,,,19,8,4,4,5,64,54,1,5,1,21,21,178,97,27.68803188,-97.39293584,,,,,MIDDLECOFF DR,5142,,,,,,,,,,,,,,Y,N,N,0,9,Y,SUN,,,,,,,,,,,,,,,,,,,,,,,,,,,,,,,,,,,,,,,,,,,,,,,,,,,,,,,,0,0,0,0,1,0,0,96,,,