Crash_ID,Crash_Fatal_Fl,Cmv_Involv_Fl,Schl_Bus_Fl,Rr_Relat_Fl,Medical_Advisory_Fl,Amend_Supp_Fl,Active_School_Zone_Fl,Crash_Date,Crash_Time,Case_ID,Local_Use,Rpt_CRIS_Cnty_ID,Rpt_City_ID,Rpt_Outside_City_Limit_Fl,Thousand_Damage_Fl,Rpt_Latitude,Rpt_Longitude,Rpt_Rdwy_Sys_ID,Rpt_Hwy_Num,Rpt_Hwy_Sfx,Rpt_Road_Part_ID,Rpt_Block_Num,Rpt_Street_Pfx,Rpt_Street_Name,Rpt_Street_Sfx,Private_Dr_Fl,Toll_Road_Fl,Crash_Speed_Limit,Road_Constr_Zone_Fl,Road_Constr_Zone_Wrkr_Fl,Rpt_Street_Desc,At_Intrsct_Fl,Rpt_Sec_Rdwy_Sys_ID,Rpt_Sec_Hwy_Num,Rpt_Sec_Hwy_Sfx,Rpt_Sec_Road_Part_ID,Rpt_Sec_Block_Num,Rpt_Sec_Street_Pfx,Rpt_Sec_Street_Name,Rpt_Sec_Street_Sfx,Rpt_Ref_Mark_Offset_Amt,Rpt_Ref_Mark_Dist_Uom,Rpt_Ref_Mark_Dir,Rpt_Ref_Mark_Nbr,Rpt_Sec_Street_Desc,Rpt_CrossingNumber,Wthr_Cond_ID,Light_Cond_ID,Entr_Road_ID,Road_Type_ID,Road_Algn_ID,Surf_Cond_ID,Traffic_Cntl_ID,Investigat_Notify_Time,Investigat_Notify_Meth,Investigat_Arrv_Time,Report_Date,Investigat_Comp_Fl,ORI_Number,Investigat_Agency_ID,Investigat_Area_ID,Investigat_District_ID,Investigat_Region_ID,Bridge_Detail_ID,Harm_Evnt_ID,Intrsct_Relat_ID,FHE_Collsn_ID,Obj_Struck_ID,Othr_Factr_ID,Road_Part_Adj_ID,Road_Cls_ID,Road_Relat_ID,Phys_Featr_1_ID,Phys_Featr_2_ID,Cnty_ID,City_ID,Latitude,Longitude,Hwy_Sys,Hwy_Nbr,Hwy_Sfx,Dfo,Street_Name,Street_Nbr,Control,Section,Milepoint,Ref_Mark_Nbr,Ref_Mark_Displ,Hwy_Sys_2,Hwy_Nbr_2,Hwy_Sfx_2,Street_Name_2,Street_Nbr_2,Control_2,Section_2,Milepoint_2,Txdot_Rptable_Fl,Onsys_Fl,Rural_Fl,Crash_Sev_ID,Pop_Group_ID,Located_Fl,Day_of_Week,Hwy_Dsgn_Lane_ID,Hwy_Dsgn_Hrt_ID,Hp_Shldr_Left,Hp_Shldr_Right,Hp_Median_Width,Base_Type_ID,Nbr_Of_Lane,Row_Width_Usual,Roadbed_Width,Surf_Width,Surf_Type_ID,Curb_Type_Left_ID,Curb_Type_Right_ID,Shldr_Type_Left_ID,Shldr_Width_Left,Shldr_Use_Left_ID,Shldr_Type_Right_ID,Shldr_Width_Right,Shldr_Use_Right_ID,Median_Type_ID,Median_Width,Rural_Urban_Type_ID,Func_Sys_ID,Adt_Curnt_Amt,Adt_Curnt_Year,Adt_Adj_Curnt_Amt,Pct_Single_Trk_Adt,Pct_Combo_Trk_Adt,Trk_Aadt_Pct,Curve_Type_ID,Curve_Lngth,Cd_Degr,Delta_Left_Right_ID,Dd_Degr,Feature_Crossed,Structure_Number,I_R_Min_Vert_Clear,Approach_Width,Bridge_Median_ID,Bridge_Loading_Type_ID,Bridge_Loading_In_1000_Lbs,Bridge_Srvc_Type_On_ID,Bridge_Srvc_Type_Under_ID,Culvert_Type_ID,Roadway_Width,Deck_Width,Bridge_Dir_Of_Traffic_ID,Bridge_Rte_Struct_Func_ID,Bridge_IR_Struct_Func_ID,CrossingNumber,RRCo,Poscrossing_ID,WDCode_ID,Standstop,Yield,Incap_Injry_Cnt,Nonincap_Injry_Cnt,Poss_Injry_Cnt,Non_Injry_Cnt,Unkn_Injry_Cnt,Tot_Injry_Cnt,Death_Cnt,MPO_ID,Investigat_Service_ID,Investigat_DA_ID,Investigator_Narrative
13470988,N,N,N,N,N,N,N,9/19/2013,4:56 PM,C1306995,,178,97,N,N,,,19,,,1,2300,,SARATOGA,BLVD,N,N,45,N,N,,N,19,,,1,6400,,AYERS,ST,,,,,,,11,1,0,2,1,1,11,4:57 PM,DISPATCH,5:03 PM,9/19/2013,N,TX1780200,1115,,,19,8,2,4,22,64,42,1,2,1,21,21,178,97,27.71351583,-97.4411989,SH,357,,3.278,SH0357,,1069,1,8.311,560,-0.667,,,,,,,,,N,Y,N,5,9,Y,THU,3,0,0,0,16,2,6,120,72,72,4,1,2,1,0,0,1,0,0,1,16,4,14,19904,2014,19904,4.9,3.9,8.8,,,,,,,,,,,,,,,,,,,,,,,,,,,0,0,0,4,1,0,0,96,,,
13471067,N,N,N,N,Y,N,N,9/13/2013,11:57 AM,201320181,,116,180,N,Y,,,3,34,,1,6000,,WESLEY,ST,N,N,35,N,N,,Y,19,,,1,2700,,POPLAR,ST,,,,,,,11,1,2,3,1,1,5,11:58 AM,DISPATCHED,11:59 AM,9/13/2013,Y,TX1160300,1383,,,191,8,2,1,10,64,3,1,2,1,21,21,116,180,33.10988419,-96.10955385,SH,34,,41.504,SH0034,,173,7,1.56,282,-0.253,,,,POPLAR ST,,,,,Y,Y,N,3,6,Y,FRI,2,0,1,1,0,3,4,80,64,48,4,1,1,2,1,5,2,1,5,0,0,2,14,21136,2014,21136,5.6,19.2,24.8,,,,,,,,,,,,,,,,,,,,,,,,,,,0,0,1,1,0,1,0,282,,,
13471068,N,N,N,N,N,N,N,9/22/2013,8:03 PM,2013-20887,,116,180,N,Y,,,9,67,,1,2500,,LEE,ST,N,N,30,N,N,,Y,9,69,,1,2400,,STONEWALL,ST,,,,,,,11,4,4,3,1,1,5,8:03 PM,DISPATCH,8:04 PM,9/22/2013,Y,TX1160300,1383,30,26,41,8,2,1,10,64,3,1,2,1,21,21,116,180,33.13944134,-96.10675053,SH,34,,39.331,SH0034,2550,136,1,2.14,280,-0.304,SS,302,,SS0302,,,,,Y,Y,N,2,6,Y,SUN,0,0,8,4,16,2,4,136,77,49,4,1,1,2,16,5,2,12,5,4,0,2,14,6679,2014,6679,5.6,19.2,24.8,,,,,,,,,,,,,,,,,,,,,,,,,,,0,1,0,2,0,1,0,282,,,
13471118,N,N,N,N,N,N,N,9/21/2013,9:24 PM,13-0062,,184,866,N,N,,,2,180,,1,3200,,US HWY 180,,N,N,45,N,N,,Y,19,,,1,100,,LAKESHORE DR,DR,,,,,,,11,4,4,2,1,1,5,9:34 PM,RADIO,9:34 PM,9/22/2013,Y,TX1840400,1492,,227,276,8,7,2,1,39,3,1,2,4,21,21,184,866,32.75669849,-97.69888721,US,180,,299.984,US0180,3199,8,3,7.59,554,-0.146,,,,LAKESHORE DR,,,,,Y,Y,Y,2,1,Y,SAT,3,0,0,13,11,3,4,162,73,48,4,1,0,1,0,0,2,25,5,1,11,2,14,18810,2014,18810,2.1,1.6,3.7,1,243,3,2,38,,,,,,,,,,,,,,,,,,,,,,0,1,0,1,0,1,0,282,,,
13471222,N,N,N,N,N,N,N,9/19/2013,12:45 PM,13-171703,,43,336,N,Y,,,19,,,1,5700,W,PARKER,RD,N,N,40,N,N,,N,19,,,,,,BROADWELL,DR,,,,,,,11,1,0,,1,1,20,12:55 PM,RADIO DISPATCHED,1:08 PM,9/19/2013,Y,TX0430600,1938,39,145,58,8,2,4,21,64,9,1,5,1,21,21,43,336,33.04494779,-96.81903561,,,,,W PARKER RD,,,,,,,,,,,,,,,Y,N,N,5,9,Y,THU,,,,,,,,,,,,,,,,,,,,,,,,,,,,,,,,,,,,,,,,,,,,,,,,,,,,,,,,0,0,0,6,0,0,0,282,,,
13471269,N,N,N,N,N,N,N,9/23/2013,3:11 PM,2013-023937,,123,30,N,Y,,,19,,,1,1100,,11TH,ST,N,N,40,N,N,,N,19,,,1,1000,,BLANCHETTE,,,,,,,,12,1,4,,1,1,20,3:15 PM,DISPATCH,3:21 PM,9/23/2013,Y,TX1230100,104,,,,8,2,4,20,64,42,1,5,1,21,21,123,30,30.06399581,-94.12932253,,,,,S 11TH ST,1258,,,,,,,,,,,,,,Y,N,N,3,8,Y,MON,,,,,,,,,,,,,,,,,,,,,,,,,,,,,,,,,,,,,,,,,,,,,,,,,,,,,,,,0,0,1,3,0,1,0,135,,,
13471467,N,N,N,N,N,N,N,9/29/2013,8:20 AM,13A014360,,170,1389,N,Y,,,19,,,1,9898,,WOODLANDS,PKWY,N,N,45,N,N,MAIN ROADWAY,Y,19,,,1,10998,,TERRAMONT,DR,,,,,MAIN ROADWAY,,2,4,0,,1,2,5,8:33 AM,DISPATCHED,8:34 AM,9/29/2013,Y,TX1700000,1798,,,59,8,2,1,13,64,54,1,5,1,21,21,170,1735,30.19026472,-95.58488301,,,,,WOODLANDS PKWY,9000,,,,,,,,,TERRAMONT DR,,,,,Y,N,Y,5,0,Y,SUN,,,,,,,,,,,,,,,,,,,,,,,,,,,,,,,,,,,,,,,,,,,,,,,,,,,,,,,,0,0,0,3,0,0,0,15,,,
13471501,N,N,N,N,N,N,N,9/27/2013,7:38 AM,130927011,,165,291,N,Y,,,19,,,1,200,N,MIDKIFF,RD,N,N,40,N,N,,N,19,,,,3200,W,ILLINOIS,ST,,,,,,,11,1,0,,1,1,20,7:42 AM,DISPATCHED,7:51 AM,9/27/2013,Y,TX1650100,1782,,,127,8,2,4,20,64,36,1,5,1,21,21,165,291,31.99141014,-102.1157764,,,,,N MIDKIFF RD,285,,,,,,,,,,,,,,Y,N,N,5,8,Y,FRI,,,,,,,,,,,,,,,,,,,,,,,,,,,,,,,,,,,,,,,,,,,,,,,,,,,,,,,,0,0,0,7,0,0,0,174,,,
13471523,N,N,N,N,N,N,N,9/16/2013,7:17 PM,13-48692,,108,132,N,N,,,4,676,,1,2800,W,TRENTON,RD,N,N,45,N,N,,N,4,2061,,,4200,S,MCCOLL,RD,,,,,,,2,1,0,,1,2,1,7:17 PM,RADIO DISPATCHED,7:42 PM,9/17/2013,N,TX1080400,1248,,,35,8,2,4,22,64,47,1,3,1,21,21,108,132,,,FM,676,,,FM0676,,,,,,,,,,,,,,,N,Y,N,5,7,N,MON,,,,,,,,,,,,,,,,,,,,,,,,,,,,,,,,,,,,,,,,,,,,,,,,,,,,,,,,0,0,0,2,1,0,0,,,,
13471693,N,N,N,N,N,N,N,9/29/2013,5:15 PM,130026180,,57,177,N,Y,,,3,303,,1,300,W,PIONEER,PKWY,N,N,45,N,N,,Y,19,,,1,2400,,GREGORY,LN,,,,,,,11,1,4,2,1,1,11,5:18 PM,DISPATCH,5:20 PM,9/30/2013,Y,TX0571200,1372,,,33,8,2,1,10,64,14,1,2,1,32,21,57,177,32.70951234,-97.0059319,SS,303,,13.798,SS0303,,2208,2,2.055,576,-0.158,,,,GREGORY LN,,,,,Y,Y,N,2,8,Y,SUN,3,0,0,0,14,3,6,120,66,66,5,1,1,1,0,0,1,0,0,3,14,4,14,22756,2014,22756,2.5,0.4,2.9,,,,,,,,,,,,,,,,,,,,,,,,,,,0,1,1,2,0,2,0,282,,,
13471779,N,N,N,N,N,N,N,9/15/2013,8:03 AM,,,137,1702,Y,Y,27.52668,-97.90328,3,141,,1,,,NOT REPORTED,,N,N,70,N,N,,N,19,,,,,W,SANTA GERTRUDIS,,,,,,,,2,1,0,1,1,2,11,8:13 AM,DPS DISPATCH,8:26 AM,9/25/2013,Y,,10000,19,112,1,8,7,4,1,20,1,1,2,2,21,21,137,1702,27.52393621,-97.89840623,SH,141,,12.524,SH0141,,383,4,10.082,532,0.073,,,,,,,,,Y,Y,Y,5,0,Y,SUN,2,0,8,8,0,2,2,100,42,26,4,0,0,2,8,5,2,8,5,0,0,2,16,4191,2014,4191,2,10,11.9,,,,,,,,,,,,,,,,,,,,,,,,,,,0,0,0,1,0,0,0,,,,
13471800,N,N,N,N,N,N,N,9/29/2013,12:35 PM,250968A,,57,107,N,Y,,,19,,,1,9600,,ROYAL,LN,N,N,35,N,N,,Y,19,,,1,8100,,TORY SOUND,DR,,,,,,,11,1,2,,5,1,8,12:37 PM,DISPATCHED,12:39 PM,9/30/2013,Y,tx0000006,2471,,,33,8,2,1,10,64,54,1,5,1,21,21,57,107,32.89299423,-96.73676258,,,,,ROYAL LN,,,,,,,,,,TORY SOUND ST,,,,,Y,N,N,3,9,Y,SUN,,,,,,,,,,,,,,,,,,,,,,,,,,,,,,,,,,,,,,,,,,,,,,,,,,,,,,,,0,0,1,6,0,1,0,282,,,
13472051,N,Y,N,N,N,N,N,9/18/2013,11:32 PM,,,166,1731,Y,Y,30.69385,-96.90977,2,79,,1,,,NOT REPORTED,,N,N,70,N,N,WEST OF MILANO,N,15,329,,,,,NOT REPORTED,,,,,,,,11,3,0,1,3,1,12,11:29 PM,DISPATCHED,11:32 PM,9/20/2013,Y,,10000,19,119,1,8,2,4,24,64,22,1,2,1,21,21,166,1731,30.6929728,-96.9118144,US,79,,223.776,US0079,,204,6,1.416,516,0.386,,,,,,,,,Y,Y,Y,5,0,Y,WED,2,0,10,10,0,2,2,100,44,24,4,0,0,2,10,5,2,10,5,0,0,1,2,5818,2014,5818,9.5,23.2,32.7,,,,,,,,,,,,,,,,,,,,,,,,,,,0,0,0,2,0,0,0,,,,
13472236,N,N,N,N,N,N,N,9/27/2013,11:15 PM,0121731313G,,101,208,N,Y,,,1,610,,2,3100,S,SOUTH LP W SER N,,N,N,35,N,N,CONCRETE,Y,19,,,1,9900,S,MAIN,ST,,,,,,,11,4,0,2,1,1,5,11:22 PM,DISPATCHED,11:33 PM,9/29/2013,Y,TXHPD0000,2469,6,125,40,8,2,1,10,64,54,2,1,1,21,21,101,208,29.67764548,-95.42761224,IH,610,,2.811,IH0610,,271,16,9.052,3,-0.059,UA,90,,UA0090,,,,,Y,Y,N,2,9,Y,FRI,5,0,0,10,30,9,8,360,126,96,5,0,0,1,10,0,2,20,5,2,20,4,11,130694,2014,130694,2.8,2.8,5.6,1,313,1,2,16,,,,,,,,,,,,,,,,,,,,,,0,1,0,2,0,1,0,15,,,
13472327,N,N,N,N,N,N,N,9/29/2013,2:40 AM,SAPD13123888,7250,15,379,N,Y,,,1,410,,1,3100,,NOT REPORTED,,N,N,65,N,N,,N,1,10,,,7500,,NOT REPORTED,,,,,,,,2,4,0,2,1,2,1,2:45 AM,CAME ACROSS ACCIDENT,2:45 AM,9/29/2013,Y,TXSPD0000,2473,,61,123,8,2,4,21,64,1,1,1,1,21,21,15,379,29.50730427,-98.54415374,IH,410,,17.149,IH0410,,521,4,17.205,17,0.052,,,,,,,,,Y,Y,N,5,9,Y,SUN,5,0,8,10,19,2,9,300,154,118,4,0,0,2,16,5,2,18,5,2,3,4,11,212452,2014,212452,2.9,1.9,4.7,1,648,0,2,25,,,,,,,,,,,,,,,,,,,,,,0,0,0,1,1,0,0,28,,,
13472555,N,N,N,N,N,N,N,9/18/2013,12:30 PM,13K0681,,170,1013,N,Y,,,4,1774,,1,38900,,NOT REPORTED,,N,N,55,Y,Y,TWO WAY NOT DIVIDED,Y,19,,,1,31500,,FRIENDSHIP,LN,,,,,,,11,1,98,1,1,1,8,12:30 PM,DISPATCHED,12:33 PM,9/19/2013,Y,TX1701000,1720,,,,8,2,1,14,64,49,1,3,1,21,21,170,1735,30.19604918,-95.72709176,FM,1774,,29.103,FM1774,38598,1400,4,5.248,454,-0.884,,,,FRIENDSHIP DR,,,,,Y,Y,Y,3,0,Y,WED,2,0,8,8,0,2,2,60,40,24,4,0,0,2,8,5,2,8,5,0,0,4,17,16160,2014,16160,6.8,2.3,9.1,,,,,,,,,,,,,,,,,,,,,,,,,,,0,0,1,3,0,1,0,15,,,
13472741,N,N,N,N,N,N,N,9/5/2013,7:58 AM,2013-19528,,116,180,N,N,,,4,1570,,1,8500,,JACK FINNEY,BLVD,N,N,50,N,N,,N,19,,,,,,AIR PARK,AVE,,,,,,,11,1,0,1,1,1,1,8:00 AM,DISPATCHED,8:04 AM,9/5/2013,N,1160300,1383,30,87,5,8,2,3,10,64,14,1,3,1,32,21,116,180,33.08186194,-96.07773381,FM,1570,,2.42,FM1570,8851,2276,1,2.403,242,0.398,,,,,,,,,N,Y,N,5,6,Y,THU,2,0,4,4,0,2,2,100,28,20,2,0,0,5,4,5,5,4,5,0,0,2,14,7752,2014,7752,4,3.3,7.3,1,177,3,2,28,,,,,,,,,,,,,,,,,,,,,,0,0,0,1,1,0,0,282,,,
13472758,N,Y,N,N,N,N,N,9/20/2013,1:00 PM,1300025088,,112,415,N,Y,,,19,,,1,1100,S,COMO,ST,N,N,30,N,N,,N,19,,,1,600,,BILL BRADFORD,RD,,,,,,,2,1,0,,1,2,1,1:02 PM,DISPATCHED,1:12 PM,9/21/2013,Y,TX1120200,2193,,8,36,8,2,2,35,64,38,1,5,1,21,21,112,415,33.1216773,-95.58733052,,,,,COMO ST S,1290,,,,,,,,,BILL BRADFORD RD,,,,,Y,N,N,5,5,Y,FRI,,,,,,,,,,,,,,,,,,,,,,,,,,,,,,,,,,,,,,,,,,,,,,,,,,,,,,,,0,0,0,3,0,0,0,,,,
13473320,N,N,N,N,N,N,N,9/16/2013,11:50 AM,130051505,,220,19,N,Y,,,19,,,1,4100,,NEW YORK,AVE,N,N,40,Y,Y,,N,1,20,,,1900,E,NOT REPORTED,HWY,,,,,EB SERVICE RD,,11,1,0,,3,1,1,11:54 AM,DISPATCHED,11:58 AM,9/16/2013,Y,TX2200100,59,,8,68,8,2,2,20,64,49,1,1,1,21,21,220,19,32.6791825,-97.0806935,,,,,NEW YORK AVE,,,,,,,IH,20,,IH0020,,,,,Y,N,N,5,9,Y,MON,,,,,,,,,,,,,,,,,,,,,,,,,,,,,,,,,,,,,,,,,,,,,,,,,,,,,,,,0,0,0,4,0,0,0,282,,,
13473422,N,N,N,N,N,N,N,9/20/2013,5:45 PM,2013-03785,,43,7,N,Y,,,19,,,1,604,W,BETHANY,DR,N,N,0,N,N,,Y,19,,,1,,,ENTERPRISE,BLVD,,,,,,,2,5,2,,4,2,20,,DISPATCH,5:49 PM,9/20/2013,Y,TX0430100,22,29,2,102,8,2,1,34,64,13,1,5,1,32,21,43,7,33.09083419,-96.67914258,,,,,W BETHANY DR,,,,,,,,,,ENTERPRISE BLVD,,,,,Y,N,N,5,7,Y,FRI,,,,,,,,,,,,,,,,,,,,,,,,,,,,,,,,,,,,,,,,,,,,,,,,,,,,,,,,0,0,0,5,0,0,0,282,,,
13473498,N,N,N,N,N,N,N,9/21/2013,11:15 AM,0118754113E,,101,208,N,Y,,,19,,,1,10300,S,GESSNER,DR,N,N,35,N,N,,Y,19,,,1,,,TWIN HILLS,RD,,,,,,,12,1,0,,1,1,8,11:20 AM,DISPATCHED,11:30 AM,9/21/2013,Y,TXHPD0000,2469,18,125,55,8,2,1,14,64,54,1,5,1,21,21,101,208,29.66755483,-95.52823305,,,,,S GESSNER DR,,,,,,,,,,TWIN HILLS DR,,,,,Y,N,N,5,9,Y,SAT,,,,,,,,,,,,,,,,,,,,,,,,,,,,,,,,,,,,,,,,,,,,,,,,,,,,,,,,0,0,0,5,0,0,0,15,,,
13473581,N,N,N,N,N,N,N,9/20/2013,5:18 PM,2013012088,,125,6,N,Y,,,3,44,,1,500,E,FRONT,ST,N,N,35,N,N,,N,19,,,,10,S,ALMOND,ST,,,,,,,11,1,98,3,1,1,1,5:19 PM,DISPATCH,5:20 PM,9/20/2013,Y,TX1250100,20,,,35,8,2,2,22,64,42,1,2,1,21,21,125,6,27.74924037,-98.0711493,SH,44,,94.594,SH0044,593,87,1,10.153,522,0.206,,,,S ALMOND ST,,,,,Y,Y,N,5,5,Y,FRI,2,0,0,0,0,2,4,80,60,60,4,2,2,1,0,0,1,0,0,0,0,2,14,17888,2014,17888,6.3,3.4,9.7,,,,,,,,,,,,,,,,,,,,,,,,,,,0,0,0,2,0,0,0,,,,
13473597,N,N,N,N,N,N,N,9/23/2013,1:38 PM,13-00003130,,84,1649,Y,Y,,,1,45,,1,1407,,IH 45,,N,N,65,N,N,3 LANE ONE WAY,N,3,6,,,,,HWY 6,,,,,,MULTI-HWY LANE,,11,1,0,,1,1,20,1:39 PM,RADIO; CAD,1:46 PM,9/23/2013,Y,TX0840000,1339,,,,8,7,4,1,20,54,1,1,2,21,21,84,1649,,,IH,45,,,IH0045,,,,,,,,,,,,,,,Y,Y,Y,5,0,N,MON,,,,,,,,,,,,,,,,,,,,,,,,,,,,,,,,,,,,,,,,,,,,,,,,,,,,,,,,0,0,0,1,0,0,0,,,,
13473645,N,N,N,N,N,N,N,9/14/2013,11:36 PM,130051267,,220,19,N,Y,,,3,360,,1,4900,,NOT REPORTED,FWY,N,N,60,N,N,,N,19,,,,2500,E,BARDIN,RD,,,,,,,11,4,0,2,1,1,20,11:36 PM,DISPATCH,11:48 PM,9/15/2013,Y,TX2200100,59,,8,68,8,7,4,1,20,30,1,2,4,21,21,220,19,32.67300544,-97.06261346,SH,360,,17.366,SH0360,,2266,2,17.403,,,,,,,,,,,Y,Y,N,5,9,Y,SAT,5,0,6,10,52,3,4,440,80,48,5,0,0,2,12,5,2,20,5,3,40,4,12,91179,2014,91179,3.4,2.4,5.9,,,,,,,,,,,,,,,,,,,,,,,,,,,0,0,0,1,0,0,0,282,,,
13473717,N,N,N,N,N,N,N,9/21/2013,7:41 PM,13KP068540,,220,231,N,Y,,,4,1709,,1,1400,,NOT REPORTED,,N,N,45,N,N,,Y,19,,,1,100,,KELLER SMITHFIELD RD S,,,,,,,,11,1,0,2,1,1,21,7:01 PM,DISPATCHED,7:08 PM,9/21/2013,Y,TX2203000,1565,,8,46,8,2,1,14,64,54,1,3,1,21,21,220,231,32.93444308,-97.21851029,FM,1709,,2.036,FM1709,,1603,3,7.048,562,0.048,,,,KELLER SMITHFIELD RD S,,,,,Y,Y,N,3,6,Y,SAT,3,0,0,0,20,2,6,130,72,72,4,1,1,1,0,0,1,0,0,1,20,4,14,36612,2014,36612,0.8,0.1,0.9,,,,,,,,,,,,,,,,,,,,,,,,,,,0,0,2,1,0,2,0,282,,,
13473728,N,N,N,N,N,N,N,9/23/2013,10:15 PM,230491,,31,1596,Y,Y,26.05853,-97.65388,4,732,,1,,,NOT REPORTED,,N,N,55,N,N,,N,15,,,,,,CALLE PALOMA,,,,,,,,11,3,0,1,1,1,11,10:19 PM,DPS COMMUNICATIONS,10:29 PM,9/23/2013,Y,TXDPS5804,10000,7,127,1,8,6,4,1,64,24,1,3,1,21,21,31,1596,26.05959979,-97.65280713,FM,732,,5.272,FM0732,34505,1057,2,4.99,732,0.674,,,,,,,,,Y,Y,Y,1,0,Y,MON,2,0,3,3,0,2,2,80,30,24,4,0,0,2,3,5,2,3,5,0,0,3,17,2516,2014,2516,4.2,13.4,17.6,,,,,,,,,,,,,,,,,,,,,,,,,,,1,0,0,0,0,1,0,201,,,
13473735,N,N,N,N,N,Y,N,9/11/2013,8:00 AM,,,31,240,N,Y,26.16533,-97.83495,2,83,,1,,,NOT REPORTED,,N,N,70,N,N,,N,15,,,,,,RABB,RD,,,,,,,11,1,0,1,1,1,11,8:45 AM,RADIO DPS,9:00 AM,10/14/2013,Y,TXDPS5804,10000,7,127,1,8,2,4,20,64,42,1,2,1,21,21,31,1596,26.15545478,-97.83632972,BU,83,S,38.146,BU0083S,11664,39,6,1.589,538,-0.404,,,,,,,,,Y,Y,Y,5,0,Y,WED,2,0,0,0,0,2,2,85,35,24,4,0,0,1,0,0,1,0,0,0,0,3,14,3710,2014,3710,1.3,0.2,1.5,,,,,,,,,,,,,,,,,,,,,,,,,,,0,0,0,3,0,0,0,201,,,
13473764,N,N,N,N,N,N,N,9/20/2013,5:40 PM,2013012091,,125,6,N,Y,,,19,,,1,900,S,REYNOLDS,ST,N,N,30,N,N,,Y,19,,,1,400,,SCHLEY,ST,,,,,SCHLEY ST,,11,1,0,,1,1,8,5:40 PM,DISPATCHED,5:42 PM,9/20/2013,Y,TX1250100,20,,,,8,2,1,10,64,54,1,5,1,21,21,125,6,27.7406553,-98.07325248,,,,,S REYNOLDS ST,1100,,,,,,,,,SCHLEY ST,,,,,Y,N,N,3,5,Y,FRI,,,,,,,,,,,,,,,,,,,,,,,,,,,,,,,,,,,,,,,,,,,,,,,,,,,,,,,,0,0,2,1,0,2,0,,,,
13473872,N,N,N,N,N,N,N,9/23/2013,7:02 PM,2013-036787,,220,31,N,Y,,,19,,,1,2200,,HARWOOD,RD,N,N,40,N,N,,Y,19,,,1,2900,,CENTRAL,DR,,,,,,,11,1,98,,1,1,5,7:02 PM,BEDFORD DISPATCH,7:10 PM,9/23/2013,N,TX2200300,105,,,35,8,2,1,34,64,54,1,5,1,21,21,220,31,32.85195426,-97.13192248,,,,,HARWOOD RD,,,,,,,,,,CENTRAL DR,,,,,Y,N,N,5,6,Y,MON,,,,,,,,,,,,,,,,,,,,,,,,,,,,,,,,,,,,,,,,,,,,,,,,,,,,,,,,0,0,0,1,1,0,0,282,,,
13473923,N,N,N,N,N,N,N,9/28/2013,11:00 AM,SAPD13213352,5210,15,379,N,Y,,,17,,,7,100,S,GENERAL MCMULLEN,ST,Y,N,5,N,N,,N,19,,,,4600,W,COMMERCE,ST,,,,,,,11,1,98,,1,1,1,11:19 AM,DISPATCHED,11:46 AM,9/28/2013,N,TXSPD0000,2473,,3,122,8,2,4,20,64,3,7,9,5,33,21,15,379,,,,,,,S GENERAL MCMULLEN ST,,,,,,,,,,,,,,,N,N,N,5,9,N,SAT,,,,,,,,,,,,,,,,,,,,,,,,,,,,,,,,,,,,,,,,,,,,,,,,,,,,,,,,0,0,0,1,1,0,0,,,,
13474182,N,N,N,N,N,Y,N,10/1/2013,7:55 AM,2013-41027,,108,331,N,Y,,,2,281,,1,7800,S,CAGE,BLVD,N,N,45,N,N,,Y,19,,,1,100,E,ST ANNE,ST,,,,,,,11,1,0,,1,1,8,7:55 AM,DISPATCH,7:57 AM,12/8/2013,Y,TX1081100,1926,,,35,8,2,1,14,64,54,1,2,1,21,21,108,331,,,US,281,,,US0281,,,,,,,,,,E ST ANNE ST,,,,,Y,Y,N,3,7,N,TUE,,,,,,,,,,,,,,,,,,,,,,,,,,,,,,,,,,,,,,,,,,,,,,,,,,,,,,,,0,0,2,1,0,2,0,,,,
13474233,N,N,N,N,N,N,N,9/23/2013,5:31 PM,0119806613Z,,101,208,N,Y,,,19,,,1,,,CANAL,ST,N,N,30,N,N,,Y,19,,,1,700,N,74TH,ST,,,,,,,11,1,0,,1,1,8,5:36 PM,DISPATCH,5:38 PM,9/30/2013,Y,TXHPD0000,2469,16,113,65,8,2,1,10,64,3,1,5,1,21,21,101,208,29.7371548,-95.29245311,,,,,CANAL ST,7399,,,,,,,,,74TH ST,,,,,Y,N,N,3,9,Y,MON,,,,,,,,,,,,,,,,,,,,,,,,,,,,,,,,,,,,,,,,,,,,,,,,,,,,,,,,0,0,1,3,0,1,0,15,,,
13474236,N,N,N,N,N,Y,N,9/27/2013,5:30 PM,0121587313W,FSGI,101,208,N,Y,,,19,,,1,6700,,RICHWOOD,RD,N,N,30,N,N,CONCRETE,N,19,,,,6200,,PLAINVIEW,,,,,,,,11,1,0,,1,1,1,5:33 PM,DISPATCHED,5:37 PM,2/24/2014,Y,TXHPD0000,2469,24,104,28,8,2,4,30,64,54,1,5,1,21,21,101,208,29.67258413,-95.30680146,,,,,RICHWOOD RD,6797,,,,,,,,,,,,,,Y,N,N,5,9,Y,FRI,,,,,,,,,,,,,,,,,,,,,,,,,,,,,,,,,,,,,,,,,,,,,,,,,,,,,,,,0,0,0,2,2,0,0,15,,,