Crash_ID,Crash_Fatal_Fl,Cmv_Involv_Fl,Schl_Bus_Fl,Rr_Relat_Fl,Medical_Advisory_Fl,Amend_Supp_Fl,Active_School_Zone_Fl,Crash_Date,Crash_Time,Case_ID,Local_Use,Rpt_CRIS_Cnty_ID,Rpt_City_ID,Rpt_Outside_City_Limit_Fl,Thousand_Damage_Fl,Rpt_Latitude,Rpt_Longitude,Rpt_Rdwy_Sys_ID,Rpt_Hwy_Num,Rpt_Hwy_Sfx,Rpt_Road_Part_ID,Rpt_Block_Num,Rpt_Street_Pfx,Rpt_Street_Name,Rpt_Street_Sfx,Private_Dr_Fl,Toll_Road_Fl,Crash_Speed_Limit,Road_Constr_Zone_Fl,Road_Constr_Zone_Wrkr_Fl,Rpt_Street_Desc,At_Intrsct_Fl,Rpt_Sec_Rdwy_Sys_ID,Rpt_Sec_Hwy_Num,Rpt_Sec_Hwy_Sfx,Rpt_Sec_Road_Part_ID,Rpt_Sec_Block_Num,Rpt_Sec_Street_Pfx,Rpt_Sec_Street_Name,Rpt_Sec_Street_Sfx,Rpt_Ref_Mark_Offset_Amt,Rpt_Ref_Mark_Dist_Uom,Rpt_Ref_Mark_Dir,Rpt_Ref_Mark_Nbr,Rpt_Sec_Street_Desc,Rpt_CrossingNumber,Wthr_Cond_ID,Light_Cond_ID,Entr_Road_ID,Road_Type_ID,Road_Algn_ID,Surf_Cond_ID,Traffic_Cntl_ID,Investigat_Notify_Time,Investigat_Notify_Meth,Investigat_Arrv_Time,Report_Date,Investigat_Comp_Fl,ORI_Number,Investigat_Agency_ID,Investigat_Area_ID,Investigat_District_ID,Investigat_Region_ID,Bridge_Detail_ID,Harm_Evnt_ID,Intrsct_Relat_ID,FHE_Collsn_ID,Obj_Struck_ID,Othr_Factr_ID,Road_Part_Adj_ID,Road_Cls_ID,Road_Relat_ID,Phys_Featr_1_ID,Phys_Featr_2_ID,Cnty_ID,City_ID,Latitude,Longitude,Hwy_Sys,Hwy_Nbr,Hwy_Sfx,Dfo,Street_Name,Street_Nbr,Control,Section,Milepoint,Ref_Mark_Nbr,Ref_Mark_Displ,Hwy_Sys_2,Hwy_Nbr_2,Hwy_Sfx_2,Street_Name_2,Street_Nbr_2,Control_2,Section_2,Milepoint_2,Txdot_Rptable_Fl,Onsys_Fl,Rural_Fl,Crash_Sev_ID,Pop_Group_ID,Located_Fl,Day_of_Week,Hwy_Dsgn_Lane_ID,Hwy_Dsgn_Hrt_ID,Hp_Shldr_Left,Hp_Shldr_Right,Hp_Median_Width,Base_Type_ID,Nbr_Of_Lane,Row_Width_Usual,Roadbed_Width,Surf_Width,Surf_Type_ID,Curb_Type_Left_ID,Curb_Type_Right_ID,Shldr_Type_Left_ID,Shldr_Width_Left,Shldr_Use_Left_ID,Shldr_Type_Right_ID,Shldr_Width_Right,Shldr_Use_Right_ID,Median_Type_ID,Median_Width,Rural_Urban_Type_ID,Func_Sys_ID,Adt_Curnt_Amt,Adt_Curnt_Year,Adt_Adj_Curnt_Amt,Pct_Single_Trk_Adt,Pct_Combo_Trk_Adt,Trk_Aadt_Pct,Curve_Type_ID,Curve_Lngth,Cd_Degr,Delta_Left_Right_ID,Dd_Degr,Feature_Crossed,Structure_Number,I_R_Min_Vert_Clear,Approach_Width,Bridge_Median_ID,Bridge_Loading_Type_ID,Bridge_Loading_In_1000_Lbs,Bridge_Srvc_Type_On_ID,Bridge_Srvc_Type_Under_ID,Culvert_Type_ID,Roadway_Width,Deck_Width,Bridge_Dir_Of_Traffic_ID,Bridge_Rte_Struct_Func_ID,Bridge_IR_Struct_Func_ID,CrossingNumber,RRCo,Poscrossing_ID,WDCode_ID,Standstop,Yield,Incap_Injry_Cnt,Nonincap_Injry_Cnt,Poss_Injry_Cnt,Non_Injry_Cnt,Unkn_Injry_Cnt,Tot_Injry_Cnt,Death_Cnt,MPO_ID,Investigat_Service_ID,Investigat_DA_ID,Investigator_Narrative
13477914,N,N,N,N,N,N,N,9/25/2013,9:25 AM,13-174999,,43,336,N,Y,,,3,121,,7,3700,,NOT REPORTED,,Y,N,0,N,N,PARKING LOT,N,19,,,,,,COIT,RD,,,,,,,11,1,98,,2,1,1,9:27 AM,RADIO DISPATCHED,9:34 AM,9/25/2013,Y,TX0430600,1938,,,53,8,2,4,10,64,3,7,9,5,33,21,43,336,,,SH,121,,,SH0121,,,,,,,,,,,,,,,N,Y,N,3,9,N,WED,,,,,,,,,,,,,,,,,,,,,,,,,,,,,,,,,,,,,,,,,,,,,,,,,,,,,,,,0,0,1,1,0,1,0,,,,
13478081,N,N,N,N,N,N,N,9/22/2013,11:35 AM,1309-0688,,15,264,N,Y,,,11,1604,,5,7900,,CHARLES ANDERSON,LOOP,N,N,45,Y,N,CONNECTOR LANE TO PAT BOOKER ROAD,N,3,218,,1,8300,,PAT BOOKER,RD,,,,,MULTI LANE ROAD,,11,1,0,2,1,1,20,11:44 AM,DISPATCHED,11:47 AM,9/22/2013,Y,TX0151600,1678,,,51,8,2,4,22,64,49,5,2,1,21,21,15,264,29.56284201,-98.32889993,SL,1604,,51.288,SL1604,,2452,3,38.35,540,-0.413,,,,,,,,,Y,Y,N,5,5,Y,SUN,5,0,4,6,78,2,4,290,72,48,4,0,0,2,8,5,2,16,5,3,70,4,12,49320,2014,49320,2.8,2.3,5.1,1,122,1,2,0,,,,,,,,,,,,,,,,,,,,,,0,0,0,4,0,0,0,28,,,
13478247,N,N,N,N,N,N,N,9/27/2013,9:19 PM,C1307229,,178,97,N,Y,,,3,358,,1,4100,,NOT REPORTED,,N,N,60,N,N,EAST BOUND,N,19,,,4,5100,,JEAN,,,,,,,,11,4,3,2,1,1,20,9:25 PM,DISPATCHER,9:31 PM,9/27/2013,Y,TX1780200,1115,,,19,8,2,2,20,64,54,1,2,1,21,21,178,97,27.7202453,-97.39578303,SH,358,,8.191,SH0358,,617,1,8.048,564,0.157,,,,JEAN ST,,,,,Y,Y,N,5,9,Y,FRI,5,0,10,11,22,8,6,250,114,72,4,0,0,2,20,5,3,21,5,2,2,4,12,88672,2014,88672,3.2,3,6.2,,,,,,,,,,,,,,,,,,,,,,,,,,,0,0,0,1,1,0,0,96,,,
13478456,N,N,N,N,N,N,N,9/27/2013,3:31 PM,S09271373,,61,385,N,Y,33.403,-97.17662,1,35,,1,,,NOT REPORTED,,N,N,65,N,N,,N,1,35,,,,,NOT REPORTED,,,,,,VIEW RD,,12,1,0,2,1,1,1,3:38 PM,DISPATCHED,3:41 PM,9/27/2013,Y,,2089,,,,8,2,4,20,64,3,1,1,1,21,21,61,385,33.39046878,-97.17686031,IH,35,,479.676,IH0035,,195,2,8.799,480,0.324,,,,,,,,,Y,Y,N,5,4,Y,FRI,5,0,4,10,48,3,4,300,76,48,5,0,0,2,8,5,2,20,5,2,40,1,1,48844,2014,48844,1.7,16.9,18.6,,,,,,,,,,,,,,,,,,,,,,,,,,,0,0,0,3,0,0,0,282,,,
13478526,N,N,N,N,N,N,N,9/21/2013,11:20 AM,13-525412,,188,12,N,Y,,,17,,,7,1012,SE,10TH,AVE,Y,N,0,N,N,,N,19,,,7,1000,SE,10TH,AVE,,,,,,,11,1,98,,8,1,1,11:20 AM,DISP,11:57 AM,9/22/2013,N,TX1880100,33,,,77,8,4,4,5,64,54,7,9,5,33,21,188,12,,,,,,,SE 10TH AVE,,,,,,,,,,,,,,,N,N,N,0,8,N,SAT,,,,,,,,,,,,,,,,,,,,,,,,,,,,,,,,,,,,,,,,,,,,,,,,,,,,,,,,0,0,0,0,1,0,0,,,,
13478559,N,N,N,N,N,N,N,9/19/2013,7:05 PM,P2013-138733,,191,12,N,N,,,1,27,,1,4100,,IH 27,,N,N,60,N,N,,N,19,,,,,,GEORGIA,ST,,,,,,,2,1,0,,3,2,1,7:07 PM,DISPATCHED,7:15 PM,9/19/2013,Y,TX1880100,33,,,,8,7,2,1,39,54,1,1,4,21,21,191,12,,,IH,27,,,IH0027,,,,,,,,,,GEORGIA ST,,,,,Y,Y,N,2,8,N,THU,,,,,,,,,,,,,,,,,,,,,,,,,,,,,,,,,,,,,,,,,,,,,,,,,,,,,,,,0,1,0,1,0,1,0,,,,
13478721,N,N,N,N,N,N,N,9/20/2013,10:53 AM,0118286813L,,101,208,N,N,,,2,90,,1,15100,,MAIN,ST,N,N,60,N,N,CONCRETE,N,11,8,,,,S,SOUTH SAM HOUSTON W,PKWY,,,,,,,2,1,0,3,3,2,20,11:03 AM,HPD DISPATCHER,11:03 AM,9/23/2013,Y,TXHPD0000,2469,18,125,81,8,2,4,20,64,42,1,2,1,21,21,101,208,29.78403553,-95.28289622,UA,90,,178.09,UA0090,315,28,1,22.876,706,-0.089,,,,,,,,,Y,Y,N,3,9,Y,FRI,2,0,6,6,0,9,4,100,56,44,6,0,0,2,6,5,2,6,5,0,0,4,14,11851,2014,11851,3.9,1.4,5.2,,,,,,,,,,,,,,,,,,,,,,,,,,,0,0,2,0,0,2,0,15,,,
13478772,N,N,N,N,N,N,N,9/28/2013,10:10 AM,0121891313U,,101,208,N,Y,,,19,,,1,10600,,HAMMERLY,,N,N,35,N,N,,Y,19,,,2,2300,W,SAM HOUSTON PKWY N,,,,,,,,12,1,6,,4,1,5,10:18 AM,ON-VIEWED,10:18 AM,9/28/2013,Y,TXHPD0000,2469,24,106,44,4,2,1,10,64,54,2,5,1,21,21,101,208,29.8126148,-95.56405304,,,,,HAMMERLY BLVD,,,,,,,,,,W SAM HOUSTON PKWY N,,,,,Y,N,N,2,9,Y,SAT,,,,,,,,,,,,,,,,,,,,,,,,,,,,,,,,,,,,,,,,,,,,,,,,,,,,,,,,0,1,3,0,0,4,0,15,,,
13478834,N,N,N,N,N,N,N,10/1/2013,7:35 PM,,,68,1633,Y,Y,31.87127,-102.40985,15,,,1,,SW,35TH,ST,N,N,35,N,N,,N,14,450,,,,,NOT REPORTED,,,,,,,,11,5,0,,4,1,1,7:37 PM,DISPATCHED,7:48 PM,10/1/2013,N,,10000,1,32,1,8,7,4,1,30,54,1,4,2,21,21,68,1633,31.8712801,-102.409701,,,,,W 35TH ST,3230,,,,,,,,,,,,,,Y,N,Y,0,0,Y,TUE,,,,,,,,,,,,,,,,,,,,,,,,,,,,,,,,,,,,,,,,,,,,,,,,,,,,,,,,0,0,0,0,1,0,0,174,,,
13478858,N,N,N,N,N,N,N,9/30/2013,11:40 PM,,,185,1750,Y,Y,34.37825,-103.00512,2,70,,1,,,NOT REPORTED,,N,N,75,N,N,,N,4,145,,,,,NOT REPORTED,,,,,,,,11,3,0,2,1,1,11,11:54 PM,CASTRO DISPATCH,12:40 AM,9/30/2013,Y,,10000,7,130,1,8,10,4,1,1,54,1,2,4,21,21,185,1750,34.37703391,-102.9996673,US,70,,2.743,US0070,209,52,1,2.8,228,0.887,,,,,,,,,Y,Y,Y,1,0,Y,MON,4,0,4,10,54,2,4,242,80,48,4,0,0,2,8,5,2,20,5,3,46,1,2,5358,2014,5358,10.1,12.9,23,,,,,,,,,,,,,,,,,,,,,,,,,,,1,0,0,0,0,1,0,,,,
13478871,N,N,N,N,N,N,N,9/23/2013,3:40 PM,,,166,1731,Y,Y,30.92922,-97.01318,4,485,,1,,,NOT REPORTED,,N,N,70,N,N,NW OF CAMERON,N,15,142,,,,,NOT REPORTED,,,,,,,,11,1,0,1,5,1,11,3:45 PM,DISPATCHED,4:13 PM,9/27/2013,Y,,10000,19,119,1,8,7,4,1,23,54,1,3,2,21,21,166,1731,30.92922893,-97.01340108,FM,485,,12.568,FM0485,,262,7,4.311,582,0.331,,,,,,,,,Y,Y,Y,5,0,Y,MON,2,0,3,3,0,2,2,80,28,22,3,0,0,2,3,5,2,3,5,0,0,1,7,1836,2014,1836,3.4,7.1,10.4,,,,,,,,,,,,,,,,,,,,,,,,,,,0,0,0,1,0,0,0,,,,
13479074,N,N,N,N,N,Y,N,10/1/2013,7:43 AM,13100019,,31,53,N,Y,,,2,77,,1,2700,N,EXPRESSWAY,,N,N,65,N,N,,N,4,802,,,1000,,RUBEN M TORRES,RD,,,,,,,2,1,0,3,1,2,20,7:44 AM,DISPATCHED,7:53 AM,10/9/2013,Y,TX0310100,172,,211,113,8,2,4,20,64,42,1,2,1,21,21,31,53,25.94254733,-97.50930716,BU,77,Z,0.5,BU0077Z,2815,39,10,1.044,742,0.451,,,,,,,,,Y,Y,N,5,8,Y,TUE,2,0,10,10,0,2,4,120,84,64,4,2,2,2,10,2,2,10,2,0,0,4,16,20284,2014,20284,1.3,0.2,1.5,1,238,2,1,31,,,,,,,,,,,,,,,,,,,,,,0,0,0,2,0,0,0,248,,,
13479124,N,N,N,N,N,N,N,10/2/2013,5:20 PM,0123749713O,,101,208,N,Y,,,19,,,1,2800,N,SHEPHERD,DR,N,N,30,N,N,,Y,19,,,1,,W,28TH,ST,,,,,,,12,1,0,,1,1,8,6:00 PM,DISPATCH,6:10 PM,10/2/2013,Y,TXHPD0000,2469,18,121,33,8,2,1,10,64,54,1,5,1,21,21,101,208,29.81194479,-95.41030308,,,,,N SHEPHERD DR,2798,,,,,,,,,W 28TH ST,,,,,Y,N,N,5,9,Y,WED,,,,,,,,,,,,,,,,,,,,,,,,,,,,,,,,,,,,,,,,,,,,,,,,,,,,,,,,0,0,0,3,0,0,0,15,,,
13479170,N,N,N,N,N,N,N,10/1/2013,4:34 PM,SAPD13215850,3130,15,379,N,Y,,,2,281,,2,0,N,281,HWY,N,N,45,N,N,,N,19,,,,1800,E,SONTERRA,BLVD,,,,,,,11,1,0,,1,1,8,2:34 PM,DISPATCH,2:45 PM,10/1/2013,Y,TXSPD0000,2473,,29,131,8,2,2,22,64,46,2,2,1,21,21,15,379,,,US,281,,,US0281,,,,,,,,,,E SONTERRA BLVD,,,,,Y,Y,N,2,9,N,TUE,,,,,,,,,,,,,,,,,,,,,,,,,,,,,,,,,,,,,,,,,,,,,,,,,,,,,,,,0,1,0,3,0,1,0,,,,
13479179,N,N,N,N,N,N,N,10/2/2013,9:00 AM,0123550213V,,101,208,N,Y,,,19,,,1,3200,,LOUISIANA,ST,N,N,35,N,N,,Y,19,,,1,700,,ELGIN,ST,,,,,,,12,1,0,,1,1,20,9:00 AM,DISPATCHED,9:10 AM,10/2/2013,Y,TXHPD0000,2469,24,121,35,8,2,1,24,64,52,1,5,1,20,21,101,208,29.74319481,-95.37964309,,,,,LOUISIANA ST,3201,,,,,,,,,ELGIN ST,,,,,Y,N,N,3,9,Y,WED,,,,,,,,,,,,,,,,,,,,,,,,,,,,,,,,,,,,,,,,,,,,,,,,,,,,,,,,0,0,1,3,0,1,0,15,,,
13479402,N,N,N,N,N,N,N,10/3/2013,10:30 PM,13-019322,,221,2,N,Y,,,2,277,,1,1800,,NOT REPORTED,,N,N,70,N,N,,N,19,,,,4100,,AMBLER,AVE,,,,,,,11,4,2,,1,1,1,10:30 PM,DISPATCH,10:35 PM,10/3/2013,Y,TX2210100,10,,,59,8,7,4,1,39,25,1,2,4,21,21,221,2,,,US,277,,,US0277,,,,,,,,,,,,,,,Y,Y,N,2,8,N,THU,,,,,,,,,,,,,,,,,,,,,,,,,,,,,,,,,,,,,,,,,,,,,,,,,,,,,,,,0,1,0,0,0,1,0,,,,
13479403,N,N,N,N,N,N,N,10/4/2013,8:10 PM,13-019406,,221,2,N,Y,,,19,,,2,3100,S,DANVILLE,DR,N,N,-1,N,N,ACCESS ROAD,Y,19,,,2,3100,S,SOUTHWEST,DR,,,,,STREET,,11,4,98,2,1,1,11,8:13 PM,DISPATCH,9:30 PM,10/5/2013,Y,TX2210100,10,,,59,8,2,1,28,64,54,2,2,1,21,21,221,2,32.41242182,-99.77432605,US,83,,315.18,US0083,3100,34,1,2.795,330,0.167,FM,89,,FM0089,,,,,Y,Y,N,2,8,Y,FRI,5,0,10,9,43,8,6,200,110,72,5,0,0,2,19,5,2,19,5,2,24,3,12,25802,2014,25802,2.4,4.2,6.6,,,,,,,,,,,,,,,,,,,,,,,,,,,0,1,0,3,0,1,0,166,,,
13479422,N,N,N,N,N,N,N,9/26/2013,7:44 AM,2013-81507,,108,283,N,Y,,,4,2220,,1,6100,N,WARE,RD,N,N,45,N,N,,N,19,,,,3700,W,GULL,AVE,,,,,,,11,1,0,,1,1,20,7:51 AM,DISPATCH,7:51 AM,9/26/2013,Y,TX1080800,1753,,,35,8,2,4,22,64,42,1,3,1,21,21,108,283,,,FM,2220,,,FM2220,,,,,,,,,,,,,,,Y,Y,N,3,8,N,THU,,,,,,,,,,,,,,,,,,,,,,,,,,,,,,,,,,,,,,,,,,,,,,,,,,,,,,,,0,0,1,2,0,1,0,,,,
13479611,N,N,N,N,N,N,N,10/4/2013,3:50 PM,0124603813B,,101,208,N,Y,,,19,,,1,400,,LITTLE YORK,RD,N,N,35,N,N,,Y,19,,,1,,,KEARNER,,,,,,,,11,1,0,,1,1,1,3:56 PM,DISPATCH,3:59 PM,10/4/2013,Y,TXHPD0000,2469,16,152,59,8,2,2,22,64,42,1,5,1,21,21,101,208,29.87008478,-95.37950305,,,,,LITTLE YORK RD,400,,,,,,,,,UNKNOWN,,,,,Y,N,N,3,9,Y,FRI,,,,,,,,,,,,,,,,,,,,,,,,,,,,,,,,,,,,,,,,,,,,,,,,,,,,,,,,0,0,3,5,0,3,0,15,,,
13479711,N,N,N,N,N,N,N,9/28/2013,8:15 PM,0122100713I,,101,208,N,Y,,,19,,,1,200,S,HEIGHTS,BLVD,N,N,35,N,N,,Y,19,,,1,3600,,WILLIA,ST,,,,,,,11,4,0,,1,1,8,8:23 PM,DISPATCH,8:25 PM,10/4/2013,Y,TXHPD0000,2469,14,121,33,8,2,1,10,64,54,1,5,1,21,21,101,208,29.7665248,-95.39738308,,,,,S HEIGHTS BLVD,,,,,,,,,,WILLIA ST,,,,,Y,N,N,3,9,Y,SAT,,,,,,,,,,,,,,,,,,,,,,,,,,,,,,,,,,,,,,,,,,,,,,,,,,,,,,,,0,0,2,0,0,2,0,15,,,
13479718,N,N,N,N,N,N,N,10/4/2013,3:00 PM,13-6174,,79,413,N,Y,,,3,6,,1,11900,,SH 6 N,,N,N,50,N,N,MAIN HIGHWAY,N,19,,,,14900,,VOSS,RD,,,,,MAIN ROAD,,11,1,2,2,1,1,5,3:00 PM,POLICE DISPATCH,3:20 PM,10/4/2013,Y,TX0790500,2189,,,35,8,2,2,22,64,38,1,2,1,21,21,79,413,29.64357223,-95.65159191,SH,6,,500.88,SH0006,,1685,6,4.082,684,-0.915,,,,VOSS RD,,,,,Y,Y,N,5,7,Y,FRI,3,0,0,0,1,3,6,180,96,84,6,1,1,1,0,0,1,0,0,1,1,4,14,46360,2014,46360,3.9,1.4,5.2,,,,,,,,,,,,,,,,,,,,,,,,,,,0,0,0,3,0,0,0,15,,,
13479768,N,N,N,N,N,N,N,10/5/2013,3:33 PM,13-10619,632,61,259,N,Y,,,19,,,1,700,,HOLFORDS PRAIRIE,RD,N,N,25,N,N,,N,19,,,,1700,,BUNKER HILL,LN,,,,,,,11,1,98,,1,1,8,3:33 PM,DISPATCHED,3:45 PM,10/5/2013,Y,TX0610600,1659,,,35,8,7,2,1,33,54,1,5,2,21,21,61,259,33.0384368,-96.93597213,,,,,HOLFORDS PRAIRIE RD,726,,,,,,,,,BUNKER HILL LN,,,,,Y,N,N,2,7,Y,SAT,,,,,,,,,,,,,,,,,,,,,,,,,,,,,,,,,,,,,,,,,,,,,,,,,,,,,,,,0,1,0,1,0,1,0,282,,,
13479880,N,Y,N,N,N,N,N,10/6/2013,3:03 AM,256192A,,57,107,N,Y,,,19,,,1,2500,,MARKET CENTER,BLVD,N,N,35,N,N,,N,1,35,E,,2200,N,STEMMONS,FWY,,,,,,,11,4,0,,1,1,20,3:03 AM,DISPATCHED,3:13 AM,10/6/2013,N,TX0000006,2471,,,87,8,2,4,30,64,54,1,5,1,21,21,57,107,32.80450442,-96.82870491,,,,,MARKET CENTER BLVD,2500,,,,,,,,,,,,,,Y,N,N,2,9,Y,SUN,,,,,,,,,,,,,,,,,,,,,,,,,,,,,,,,,,,,,,,,,,,,,,,,,,,,,,,,0,2,0,8,0,2,0,282,,,
13479919,N,N,N,N,Y,N,N,10/4/2013,11:00 AM,2013-BCSO-041622,1D30,15,1580,Y,Y,29.4852,-98.73405,19,,,7,5301,,ALAMO PKWY,PKWY,Y,N,30,N,N,,N,19,,,,,,ALAMO RANCH,DR,,,,,,,11,1,0,,7,1,1,11:01 AM,DISPATCHED,11:07 AM,10/4/2013,N,TX0150000,120,,,148,8,4,4,4,64,12,7,9,5,33,21,15,1580,,,,,,,ALAMO PKWY PKWY,,,,,,,,,,,,,,,N,N,Y,5,0,N,FRI,,,,,,,,,,,,,,,,,,,,,,,,,,,,,,,,,,,,,,,,,,,,,,,,,,,,,,,,0,0,0,3,0,0,0,,,,
13480022,N,N,N,N,N,N,N,10/6/2013,9:17 AM,SAPD13219755,2230,15,379,N,Y,,,17,,,7,414,,IRA,,Y,N,-1,N,N,PRIVATE DRIVEWAY,N,19,,,,,,TENDICK,,,,,,,,11,1,0,,7,1,1,9:20 AM,DISPATCHER,9:26 AM,10/6/2013,Y,TXSPD0000,2473,,3,122,8,4,4,4,34,5,7,9,5,1,21,15,379,,,,,,,IRA,,,,,,,,,,,,,,,N,N,N,5,9,N,SUN,,,,,,,,,,,,,,,,,,,,,,,,,,,,,,,,,,,,,,,,,,,,,,,,,,,,,,,,0,0,0,1,0,0,0,,,,
13480052,N,N,N,N,N,N,N,10/5/2013,5:45 PM,0125108913I,,101,208,N,Y,,,2,59,,1,22400,N,EASTEX,FWY,N,N,40,N,N,,N,19,,,,100,,KINGWOOD,DR,,,,,,,12,1,0,,1,1,20,5:45 PM,DISPATCH,5:56 PM,10/5/2013,Y,TXHPD0000,2469,14,124,58,8,7,4,1,39,3,1,2,4,21,21,101,208,,,US,59,,,US0059,,,,,,,,,,,,,,,Y,Y,N,3,9,N,SAT,,,,,,,,,,,,,,,,,,,,,,,,,,,,,,,,,,,,,,,,,,,,,,,,,,,,,,,,0,0,1,0,0,1,0,,,,
13480101,N,N,N,N,N,N,N,10/5/2013,10:20 PM,0125221213N,,101,208,N,Y,,,19,,,1,2100,N,DURHAM,DR,N,N,35,N,N,,N,19,,,,700,W,21 ST,ST,,,,,,,11,4,0,,1,1,1,10:45 PM,DISPATCH,10:50 PM,10/5/2013,Y,TXHPD0000,2469,52,121,33,8,2,4,21,64,9,1,5,1,21,21,101,208,29.80503892,-95.41227308,,,,,N DURHAM DR,2126,,,,,,,,,,,,,,Y,N,N,5,9,Y,SAT,,,,,,,,,,,,,,,,,,,,,,,,,,,,,,,,,,,,,,,,,,,,,,,,,,,,,,,,0,0,0,2,0,0,0,15,,,
13480125,N,N,N,N,N,N,N,10/6/2013,3:16 PM,13-25562,,227,1792,Y,N,30.44945,-97.72391999,19,,,1,5400,W,HOWARD,LN,N,N,55,N,N,,N,19,,,,13600,,MCNEIL,RD,,,,,,,11,1,0,,5,1,10,3:16 PM,RADIO DISPATCH,3:22 PM,10/6/2013,Y,TX2270000,2292,,7,118,8,7,4,1,39,3,1,4,4,21,21,227,1792,30.38225475,-97.61324249,,,,,E HOWARD LN,5400,,,,,,,,,,,,,,N,N,Y,5,0,Y,SUN,,,,,,,,,,,,,,,,,,,,,,,,,,,,,,,,,,,,,,,,,,,,,,,,,,,,,,,,0,0,0,1,0,0,0,90,,,
13480332,N,N,N,N,N,N,N,10/2/2013,5:20 PM,13HP045222,,220,186,N,Y,,,3,183,,1,4300,NE,28TH,ST,N,N,40,N,N,,N,19,,,,2300,,LAYTON,AVE,,,,,,,11,1,0,3,1,1,20,5:23 PM,DISPATCHED,5:23 PM,10/2/2013,Y,TX2201400,1404,,,35,8,2,4,21,64,9,1,2,1,21,21,220,186,32.79500388,-97.28247551,SH,183,,16.413,SH0183,4383,94,1,12.671,568,0.041,,,,,,,,,Y,Y,N,5,6,Y,WED,2,0,0,0,0,9,4,80,62,62,6,1,1,1,0,0,1,0,0,0,0,4,14,9921,2014,9921,3.6,5,8.5,,,,,,,,,,,,,,,,,,,,,,,,,,,0,0,0,4,0,0,0,282,,,
13480620,N,N,N,N,N,N,N,9/27/2013,4:37 PM,13-176611,,43,336,N,Y,,,19,,,1,1100,,DOBIE,DR,N,N,30,N,N,,N,19,,,,,,K,AVE,,,,,,,11,1,0,,1,1,11,4:42 PM,RADIO DISPATCHED,4:48 PM,9/27/2013,Y,TX0430600,1938,,,,8,2,2,27,64,54,1,5,1,21,21,43,336,33.0355342,-96.69913623,,,,,DOBIE DR,,,,,,,,,,K AVE,,,,,Y,N,N,5,9,Y,FRI,,,,,,,,,,,,,,,,,,,,,,,,,,,,,,,,,,,,,,,,,,,,,,,,,,,,,,,,0,0,0,2,0,0,0,282,,,
13480653,N,N,N,N,N,N,N,9/24/2013,6:37 PM,13-174686,,43,336,N,Y,,,3,121,,2,5300,,NOT REPORTED,,N,N,55,N,N,SERVICE ROAD,N,19,,,1,8700,,PRESTON,RD,,,,,,,11,1,0,,1,1,5,6:37 PM,DISPATCH,7:23 PM,9/24/2013,Y,TX0430600,1938,160,161,30,8,2,2,22,64,38,2,2,1,21,21,43,336,,,SH,121,,,SH0121,,,,,,,,,,PRESTON RD,,,,,Y,Y,N,5,9,N,TUE,,,,,,,,,,,,,,,,,,,,,,,,,,,,,,,,,,,,,,,,,,,,,,,,,,,,,,,,0,0,0,2,0,0,0,,,,
13480819,N,Y,N,N,N,N,N,10/1/2013,7:05 PM,2013-82958,,108,283,N,Y,,,8,83,,1,2300,W,NOT REPORTED,,N,N,35,N,N,,Y,14,223,,1,10,S,23RD,ST,,,,,,,11,1,4,3,1,1,5,7:05 PM,DROVE UP TO ACCICENT,7:05 PM,10/1/2013,Y,TX1080800,1753,,,35,8,2,2,23,64,54,1,3,1,21,21,108,283,26.20607758,-98.24507904,FM,1926,,7.326,FM1926,3,1804,1,1.937,722,1.308,BU,83,S,BU0083S,,39,3,6.634,Y,Y,N,5,8,Y,TUE,2,0,0,0,0,2,4,60,48,45,4,2,2,1,0,0,1,0,0,0,0,4,14,13456,2014,13456,2.3,2,4.3,,,,,,,,,,,,,,,,,,,,,,,,,,,0,0,0,2,0,0,0,230,,,
13480892,N,N,N,N,N,N,N,10/1/2013,5:30 PM,2013-20077,,239,48,N,Y,,,19,,,1,,S,AUSTIN,ST,N,N,30,N,N,,Y,19,,,1,,W,COMMERCE,ST,,,,,,,2,1,2,1,1,2,8,5:37 PM,DISPATCH,5:40 PM,10/1/2013,Y,TX2390100,156,,,35,8,2,1,10,64,54,1,2,1,21,21,239,48,30.16573483,-96.39989249,BS,36,J,2.124,BS0036J,211,187,1,0.032,444,0.124,,,,W COMMERCE ST,,,,,Y,Y,N,5,5,Y,TUE,2,0,8,8,0,9,2,60,40,24,6,1,1,2,8,5,2,8,5,0,0,2,16,11959,2014,11959,10.3,14.7,25,,,,,,,,,,,,,,,,,,,,,,,,,,,0,0,0,2,0,0,0,,,,
13481012,N,N,N,N,N,N,N,10/3/2013,9:14 PM,2013-24106,,101,325,N,Y,,,19,,,1,2200,,SPENCER,,N,N,40,N,N,,N,19,,,,3000,,SHAVER,,,,,,,,11,4,0,,1,1,5,9:16 PM,POLICE RADIO,9:20 PM,10/3/2013,Y,TX1011500,1912,,,697,8,2,4,22,64,38,1,5,1,21,21,101,325,29.66478795,-95.20759541,,,,,SPENCER HWY,2126,,,,,,,,,,,,,,Y,N,N,5,8,Y,THU,,,,,,,,,,,,,,,,,,,,,,,,,,,,,,,,,,,,,,,,,,,,,,,,,,,,,,,,0,0,0,3,0,0,0,15,,,