Crash_ID,Crash_Fatal_Fl,Cmv_Involv_Fl,Schl_Bus_Fl,Rr_Relat_Fl,Medical_Advisory_Fl,Amend_Supp_Fl,Active_School_Zone_Fl,Crash_Date,Crash_Time,Case_ID,Local_Use,Rpt_CRIS_Cnty_ID,Rpt_City_ID,Rpt_Outside_City_Limit_Fl,Thousand_Damage_Fl,Rpt_Latitude,Rpt_Longitude,Rpt_Rdwy_Sys_ID,Rpt_Hwy_Num,Rpt_Hwy_Sfx,Rpt_Road_Part_ID,Rpt_Block_Num,Rpt_Street_Pfx,Rpt_Street_Name,Rpt_Street_Sfx,Private_Dr_Fl,Toll_Road_Fl,Crash_Speed_Limit,Road_Constr_Zone_Fl,Road_Constr_Zone_Wrkr_Fl,Rpt_Street_Desc,At_Intrsct_Fl,Rpt_Sec_Rdwy_Sys_ID,Rpt_Sec_Hwy_Num,Rpt_Sec_Hwy_Sfx,Rpt_Sec_Road_Part_ID,Rpt_Sec_Block_Num,Rpt_Sec_Street_Pfx,Rpt_Sec_Street_Name,Rpt_Sec_Street_Sfx,Rpt_Ref_Mark_Offset_Amt,Rpt_Ref_Mark_Dist_Uom,Rpt_Ref_Mark_Dir,Rpt_Ref_Mark_Nbr,Rpt_Sec_Street_Desc,Rpt_CrossingNumber,Wthr_Cond_ID,Light_Cond_ID,Entr_Road_ID,Road_Type_ID,Road_Algn_ID,Surf_Cond_ID,Traffic_Cntl_ID,Investigat_Notify_Time,Investigat_Notify_Meth,Investigat_Arrv_Time,Report_Date,Investigat_Comp_Fl,ORI_Number,Investigat_Agency_ID,Investigat_Area_ID,Investigat_District_ID,Investigat_Region_ID,Bridge_Detail_ID,Harm_Evnt_ID,Intrsct_Relat_ID,FHE_Collsn_ID,Obj_Struck_ID,Othr_Factr_ID,Road_Part_Adj_ID,Road_Cls_ID,Road_Relat_ID,Phys_Featr_1_ID,Phys_Featr_2_ID,Cnty_ID,City_ID,Latitude,Longitude,Hwy_Sys,Hwy_Nbr,Hwy_Sfx,Dfo,Street_Name,Street_Nbr,Control,Section,Milepoint,Ref_Mark_Nbr,Ref_Mark_Displ,Hwy_Sys_2,Hwy_Nbr_2,Hwy_Sfx_2,Street_Name_2,Street_Nbr_2,Control_2,Section_2,Milepoint_2,Txdot_Rptable_Fl,Onsys_Fl,Rural_Fl,Crash_Sev_ID,Pop_Group_ID,Located_Fl,Day_of_Week,Hwy_Dsgn_Lane_ID,Hwy_Dsgn_Hrt_ID,Hp_Shldr_Left,Hp_Shldr_Right,Hp_Median_Width,Base_Type_ID,Nbr_Of_Lane,Row_Width_Usual,Roadbed_Width,Surf_Width,Surf_Type_ID,Curb_Type_Left_ID,Curb_Type_Right_ID,Shldr_Type_Left_ID,Shldr_Width_Left,Shldr_Use_Left_ID,Shldr_Type_Right_ID,Shldr_Width_Right,Shldr_Use_Right_ID,Median_Type_ID,Median_Width,Rural_Urban_Type_ID,Func_Sys_ID,Adt_Curnt_Amt,Adt_Curnt_Year,Adt_Adj_Curnt_Amt,Pct_Single_Trk_Adt,Pct_Combo_Trk_Adt,Trk_Aadt_Pct,Curve_Type_ID,Curve_Lngth,Cd_Degr,Delta_Left_Right_ID,Dd_Degr,Feature_Crossed,Structure_Number,I_R_Min_Vert_Clear,Approach_Width,Bridge_Median_ID,Bridge_Loading_Type_ID,Bridge_Loading_In_1000_Lbs,Bridge_Srvc_Type_On_ID,Bridge_Srvc_Type_Under_ID,Culvert_Type_ID,Roadway_Width,Deck_Width,Bridge_Dir_Of_Traffic_ID,Bridge_Rte_Struct_Func_ID,Bridge_IR_Struct_Func_ID,CrossingNumber,RRCo,Poscrossing_ID,WDCode_ID,Standstop,Yield,Incap_Injry_Cnt,Nonincap_Injry_Cnt,Poss_Injry_Cnt,Non_Injry_Cnt,Unkn_Injry_Cnt,Tot_Injry_Cnt,Death_Cnt,MPO_ID,Investigat_Service_ID,Investigat_DA_ID,Investigator_Narrative
13481143,N,N,N,N,N,N,N,10/3/2013,5:05 PM,P132760512,,79,1644,Y,Y,,,19,,,1,12100,,HARLEM,RD,N,N,35,N,N,,N,3,99,,,11000,,NOT REPORTED,,,,,,,,11,1,0,,1,1,1,5:05 PM,PASSING BY,5:05 PM,10/3/2013,Y,TX0790000,1312,,,35,8,7,4,1,33,31,1,5,2,21,21,79,1644,29.62995047,-95.71426744,,,,,HARLEM RD,2337,,,,,,,,,,,,,,Y,N,Y,5,0,Y,THU,,,,,,,,,,,,,,,,,,,,,,,,,,,,,,,,,,,,,,,,,,,,,,,,,,,,,,,,0,0,0,1,0,0,0,15,,,
13481183,N,N,N,N,N,N,N,10/3/2013,9:40 PM,P132760692,,79,1644,Y,Y,,,19,,,1,,,BEECHNUT,BLVD,N,N,35,N,N,,Y,19,,,1,,,LAKEMONT POINT,LN,,,,,,,11,3,2,,1,1,11,9:43 PM,RADIO DISPATCH,9:52 PM,10/4/2013,Y,TX0790000,1312,,,35,8,7,2,2,22,54,1,4,2,21,21,79,1644,,,,,,,BEECHNUT BLVD,,,,,,,,,,LAKEMONT POINT LN,,,,,Y,N,Y,5,0,N,THU,,,,,,,,,,,,,,,,,,,,,,,,,,,,,,,,,,,,,,,,,,,,,,,,,,,,,,,,0,0,0,3,0,0,0,,,,
13481208,N,N,N,N,N,N,N,9/30/2013,7:40 AM,,,234,1799,Y,Y,32.60048,-95.92225,3,64,,1,,,NOT REPORTED,,N,N,55,N,N,,N,1,20,,,,,NOT REPORTED,,,,,,,,11,1,0,1,1,1,12,7:42 AM,BYSTANDER,7:44 AM,10/6/2013,Y,,10000,7,28,1,8,2,3,14,64,14,1,2,1,32,21,234,64,32.59980073,-95.92135569,SH,64,,8.34,SH0064,,245,1,8.2,642,0.294,,,,,,,,,Y,Y,Y,5,3,Y,MON,2,0,8,8,0,2,2,120,40,24,4,0,0,5,8,5,5,8,5,0,0,1,7,4960,2014,4960,5.2,7,12.3,,,,,,,,,,,,,,,,,,,,,,,,,,,0,0,0,2,0,0,0,,,,
13481424,N,N,N,N,N,N,N,10/6/2013,8:00 PM,sapd13220106,4210,15,379,N,Y,,,19,,,1,5300,,RIGSBY,AVE,N,N,45,N,N,,N,11,410,,,2100,SE,LOOP 410,,,,,,,,11,4,0,2,1,1,1,8:01 PM,DISPATCH,8:10 PM,10/7/2013,Y,TXSPD0000,2473,,9,162,8,2,3,14,64,14,1,2,1,32,21,15,379,29.39824843,-98.3883568,US,87,,661.367,US0087,5232,143,1,3.526,700,-0.482,,,,,,,,,Y,Y,N,5,9,Y,SUN,3,0,6,10,56,3,4,220,86,70,4,0,0,2,6,5,2,10,5,3,50,4,14,24239,2014,24239,2.5,10.9,13.4,,,,,,,,,,,,,,,,,,,,,,,,,,,0,0,0,4,0,0,0,28,,,
13481551,N,N,N,N,N,N,N,10/5/2013,8:58 PM,SAPD13219417,3170,15,379,N,Y,,,19,,,1,19100,,STONE OAK,PKWY,N,N,45,N,N,,N,19,,,,20200,,HUEBNER,RD,,,,,,,11,4,0,,1,1,5,9:58 PM,DISPATCH,9:02 PM,10/5/2013,Y,TXSPD0000,2473,,29,131,8,2,2,22,64,38,1,5,1,21,21,15,379,29.62659136,-98.49509271,,,,,STONE OAK PKWY,,,,,,,,,,HUEBNER RD,,,,,Y,N,N,2,9,Y,SAT,,,,,,,,,,,,,,,,,,,,,,,,,,,,,,,,,,,,,,,,,,,,,,,,,,,,,,,,0,2,0,3,0,2,0,28,,,
13481643,N,N,N,N,N,N,N,10/2/2013,7:00 PM,0123815813Z,FSGI,101,208,N,Y,,,17,,,7,2501,,TANGLEWILDE,,Y,N,-1,N,N,APT COMPLEX PARKING LOT,N,17,,,,2501,,TANGLEWILDE,DR,,,,,,,11,4,0,,1,1,1,10:36 PM,DISPATCHED,10:45 PM,10/2/2013,Y,TXHPD0000,2469,6,106,54,8,7,4,4,34,12,7,9,5,33,21,101,208,,,,,,,TANGLEWILDE,,,,,,,,,,,,,,,N,N,N,0,9,N,WED,,,,,,,,,,,,,,,,,,,,,,,,,,,,,,,,,,,,,,,,,,,,,,,,,,,,,,,,0,0,0,0,1,0,0,,,,
13481783,N,N,N,N,Y,N,N,10/7/2013,10:48 AM,13-19557,,221,2,N,Y,,,19,,,1,1680,,ANTILLEY,,Y,N,-1,N,N,,N,2,83,,,6200,,NOT REPORTED,,,,,,,,11,1,0,,7,1,1,10:51 AM,DISPATCH,10:59 AM,10/7/2013,Y,TX2210100,10,,,113,8,4,4,1,64,54,7,9,5,33,21,221,2,,,,,,,ANTILLEY,,,,,,,,,,,,,,,N,N,N,5,8,N,MON,,,,,,,,,,,,,,,,,,,,,,,,,,,,,,,,,,,,,,,,,,,,,,,,,,,,,,,,0,0,0,1,0,0,0,,,,
13481819,N,N,N,N,N,N,N,9/18/2013,12:44 AM,C1306943,,178,97,N,Y,,,2,77,,1,3700,,NOT REPORTED,,N,N,70,N,N,,N,19,,,1,13300,,BROOKHAVEN,DR,,,,,,,2,4,0,2,1,3,20,12:56 AM,DISPATCHED,12:56 AM,9/18/2013,Y,TX1780200,1115,,,51,8,7,4,1,56,1,1,1,2,21,21,178,97,27.85126823,-97.63092351,IH,69,E,56.154,IH0069E,,373,1,1.518,51,5.154,,,,,,,,,Y,Y,N,3,9,Y,WED,5,0,5,10,12,2,4,284,78,48,4,0,0,2,10,5,2,20,5,2,2,4,11,14404,2014,14404,3.3,24.4,27.7,,,,,,,,,,,,,,,,,,,,,,,,,,,0,0,1,0,0,1,0,96,,,
13481821,N,N,N,N,N,N,N,10/3/2013,6:00 AM,C1307337,,178,97,N,Y,,,19,,,1,1700,,TRIPLE CROWN,DR,N,N,30,N,N,,N,19,,,1,6200,,AQUEDUCT,DR,,,,,,,11,1,0,,4,1,1,7:06 AM,DISPATCHER,7:22 AM,10/3/2013,N,TX1780200,1115,,,25,8,4,4,5,64,54,1,5,1,21,21,178,97,27.72406559,-97.44903838,,,,,TRIPLE CROWN DR,1724,,,,,,,,,,,,,,Y,N,N,0,9,Y,THU,,,,,,,,,,,,,,,,,,,,,,,,,,,,,,,,,,,,,,,,,,,,,,,,,,,,,,,,0,0,0,0,1,0,0,96,,,
13481850,N,N,N,N,N,N,N,9/30/2013,4:51 PM,13-00429,,227,330,N,Y,,,19,,,1,,,WELLS BRANCH PKWY,,N,N,50,N,N,WELLS BRANCH PKWY,Y,19,,,1,,,SETTLERS VALLEY DR,,,,,,SETTLERS VALLEY DR,,11,1,2,,1,1,8,4:53 PM,911,4:54 PM,9/30/2013,Y,TX2270900,1925,135,95,214,8,2,1,14,1,54,1,5,1,21,21,227,330,30.42643474,-97.62998248,,,,,E WELLS BRANCH PKWY,,,,,,,,,,UNKNOWN,,,,,Y,N,N,2,7,Y,MON,,,,,,,,,,,,,,,,,,,,,,,,,,,,,,,,,,,,,,,,,,,,,,,,,,,,,,,,0,1,0,1,0,1,0,90,,,
13481868,N,N,N,N,N,Y,N,9/17/2013,3:48 PM,13-170312,,43,336,N,Y,,,19,,,1,200,,COIT,RD,N,N,40,N,N,,Y,19,,,1,3900,,PRESIDENT GEORGE BUSH,HWY,,,,,,,11,1,0,,1,1,5,3:51 PM,DISPATCH,3:52 PM,10/1/2013,Y,TX0430600,1938,,,119,8,2,2,22,64,38,1,2,1,21,21,43,107,32.9994465,-96.7678595,SH,190,,20.239,SH0190,,,,,596,3.727,,,,COIT RD,,,,,Y,Y,N,5,9,Y,TUE,,,,,,,,,,,,,,,,,,,,,,,,,,,,,,,,,,,,,,,,,,,,,,,,,,,,,,,,0,0,0,3,0,0,0,282,,,
13481950,N,N,N,N,N,N,N,9/28/2013,6:18 AM,13028780,,43,468,N,Y,,,19,,,1,2900,,MONTAGUE,TRL,N,N,30,N,N,,N,19,,,1,200,,DANVILLE,DR,,,,,,,11,4,0,,1,1,1,6:19 AM,DISPATCH,6:20 AM,9/28/2013,Y,TX0430800,2460,,,,8,4,4,1,31,54,1,5,1,21,21,43,468,33.01846484,-96.50048655,,,,,MONTAGUE TRL,2904,,,,,,,,,,,,,,Y,N,N,5,6,Y,SAT,,,,,,,,,,,,,,,,,,,,,,,,,,,,,,,,,,,,,,,,,,,,,,,,,,,,,,,,0,0,0,1,1,0,0,282,,,
13482172,N,N,N,N,N,N,N,9/17/2013,9:10 AM,13-0917-0012,13A572,246,372,N,Y,,,19,,,1,100,,EAST OLD SETTLERS,BLVD,N,N,40,N,N,,N,1,35,,,,N,NOT REPORTED,,,,,,,,11,1,2,,1,1,20,9:16 AM,DISPATCH,9:21 AM,9/25/2013,Y,TX2460500,2047,,,214,8,2,4,21,64,9,1,5,1,21,21,246,372,30.53494607,-97.69121676,,,,,E OLD SETTLERS BLVD,,,,,,,,,,,,,,,Y,N,N,5,8,Y,TUE,,,,,,,,,,,,,,,,,,,,,,,,,,,,,,,,,,,,,,,,,,,,,,,,,,,,,,,,0,0,0,4,0,0,0,90,,,
13482285,N,N,N,N,N,N,N,9/27/2013,11:32 PM,1300027423,,61,364,N,Y,,,19,,,1,100,,AL SLAUGHTER,PKWY,N,N,25,N,N,,N,3,114,,1,400,,HWY 114 W,,,,,,"STRAIGHT, SH",,12,4,2,,4,1,20,11:32 PM,DISPATCHED,11:35 PM,9/28/2013,Y,TX0612900,2025,,73,177,8,7,4,1,21,54,1,5,2,21,21,61,364,,,,,,,AL SLAUGHTER PKWY,,,,,,,,,,,,,,,Y,N,N,1,4,N,FRI,,,,,,,,,,,,,,,,,,,,,,,,,,,,,,,,,,,,,,,,,,,,,,,,,,,,,,,,1,0,0,0,0,1,0,,,,
13482344,N,N,N,N,N,N,N,9/27/2013,11:00 AM,13-06451,,128,903,N,Y,,,19,,,1,1400,S,ESCONDIDO,RD,N,N,45,N,N,,N,19,,,1,100,W,CHANEY,ST,,,,,,,2,1,2,,1,2,20,11:05 AM,KCSO,11:08 AM,10/3/2013,Y,TX1280200,1576,,,,8,7,2,1,32,1,1,5,2,21,21,128,903,28.79998123,-97.85180977,,,,,ESCONDIDO ST,1528,,,,,,,,,CHANEY ST,,,,,Y,N,Y,5,3,Y,FRI,,,,,,,,,,,,,,,,,,,,,,,,,,,,,,,,,,,,,,,,,,,,,,,,,,,,,,,,0,0,0,1,0,0,0,,,,
13482371,N,N,N,N,N,N,N,9/16/2013,3:00 PM,,,190,1755,Y,Y,32.80175,-95.65061,2,69,,1,7000,,NOT REPORTED,,N,N,70,N,N,,N,15,2415,,1,,,NOT REPORTED,,,,,,,,11,1,0,1,1,1,20,3:03 PM,DISPATCH,3:30 PM,9/16/2013,Y,TX1900000,1979,,,,8,2,3,22,64,47,1,2,1,32,21,190,1755,32.79827343,-95.64600899,US,69,,95.842,US0069,7415,203,4,8.731,292,-0.186,,,,,,,,,Y,Y,Y,2,0,Y,MON,2,0,8,8,0,3,2,180,42,26,4,0,0,2,8,5,2,8,5,0,0,1,2,2862,2014,2862,2.7,7.8,10.4,,,,,,,,,,,,,,,,,,,,,,,,,,,0,1,0,1,0,1,0,,,,
13482392,N,N,N,N,N,N,N,9/12/2013,2:05 AM,1309777,,70,140,N,Y,,,19,,,1,1300,,CARDINAL,ST,N,N,30,N,N,,N,19,,,,,,SWALLOW,DR,,,,,,,12,3,0,,1,1,1,2:05 AM,OFFICER OBSERVATION,2:05 AM,9/12/2013,Y,TX0700100,1274,,,,8,4,4,1,64,54,1,5,2,21,21,70,140,32.3589581,-96.62661824,,,,,CARDINAL DR,2959,,,,,,,,,,,,,,Y,N,N,5,5,Y,THU,,,,,,,,,,,,,,,,,,,,,,,,,,,,,,,,,,,,,,,,,,,,,,,,,,,,,,,,0,0,0,1,0,0,0,282,,,
13482646,N,N,N,N,N,N,N,8/31/2013,11:55 AM,52454-13,30970,123,339,N,Y,,,19,,,1,1600,,6TH,AVE,N,N,40,N,N,,Y,3,87,,1,3300,,GULFWAY,DR,,,,,,,11,1,4,3,1,1,8,11:56 AM,DISPATCHED,11:57 AM,8/31/2013,Y,TX1230700,1948,17,2,102,8,2,1,10,64,54,1,2,1,21,21,123,339,29.90454249,-93.92346108,SH,87,,177.905,SH0087,,306,3,7.365,500,-0.996,,,,6TH AVE,,,,,Y,Y,N,3,7,Y,SAT,2,0,0,0,0,3,6,80,61,61,6,1,1,1,0,0,1,0,0,0,0,3,14,9902,2014,9902,5.2,3.8,9.1,,,,,,,,,,,,,,,,,,,,,,,,,,,0,0,1,1,0,1,0,135,,,
13482992,N,Y,N,N,N,N,N,10/1/2013,8:05 AM,13-97183,,220,156,N,Y,32.84911,-97.3126,1,35W,,1,5700,,NORTH,FWY,N,N,60,Y,Y,,N,19,,,,3300,,FOSSIL CREEK,BLVD,,,,,,,11,1,98,2,1,1,20,8:23 AM,DISPATCHED,8:39 AM,10/1/2013,Y,TX2201200,1318,4,29,23,8,2,4,21,64,49,1,1,1,21,21,220,156,32.8491112,-97.31269689,IH,35,W,57.976,IH0035W,,14,16,14.001,58,-0.184,,,,,,,,,Y,Y,N,5,9,Y,TUE,5,0,4,10,48,3,4,350,76,48,5,0,0,2,8,5,2,20,5,3,40,4,11,141233,2014,141233,3.2,11.8,15.1,1,384,0,2,10,,,,,,,,,,,,,,,,,,,,,,0,0,0,2,0,0,0,282,,,
13483057,N,Y,N,N,N,N,N,10/4/2013,11:00 AM,13-98295,,220,156,N,N,32.76948,-97.28747,19,,,1,400,N,BEACH,ST,N,N,40,N,N,,N,19,,,,4000,,KING OAKS,LN,,,,,,,11,1,98,,1,1,20,11:12 AM,DISPATCHED,11:14 AM,10/4/2013,Y,TX2201200,1318,4,3,23,8,2,4,22,64,42,1,5,1,21,21,220,156,32.76926428,-97.28746244,,,,,N BEACH ST,400,,,,,,,,,,,,,,N,N,N,5,9,Y,FRI,,,,,,,,,,,,,,,,,,,,,,,,,,,,,,,,,,,,,,,,,,,,,,,,,,,,,,,,0,0,0,2,0,0,0,282,,,
13483149,N,N,N,N,N,N,N,9/23/2013,8:35 AM,244699A,244708A,57,107,N,Y,,,2,75,,1,1958,N,CENTRAL,EXPY,N,N,60,N,N,,N,19,,,,1900,N,HALL,ST,,,,,,,11,1,0,2,1,1,20,8:35 AM,DISPATCHED,9:20 AM,9/30/2013,N,TX0000006,2471,,,35,8,2,2,20,64,9,1,2,1,21,21,57,107,32.79919425,-96.79308735,US,75,,74.999,US0075,,47,7,14.205,270,0.605,,,,N HALL ST,,,,,Y,Y,N,5,9,Y,MON,5,0,10,10,24,3,8,220,136,96,5,0,0,2,20,5,2,20,5,2,4,4,12,229641,2014,229641,2.8,5.4,8.3,1,75,1,1,3,,,,,,,,,,,,,,,,,,,,,,0,0,0,1,1,0,0,282,,,
13483205,N,N,N,N,N,N,N,9/28/2013,7:00 PM,SAPD13218522,7190,15,379,N,Y,,,1,10,,1,10800,,IH 10 WEST,,N,N,65,N,N,DRY ASPHALT,N,19,,,,11000,,HUEBNER,,,,,,DRY ASPHALT,,11,1,0,2,1,1,1,7:00 PM,SITE,7:00 PM,10/4/2013,N,TXSPD0000,2473,,61,123,8,8,4,1,98,54,1,1,1,21,21,15,379,29.54641778,-98.58162821,IH,10,,558.273,IH0010,11077,72,12,15.002,560,-0.015,,,,,,,,,Y,Y,N,5,9,Y,SAT,5,0,4,10,10,9,6,300,111,84,4,0,0,2,7,5,2,20,5,,3,4,11,157283,2014,157283,1.9,2.8,4.7,,,,,,,,,,,,,,,,,,,,,,,,,,,0,0,0,1,1,0,0,28,,,
13483236,N,N,N,N,N,N,N,10/7/2013,10:00 AM,0125780613R,,101,208,N,Y,,,19,,,1,1100,,STUDEWOOD,,N,N,35,N,N,TWO WAY STREET,Y,19,,,1,1100,E,11TH,ST,,,,,,,11,1,4,,1,1,5,10:21 AM,DSPATCHED,10:21 AM,10/7/2013,Y,TXHPD0000,2469,18,121,33,8,2,1,10,64,3,1,5,1,21,21,101,208,29.7908048,-95.38783308,,,,,STUDEWOOD ST,1100,,,,,,,,,E 11TH ST,,,,,Y,N,N,5,9,Y,MON,,,,,,,,,,,,,,,,,,,,,,,,,,,,,,,,,,,,,,,,,,,,,,,,,,,,,,,,0,0,0,2,0,0,0,15,,,
13483256,N,N,N,N,N,N,N,10/3/2013,6:02 PM,2.01E+11,,233,112,N,Y,,,19,,,1,400,N,MAIN,ST,N,N,25,N,N,,Y,19,,,1,100,SW,2ND,ST,,,,,,,11,1,4,,1,1,8,6:02 PM,DISPATCHED,6:02 PM,10/7/2013,Y,TX2330100,1191,,,23,8,2,1,10,64,54,1,5,1,21,21,233,112,29.36616506,-100.9030217,,,,,N MAIN ST,401,,,,,,,,,W 2ND ST,,,,,Y,N,N,5,6,Y,THU,,,,,,,,,,,,,,,,,,,,,,,,,,,,,,,,,,,,,,,,,,,,,,,,,,,,,,,,0,0,0,4,0,0,0,,,,
13483450,N,N,N,N,N,N,N,10/4/2013,6:20 PM,0124678013P,,101,208,N,Y,,,1,10,,2,10800,W,KATY SER N,FWY,N,N,45,N,N,INTERSTATE SERVICE ROAD,N,19,,,,1000,,BRITTMOORE,RD,,,,,,,11,1,0,2,2,1,1,6:44 PM,HPD NW DISPATCHER,6:54 PM,10/4/2013,Y,TXHPD0000,2469,18,106,44,8,2,4,20,64,3,2,1,1,21,21,101,208,29.78460668,-95.56823163,IH,10,,754.945,IH0010,,271,7,14.985,756,0.354,,,,,,,,,Y,Y,N,5,9,Y,FRI,5,1,0,10,28,9,7,275,107,87,6,0,0,1,8,0,2,10,5,2,20,4,11,269518,2014,269518,2.8,3.6,6.4,,,,,,,,,,,,,,,,,,,,,,,,,,,0,0,0,4,0,0,0,15,,,
13483532,N,N,N,N,N,N,N,10/7/2013,7:30 AM,13-99259,,220,156,N,Y,32.73546,-97.4331,1,30,,1,6700,,WEST,FWY,N,N,60,N,N,MAIN ROAD,N,19,,,,2700,,GREEN OAKS IH 30 EB RAMP,,,,,,MAIN ROAD,,11,1,0,2,1,1,20,8:01 AM,DISPATCHED,8:03 AM,10/7/2013,N,TX2201200,1318,4,19,23,8,2,1,13,64,54,3,1,1,21,21,220,156,32.73536007,-97.43311377,IH,30,,8.269,IH0030,,1068,1,17.03,8,0.179,SH,183,,SH0183,,,,,Y,Y,N,5,9,Y,MON,5,0,4,10,14,3,6,200,108,76,5,0,0,2,12,5,2,20,5,2,2,4,11,101028,2014,101028,2.4,12,14.4,,,,,,,,,,,,,,,,,,,,,,,,,,,0,0,0,2,1,0,0,282,,,
13483581,N,N,N,N,N,N,N,10/7/2013,4:15 PM,0125926513U,,101,208,N,Y,,,19,,,1,2100,,KIRBY,DR,N,N,30,N,N,ASPHALT,N,19,,,,,,AVALON,,,,,,,,11,1,0,,1,1,20,4:24 PM,DISPATCHER,4:33 PM,10/7/2013,Y,TXHPD0000,2469,6,121,35,8,2,4,20,64,54,1,5,1,21,21,101,208,29.74695891,-95.41880705,,,,,KIRBY DR,2160,,,,,,,,,,,,,,Y,N,N,5,9,Y,MON,,,,,,,,,,,,,,,,,,,,,,,,,,,,,,,,,,,,,,,,,,,,,,,,,,,,,,,,0,0,0,4,0,0,0,15,,,
13483650,N,N,N,N,N,N,N,10/8/2013,7:42 AM,SAPD13221225,7330,15,379,N,Y,,,1,10,,1,14200,W,NOT REPORTED,,N,N,65,Y,Y,SB-LANES,N,19,,,,5500,,UTSA,BLVD,,,,,,,11,1,0,2,1,1,20,7:52 AM,DISPATCH,8:18 AM,10/8/2013,Y,TXSPD0000,2473,,7,147,8,2,4,20,64,49,1,1,1,21,21,15,379,29.57560058,-98.59477121,IH,10,,556.088,IH0010,,72,8,5.422,558,-0.216,,,,,,,,,Y,Y,N,5,9,Y,TUE,5,0,6,8,21,2,7,315,132,96,4,0,0,2,18,5,2,18,5,,3,4,11,149420,2014,149420,1.9,2.8,4.7,,,,,,,,,,,,,,,,,,,,,,,,,,,0,0,0,2,0,0,0,28,,,
13483667,N,N,N,N,N,Y,N,10/6/2013,9:41 PM,132791552,VALUE 1,227,22,N,Y,,,19,,,1,700,,WOODWARD,,N,N,35,N,N,,N,19,,,,,S,CONGRESS,AVE,,,,,,,11,4,0,,2,1,11,9:14 PM,DISPATCH,9:21 PM,10/6/2013,N,TX2270100,74,1043,93,112,8,2,3,22,64,47,1,5,1,32,21,227,22,30.22215915,-97.74616149,,,,,WOODWARD ST,1641,,,,,,,,,,,,,,Y,N,N,3,9,Y,SUN,,,,,,,,,,,,,,,,,,,,,,,,,,,,,,,,,,,,,,,,,,,,,,,,,,,,,,,,0,0,2,4,0,2,0,90,,,
13483759,N,N,N,N,N,N,N,10/8/2013,2:40 AM,257915A,,57,107,N,Y,,,19,,,1,3200,W,CAMP WISDOM,RD,N,N,40,N,N,,N,19,,,,7000,,MARVIN D LOVE,FWY,,,,,,,11,4,0,,1,1,20,2:45 AM,DISPATCHER,2:50 AM,10/8/2013,Y,TX0000006,2471,,,44,8,2,4,14,64,54,1,5,1,21,21,57,107,32.66208242,-96.87113888,,,,,W CAMP WISDOM RD,,,,,,,,,,,,,,,Y,N,N,5,9,Y,TUE,,,,,,,,,,,,,,,,,,,,,,,,,,,,,,,,,,,,,,,,,,,,,,,,,,,,,,,,0,0,0,2,0,0,0,282,,,
13483828,N,N,N,N,N,N,N,10/4/2013,4:20 AM,0124392213R,,101,208,N,Y,,,3,288,,1,12300,,SOUTH,FWY,N,N,60,N,N,ASPHALT,N,19,,,,,,AIRPORT,BLVD,,,,,,,11,4,0,,1,1,20,4:23 AM,HPD DISPATCH,4:30 AM,10/4/2013,Y,TXHPD0000,2469,6,104,49,8,2,4,21,64,54,1,2,1,21,21,101,208,,,SH,288,,,SH0288,,,,,,,,,,,,,,,Y,Y,N,5,9,N,FRI,,,,,,,,,,,,,,,,,,,,,,,,,,,,,,,,,,,,,,,,,,,,,,,,,,,,,,,,0,0,0,2,0,0,0,,,,
13483916,N,N,N,N,N,Y,N,10/8/2013,6:40 AM,SAPD13221162,4170,15,379,N,N,,,19,,,1,500,,IOWA,,N,N,30,N,N,,Y,19,,,1,700,S,HACKBERRY,,,,,,,,11,4,98,,1,1,5,6:40 AM,DISPATCHED,6:43 AM,11/1/2013,Y,TXSPD0000,2473,,11,175,8,1,2,3,64,3,1,5,1,21,21,15,379,29.41200496,-98.47325232,,,,,IOWA ST,600,,,,,,,,,S HACKBERRY ST,,,,,Y,N,N,1,9,Y,TUE,,,,,,,,,,,,,,,,,,,,,,,,,,,,,,,,,,,,,,,,,,,,,,,,,,,,,,,,1,0,0,1,0,1,0,28,,,
13483943,N,N,N,N,N,N,N,10/2/2013,12:15 PM,252810A,,57,107,N,Y,,,3,75,,2,600,,CENTRAL,EXPY,N,N,45,Y,N,,Y,19,,,1,2300,,LIVE OAK,ST,,,,,,,12,1,2,2,1,1,5,12:25 PM,DISPATCHED,12:29 PM,10/2/2013,Y,TX0000006,2471,,,35,8,2,2,27,64,49,2,1,1,21,21,57,107,32.78650514,-96.79191924,IH,345,,0.801,IH0345,,92,14,20.841,1,-0.242,SS,366,,SS0366,,,,,Y,Y,N,5,9,Y,WED,5,0,10,10,24,9,8,300,136,96,5,0,0,2,20,5,2,20,5,2,4,4,11,201522,2014,201522,4.4,23.9,28.3,1,225,5,2,59,,,,,,,,,,,,,,,,,,,,,,0,0,0,2,0,0,0,282,,,
13484066,N,Y,Y,N,N,N,N,10/2/2013,7:45 AM,13-97535,,220,156,N,N,32.62072,-97.37425,19,,,1,3700,,COVE MEADOW,LN,N,N,30,N,N,LOCAL ROAD,Y,19,,,1,8400,,COVE MEADOW,LN,,,,,LOCAL ROAD,,12,1,0,,4,1,1,7:49 AM,DRIVE UP COMPLAINANT,7:49 AM,10/2/2013,Y,TX2201200,1318,4,11,23,8,2,1,14,64,48,1,5,1,21,21,220,156,32.62038431,-97.37336244,,,,,COVE MEADOW LN,3700,,,,,,,,,UNKNOWN,,,,,N,N,N,5,9,Y,WED,,,,,,,,,,,,,,,,,,,,,,,,,,,,,,,,,,,,,,,,,,,,,,,,,,,,,,,,0,0,0,32,0,0,0,282,,,