Crash_ID,Crash_Fatal_Fl,Cmv_Involv_Fl,Schl_Bus_Fl,Rr_Relat_Fl,Medical_Advisory_Fl,Amend_Supp_Fl,Active_School_Zone_Fl,Crash_Date,Crash_Time,Case_ID,Local_Use,Rpt_CRIS_Cnty_ID,Rpt_City_ID,Rpt_Outside_City_Limit_Fl,Thousand_Damage_Fl,Rpt_Latitude,Rpt_Longitude,Rpt_Rdwy_Sys_ID,Rpt_Hwy_Num,Rpt_Hwy_Sfx,Rpt_Road_Part_ID,Rpt_Block_Num,Rpt_Street_Pfx,Rpt_Street_Name,Rpt_Street_Sfx,Private_Dr_Fl,Toll_Road_Fl,Crash_Speed_Limit,Road_Constr_Zone_Fl,Road_Constr_Zone_Wrkr_Fl,Rpt_Street_Desc,At_Intrsct_Fl,Rpt_Sec_Rdwy_Sys_ID,Rpt_Sec_Hwy_Num,Rpt_Sec_Hwy_Sfx,Rpt_Sec_Road_Part_ID,Rpt_Sec_Block_Num,Rpt_Sec_Street_Pfx,Rpt_Sec_Street_Name,Rpt_Sec_Street_Sfx,Rpt_Ref_Mark_Offset_Amt,Rpt_Ref_Mark_Dist_Uom,Rpt_Ref_Mark_Dir,Rpt_Ref_Mark_Nbr,Rpt_Sec_Street_Desc,Rpt_CrossingNumber,Wthr_Cond_ID,Light_Cond_ID,Entr_Road_ID,Road_Type_ID,Road_Algn_ID,Surf_Cond_ID,Traffic_Cntl_ID,Investigat_Notify_Time,Investigat_Notify_Meth,Investigat_Arrv_Time,Report_Date,Investigat_Comp_Fl,ORI_Number,Investigat_Agency_ID,Investigat_Area_ID,Investigat_District_ID,Investigat_Region_ID,Bridge_Detail_ID,Harm_Evnt_ID,Intrsct_Relat_ID,FHE_Collsn_ID,Obj_Struck_ID,Othr_Factr_ID,Road_Part_Adj_ID,Road_Cls_ID,Road_Relat_ID,Phys_Featr_1_ID,Phys_Featr_2_ID,Cnty_ID,City_ID,Latitude,Longitude,Hwy_Sys,Hwy_Nbr,Hwy_Sfx,Dfo,Street_Name,Street_Nbr,Control,Section,Milepoint,Ref_Mark_Nbr,Ref_Mark_Displ,Hwy_Sys_2,Hwy_Nbr_2,Hwy_Sfx_2,Street_Name_2,Street_Nbr_2,Control_2,Section_2,Milepoint_2,Txdot_Rptable_Fl,Onsys_Fl,Rural_Fl,Crash_Sev_ID,Pop_Group_ID,Located_Fl,Day_of_Week,Hwy_Dsgn_Lane_ID,Hwy_Dsgn_Hrt_ID,Hp_Shldr_Left,Hp_Shldr_Right,Hp_Median_Width,Base_Type_ID,Nbr_Of_Lane,Row_Width_Usual,Roadbed_Width,Surf_Width,Surf_Type_ID,Curb_Type_Left_ID,Curb_Type_Right_ID,Shldr_Type_Left_ID,Shldr_Width_Left,Shldr_Use_Left_ID,Shldr_Type_Right_ID,Shldr_Width_Right,Shldr_Use_Right_ID,Median_Type_ID,Median_Width,Rural_Urban_Type_ID,Func_Sys_ID,Adt_Curnt_Amt,Adt_Curnt_Year,Adt_Adj_Curnt_Amt,Pct_Single_Trk_Adt,Pct_Combo_Trk_Adt,Trk_Aadt_Pct,Curve_Type_ID,Curve_Lngth,Cd_Degr,Delta_Left_Right_ID,Dd_Degr,Feature_Crossed,Structure_Number,I_R_Min_Vert_Clear,Approach_Width,Bridge_Median_ID,Bridge_Loading_Type_ID,Bridge_Loading_In_1000_Lbs,Bridge_Srvc_Type_On_ID,Bridge_Srvc_Type_Under_ID,Culvert_Type_ID,Roadway_Width,Deck_Width,Bridge_Dir_Of_Traffic_ID,Bridge_Rte_Struct_Func_ID,Bridge_IR_Struct_Func_ID,CrossingNumber,RRCo,Poscrossing_ID,WDCode_ID,Standstop,Yield,Incap_Injry_Cnt,Nonincap_Injry_Cnt,Poss_Injry_Cnt,Non_Injry_Cnt,Unkn_Injry_Cnt,Tot_Injry_Cnt,Death_Cnt,MPO_ID,Investigat_Service_ID,Investigat_DA_ID,Investigator_Narrative
13487965,N,N,N,N,N,N,N,9/27/2013,4:20 PM,13-273186,,71,136,N,Y,,,19,,,1,,,JOE BATTLE BLVD SB,,N,N,0,N,N,,Y,19,,,1,,,MONTWOOD DR WB,DR,,,,,,,0,0,98,,7,8,17,3:22 PM,PHONE,3:22 PM,9/30/2013,Y,TX0710200,1259,,,185,8,2,2,22,64,46,1,5,1,21,21,71,136,31.76077484,-106.2682704,,,,,JOE BATTLE BLVD,,,,,,,,,,MONTWOOD DR,,,,,Y,N,N,5,9,Y,FRI,,,,,,,,,,,,,,,,,,,,,,,,,,,,,,,,,,,,,,,,,,,,,,,,,,,,,,,,0,0,0,4,0,0,0,66,,,
13488013,N,N,N,N,N,N,N,10/5/2013,12:43 PM,13-004991,,57,253,N,Y,,,19,,,1,,N,DALLAS,AVE,N,N,30,N,N,,Y,19,,,7,,E,SECOND,ST,,,,,,,11,1,98,1,1,2,1,12:43 PM,DISPATCH,12:48 PM,10/5/2013,Y,TX0571700,1641,,,87,8,2,2,22,64,47,1,2,1,21,21,57,253,32.59346434,-96.75664055,SH,342,,6.9,SH0342,298,48,1,22.718,280,-0.015,,,,E 2ND ST,,,,,Y,Y,N,5,6,Y,SAT,2,0,4,4,0,2,2,50,32,24,5,2,2,2,4,5,2,4,5,0,0,4,14,4641,2014,4641,10.6,14.6,25.3,,,,,,,,,,,,,,,,,,,,,,,,,,,0,0,0,2,0,0,0,282,,,
13488030,N,N,N,N,N,N,N,10/2/2013,7:27 PM,13-01052,,163,205,N,Y,,,19,,,1,2200,,M,AVE,N,N,25,N,N,,N,19,,,1,1200,,20TH,ST,,,,,,,11,5,0,,1,1,1,7:25 PM,RADIO,7:27 PM,10/2/2013,Y,TX1630300,1470,42,242,337,8,2,1,14,64,3,1,3,1,21,21,163,205,29.34654501,-99.14160216,,,,,AVENUE M,1999,,,,,,,,,20TH ST,,,,,Y,N,N,5,4,Y,WED,,,,,,,,,,,,,,,,,,,,,,,,,,,,,,,,,,,,,,,,,,,,,,,,,,,,,,,,0,0,0,4,0,0,0,,,,
13488079,N,N,N,N,N,N,N,9/25/2013,6:10 AM,13-02410,,101,447,N,Y,,,1,45,,2,21200,,IH 45 W FR,FWY,N,N,55,N,N,,N,19,,,2,,W,NASA BYPASS FEEDER,,,,,,,,5,4,2,,1,1,5,6:15 AM,DISPATCHED,6:25 AM,9/25/2013,Y,TX1012500,2391,,,,8,2,2,22,64,38,2,1,1,21,21,101,447,,,IH,45,,,IH0045,,,,,,,,,,W NASA BYPASS FEEDER,,,,,Y,Y,N,3,5,N,WED,,,,,,,,,,,,,,,,,,,,,,,,,,,,,,,,,,,,,,,,,,,,,,,,,,,,,,,,0,0,1,2,0,1,0,,,,
13488100,N,N,N,N,N,N,N,10/4/2013,7:56 PM,13-003202,13-0556,126,59,N,Y,,,19,,,1,900,W,HIDDEN CREEK,PKWY,N,N,35,N,N,,N,19,,,1,900,,IRENE,ST,,,,,,,11,3,0,,1,1,20,8:10 PM,DISPATCH,8:18 PM,10/5/2013,Y,TX1260200,185,,,,8,2,3,10,64,14,1,5,1,32,21,126,59,32.5256185,-97.33048326,,,,,W HIDDEN CREEK PKWY,,,,,,,,,,,,,,,Y,N,N,5,6,Y,FRI,,,,,,,,,,,,,,,,,,,,,,,,,,,,,,,,,,,,,,,,,,,,,,,,,,,,,,,,0,0,0,8,0,0,0,282,,,
13488252,N,N,N,N,N,N,N,10/5/2013,10:16 PM,13-98856,,220,156,N,Y,32.78701,-97.32071,1,35W,,1,1600,,NORTH,FWY,N,N,60,N,N,,N,19,,,,,,WATAUGA,RD,,,,,,,12,3,0,2,2,1,20,10:20 PM,DISPATCHED,10:28 PM,10/6/2013,Y,TX2201200,1318,4,3,23,8,2,4,22,64,42,1,1,1,21,21,220,156,32.78701418,-97.32064927,IH,35,W,53.582,IH0035W,,14,16,9.583,54,-0.447,,,,,,,,,Y,Y,N,5,9,Y,SAT,5,0,4,10,28,2,6,320,96,72,6,1,0,2,8,5,2,16,5,2,20,4,11,138149,2014,138149,4.9,6.2,11.2,,,,,,,,,,,,,,,,,,,,,,,,,,,0,0,0,10,0,0,0,282,,,
13488390,N,Y,N,N,N,N,N,10/7/2013,11:31 AM,2013-280-005,1499 IH 35,246,169,N,Y,,,1,35,,2,1499,,IH 35,,N,N,55,Y,Y,CONSTRUCTION,N,19,,,1,,,29,,,,,,,,11,1,0,2,1,10,1,11:36 AM,DISPATCH,11:52 AM,10/7/2013,Y,TX2460200,1351,,,,8,4,4,4,64,49,2,1,1,21,21,246,169,30.63185813,-97.69168207,IH,35,,260.552,IH0035,,15,8,10.658,261,0.108,,,,,,,,,Y,Y,N,5,7,Y,MON,5,0,10,10,70,2,6,300,112,72,4,0,0,2,20,5,2,20,5,2,50,4,11,104069,2014,104069,4.1,19,23,1,575,1,2,28,,,,,,,,,,,,,,,,,,,,,,0,0,0,1,0,0,0,90,,,
13488532,N,N,N,N,N,N,N,10/9/2013,4:34 PM,13-100171,,220,156,N,Y,32.70528,-97.44418,19,,,1,7450,,WILLIS,AVE,N,N,35,N,N,,Y,19,,,1,4600,,OLD BENBROOK,RD,,,,,,,11,1,98,,1,1,8,4:39 PM,DISPATCH,4:46 PM,10/9/2013,Y,TX2201200,1318,4,19,23,8,2,1,10,1,3,1,5,1,21,21,220,156,32.7052543,-97.44632241,,,,,WILLIS AVE,7501,,,,,,,,,OLD BENBROOK RD,,,,,Y,N,N,1,9,Y,WED,,,,,,,,,,,,,,,,,,,,,,,,,,,,,,,,,,,,,,,,,,,,,,,,,,,,,,,,2,0,0,1,0,2,0,282,,,
13488613,N,N,N,N,N,N,N,10/4/2013,4:26 PM,13-98396,,220,156,N,Y,,,19,,,1,1900,,MITCHELL,AVE,N,N,35,N,N,,Y,19,,,1,1800,S,BEACH,ST,,,,,,,11,1,3,,2,1,5,4:26 PM,MDC,4:33 PM,10/4/2013,Y,TX2201200,1318,4,3,23,8,2,1,10,64,54,1,5,1,21,21,220,156,32.72600429,-97.29077245,,,,,MITCHELL BLVD,1925,,,,,,,,,S BEACH ST,,,,,Y,N,N,5,9,Y,FRI,,,,,,,,,,,,,,,,,,,,,,,,,,,,,,,,,,,,,,,,,,,,,,,,,,,,,,,,0,0,0,3,0,0,0,282,,,
13489210,N,N,N,N,N,N,N,10/7/2013,5:53 PM,0125971913G,,101,208,N,Y,,,19,,,1,8600,,LIPAN,RD,N,N,35,N,N,,Y,19,,,1,3900,,DUNVALE,RD,,,,,,,11,1,0,,1,1,20,6:10 PM,MIDWEST DISPATCH,6:12 PM,10/7/2013,Y,TXHPD0000,2469,14,106,54,8,2,1,34,64,3,1,5,1,21,21,101,208,29.72392481,-95.51397305,,,,,LIPAN RD,8601,,,,,,,,,DUNVALE RD,,,,,Y,N,N,5,9,Y,MON,,,,,,,,,,,,,,,,,,,,,,,,,,,,,,,,,,,,,,,,,,,,,,,,,,,,,,,,0,0,0,2,0,0,0,15,,,
13489240,N,N,N,N,N,N,N,10/6/2013,3:45 AM,256253A,,57,107,N,Y,,,19,,,2,13900,,DALLAS,PKWY,N,N,40,N,N,,N,19,,,,5200,,SPRING VALLEY,RD,,,,,,,11,4,0,,1,1,1,5:15 AM,DISPATCHED,5:20 AM,10/6/2013,Y,TX0000006,2471,,,59,8,7,4,1,20,54,1,5,2,21,21,57,107,32.93699987,-96.82167256,,,,,DALLAS PKWY,13912,,,,,,,,,,,,,,Y,N,N,5,9,Y,SUN,,,,,,,,,,,,,,,,,,,,,,,,,,,,,,,,,,,,,,,,,,,,,,,,,,,,,,,,0,0,0,1,0,0,0,282,,,
13489476,N,N,N,N,N,N,N,10/8/2013,1:55 PM,SAPD13221422,5130,15,379,N,Y,,,19,,,1,6800,W,W MILITARY,DR,N,N,40,N,N,,Y,19,,,1,2500,,RENWICK,DR,,,,,,,11,1,2,,1,1,8,2:06 PM,DISPATCHED,2:21 PM,10/8/2013,N,TXSPD0000,2473,,19,148,8,2,1,10,64,54,1,5,1,21,21,15,379,,,,,,,W W MILITARY DR,,,,,,,,,,RENWICK DR,,,,,Y,N,N,5,9,N,TUE,,,,,,,,,,,,,,,,,,,,,,,,,,,,,,,,,,,,,,,,,,,,,,,,,,,,,,,,0,0,0,1,1,0,0,,,,
13489509,N,N,N,N,N,N,N,10/8/2013,3:05 PM,SAPD13221506,7340,15,379,N,Y,,,1,320,,1,15600,,IH 10 W,,N,N,65,N,N,,N,19,,,,5400,,PRESIDIO,PKWY,,,,,,,11,1,0,,1,1,1,3:30 PM,DISPATCHED,3:38 PM,10/8/2013,Y,TXSPD0000,2473,,61,123,8,2,4,20,64,54,1,1,1,21,21,15,379,,,,,,,IH0320,,,,,,,,,,,,,,,Y,Y,N,3,9,N,TUE,,,,,,,,,,,,,,,,,,,,,,,,,,,,,,,,,,,,,,,,,,,,,,,,,,,,,,,,0,0,1,1,0,1,0,,,,
13489663,N,N,N,N,N,N,N,10/8/2013,8:55 PM,13-6274,,79,413,N,Y,,,3,6,,1,1200,,NOT REPORTED,,N,N,50,N,N,,N,19,,,,11800,,UNIVERSITY,BLVD,,,,,,,11,3,0,,2,1,11,9:00 PM,POLICE DISPATCH,9:11 PM,10/10/2013,Y,TX0790500,2189,,,35,8,2,4,22,64,42,1,2,1,21,21,79,413,,,SH,6,,,SH0006,,,,,,,,,,,,,,,Y,Y,N,5,7,N,TUE,,,,,,,,,,,,,,,,,,,,,,,,,,,,,,,,,,,,,,,,,,,,,,,,,,,,,,,,0,0,0,3,0,0,0,,,,
13489668,N,N,N,N,N,N,N,10/9/2013,6:45 PM,0126906613T,FSGI,101,208,N,Y,,,17,,,7,11240,,FONDREN,RD,Y,N,-1,N,N,PRIVATE PARKING LOT,N,19,,,,6600,W,BELLFORT,AVE,,,,,,,11,1,98,,1,1,1,7:45 PM,WALK IN,7:45 PM,10/9/2013,Y,TXHPD0000,2469,6,125,55,8,4,4,5,64,3,7,9,5,33,21,101,208,,,,,,,FONDREN RD,,,,,,,,,,,,,,,N,N,N,0,9,N,WED,,,,,,,,,,,,,,,,,,,,,,,,,,,,,,,,,,,,,,,,,,,,,,,,,,,,,,,,0,0,0,0,1,0,0,,,,
13490495,N,N,N,N,N,N,N,10/3/2013,12:47 PM,13-02517,,101,244,N,Y,,,3,225,,1,11800,,SH 225,,N,N,65,N,N,,N,19,,,1,1600,,SENS,RD,,,,,,,12,1,0,2,1,1,20,11:36 AM,DISPATCH,11:42 AM,10/3/2013,N,TX1011300,1614,,,,8,7,4,1,39,3,1,2,4,21,21,101,244,29.69172549,-95.05072836,SH,225,,14.118,SH0225,11709,502,1,13.416,700,0.083,,,,,,,,,Y,Y,N,0,6,Y,THU,5,0,10,12,26,3,8,370,140,96,5,0,0,2,22,5,2,22,5,2,4,4,12,62181,2014,62181,5.1,7.4,12.4,,,,,,,,,,,,,,,,,,,,,,,,,,,0,0,0,0,1,0,0,15,,,
13490585,N,N,N,N,N,N,N,10/4/2013,2:10 AM,13-023090,,1,320,N,Y,,,2,79,,1,7500,W,OAK,ST,N,N,45,N,N,,N,19,,,1,100,,WORD,,,,,,,,11,3,2,,1,1,11,2:15 AM,DISPATCHED,2:19 AM,10/4/2013,Y,TX0010100,1896,,,33,8,6,4,1,64,54,1,2,1,21,21,1,320,,,US,79,,,US0079,,,,,,,,,,,,,,,Y,Y,N,5,5,N,FRI,,,,,,,,,,,,,,,,,,,,,,,,,,,,,,,,,,,,,,,,,,,,,,,,,,,,,,,,0,0,0,1,0,0,0,,,,
13490737,N,N,N,N,N,N,N,9/25/2013,7:23 AM,13-12110,,161,34,N,Y,,,19,,,1,3400,,WHEELER,,N,N,30,N,N,WHEELER,N,19,,,1,1300,,MARBLE,,,,,,MARBLE ST,,11,1,0,,1,1,1,7:23 AM,DISPATCH,7:23 AM,9/25/2013,Y,TX1550100,110,,53,100,8,2,4,22,64,42,1,5,1,21,21,161,34,31.59779903,-97.10286394,,,,,WHEELER AVE,3302,,,,,,,,,,,,,,Y,N,N,2,4,Y,WED,,,,,,,,,,,,,,,,,,,,,,,,,,,,,,,,,,,,,,,,,,,,,,,,,,,,,,,,0,1,2,1,0,3,0,140,,,
13490762,N,Y,N,N,N,N,N,9/9/2013,3:23 PM,,,205,282,N,N,,,2,359,,1,100,S,359,HWY,N,N,45,N,N,S. HIGHWAY 359,Y,19,,,1,700,E,SAN PATRICIO,AVE,,,,,,,2,1,2,1,1,2,5,3:23 PM,DISPATCHED,3:27 PM,9/9/2013,Y,TX2050200,1748,,,,8,2,2,19,64,38,1,2,1,21,21,205,282,28.08923149,-97.82157135,SH,359,,135.982,SH0359,852,87,3,4.523,572,0.589,FM,666,,FM0666,,,,,N,Y,Y,5,3,Y,MON,2,0,10,10,0,9,2,100,44,24,6,0,0,2,10,5,2,10,5,0,0,2,16,8818,2014,8818,9.4,5.9,15.3,1,368,1,1,25,,,,,,,,,,,,,,,,,,,,,,0,0,0,2,0,0,0,,,,
13491455,N,N,N,N,N,N,N,10/6/2013,6:45 PM,,,37,1602,Y,Y,31.90497,-95.39207,2,79,,1,,,NOT REPORTED,,N,N,70,N,N,,N,15,3220,,,,,NOT REPORTED,,,,,,,,11,1,0,1,1,1,11,6:48 PM,CHEROKEE CO DISPATCH,6:58 PM,10/6/2013,Y,TXDPS5500,10000,1,28,1,8,2,4,24,64,54,1,2,1,21,21,37,1602,31.90228353,-95.3985426,US,79,,95.219,US0079,2090,206,3,8.795,382,0.618,,,,,,,,,Y,Y,Y,5,0,Y,SUN,2,0,6,10,0,2,3,120,52,36,4,0,0,2,6,5,2,10,5,0,0,1,2,4568,2014,4568,4.3,15.4,19.8,,,,,,,,,,,,,,,,,,,,,,,,,,,0,0,0,4,0,0,0,,,,
13491568,N,Y,N,N,N,N,N,9/25/2013,3:37 AM,,,249,1814,Y,Y,33.0647,-97.50047,4,51,,1,,,NOT REPORTED,,N,N,70,N,N,,N,15,2425,,,,,NOT REPORTED,,,,,,,,11,3,0,1,6,1,12,3:52 AM,DISPATCHED,4:28 AM,9/25/2013,Y,,10000,15,118,1,8,6,4,1,64,54,1,3,1,21,21,249,1814,33.30592027,-97.50131147,FM,51,,31.995,FM0051,4441,312,3,9.271,242,-0.716,,,,,,,,,Y,Y,Y,5,0,Y,WED,2,0,6,6,0,2,2,100,36,24,4,0,0,2,6,5,2,6,5,0,0,1,6,3779,2014,3779,6.1,13.6,19.7,,,,,,,,,,,,,,,,,,,,,,,,,,,0,0,0,1,0,0,0,282,,,
13492243,N,N,N,N,N,N,N,10/1/2013,3:05 PM,13047676,,57,373,N,N,32.90856,-96.52548,19,,,1,5201,,NITA PEARSON,DR,Y,N,0,N,N,PARKING LOT,N,19,,,1,8000,,WOODSIDE,RD,,,,,,,11,1,0,,1,1,1,3:05 PM,BY CITIZEN,3:05 PM,10/2/2013,Y,TX0573300,2049,,,21,8,4,4,4,64,12,7,9,5,33,21,57,373,,,,,,,NITA PEARSON DR,,,,,,,,,,,,,,,N,N,N,0,7,N,TUE,,,,,,,,,,,,,,,,,,,,,,,,,,,,,,,,,,,,,,,,,,,,,,,,,,,,,,,,0,0,0,0,1,0,0,,,,
13492290,N,N,N,N,N,N,N,10/3/2013,7:45 PM,131003-008,,101,430,N,Y,,,19,,,1,2400,S,2400 CHERRY ST,ST,N,N,45,N,N,GOOD DRIVING CONDITIONS,N,19,,,,,,HOLDERRIETH,RD,,,,,GOOD DRIVING CONDITIONS,,11,3,0,,1,1,11,7:45 PM,DISPATCHED,7:50 PM,10/3/2013,Y,TX1012300,2286,30,87,5,8,7,4,1,62,7,1,5,2,21,21,101,430,,,,,,,S 2400 CHERRY ST ST,,,,,,,,,,,,,,,Y,N,N,2,5,N,THU,,,,,,,,,,,,,,,,,,,,,,,,,,,,,,,,,,,,,,,,,,,,,,,,,,,,,,,,0,1,0,0,0,1,0,,,,
13492435,N,Y,N,N,N,N,N,9/14/2013,10:40 AM,13-007893,,43,285,N,Y,,,2,75,,1,3800,S,75,,N,N,0,N,N,,N,12,,,1,4000,,SAM RAYBURN TOLLWAY,,,,,,,,11,1,0,,1,1,11,10:46 AM,DISPATCH,10:56 AM,9/14/2013,N,TX0430500,1759,,,362,8,2,4,21,64,9,1,2,1,21,21,43,285,,,US,75,,,US0075,,,,,,,,,,,,,,,Y,Y,N,5,8,N,SAT,,,,,,,,,,,,,,,,,,,,,,,,,,,,,,,,,,,,,,,,,,,,,,,,,,,,,,,,0,0,0,1,1,0,0,,,,
13492630,N,N,N,N,N,N,N,10/3/2013,5:53 AM,13-180128,,43,336,N,Y,,,19,,,1,200,,COIT,RD,N,N,45,N,N,,Y,19,,,2,4000,W,PRESIDENT GEORGE BUSH,HWY,,,,,,,12,4,3,,1,1,5,5:53 AM,DISPATCH,5:59 AM,10/3/2013,Y,TX0430600,1938,,,90,8,2,1,34,64,3,1,5,1,21,21,43,336,32.99988421,-96.76792257,,,,,COIT RD,,,,,,,,,,W PRESIDENT GEORGE BUSH HWY,,,,,Y,N,N,5,9,Y,THU,,,,,,,,,,,,,,,,,,,,,,,,,,,,,,,,,,,,,,,,,,,,,,,,,,,,,,,,0,0,0,2,0,0,0,282,,,
13492917,N,N,N,N,N,N,N,9/20/2013,12:20 PM,13-008132,,43,285,N,Y,,,2,380,,1,1800,W,UNIVERSITY,DR,N,N,40,N,N,,N,2,75,,2,1900,N,CENTRAL,EXPY,,,,,,,2,1,0,2,1,2,1,12:22 PM,DISPATCH,12:26 PM,9/21/2013,Y,TX0430500,1759,,100,187,8,2,3,10,64,13,1,2,1,32,21,43,285,33.21647422,-96.62973833,US,380,,398.748,US0380,1634,135,2,10.01,638,0.1,,,,,,,,,Y,Y,N,5,8,Y,FRI,3,0,2,2,19,2,6,100,80,72,5,1,2,2,4,5,2,4,5,1,15,3,14,35484,2014,35484,4.6,2.7,7.3,,,,,,,,,,,,,,,,,,,,,,,,,,,0,0,0,2,0,0,0,282,,,
13492971,N,N,N,N,N,N,N,9/14/2013,11:26 PM,13-007916,,43,285,N,Y,,,2,75,,2,4000,S,CENTRAL,EXPY,N,N,55,N,N,,Y,12,,,3,4000,,SAM RAYBURN TOLLWAY,,,,,,,,11,4,8,,1,1,20,11:34 PM,RADIO,11:37 PM,9/15/2013,Y,TX0430500,1759,,,61,8,7,4,1,23,54,2,2,2,21,21,43,285,,,US,75,,,US0075,,,,,,,,,,,,,,,Y,Y,N,0,8,N,SAT,,,,,,,,,,,,,,,,,,,,,,,,,,,,,,,,,,,,,,,,,,,,,,,,,,,,,,,,0,0,0,0,1,0,0,,,,
13492990,N,N,N,Y,N,N,N,9/23/2013,7:03 AM,13-00172,,29,341,N,Y,,,3,35,,1,2000,S,HWY 35,,N,N,40,N,N,,N,19,,,1,2000,W,MAIN ST,,,,,,,,2,1,4,2,1,2,5,7:05 AM,RADIO,7:07 AM,9/24/2013,Y,TX0290200,1950,17,81,106,8,2,4,22,64,42,1,2,1,17,21,29,341,28.61035478,-96.6472254,SH,35,,138.083,SH0035,,179,10,11.973,614,-0.031,,,,,,,,,Y,Y,N,5,5,Y,MON,3,0,4,10,118,9,4,230,82,48,6,0,1,2,8,5,2,20,5,3,110,2,16,7019,2014,7019,4.1,7.9,12,,,,,,,,,,,,,,,,,,,,,,,,,,,0,0,0,3,0,0,0,,,,
13493035,N,N,N,N,N,N,N,9/9/2013,5:59 PM,1300008292,,129,229,N,Y,32.57642,-96.31422,2,175,,1,600,W,W 175 HWY,HWY,N,N,65,N,N,,Y,19,,,,1700,S,HOUSTON,ST,,,,,,,11,1,0,2,1,1,20,6:01 PM,DISPATCHED,6:02 PM,9/10/2013,Y,TX1290200,1563,8,216,17,6,2,4,20,64,22,1,2,1,21,21,129,229,32.57632065,-96.31430817,US,175,,31.609,US0175,,197,4,5.082,622,-0.199,,,,,,,,,Y,Y,N,5,4,Y,MON,5,0,6,15,60,3,4,280,90,48,4,0,0,2,12,5,2,30,5,2,48,2,12,17678,2014,17678,7,11,18,,,,,,,,,,,,,,,,,,,,,,,,,,,0,0,0,2,0,0,0,282,,,
13493118,N,N,N,N,N,N,N,8/7/2013,4:49 PM,13-01116,,61,96,N,Y,,,19,,,1,3700,,CORINTH,PKWY,N,N,35,N,N,TWO WAY DIVIDED,N,19,,,,,,SHADY REST,LN,,,,,TWO LANE NOT DIVIDED,,11,1,0,,1,1,20,4:54 PM,DISPATCHED,4:54 PM,8/7/2013,Y,TX0612300,1113,,,,8,2,2,22,64,39,1,5,1,21,21,61,96,33.15343419,-97.05246063,,,,,CORINTH PKWY,,,,,,,,,,SHADY REST LN,,,,,Y,N,N,5,5,Y,WED,,,,,,,,,,,,,,,,,,,,,,,,,,,,,,,,,,,,,,,,,,,,,,,,,,,,,,,,0,0,0,2,0,0,0,282,,,
13493198,N,N,N,N,N,N,N,9/30/2013,11:27 AM,13-144677,,188,12,N,N,,,19,,,1,800,,ADAMS,ST,N,N,40,N,N,,Y,19,,,1,900,SW,8TH,AVE,,,,,,,11,1,4,3,1,1,5,11:28 AM,DISPATCH,11:32 AM,9/30/2013,Y,TX1880100,33,,,18,8,2,1,34,64,54,1,2,1,21,21,188,12,35.22201304,-101.8445212,BI,40,D,8.443,BI0040D,901,90,6,20.615,300,0.335,,,,N ADAMS ST,,,,,Y,Y,N,3,8,Y,MON,2,0,4,4,0,2,4,90,74,66,2,2,2,2,4,5,2,4,5,0,0,3,14,15106,2014,15106,2.4,34.4,36.8,,,,,,,,,,,,,,,,,,,,,,,,,,,0,0,1,2,0,1,0,120,,,
13493270,N,N,N,N,N,N,N,10/1/2013,2:21 PM,13-09688,,86,157,N,Y,,,2,87,,1,200,E,MAIN,ST,N,N,30,N,N,,Y,3,16,,1,100,N,LLANO,ST,,,,,,,12,1,4,3,1,1,5,2:21 PM,DISPATCH-RADIO,2:24 PM,10/1/2013,Y,TX0860100,1323,,,,8,2,1,34,64,54,1,2,1,21,21,86,157,30.27387428,-98.87059021,US,87,,582.673,US0087,102,72,1,18.706,618,0.48,SH,16,,SH0016,,,,,Y,Y,N,5,5,Y,TUE,2,0,0,2,0,2,4,97,50,48,4,2,2,1,0,0,2,2,5,0,0,2,16,10677,2014,10677,12,17.5,29.6,,,,,,,,,,,,,,,,,,,,,,,,,,,0,0,0,2,0,0,0,,,,
13493430,N,N,N,N,N,N,N,10/8/2013,1:50 AM,2013A002534,29C,57,166,N,Y,32.903,-96.63091,19,,,1,1100,S,FIRST,ST,N,N,30,N,N,,Y,19,,,1,100,,E MARGUERITA,DR,,,,,,,11,4,2,,1,1,8,2:06 AM,DISPATCHED,2:15 AM,10/8/2013,Y,TX0571100,1344,,,,8,2,1,14,64,54,1,5,1,21,21,57,166,32.90213422,-96.63083261,,,,,S 1ST ST,1104,,,,,,,,,E MARGUERITA DR,,,,,Y,N,N,5,8,Y,TUE,,,,,,,,,,,,,,,,,,,,,,,,,,,,,,,,,,,,,,,,,,,,,,,,,,,,,,,,0,0,0,1,1,0,0,282,,,
13493868,N,Y,N,N,N,N,N,10/9/2013,11:25 PM,,,128,1693,Y,Y,29.13157,-97.78347,3,119,,1,,,NOT REPORTED,,N,N,70,N,N,,Y,3,80,,1,,,NOT REPORTED,,,,,,,,11,3,4,1,1,1,8,11:30 PM,DISPATCHED,12:11 AM,10/10/2013,Y,,10000,12,92,1,8,2,1,10,64,3,1,2,1,21,21,128,1693,29.13143539,-97.78349304,SH,80,,67.125,SH0080,19548,348,3,6.948,532,-0.057,SH,119,,SH0119,,359,4,3.711,Y,Y,Y,1,0,Y,WED,2,0,10,10,0,2,2,120,44,24,4,0,0,2,10,5,2,10,5,0,0,1,7,5506,2014,5506,14.4,23.5,37.8,,,,,,,,,,,,,,,,,,,,,,,,,,,1,0,1,0,0,2,0,,,,