Crash_ID,Crash_Fatal_Fl,Cmv_Involv_Fl,Schl_Bus_Fl,Rr_Relat_Fl,Medical_Advisory_Fl,Amend_Supp_Fl,Active_School_Zone_Fl,Crash_Date,Crash_Time,Case_ID,Local_Use,Rpt_CRIS_Cnty_ID,Rpt_City_ID,Rpt_Outside_City_Limit_Fl,Thousand_Damage_Fl,Rpt_Latitude,Rpt_Longitude,Rpt_Rdwy_Sys_ID,Rpt_Hwy_Num,Rpt_Hwy_Sfx,Rpt_Road_Part_ID,Rpt_Block_Num,Rpt_Street_Pfx,Rpt_Street_Name,Rpt_Street_Sfx,Private_Dr_Fl,Toll_Road_Fl,Crash_Speed_Limit,Road_Constr_Zone_Fl,Road_Constr_Zone_Wrkr_Fl,Rpt_Street_Desc,At_Intrsct_Fl,Rpt_Sec_Rdwy_Sys_ID,Rpt_Sec_Hwy_Num,Rpt_Sec_Hwy_Sfx,Rpt_Sec_Road_Part_ID,Rpt_Sec_Block_Num,Rpt_Sec_Street_Pfx,Rpt_Sec_Street_Name,Rpt_Sec_Street_Sfx,Rpt_Ref_Mark_Offset_Amt,Rpt_Ref_Mark_Dist_Uom,Rpt_Ref_Mark_Dir,Rpt_Ref_Mark_Nbr,Rpt_Sec_Street_Desc,Rpt_CrossingNumber,Wthr_Cond_ID,Light_Cond_ID,Entr_Road_ID,Road_Type_ID,Road_Algn_ID,Surf_Cond_ID,Traffic_Cntl_ID,Investigat_Notify_Time,Investigat_Notify_Meth,Investigat_Arrv_Time,Report_Date,Investigat_Comp_Fl,ORI_Number,Investigat_Agency_ID,Investigat_Area_ID,Investigat_District_ID,Investigat_Region_ID,Bridge_Detail_ID,Harm_Evnt_ID,Intrsct_Relat_ID,FHE_Collsn_ID,Obj_Struck_ID,Othr_Factr_ID,Road_Part_Adj_ID,Road_Cls_ID,Road_Relat_ID,Phys_Featr_1_ID,Phys_Featr_2_ID,Cnty_ID,City_ID,Latitude,Longitude,Hwy_Sys,Hwy_Nbr,Hwy_Sfx,Dfo,Street_Name,Street_Nbr,Control,Section,Milepoint,Ref_Mark_Nbr,Ref_Mark_Displ,Hwy_Sys_2,Hwy_Nbr_2,Hwy_Sfx_2,Street_Name_2,Street_Nbr_2,Control_2,Section_2,Milepoint_2,Txdot_Rptable_Fl,Onsys_Fl,Rural_Fl,Crash_Sev_ID,Pop_Group_ID,Located_Fl,Day_of_Week,Hwy_Dsgn_Lane_ID,Hwy_Dsgn_Hrt_ID,Hp_Shldr_Left,Hp_Shldr_Right,Hp_Median_Width,Base_Type_ID,Nbr_Of_Lane,Row_Width_Usual,Roadbed_Width,Surf_Width,Surf_Type_ID,Curb_Type_Left_ID,Curb_Type_Right_ID,Shldr_Type_Left_ID,Shldr_Width_Left,Shldr_Use_Left_ID,Shldr_Type_Right_ID,Shldr_Width_Right,Shldr_Use_Right_ID,Median_Type_ID,Median_Width,Rural_Urban_Type_ID,Func_Sys_ID,Adt_Curnt_Amt,Adt_Curnt_Year,Adt_Adj_Curnt_Amt,Pct_Single_Trk_Adt,Pct_Combo_Trk_Adt,Trk_Aadt_Pct,Curve_Type_ID,Curve_Lngth,Cd_Degr,Delta_Left_Right_ID,Dd_Degr,Feature_Crossed,Structure_Number,I_R_Min_Vert_Clear,Approach_Width,Bridge_Median_ID,Bridge_Loading_Type_ID,Bridge_Loading_In_1000_Lbs,Bridge_Srvc_Type_On_ID,Bridge_Srvc_Type_Under_ID,Culvert_Type_ID,Roadway_Width,Deck_Width,Bridge_Dir_Of_Traffic_ID,Bridge_Rte_Struct_Func_ID,Bridge_IR_Struct_Func_ID,CrossingNumber,RRCo,Poscrossing_ID,WDCode_ID,Standstop,Yield,Incap_Injry_Cnt,Nonincap_Injry_Cnt,Poss_Injry_Cnt,Non_Injry_Cnt,Unkn_Injry_Cnt,Tot_Injry_Cnt,Death_Cnt,MPO_ID,Investigat_Service_ID,Investigat_DA_ID,Investigator_Narrative
13494270,N,N,N,N,N,N,N,10/6/2013,4:00 AM,,,184,1058,N,Y,32.74683,-98.01003,15,,,1,,S,FRONT,ST,N,N,35,N,N,,N,15,,,,,,LAMAR,ST,,,,,,,12,3,0,,1,2,1,4:07 AM,DPS-MINERAL WELLS,4:45 AM,10/6/2013,N,TXDPS1900,10000,22,118,1,8,7,4,1,30,3,1,4,2,21,21,184,1058,32.74667137,-98.01074703,,,,,S FRONT ST,214,,,,,,,,,,,,,,Y,N,Y,5,1,Y,SUN,,,,,,,,,,,,,,,,,,,,,,,,,,,,,,,,,,,,,,,,,,,,,,,,,,,,,,,,0,0,0,1,0,0,0,282,,,
13494500,N,N,N,N,N,N,N,9/16/2013,7:25 AM,13-259029,,71,136,N,Y,,,19,,,1,,,YARBROUGH,DR,N,N,40,N,N,,Y,19,,,1,,N,ASHWOOD,,,,,,,,12,1,0,,1,1,8,7:30 AM,DISPATCHER,7:37 AM,9/16/2013,Y,TX0710200,1259,,446,,8,2,1,10,64,3,1,5,1,21,21,71,136,31.77523484,-106.3398204,,,,,N YARBROUGH DR,,,,,,,,,,ASHWOOD DR,,,,,Y,N,N,5,9,Y,MON,,,,,,,,,,,,,,,,,,,,,,,,,,,,,,,,,,,,,,,,,,,,,,,,,,,,,,,,0,0,0,3,0,0,0,66,,,
13494507,N,N,N,N,N,N,N,9/16/2013,9:00 AM,13-259059,,71,136,N,Y,,,19,,,1,,,KENWORTHY,ST,N,N,0,Y,N,,Y,19,,,1,,,WOODROW BEAN TRANS,,,,,,,,11,1,98,,1,1,9,9:48 AM,VIA PHONE,9:48 AM,9/16/2013,Y,TX0710200,1259,,,164,8,2,2,22,64,49,1,5,1,21,21,71,136,31.89893482,-106.4331503,,,,,KENWORTHY ST,,,,,,,,,,WOODROW BEAN TRANSMOUNTAIN DR,,,,,Y,N,N,5,9,Y,MON,,,,,,,,,,,,,,,,,,,,,,,,,,,,,,,,,,,,,,,,,,,,,,,,,,,,,,,,0,0,0,4,0,0,0,66,,,
13494657,N,N,N,N,N,N,N,10/3/2013,4:25 PM,C1307343,,178,97,N,N,,,19,,,1,5800,S,PADRE ISLAND,DR,N,N,40,N,N,,N,19,,,1,1500,,AIRLINE,RD,,,,,,,12,1,0,2,1,1,9,4:27 PM,DISPATCHED,4:38 PM,10/3/2013,Y,TX1780200,1115,,,12,8,2,4,21,64,54,1,2,1,21,21,178,97,27.70573387,-97.36622974,SH,358,,10.259,SH0358,,617,1,10.154,566,0.277,,,,,,,,,N,Y,N,5,9,Y,THU,5,0,10,10,22,8,6,250,112,72,4,0,0,2,20,5,2,20,5,2,2,4,12,64376,2014,64376,3.2,3,6.2,,,,,,,,,,,,,,,,,,,,,,,,,,,0,0,0,2,1,0,0,96,,,
13494935,N,N,N,N,N,N,N,9/5/2013,7:30 AM,13-0905-0006,13A480,246,372,N,Y,,,19,,,1,700,,ROUND ROCK,AVE,N,N,40,N,N,,Y,1,35,,,,N,NOT REPORTED,,,,,,,,11,1,4,2,1,1,5,7:38 AM,DISPATCHED,7:40 AM,9/5/2013,Y,TX2460500,2047,,,,8,2,1,34,64,54,1,1,1,21,21,246,372,30.50976181,-97.68612671,IH,35,,252.021,IH0035,,15,9,2.159,253,-0.465,RM,620,,RM0620,,683,1,10.755,Y,Y,N,5,8,Y,THU,5,0,4,10,11,2,6,300,100,72,4,0,0,2,8,5,2,20,5,2,3,4,11,157820,2014,157820,3.3,9.4,12.7,1,248,0,2,6,,,,,,,,,,,,,,,,,,,,,,0,0,0,2,0,0,0,90,,,
13495284,N,N,N,N,N,N,N,10/9/2013,11:16 AM,,,168,1733,Y,N,32.5237,-101.08283,3,350,,1,,,NOT REPORTED,,N,N,75,N,N,SH 350 NB,N,15,286,,,,,NOT REPORTED,,,,,,,,11,3,0,1,1,1,20,12:25 PM,DISPATCHED,1:02 AM,10/13/2013,Y,,10000,19,1,1,8,10,4,1,1,29,1,2,2,21,21,168,1733,32.52232285,-101.0861679,SH,350,,30.627,SH0350,13678,693,2,5.506,348,-0.529,,,,,,,,,Y,Y,Y,3,0,Y,WED,2,0,10,10,0,2,2,100,44,24,4,0,0,2,10,5,2,10,5,0,0,1,6,1988,2014,1988,3.1,11.5,14.7,,,,,,,,,,,,,,,,,,,,,,,,,,,0,0,1,0,0,1,0,,,,
13495553,N,N,N,N,N,N,N,10/8/2013,7:45 AM,,,230,1795,Y,Y,32.75195,-95.09213,3,154,,1,,,NOT REPORTED,,N,N,60,N,N,,N,15,,,,,,GROUNDHOG,,,,,,,,11,2,0,1,1,1,11,7:45 AM,UPSHUR CO COMM,8:30 AM,10/16/2013,Y,TXDPS5500,10000,12,28,1,8,2,4,22,64,45,1,2,1,21,21,230,1795,32.75180691,-95.09139588,SH,154,,69.468,SH0154,,401,4,3.658,720,-0.352,,,,,,,,,Y,Y,Y,5,0,Y,TUE,2,0,4,4,0,2,2,120,36,27,2,0,0,3,4,5,3,4,5,0,0,1,6,3161,2014,3161,5.2,7,12.3,,,,,,,,,,,,,,,,,,,,,,,,,,,0,0,0,3,0,0,0,,,,
13496021,N,N,N,N,N,N,N,9/25/2013,4:44 PM,C1307169,,178,97,N,Y,,,19,,,1,5600,,SARATOGA,BLVD,N,N,45,N,N,,Y,19,,,1,6400,S,STAPLES,ST,,,,,,,11,1,0,2,1,1,5,4:46 PM,DISPATCHED,4:50 PM,9/25/2013,Y,TX1780200,1115,,,12,8,2,1,34,64,54,1,2,1,21,21,178,97,27.68554242,-97.3839249,SH,357,,7.278,SH0357,,1069,1,12.349,564,-0.465,,,,S STAPLES ST,,,,,Y,Y,N,5,9,Y,WED,3,0,0,0,15,2,4,120,52,48,4,1,2,1,0,0,1,0,0,1,15,4,14,30679,2014,30679,4.9,3.9,8.8,,,,,,,,,,,,,,,,,,,,,,,,,,,0,0,0,2,0,0,0,96,,,
13496203,N,N,N,N,N,N,N,10/4/2013,12:10 PM,1310-0091,,15,264,N,Y,,,11,1604,,2,7800,E,ANDERSON,LOOP,N,N,45,N,N,7800 LOOP 1604 E ACCESS RD,N,1,35,,2,14000,,IH 35 INTERCHANGE,,,,,,IH 35 INTERCHANGE,,11,1,98,2,2,1,1,12:17 PM,DISPATCHER,12:22 PM,10/4/2013,Y,TX0151600,1678,,,51,8,2,4,20,64,54,2,2,1,21,21,15,264,29.56838689,-98.3335629,SL,1604,,50.811,SL1604,,2452,3,37.884,540,-0.89,,,,,,,,,Y,Y,N,5,5,Y,FRI,5,0,10,10,38,2,8,290,140,96,4,0,0,2,20,5,2,20,5,2,18,4,12,31415,2014,31415,2.8,2.3,5.1,,,,,,,,,,,,,,,,,,,,,,,,,,,0,0,0,2,0,0,0,28,,,
13496247,N,N,N,N,N,N,N,10/1/2013,7:00 PM,C1307313,,178,97,N,Y,,,19,,,1,3700,N,SAXET,DR,N,N,30,N,N,,N,19,,,1,300,,BAKER,DR,,,,,,,11,1,0,,1,1,1,7:51 PM,ON VIEW,7:51 PM,10/1/2013,Y,TX1780200,1115,,,51,8,4,3,4,64,14,1,5,1,32,21,178,97,27.79193946,-97.43640102,,,,,N SAXET DR,3675,,,,,,,,,,,,,,Y,N,N,5,9,Y,TUE,,,,,,,,,,,,,,,,,,,,,,,,,,,,,,,,,,,,,,,,,,,,,,,,,,,,,,,,0,0,0,1,0,0,0,96,,,
13496775,N,N,N,N,N,N,N,10/4/2013,2:40 PM,0124571113M,,101,208,N,Y,,,19,,,1,9000,S,RICE,AVE,N,N,35,N,N,CONCRETE,Y,19,,,1,,S,BRAESWOOD,BLVD,,,,,,,12,1,4,,1,1,5,2:52 PM,DISPATCH,3:03 PM,10/4/2013,Y,TXHPD0000,2469,16,125,40,8,2,1,10,64,54,1,5,1,21,21,101,208,29.67826482,-95.46773307,,,,,S RICE AVE,,,,,,,,,,S BRAESWOOD BLVD,,,,,Y,N,N,2,9,Y,FRI,,,,,,,,,,,,,,,,,,,,,,,,,,,,,,,,,,,,,,,,,,,,,,,,,,,,,,,,0,2,0,0,0,2,0,15,,,
13497357,N,N,N,N,N,N,N,10/8/2013,3:19 PM,1300022426,,220,363,N,Y,,,19,,,1,5400,,TULANE AVE,AVE,N,N,30,N,N,,Y,19,,,1,1200,,OXFORD,ST,,,,,,,11,1,4,,1,1,8,3:19 PM,DISPATCHED,3:22 PM,10/8/2013,Y,TX2202300,2024,,8,36,8,2,1,10,64,3,1,5,1,21,21,220,363,,,,,,,TULANE AVE AVE,,,,,,,,,,OXFORD ST,,,,,Y,N,N,3,4,N,TUE,,,,,,,,,,,,,,,,,,,,,,,,,,,,,,,,,,,,,,,,,,,,,,,,,,,,,,,,0,0,1,1,0,1,0,,,,
13497528,N,N,N,N,N,N,N,9/9/2013,9:30 AM,130126208,1007922,101,1666,Y,Y,,,19,,,1,5500,,BARKER CYPRESS,RD,N,N,45,N,N,,Y,19,,,1,18200,,RIVER SAGE,DR,,,,,,,0,1,0,,1,0,8,7:04 PM,WALK-IN,7:45 PM,9/11/2013,Y,TX1010000,1419,123,4,5,8,2,2,36,64,54,1,4,1,21,21,101,1666,29.85338479,-95.683293,,,,,BARKER CYPRESS RD,,,,,,,,,,RIVER SAGE DR,,,,,Y,N,Y,5,0,Y,MON,,,,,,,,,,,,,,,,,,,,,,,,,,,,,,,,,,,,,,,,,,,,,,,,,,,,,,,,0,0,0,2,0,0,0,15,,,
13497546,N,N,N,N,N,N,N,9/12/2013,2:35 PM,130126628,1019490,101,1666,Y,N,,,2,290,,7,21214,,NOT REPORTED,,Y,N,50,N,N,,N,19,,,,,,HUFFMEISTER,RD,,,,,,,11,1,0,,7,1,1,2:45 PM,DISPATCHED,5:12 PM,9/12/2013,N,TX1010000,1419,,18,62,8,2,4,45,64,12,7,9,5,33,21,101,1666,,,US,290,,,US0290,,,,,,,,,,,,,,,N,Y,Y,5,0,N,THU,,,,,,,,,,,,,,,,,,,,,,,,,,,,,,,,,,,,,,,,,,,,,,,,,,,,,,,,0,0,0,1,1,0,0,,,,
13498566,N,N,N,N,N,N,N,9/17/2013,11:06 AM,130128905,4001369,101,208,N,Y,,,12,,,1,6121,W,SAM HOUSTON,PKWY,N,Y,65,N,N,NORTH NORTHBOUND,N,19,,,,,W,LITTLE YORK,RD,,,,,,,11,1,0,1,1,1,11,11:52 AM,DISPATCHED,11:52 AM,9/17/2013,Y,TX1015000,2745,61,88,53,8,7,4,1,53,54,1,2,2,21,21,101,208,29.86008224,-95.56386639,SL,8,,25.627,SL0008,,3256,1,16.3,706,-0.484,,,,,,,,,Y,Y,N,5,9,Y,TUE,1,0,0,0,0,9,3,300,36,36,5,1,1,1,0,0,1,0,0,0,0,4,14,23459,2014,23459,1.8,1.4,3.2,,,,,,,,,,,,,,,,,,,,,,,,,,,0,0,0,1,0,0,0,15,,,
13498928,N,N,N,N,N,N,N,10/2/2013,5:18 PM,13-04867,,101,111,N,Y,,,19,,,1,100,E,P,ST,N,N,30,N,N,,N,19,,,1,,,CENTER,ST,,,,,,,12,1,0,,1,1,11,5:18 PM,ON VIEW,5:18 PM,10/2/2013,Y,TX1010400,1190,,,,8,2,4,20,64,54,1,5,1,21,21,101,111,29.6843798,-95.12300766,,,,,E P ST,,,,,,,,,,,,,,,Y,N,N,5,6,Y,WED,,,,,,,,,,,,,,,,,,,,,,,,,,,,,,,,,,,,,,,,,,,,,,,,,,,,,,,,0,0,0,2,0,0,0,15,,,
13500989,N,N,N,N,N,N,N,10/2/2013,6:49 PM,13-030996,,240,254,N,N,,,19,,,1,1200,,INTERNATIONAL,BLVD,N,N,35,N,N,,N,19,,,1,8700,,MCPHERSON,,,,,,,,11,1,0,,1,1,20,7:16 PM,MCT DISPATCHED,7:16 PM,10/2/2013,Y,TX2400100,1644,,,65,8,2,4,20,64,54,1,5,1,21,21,240,254,27.58718504,-99.47647292,,,,,INTERNATIONAL BLVD,1301,,,,,,,,,,,,,,N,N,N,5,8,Y,WED,,,,,,,,,,,,,,,,,,,,,,,,,,,,,,,,,,,,,,,,,,,,,,,,,,,,,,,,0,0,0,3,0,0,0,205,,,
13501015,N,N,N,N,N,N,N,10/5/2013,8:37 PM,13-21965,,68,315,N,Y,,,19,,,1,2700,N,GRANDVIEW,,N,N,45,N,N,,Y,19,,,1,3000,E,UNIVERSITY,,,,,,,,11,4,4,,1,1,5,8:37 PM,DISPATCHED,8:48 PM,10/5/2013,Y,680200,1873,,,,8,2,1,34,64,54,1,5,1,21,21,68,315,31.87560465,-102.3472913,,,,,N GRANDVIEW AVE,2700,,,,,,,,,E UNIVERSITY BLVD,,,,,Y,N,N,2,8,Y,SAT,,,,,,,,,,,,,,,,,,,,,,,,,,,,,,,,,,,,,,,,,,,,,,,,,,,,,,,,0,2,0,2,0,2,0,174,,,
13501060,N,N,N,N,N,N,N,8/27/2013,11:58 PM,13-18915,,68,315,N,Y,,,3,80,,1,2800,E,HWY 80,HWY,N,N,45,N,N,PAVEMENT,N,19,,,1,100,S,REED,ST,15,F,E,NCL,PAVEMENT,,11,4,0,2,1,1,8,10:23 PM,DISPATCHED,10:45 PM,8/28/2013,Y,680200,1873,,,,8,2,1,10,64,54,1,2,1,21,21,68,315,31.86512601,-102.3274393,BI,20,E,7.114,BI0020E,,5,1,12.114,303,-0.062,,,,REED AVE,,,,,Y,Y,N,5,8,Y,TUE,4,0,0,8,25,2,4,230,76,60,4,1,1,1,0,0,2,16,2,3,25,3,14,17149,2014,17149,2.2,3.4,5.7,,,,,,,,,,,,,,,,,,,,,,,,,,,0,0,0,3,1,0,0,174,,,
13501377,N,N,N,N,N,N,N,8/28/2013,11:25 AM,130119001,1018920,101,1666,Y,Y,,,19,,,1,23400,,MORTON,RD,N,N,35,Y,Y,,Y,19,,,1,2900,,WINCHESTER RANCH,TRL,,,,,,,11,1,2,,1,1,20,11:27 AM,DISPATCHED,11:39 AM,8/28/2013,Y,TX1010000,1419,205,33,5,8,2,1,24,1,49,1,4,1,21,21,101,1666,,,,,,,MORTON RD,,,,,,,,,,WINCHESTER RANCH TRL,,,,,Y,N,Y,3,0,N,WED,,,,,,,,,,,,,,,,,,,,,,,,,,,,,,,,,,,,,,,,,,,,,,,,,,,,,,,,0,0,2,0,0,2,0,,,,
13501423,N,N,N,N,N,N,N,9/18/2013,9:01 AM,130129333,1019271,101,1666,Y,Y,,,19,,,1,3900,,ATASCOCITA,RD,N,N,45,N,N,,N,19,,,,,,WILL CLAYTON,,,,,,,,11,1,4,,1,1,20,8:58 AM,DISPATCHED,9:06 AM,9/18/2013,Y,TX1010000,1419,282,4,5,8,2,3,23,64,13,1,4,1,32,21,101,1666,29.97933412,-95.21742412,,,,,ATASCOCITA RD,,,,,,,,,,,,,,,Y,N,Y,2,0,Y,WED,,,,,,,,,,,,,,,,,,,,,,,,,,,,,,,,,,,,,,,,,,,,,,,,,,,,,,,,0,1,0,2,0,1,0,15,,,
13501493,N,N,N,N,N,N,N,8/30/2013,6:24 AM,130119922,1015694,101,1666,Y,Y,,,19,,,1,125,,AIRTEX,DR,Y,N,0,N,N,,N,1,45,,,,,NOT REPORTED,,,,,,,,11,3,0,,1,1,1,6:30 AM,DISPATCHED,6:37 AM,8/30/2013,Y,TX1010000,1419,205,33,5,8,4,4,4,64,54,7,9,5,33,21,101,1666,,,,,,,AIRTEX DR,,,,,,,,,,,,,,,N,N,Y,5,0,N,FRI,,,,,,,,,,,,,,,,,,,,,,,,,,,,,,,,,,,,,,,,,,,,,,,,,,,,,,,,0,0,0,1,0,0,0,,,,
13501537,N,N,N,N,N,N,N,9/1/2013,11:54 AM,130121046,1008486,101,1666,Y,Y,,,19,,,1,,,FM 2920,,N,N,50,N,N,,N,19,,,,,,GOSLING,RD,,,,,,,11,1,0,,1,1,11,11:56 AM,DISPATCHED,12:09 PM,9/1/2013,Y,TX1010000,1419,80,4,5,8,2,4,22,64,42,1,3,1,21,21,101,1666,30.07407068,-95.50377656,,,,,FM 2920 RD,5462,,,,,,,,,,,,,,Y,N,Y,5,0,Y,SUN,,,,,,,,,,,,,,,,,,,,,,,,,,,,,,,,,,,,,,,,,,,,,,,,,,,,,,,,0,0,0,5,0,0,0,15,,,
13502212,N,N,N,N,N,N,N,9/18/2013,9:05 PM,13-261256,,71,136,N,Y,,,19,,,1,1400,,JOE BATTLE,RD,N,N,55,N,N,,N,19,,,1,12100,,PELLICANO,RD,,,,,,,11,4,0,2,1,1,5,9:06 PM,DISPATCHED,9:12 PM,9/18/2013,Y,TX0710200,1259,,,197,8,2,2,22,64,46,1,2,1,21,21,71,136,31.72657733,-106.2673384,SL,375,,30.832,SL0375,1400,2552,3,10.235,42,0.373,IH,10,,IH0010,,,,,Y,Y,N,5,9,Y,WED,5,0,22,10,34,8,4,400,112,48,5,1,1,2,32,5,2,32,5,2,2,4,12,46455,2014,46455,2.1,3.9,6,,,,,,,,,,,,,,,,,,,,,,,,,,,0,0,0,2,0,0,0,66,,,
13502337,N,N,N,N,N,N,N,9/6/2013,4:39 PM,130123768,1009795,101,1666,Y,N,,,19,,,1,9800,W,LITTLE YORK,RD,N,N,30,Y,N,,N,19,,,,,,EMPIRE CENTRAL,DR,,,,,,,11,1,0,,1,1,20,4:40 PM,DISPATCHED,5:48 PM,9/6/2013,Y,TX1010000,1419,110,4,5,8,2,4,21,64,49,1,4,1,21,21,101,1666,29.87156893,-95.54508759,,,,,W LITTLE YORK RD,9863,,,,,,,,,,,,,,N,N,Y,5,0,Y,FRI,,,,,,,,,,,,,,,,,,,,,,,,,,,,,,,,,,,,,,,,,,,,,,,,,,,,,,,,0,0,0,4,0,0,0,15,,,
13502761,N,N,N,N,N,N,N,10/9/2013,9:00 PM,13RP014316,,220,358,N,N,,,19,,,1,2600,,HANDLEY EDERVILLE,RD,N,N,40,N,N,,Y,19,,,1,7300,,TRINITY,BLVD,,,,,,,11,4,4,,1,1,5,9:09 PM,DISPATCHED,9:10 PM,10/9/2013,Y,TX2202200,2013,,100,11,8,2,1,10,64,54,1,5,1,21,21,220,358,32.79800427,-97.22124246,,,,,HANDLEY EDERVILLE RD,2620,,,,,,,,,TRINITY BLVD,,,,,N,N,N,5,4,Y,WED,,,,,,,,,,,,,,,,,,,,,,,,,,,,,,,,,,,,,,,,,,,,,,,,,,,,,,,,0,0,0,2,0,0,0,282,,,
13502861,N,N,N,N,N,N,N,8/26/2013,2:07 PM,130117972,1008529,101,1666,Y,Y,,,19,,,1,,,KINGSLAND,BLVD,N,N,45,N,N,,Y,15,,,1,,W,GRAND,PKWY,,,,,,,11,1,2,,1,1,5,2:07 PM,DISPATCHED,3:43 PM,8/26/2013,Y,TX1010000,1419,100,4,5,8,2,1,24,64,54,1,4,1,21,21,101,1666,29.77214481,-95.77776298,,,,,KINGSLAND BLVD,23200,,,,,,,,,W GRAND PKWY S,,,,,Y,N,Y,5,0,Y,MON,,,,,,,,,,,,,,,,,,,,,,,,,,,,,,,,,,,,,,,,,,,,,,,,,,,,,,,,0,0,0,2,0,0,0,15,,,
13502895,N,N,N,N,N,N,N,8/28/2013,4:10 PM,130119130,3502184,101,1666,Y,Y,,,19,,,1,200,,CYPRESSWOOD,DR,N,N,45,N,N,CONCRETE,N,19,,,,20200,,HOLZWARTH,RD,,,,,CONCRETE,,11,1,0,,1,1,20,4:12 PM,DISPATCHED,4:20 PM,8/28/2013,Y,TX1014900,2744,250,5,6,8,2,4,21,64,54,1,4,1,21,21,101,1666,30.05284712,-95.43379259,,,,,CYPRESSWOOD DR,,,,,,,,,,,,,,,Y,N,Y,5,0,Y,WED,,,,,,,,,,,,,,,,,,,,,,,,,,,,,,,,,,,,,,,,,,,,,,,,,,,,,,,,0,0,0,2,0,0,0,15,,,
13503202,N,N,N,N,N,N,N,9/15/2013,4:53 AM,13-029063,,240,254,N,Y,,,19,,,1,700,,SAN JORGE,AVE,N,N,30,N,N,,N,19,,,1,400,,MATAMOROS,,,,,,,,11,4,98,,1,1,1,4:53 AM,CAME UPON,4:53 AM,9/15/2013,Y,TX2400100,1644,,,59,8,7,4,1,29,54,1,5,2,21,21,240,254,27.50583567,-99.49977214,,,,,SAN JORGE AVE,734,,,,,,,,,,,,,,Y,N,N,5,8,Y,SUN,,,,,,,,,,,,,,,,,,,,,,,,,,,,,,,,,,,,,,,,,,,,,,,,,,,,,,,,0,0,0,2,0,0,0,205,,,
13503244,N,N,N,N,N,N,N,10/4/2013,12:28 PM,13-100236,,243,459,N,Y,33.87104,-98.53911,19,,,1,4000,,RHEA,RD,N,N,30,N,N,,Y,19,,,1,2900,,GOSSETT,DR,,,,,,,11,1,4,,4,1,20,12:29 PM,DISPATCHED,12:29 PM,10/4/2013,Y,TX2430500,2426,,,51,8,2,2,21,64,3,1,5,1,21,21,243,459,33.86885413,-98.53973206,,,,,RHEA RD,4199,,,,,,,,,GOSSETT DR,,,,,Y,N,N,5,8,Y,FRI,,,,,,,,,,,,,,,,,,,,,,,,,,,,,,,,,,,,,,,,,,,,,,,,,,,,,,,,0,0,0,2,0,0,0,151,,,
13503634,N,N,N,N,N,N,N,10/4/2013,3:48 PM,13-277211,,71,136,N,N,31.76553,-106.31842,19,,,1,1800,N,LEE TREVINO,DR,N,N,35,N,N,,N,19,,,1,,,BEN CRENSHAW,,,,,,,,11,1,0,,1,1,1,4:24 PM,DISPATCHED,4:41 PM,10/4/2013,N,TX0710200,1259,,,216,8,2,4,21,64,9,1,5,1,21,21,71,136,31.76481808,-106.3188756,,,,,N LEE TREVINO DR,1800,,,,,,,,,,,,,,N,N,N,5,9,Y,FRI,,,,,,,,,,,,,,,,,,,,,,,,,,,,,,,,,,,,,,,,,,,,,,,,,,,,,,,,0,0,0,1,1,0,0,66,,,
13504127,N,N,N,N,N,N,N,8/8/2013,5:45 AM,130108427,1010643,101,1666,Y,Y,,,19,,,1,21200,,PARK ROW,,N,N,0,N,N,,Y,19,,,1,1700,,PRIMEWEST,PKWY,,,,,,,11,3,2,,1,1,8,5:50 AM,DISPATCHED,5:59 AM,8/8/2013,Y,TX1010000,1419,123,4,5,8,2,1,14,64,54,1,4,1,21,21,101,1666,29.79262481,-95.74717299,,,,,PARK ROW,,,,,,,,,,PRIMEWEST PKWY,,,,,Y,N,Y,5,0,Y,THU,,,,,,,,,,,,,,,,,,,,,,,,,,,,,,,,,,,,,,,,,,,,,,,,,,,,,,,,0,0,0,2,0,0,0,15,,,
13505482,N,N,N,N,N,N,N,9/21/2013,9:49 AM,130130923,1021442,101,1666,Y,Y,,,1,10,,7,15010,E,FW,,N,N,55,N,N,,N,19,,,,15000,,MARKET,ST,,,,,,,12,1,0,,1,2,1,9:49 AM,DISPATCHED,11:43 AM,9/21/2013,N,TX1010000,1419,217,4,5,8,4,4,4,36,12,7,9,5,33,21,101,1666,,,IH,10,,,IH0010,,,,,,,,,,,,,,,N,Y,Y,0,0,N,SAT,,,,,,,,,,,,,,,,,,,,,,,,,,,,,,,,,,,,,,,,,,,,,,,,,,,,,,,,0,0,0,0,1,0,0,,,,
13505574,N,N,N,N,N,N,N,9/9/2013,6:58 AM,130124844,5000207,101,208,N,Y,,,12,8,,1,7400,S,SAM HOUSTON PW,PKWY,N,Y,65,Y,Y,,N,19,,,,,,HILLCROFT,RD,,,,,,,11,1,0,,3,1,20,7:00 AM,DISPATCHED,7:09 AM,9/9/2013,Y,TX1015200,1418,61,88,271,8,2,4,22,64,49,1,6,1,21,21,101,208,29.61497315,-95.49582224,,,,,S SAM HOUSTON PKWY W,7634,,,,,,,,,,,,,,Y,N,N,5,9,Y,MON,,,,,,,,,,,,,,,,,,,,,,,,,,,,,,,,,,,,,,,,,,,,,,,,,,,,,,,,0,0,0,4,0,0,0,15,,,