Crash_ID,Crash_Fatal_Fl,Cmv_Involv_Fl,Schl_Bus_Fl,Rr_Relat_Fl,Medical_Advisory_Fl,Amend_Supp_Fl,Active_School_Zone_Fl,Crash_Date,Crash_Time,Case_ID,Local_Use,Rpt_CRIS_Cnty_ID,Rpt_City_ID,Rpt_Outside_City_Limit_Fl,Thousand_Damage_Fl,Rpt_Latitude,Rpt_Longitude,Rpt_Rdwy_Sys_ID,Rpt_Hwy_Num,Rpt_Hwy_Sfx,Rpt_Road_Part_ID,Rpt_Block_Num,Rpt_Street_Pfx,Rpt_Street_Name,Rpt_Street_Sfx,Private_Dr_Fl,Toll_Road_Fl,Crash_Speed_Limit,Road_Constr_Zone_Fl,Road_Constr_Zone_Wrkr_Fl,Rpt_Street_Desc,At_Intrsct_Fl,Rpt_Sec_Rdwy_Sys_ID,Rpt_Sec_Hwy_Num,Rpt_Sec_Hwy_Sfx,Rpt_Sec_Road_Part_ID,Rpt_Sec_Block_Num,Rpt_Sec_Street_Pfx,Rpt_Sec_Street_Name,Rpt_Sec_Street_Sfx,Rpt_Ref_Mark_Offset_Amt,Rpt_Ref_Mark_Dist_Uom,Rpt_Ref_Mark_Dir,Rpt_Ref_Mark_Nbr,Rpt_Sec_Street_Desc,Rpt_CrossingNumber,Wthr_Cond_ID,Light_Cond_ID,Entr_Road_ID,Road_Type_ID,Road_Algn_ID,Surf_Cond_ID,Traffic_Cntl_ID,Investigat_Notify_Time,Investigat_Notify_Meth,Investigat_Arrv_Time,Report_Date,Investigat_Comp_Fl,ORI_Number,Investigat_Agency_ID,Investigat_Area_ID,Investigat_District_ID,Investigat_Region_ID,Bridge_Detail_ID,Harm_Evnt_ID,Intrsct_Relat_ID,FHE_Collsn_ID,Obj_Struck_ID,Othr_Factr_ID,Road_Part_Adj_ID,Road_Cls_ID,Road_Relat_ID,Phys_Featr_1_ID,Phys_Featr_2_ID,Cnty_ID,City_ID,Latitude,Longitude,Hwy_Sys,Hwy_Nbr,Hwy_Sfx,Dfo,Street_Name,Street_Nbr,Control,Section,Milepoint,Ref_Mark_Nbr,Ref_Mark_Displ,Hwy_Sys_2,Hwy_Nbr_2,Hwy_Sfx_2,Street_Name_2,Street_Nbr_2,Control_2,Section_2,Milepoint_2,Txdot_Rptable_Fl,Onsys_Fl,Rural_Fl,Crash_Sev_ID,Pop_Group_ID,Located_Fl,Day_of_Week,Hwy_Dsgn_Lane_ID,Hwy_Dsgn_Hrt_ID,Hp_Shldr_Left,Hp_Shldr_Right,Hp_Median_Width,Base_Type_ID,Nbr_Of_Lane,Row_Width_Usual,Roadbed_Width,Surf_Width,Surf_Type_ID,Curb_Type_Left_ID,Curb_Type_Right_ID,Shldr_Type_Left_ID,Shldr_Width_Left,Shldr_Use_Left_ID,Shldr_Type_Right_ID,Shldr_Width_Right,Shldr_Use_Right_ID,Median_Type_ID,Median_Width,Rural_Urban_Type_ID,Func_Sys_ID,Adt_Curnt_Amt,Adt_Curnt_Year,Adt_Adj_Curnt_Amt,Pct_Single_Trk_Adt,Pct_Combo_Trk_Adt,Trk_Aadt_Pct,Curve_Type_ID,Curve_Lngth,Cd_Degr,Delta_Left_Right_ID,Dd_Degr,Feature_Crossed,Structure_Number,I_R_Min_Vert_Clear,Approach_Width,Bridge_Median_ID,Bridge_Loading_Type_ID,Bridge_Loading_In_1000_Lbs,Bridge_Srvc_Type_On_ID,Bridge_Srvc_Type_Under_ID,Culvert_Type_ID,Roadway_Width,Deck_Width,Bridge_Dir_Of_Traffic_ID,Bridge_Rte_Struct_Func_ID,Bridge_IR_Struct_Func_ID,CrossingNumber,RRCo,Poscrossing_ID,WDCode_ID,Standstop,Yield,Incap_Injry_Cnt,Nonincap_Injry_Cnt,Poss_Injry_Cnt,Non_Injry_Cnt,Unkn_Injry_Cnt,Tot_Injry_Cnt,Death_Cnt,MPO_ID,Investigat_Service_ID,Investigat_DA_ID,Investigator_Narrative
13535576,N,Y,N,N,N,N,N,10/9/2013,7:12 AM,130139488,1023867,101,1666,Y,Y,,,19,,,1,11000,,SHELDON,RD,N,N,45,N,N,,N,15,,,,,,LONG,RD,,,,,,,11,1,0,,1,1,20,7:14 AM,DISPATCHED,7:21 AM,10/9/2013,Y,TX1010000,1419,205,33,5,8,2,3,34,64,13,1,4,1,32,21,101,1666,29.87519477,-95.12834315,,,,,SHELDON RD,11000,,,,,,,,,,,,,,Y,N,Y,2,0,Y,WED,,,,,,,,,,,,,,,,,,,,,,,,,,,,,,,,,,,,,,,,,,,,,,,,,,,,,,,,0,1,0,1,0,1,0,15,,,
13540499,N,N,N,N,N,N,N,10/9/2013,11:30 AM,130139615,1024584,101,1666,Y,Y,,,4,1960,,1,500,W,FM 1960,,N,N,45,N,N,,N,15,,,,,,CYPRESS STATION,DR,,,,,,,11,1,0,3,1,1,20,11:34 AM,DISPATCHED,12:39 PM,10/9/2013,Y,TX1010000,1419,80,4,5,8,2,4,21,64,9,1,3,1,21,21,101,1666,30.01130682,-95.32981013,FM,1960,,19.544,FM1960,,1685,2,20.844,686,-0.282,,,,,,,,,Y,Y,Y,5,0,Y,WED,2,0,10,10,0,8,6,180,92,72,5,2,2,2,10,5,2,10,5,0,0,4,14,53898,2014,53898,3.5,1,4.6,1,117,6,2,12,,,,,,,,,,,,,,,,,,,,,,0,0,0,2,0,0,0,15,,,
13540669,N,N,N,N,N,N,N,10/5/2013,2:45 AM,130137678,1022412,101,1666,Y,Y,,,19,,,1,7000,N,ELDRIDGE PW,,N,N,35,N,N,,N,4,529,,,13100,,NOT REPORTED,,,,,,,,11,4,98,,1,1,5,3:13 AM,DISPATCHED,3:17 AM,10/5/2013,Y,TX1010000,1419,123,4,5,8,2,2,32,64,38,1,4,1,21,21,101,1666,29.87981887,-95.60859731,,,,,N ELDRIDGE PKWY,,,,,,,FM,529,,FM0529,,,,,Y,N,Y,3,0,Y,SAT,,,,,,,,,,,,,,,,,,,,,,,,,,,,,,,,,,,,,,,,,,,,,,,,,,,,,,,,0,0,1,2,0,1,0,15,,,
13540729,N,N,N,N,N,N,N,10/5/2013,6:00 PM,130137917,1022283,101,1666,Y,Y,,,2,290,,2,28200,,NORTHWEST,FWY,N,N,45,Y,N,,N,15,,,,,,MASON,RD,,,,,,,11,1,0,2,1,1,20,4:50 PM,DISPATCHED,5:05 PM,10/5/2013,Y,TX1010000,1419,237,4,5,8,2,4,20,64,49,2,2,1,21,21,101,1666,29.98842085,-95.74128692,US,290,,252.288,US0290,,50,6,12.421,718,-0.538,,,,,,,,,Y,Y,Y,5,0,Y,SAT,4,0,10,8,210,9,4,400,84,48,6,0,0,2,18,5,2,18,5,3,192,4,12,75514,2014,75514,5.1,7.4,12.4,,,,,,,,,,,,,,,,,,,,,,,,,,,0,0,0,5,0,0,0,15,,,
13541217,N,N,N,N,N,N,N,9/16/2013,4:02 PM,130128542,1021600,101,1666,Y,Y,,,19,,,1,10900,,BAMMEL N HOUSTON,RD,N,N,40,N,N,CONCRETE ROADWAY,Y,19,,,1,7500,,GREENYARD,DR,,,,,,,12,1,2,,1,1,8,4:04 PM,DISPATCHED,4:04 PM,9/16/2013,Y,TX1010000,1419,220,4,5,8,2,1,14,64,54,1,4,1,21,21,101,1666,29.93564477,-95.49791305,,,,,BAMMEL NORTH HOUSTON RD,10906,,,,,,,,,UNKNOWN,,,,,Y,N,Y,5,0,Y,MON,,,,,,,,,,,,,,,,,,,,,,,,,,,,,,,,,,,,,,,,,,,,,,,,,,,,,,,,0,0,0,4,0,0,0,15,,,
13541251,N,N,N,N,N,N,N,9/24/2013,2:16 PM,130132436,1023670,101,1666,Y,Y,,,4,249,,2,21000,,TOMBALL,PKWY,N,N,45,N,N,,Y,15,,,1,10900,,LOUETTA,RD,,,,,,,11,1,0,2,2,1,11,4:41 PM,DISPATCHED,4:41 PM,9/24/2013,N,TX1010000,1419,74,4,5,8,2,2,21,64,9,1,2,1,21,21,101,1666,29.99711391,-95.57954902,SH,249,,13.773,SH0249,,720,3,10.117,0460A,-1.062,,,,LOUETTA RD,,,,,Y,Y,Y,5,0,Y,TUE,5,0,20,10,42,3,6,400,132,72,5,0,0,2,40,5,2,20,5,2,2,4,12,52892,2014,52892,5.1,7.4,12.4,1,285,0,1,5,,,,,,,,,,,,,,,,,,,,,,0,0,0,2,0,0,0,15,,,
13541523,N,N,N,N,N,N,N,10/7/2013,11:25 AM,130138623,1022887,101,1666,Y,Y,,,19,,,1,4000,W,FM 1960,RD,N,N,40,N,N,EAST/WEST BOUND,Y,19,,,1,14600,,GLADEBROOK,DR,,,,,NORTH/SOUTH ROADWAT,,11,1,0,,1,1,5,11:24 AM,DISPATCHED,11:29 AM,10/7/2013,Y,TX1010000,1419,80,4,5,8,2,1,34,64,13,1,4,1,32,21,101,1666,29.99231476,-95.49031305,,,,,FM 1960 RD W,4159,,,,,,,,,GLADEBROOK DR,,,,,Y,N,Y,5,0,Y,MON,,,,,,,,,,,,,,,,,,,,,,,,,,,,,,,,,,,,,,,,,,,,,,,,,,,,,,,,0,0,0,2,0,0,0,15,,,
13541697,N,N,N,N,N,N,N,9/26/2013,4:15 PM,130133468,1019881,101,1666,Y,N,,,4,1960,,7,6904,E,NOT REPORTED,,N,N,10,N,N,PRIVATE PARKING LOT,N,19,,,,18900,,TOWN CENTER,BLVD,,,,,PUBLIC ROADWAY,,11,1,98,,7,8,17,4:17 PM,DISPATCHED,4:24 PM,9/26/2013,N,TX1010000,1419,151,4,5,8,2,4,21,64,54,7,9,5,33,21,101,1666,,,FM,1960,,,FM1960,,,,,,,,,,,,,,,N,Y,Y,5,0,N,THU,,,,,,,,,,,,,,,,,,,,,,,,,,,,,,,,,,,,,,,,,,,,,,,,,,,,,,,,0,0,0,2,1,0,0,,,,
13541700,N,N,N,N,N,N,N,9/26/2013,2:55 PM,130133454,1010383,101,1666,Y,N,,,3,6,,7,6800,S,S SH6,HWY,Y,N,10,N,N,PAVED PARKING LOT,N,19,,,,14600,,BELLAIRE,BLVD,,,,,LOCAL PAVED CONCRETE ROADWAY,,11,1,0,,7,1,17,2:57 PM,DISPATCHED,3:03 PM,9/26/2013,N,TX1010000,1419,125,4,5,8,4,4,5,64,54,7,9,5,33,21,101,1666,,,SH,6,,,SH0006,,,,,,,,,,,,,,,N,Y,Y,5,0,N,THU,,,,,,,,,,,,,,,,,,,,,,,,,,,,,,,,,,,,,,,,,,,,,,,,,,,,,,,,0,0,0,1,1,0,0,,,,
13541751,N,N,N,N,N,N,N,9/29/2013,6:45 PM,130134940,1022337,101,1666,Y,Y,,,1,45,,2,21300,N,NORTH FREEWAY,FWY,N,N,40,N,N,,N,15,,,,,,SPRING CYPRESS,RD,,,,,,,11,1,0,2,1,1,20,6:51 PM,DISPATCHED,7:03 PM,9/29/2013,Y,TX1010000,1419,151,4,5,8,7,4,1,23,54,2,1,2,21,21,101,1666,30.07192388,-95.4354763,IH,45,,70.105,IH0045,,110,5,46.133,70,0.144,,,,,,,,,Y,Y,Y,3,0,Y,SUN,5,0,10,12,47,9,8,390,180,120,5,0,0,2,22,5,2,22,5,2,25,4,11,187346,2014,187346,5.5,4.6,10.1,,,,,,,,,,,,,,,,,,,,,,,,,,,0,0,1,0,0,1,0,15,,,
13541756,N,N,N,N,N,N,N,9/29/2013,4:47 PM,130134889,3504150,101,1666,Y,N,,,19,,,1,21500,,KUYKENDAHL,RD,N,N,45,N,N,,N,19,,,,21500,,NORTHCREST,DR,,,,,,,11,1,0,,1,1,11,4:47 PM,ON SIGHT,4:47 PM,9/29/2013,Y,TX1014900,2744,250,5,6,8,2,3,14,64,14,1,4,1,32,21,101,1666,30.07936874,-95.51898198,,,,,KUYKENDAHL RD,21500,,,,,,,,,,,,,,Y,N,Y,2,0,Y,SUN,,,,,,,,,,,,,,,,,,,,,,,,,,,,,,,,,,,,,,,,,,,,,,,,,,,,,,,,0,2,0,0,0,2,0,15,,,
13542102,N,N,N,N,N,N,N,10/4/2013,4:00 PM,130137397,3502654,101,1666,Y,Y,,,4,1960,,1,10900,W,1960,,N,N,45,N,N,FLAT LEVEL CONCRETE,N,15,,,,10600,,JONES RD,,,,,,FLAT LEVEL CONCRETE,,11,1,0,3,1,1,20,4:07 PM,DISPATCHED,4:11 PM,10/4/2013,Y,TX1014900,2744,44,5,6,8,2,3,14,64,14,1,3,1,32,21,101,1666,29.93313831,-95.58457593,FM,1960,,2.173,FM1960,10976,1685,1,3.469,668,0.461,,,,,,,,,Y,Y,Y,5,0,Y,FRI,2,0,0,0,0,9,6,100,86,70,5,0,0,1,0,0,1,0,0,0,0,4,14,51519,2014,51519,3.5,1,4.6,,,,,,,,,,,,,,,,,,,,,,,,,,,0,0,0,4,0,0,0,15,,,
13542461,N,N,N,N,N,N,N,9/30/2013,6:04 PM,130135442,3504151,101,1666,Y,N,,,19,,,1,9900,,HUFSMITH,RD,N,N,35,N,N,,N,19,,,,9600,,STONEBRIDGE,PL,,,,,,,11,1,2,,4,1,11,6:04 PM,DISPATCHED,6:09 PM,9/30/2013,Y,TX1014900,2744,250,5,6,8,2,3,22,64,47,1,4,1,32,21,101,1666,30.13016353,-95.57223834,,,,,HUFSMITH RD,9621,,,,,,,,,,,,,,N,N,Y,5,0,Y,MON,,,,,,,,,,,,,,,,,,,,,,,,,,,,,,,,,,,,,,,,,,,,,,,,,,,,,,,,0,0,0,4,0,0,0,15,,,
13542496,N,N,N,N,N,N,N,9/30/2013,9:25 PM,130135908,1016769,101,1666,Y,Y,,,19,,,1,1700,N,MASON,RD,N,N,40,N,N,,N,15,,,,,,MERCHANTS,WAY,,,,,,,12,4,2,,1,1,1,9:21 PM,DISPATCHED,9:31 PM,9/30/2013,Y,TX1010000,1419,100,4,5,8,10,2,1,1,35,1,4,1,21,21,101,1666,29.78923369,-95.75196299,,,,,N MASON RD,,,,,,,,,,MERCHANTS WAY,,,,,Y,N,Y,1,0,Y,MON,,,,,,,,,,,,,,,,,,,,,,,,,,,,,,,,,,,,,,,,,,,,,,,,,,,,,,,,1,0,0,0,0,1,0,15,,,
13546465,N,N,N,N,N,N,N,9/20/2013,8:45 PM,130130703,1006446,101,1666,Y,Y,,,15,,,1,7800,,HUDSON OAKS,DR,N,N,35,N,N,,N,15,,,,,,FOREST HEIGHTS,DR,,,,,,,2,4,0,,4,3,1,8:48 PM,DISPATCHED,8:58 PM,9/20/2013,Y,TX1010000,1419,55,4,5,8,7,4,1,32,1,1,4,2,21,21,101,1666,29.89091213,-95.67703183,,,,,HUDSON OAKS DR,7785,,,,,,,,,,,,,,Y,N,Y,5,0,Y,FRI,,,,,,,,,,,,,,,,,,,,,,,,,,,,,,,,,,,,,,,,,,,,,,,,,,,,,,,,0,0,0,1,0,0,0,15,,,
13546786,N,N,N,N,N,N,N,10/1/2013,2:15 PM,130140219,1026114,101,1666,Y,N,,,15,,,7,5005,,ALDINE MAIL,RD,Y,N,0,N,N,,N,15,,,,,,MACNAUGHTON,RD,,,,,,,11,1,0,,1,1,1,3:38 PM,WALK-IN,3:38 PM,10/10/2013,N,TX1010000,1419,205,33,5,8,1,4,1,64,3,7,9,5,33,21,101,1666,,,,,,,ALDINE MAIL RD,,,,,,,,,,,,,,,N,N,Y,3,0,N,TUE,,,,,,,,,,,,,,,,,,,,,,,,,,,,,,,,,,,,,,,,,,,,,,,,,,,,,,,,0,0,1,1,0,1,0,,,,
13547737,N,N,N,N,N,N,N,10/4/2013,7:40 AM,130137181,1006961,101,1666,Y,N,,,19,,,1,2600,W,MOUNT HOUSTON,RD,N,N,50,N,N,CONCRETE,N,15,,,,,,MOONGLOW,DR,,,,,CONCRETE,,11,1,0,,1,1,1,7:44 AM,DISPATCHED,8:05 AM,10/14/2013,Y,TX1010000,1419,80,4,5,8,2,4,21,64,9,1,4,1,21,21,101,1666,,,,,,,W MOUNT HOUSTON RD,,,,,,,,,,,,,,,N,N,Y,5,0,N,FRI,,,,,,,,,,,,,,,,,,,,,,,,,,,,,,,,,,,,,,,,,,,,,,,,,,,,,,,,0,0,0,5,0,0,0,,,,
13547749,N,N,N,N,N,N,N,10/5/2013,8:29 PM,130138030,1018341,101,1666,Y,N,,,1,45,,1,21700,N,FW,FWY,N,N,65,Y,N,,N,19,,,,,,SPRING STUEBNER,RD,,,,,,,11,4,0,2,1,1,1,8:35 PM,DISPATCHED,10:13 PM,10/5/2013,Y,TX1010000,1419,227,4,5,8,2,4,22,64,50,1,1,1,21,21,101,1666,30.08155931,-95.43700316,IH,45,,70.776,IH0045,,110,5,46.804,71,-0.354,,,,,,,,,N,Y,Y,5,0,Y,SAT,5,0,12,10,54,3,8,390,140,96,4,0,0,2,24,5,2,20,5,2,30,4,11,191915,2014,191915,5.5,4.6,10.1,1,190,2,2,20,,,,,,,,,,,,,,,,,,,,,,0,0,0,6,0,0,0,15,,,
13551609,N,N,N,N,N,N,N,10/5/2013,8:59 AM,132780660,,227,22,N,Y,,,1,35,I,2,1800,,NOT REPORTED,HWY,N,N,40,N,N,N IH 35 SVRD SB,Y,19,,,1,700,E,MARTIN LUTHER KING JR,BLVD,,,,,,,12,1,0,2,2,1,20,8:59 AM,DISPATCH,9:04 AM,10/5/2013,Y,TX2270100,74,,34,48,8,2,1,23,64,54,2,1,1,21,21,227,22,30.27832806,-97.73001625,IH,35,,234.999,IH0035,,15,13,18.573,236,-0.453,,,,E MARTIN LUTHER KING JR BLVD,,,,,Y,Y,N,2,9,Y,SAT,5,0,4,10,11,2,8,300,124,96,4,0,0,2,8,5,2,20,5,2,3,4,11,164391,2014,164391,3.3,9.4,12.7,,,,,,,,,,,,,,,,,,,,,,,,,,,0,1,0,5,0,1,0,90,,,
13554508,N,N,N,N,N,N,N,9/5/2013,6:00 AM,0111533413Z,FSRA,101,208,N,N,,,19,,,1,3300,,DIXIE,DR,N,N,30,N,N,CONCRETE,N,19,,,,6200,,BOWLING GREEN,ST,,,,,,,11,1,4,,1,1,20,6:00 AM,HPD DISPATCH,6:00 AM,11/8/2013,Y,TXHPD0000,2469,52,113,29,8,1,2,3,64,54,1,5,2,21,21,101,208,29.70517795,-95.3727648,,,,,DIXIE DR,3304,,,,,,,,,BOWLING GREEN ST,,,,,Y,N,N,2,9,Y,THU,,,,,,,,,,,,,,,,,,,,,,,,,,,,,,,,,,,,,,,,,,,,,,,,,,,,,,,,0,1,0,0,1,1,0,15,,,
13564594,N,N,N,N,N,N,N,9/20/2013,10:19 AM,130130400,1021584,101,1666,Y,Y,,,4,2100,,1,14600,,CROSBY LYNCHBURG,RD,N,N,50,N,N,,Y,19,,,1,100,,KRENEK,RD,,,,,,,2,1,2,3,1,2,5,10:19 AM,DISPATCHED,10:37 AM,9/20/2013,Y,TX1010000,1419,217,4,5,8,2,1,10,64,3,1,3,1,21,21,101,1666,29.89936435,-95.06350401,FM,2100,,13.285,FM2100,14668,1062,4,8.79,458,-0.836,,,,KRENEK RD,,,,,Y,Y,Y,5,0,Y,FRI,2,0,8,8,0,9,4,100,60,44,6,0,0,2,8,5,2,8,5,0,0,4,14,21499,2014,21499,2.8,1.4,4.2,,,,,,,,,,,,,,,,,,,,,,,,,,,0,0,0,2,0,0,0,15,,,
13577762,N,N,N,N,N,N,N,9/14/2013,5:50 PM,13-33212,,152,270,N,Y,,,19,,,1,5100,,42ND,ST,N,N,30,N,N,,Y,19,,,1,4100,,SLIDE,RD,,,,,,,11,1,4,,1,1,5,6:00 PM,POLICE RADIO,6:00 PM,9/14/2013,Y,TX1520200,1706,,,,8,2,2,23,64,54,1,5,1,21,21,152,270,33.55606434,-101.9224613,,,,,42ND ST,5199,,,,,,,,,SLIDE RD,,,,,Y,N,N,5,8,Y,SAT,,,,,,,,,,,,,,,,,,,,,,,,,,,,,,,,,,,,,,,,,,,,,,,,,,,,,,,,0,0,0,2,1,0,0,122,,,
13577863,N,N,N,N,N,N,N,9/29/2013,3:14 PM,13-35395,,152,270,N,N,,,19,,,7,1302,S,LOOP 289,LOOP,Y,N,20,N,N,,N,19,,,1,1300,,70TH,ST,,,,,,,11,1,0,,1,1,1,3:14 PM,POLICE RADIO,3:14 PM,9/29/2013,Y,TX1520200,1706,,,,8,7,4,4,20,54,7,9,5,33,21,152,270,,,,,,,S LOOP 289 LOOP,,,,,,,,,,,,,,,N,N,N,5,8,N,SUN,,,,,,,,,,,,,,,,,,,,,,,,,,,,,,,,,,,,,,,,,,,,,,,,,,,,,,,,0,0,0,1,0,0,0,,,,
13577900,N,N,N,N,N,N,N,9/12/2013,8:59 PM,13-32967,,152,270,N,Y,,,19,,,7,4300,,N LOOP 289,LOOP,Y,N,20,N,N,,N,19,,,1,4300,,ERSKINE,AVE,,,,,,,11,4,98,,1,0,1,9:22 PM,POLICE DISPATCH,9:27 PM,9/12/2013,Y,TX1520200,1706,,,,8,7,4,4,36,12,7,9,5,33,21,152,270,,,,,,,N LOOP 289 LOOP,,,,,,,,,,,,,,,N,N,N,0,8,N,THU,,,,,,,,,,,,,,,,,,,,,,,,,,,,,,,,,,,,,,,,,,,,,,,,,,,,,,,,0,0,0,0,2,0,0,,,,
13603413,N,N,N,N,N,N,N,8/30/2013,10:20 PM,13-31076,,152,270,N,Y,,,19,,,1,2900,,QUAKER,AVE,N,N,40,N,N,,N,19,,,,4300,,29TH,ST,,,,,,,11,4,0,,1,1,20,10:55 PM,TELEPHONE,11:16 PM,8/31/2013,Y,TX1520200,1706,,,,8,5,2,1,64,3,1,5,1,21,21,152,270,33.56780692,-101.9051413,,,,,QUAKER AVE,2908,,,,,,,,,29TH ST,,,,,Y,N,N,1,8,Y,FRI,,,,,,,,,,,,,,,,,,,,,,,,,,,,,,,,,,,,,,,,,,,,,,,,,,,,,,,,1,0,0,1,0,1,0,122,,,
13605329,N,Y,Y,N,N,Y,N,9/20/2013,3:35 PM,1309-19637,,170,1389,N,Y,,,19,,,1,10200,,GROGANS MILL,RD,N,N,45,N,N,,N,19,,,1,2200,,WOODLANDS,PKWY,,,,,,,2,1,0,,1,2,20,3:35 PM,DISPATCHED,3:47 PM,9/20/2013,Y,TX1702000,324,,,87,8,2,4,22,64,48,1,5,1,21,21,170,1735,30.15842418,-95.4712504,,,,,GROGANS MILL RD,,,,,,,,,,,,,,,Y,N,Y,5,0,Y,FRI,,,,,,,,,,,,,,,,,,,,,,,,,,,,,,,,,,,,,,,,,,,,,,,,,,,,,,,,0,0,0,26,0,0,0,15,,,
13614752,N,N,N,N,N,N,N,9/24/2013,11:08 PM,132672081,,227,22,N,Y,,,19,,,1,4900,E,WILLIAM CANNON DR,DR,N,N,40,N,N,,N,19,,,,,,BRUSHY RIDGE DR,DR,,,,,,,11,4,0,,1,1,1,11:08 PM,ON SIGHT,11:08 PM,9/24/2013,Y,TX2270100,74,1042,99,130,8,7,4,1,39,25,1,5,4,21,21,227,22,30.1818939,-97.75195158,,,,,E WILLIAM CANNON DR,4694,,,,,,,,,,,,,,Y,N,N,5,9,Y,TUE,,,,,,,,,,,,,,,,,,,,,,,,,,,,,,,,,,,,,,,,,,,,,,,,,,,,,,,,0,0,0,1,0,0,0,90,,,
13626097,N,N,N,N,N,Y,N,10/2/2013,11:46 PM,13-180059,,43,336,N,Y,,,3,190,,3,200,,GEORGE BUSH TURNPIKE,,N,N,0,N,N,WESTBOUND ONRAMP FROM HWY 75,N,3,75,,,,,CENTRAL,EXPY,,,,,,,11,4,0,1,5,1,20,11:46 PM,DISPATCHED,11:49 PM,10/2/2013,Y,TX0430600,1938,,,,8,7,4,1,56,54,3,2,2,21,21,43,357,33.00389565,-96.70661483,SH,190,,16.633,SH0190,,2964,5,10.588,596,0.121,,,,,,,,,Y,Y,N,5,8,Y,WED,1,0,2,2,0,2,3,400,40,36,5,1,2,2,2,5,2,2,5,0,0,4,17,6989,2014,6989,1.8,1.4,3.2,1,1198,1,2,71,,,,,,,,,,,,,,,,,,,,,,0,0,0,3,0,0,0,282,,,
13627241,N,N,N,N,N,N,N,9/27/2013,6:34 PM,132701716,,227,22,N,Y,,,19,,,1,6800,,BURLESON RD,RD,N,N,-1,N,N,,Y,19,,,1,4000,,SMITH SCHOOL RD,RD,,,,,,,2,1,0,,1,3,5,6:34 PM,DISPATCH,6:41 PM,9/27/2013,Y,TX2270100,74,1045,98,129,8,2,2,22,64,38,1,5,1,21,21,227,22,30.20116479,-97.70915247,,,,,BURLESON RD,6806,,,,,,,,,SMITH SCHOOL RD,,,,,Y,N,N,5,9,Y,FRI,,,,,,,,,,,,,,,,,,,,,,,,,,,,,,,,,,,,,,,,,,,,,,,,,,,,,,,,0,0,0,2,0,0,0,90,,,
13635490,N,N,N,N,N,N,N,9/30/2013,3:00 PM,132731131,,227,22,N,N,,,1,35,I,2,6100,,NOT REPORTED,HWY,N,N,-1,N,N,N NB,N,2,290,I,,,,NOT REPORTED,,,,,,E EB,,11,1,0,2,1,1,20,3:00 PM,DISPATCH,3:06 PM,9/30/2013,Y,TX2270100,74,,121,95,8,2,4,22,64,42,2,1,1,21,21,227,22,30.21813635,-97.75032211,IH,35,,230.561,IH0035,,15,13,14.161,231,0.116,,,,,,,,,N,Y,N,5,9,Y,MON,5,0,12,12,66,2,6,300,120,72,5,0,0,2,24,5,2,24,5,2,42,4,11,154266,2014,154266,3.3,9.4,12.7,,,,,,,,,,,,,,,,,,,,,,,,,,,0,0,0,2,0,0,0,90,,,
13641212,N,N,N,N,N,N,N,10/4/2013,4:59 PM,13-32573,,184,1356,N,Y,32.99251,-97.68131,4,51,,1,1300,N,MAIN,ST,N,N,55,N,N,LEVEL ROADWAY,N,19,,,1,100,,THOMAS,RD,,,,,PAVED ROADWAY,,11,1,0,1,1,1,20,5:00 PM,ON VIEW,5:00 PM,10/4/2013,Y,TX1840300,2168,,,,8,2,4,20,64,42,1,3,1,21,21,184,1356,32.99341137,-97.68094057,FM,51,,57.371,FM0051,2431,313,2,1.297,268,0.301,,,,,,,,,Y,Y,Y,5,3,Y,FRI,2,0,6,6,0,2,2,120,36,24,2,0,0,2,6,5,2,6,5,0,0,1,6,7784,2014,7784,7.5,14,21.6,,,,,,,,,,,,,,,,,,,,,,,,,,,0,0,0,3,0,0,0,282,,,
13646259,N,N,N,N,N,N,N,9/29/2013,4:25 AM,132720455,,227,22,N,Y,,,18,183,I,1,,,NOT REPORTED,HWY,N,N,-1,N,N,7300 ED BLUESTEIN,N,19,,,,7100,,MANOR RD,RD,,,,,,,2,3,0,2,2,2,20,4:25 AM,DISPATCH,4:39 AM,9/29/2013,Y,TX2270100,74,1045,98,129,8,7,4,1,29,1,2,2,2,21,21,227,22,30.32644466,-97.67451027,US,183,,320.89,US0183,,151,9,10.209,516,0.192,,,,,,,,,Y,Y,N,5,9,Y,SUN,5,0,10,10,36,2,4,260,80,48,5,1,0,2,12,5,2,20,5,2,24,4,12,37593,2014,37593,2.9,0.8,3.7,,,,,,,,,,,,,,,,,,,,,,,,,,,0,0,0,1,0,0,0,90,,,
13709999,N,N,N,N,N,Y,N,8/2/2013,9:21 PM,13-006517,,43,285,N,N,,,19,,,1,6200,,ELDORADO,PKWY,N,N,40,N,N,,Y,19,,,1,3000,S,RIDGE,RD,,,,,,,11,4,0,,1,1,5,9:24 PM,DISPATCHED,9:51 PM,8/3/2013,Y,TX0430500,1759,,,72,8,5,1,1,64,54,1,5,1,21,21,43,285,33.17417418,-96.69807257,,,,,ELDORADO PKWY,,,,,,,,,,S RIDGE RD,,,,,Y,N,N,2,8,Y,FRI,,,,,,,,,,,,,,,,,,,,,,,,,,,,,,,,,,,,,,,,,,,,,,,,,,,,,,,,0,1,0,0,1,1,0,282,,,