Crash_ID,Crash_Fatal_Fl,Cmv_Involv_Fl,Schl_Bus_Fl,Rr_Relat_Fl,Medical_Advisory_Fl,Amend_Supp_Fl,Active_School_Zone_Fl,Crash_Date,Crash_Time,Case_ID,Local_Use,Rpt_CRIS_Cnty_ID,Rpt_City_ID,Rpt_Outside_City_Limit_Fl,Thousand_Damage_Fl,Rpt_Latitude,Rpt_Longitude,Rpt_Rdwy_Sys_ID,Rpt_Hwy_Num,Rpt_Hwy_Sfx,Rpt_Road_Part_ID,Rpt_Block_Num,Rpt_Street_Pfx,Rpt_Street_Name,Rpt_Street_Sfx,Private_Dr_Fl,Toll_Road_Fl,Crash_Speed_Limit,Road_Constr_Zone_Fl,Road_Constr_Zone_Wrkr_Fl,Rpt_Street_Desc,At_Intrsct_Fl,Rpt_Sec_Rdwy_Sys_ID,Rpt_Sec_Hwy_Num,Rpt_Sec_Hwy_Sfx,Rpt_Sec_Road_Part_ID,Rpt_Sec_Block_Num,Rpt_Sec_Street_Pfx,Rpt_Sec_Street_Name,Rpt_Sec_Street_Sfx,Rpt_Ref_Mark_Offset_Amt,Rpt_Ref_Mark_Dist_Uom,Rpt_Ref_Mark_Dir,Rpt_Ref_Mark_Nbr,Rpt_Sec_Street_Desc,Rpt_CrossingNumber,Wthr_Cond_ID,Light_Cond_ID,Entr_Road_ID,Road_Type_ID,Road_Algn_ID,Surf_Cond_ID,Traffic_Cntl_ID,Investigat_Notify_Time,Investigat_Notify_Meth,Investigat_Arrv_Time,Report_Date,Investigat_Comp_Fl,ORI_Number,Investigat_Agency_ID,Investigat_Area_ID,Investigat_District_ID,Investigat_Region_ID,Bridge_Detail_ID,Harm_Evnt_ID,Intrsct_Relat_ID,FHE_Collsn_ID,Obj_Struck_ID,Othr_Factr_ID,Road_Part_Adj_ID,Road_Cls_ID,Road_Relat_ID,Phys_Featr_1_ID,Phys_Featr_2_ID,Cnty_ID,City_ID,Latitude,Longitude,Hwy_Sys,Hwy_Nbr,Hwy_Sfx,Dfo,Street_Name,Street_Nbr,Control,Section,Milepoint,Ref_Mark_Nbr,Ref_Mark_Displ,Hwy_Sys_2,Hwy_Nbr_2,Hwy_Sfx_2,Street_Name_2,Street_Nbr_2,Control_2,Section_2,Milepoint_2,Txdot_Rptable_Fl,Onsys_Fl,Rural_Fl,Crash_Sev_ID,Pop_Group_ID,Located_Fl,Day_of_Week,Hwy_Dsgn_Lane_ID,Hwy_Dsgn_Hrt_ID,Hp_Shldr_Left,Hp_Shldr_Right,Hp_Median_Width,Base_Type_ID,Nbr_Of_Lane,Row_Width_Usual,Roadbed_Width,Surf_Width,Surf_Type_ID,Curb_Type_Left_ID,Curb_Type_Right_ID,Shldr_Type_Left_ID,Shldr_Width_Left,Shldr_Use_Left_ID,Shldr_Type_Right_ID,Shldr_Width_Right,Shldr_Use_Right_ID,Median_Type_ID,Median_Width,Rural_Urban_Type_ID,Func_Sys_ID,Adt_Curnt_Amt,Adt_Curnt_Year,Adt_Adj_Curnt_Amt,Pct_Single_Trk_Adt,Pct_Combo_Trk_Adt,Trk_Aadt_Pct,Curve_Type_ID,Curve_Lngth,Cd_Degr,Delta_Left_Right_ID,Dd_Degr,Feature_Crossed,Structure_Number,I_R_Min_Vert_Clear,Approach_Width,Bridge_Median_ID,Bridge_Loading_Type_ID,Bridge_Loading_In_1000_Lbs,Bridge_Srvc_Type_On_ID,Bridge_Srvc_Type_Under_ID,Culvert_Type_ID,Roadway_Width,Deck_Width,Bridge_Dir_Of_Traffic_ID,Bridge_Rte_Struct_Func_ID,Bridge_IR_Struct_Func_ID,CrossingNumber,RRCo,Poscrossing_ID,WDCode_ID,Standstop,Yield,Incap_Injry_Cnt,Nonincap_Injry_Cnt,Poss_Injry_Cnt,Non_Injry_Cnt,Unkn_Injry_Cnt,Tot_Injry_Cnt,Death_Cnt,MPO_ID,Investigat_Service_ID,Investigat_DA_ID,Investigator_Narrative
13721202,N,Y,Y,N,N,Y,N,9/20/2013,7:15 AM,13-01745,,170,6756,N,Y,,,19,,,1,18000,,ROLLING HILLS,DR,N,N,30,N,N,,Y,15,,,1,,,OAK HILL,LN,,,,,,,2,1,0,,1,2,1,7:20 AM,PHONE,7:30 AM,9/20/2013,Y,1703000,1842,,,27,8,2,2,20,64,48,1,5,1,21,21,170,1735,30.15467472,-95.28335309,,,,,ROLLING HILLS DR,18898,,,,,,,,,OAK HILL LN,,,,,Y,N,Y,5,0,Y,FRI,,,,,,,,,,,,,,,,,,,,,,,,,,,,,,,,,,,,,,,,,,,,,,,,,,,,,,,,0,0,0,11,0,0,0,15,,,
13787723,N,N,N,N,N,Y,N,8/16/2013,8:57 PM,2013-0515719,,188,12,N,Y,,,19,,,1,500,S,ROSS,ST,N,N,35,N,N,,Y,19,,,1,1700,SE,6TH,AVE,,,,,,,11,4,4,,1,1,11,7:25 PM,DISPATCH,7:30 PM,8/16/2013,N,TX1880100,33,,,77,8,2,2,23,64,54,1,5,1,21,21,188,12,35.20473406,-101.8151812,,,,,S ROSS ST,601,,,,,,,,,SE 6TH AVE,,,,,Y,N,N,5,8,Y,FRI,,,,,,,,,,,,,,,,,,,,,,,,,,,,,,,,,,,,,,,,,,,,,,,,,,,,,,,,0,0,0,2,1,0,0,120,,,
13887867,N,N,N,N,N,Y,N,8/28/2013,7:25 PM,A13-0026768,,108,295,N,Y,,,4,495,,1,2700,E,GRIFFIN,PKWY,N,N,0,N,N,,Y,19,,,1,2300,N,TAYLOR,RD,,,,,,,11,1,4,,1,3,5,7:26 PM,RADIO,7:29 PM,6/9/2014,Y,TX1081000,1791,,,,8,2,1,14,64,54,1,2,1,21,21,108,295,,,,,,,FM0495,,,,,,,,,,N TAYLOR RD,,,,,Y,Y,N,2,7,N,WED,,,,,,,,,,,,,,,,,,,,,,,,,,,,,,,,,,,,,,,,,,,,,,,,,,,,,,,,0,2,1,1,0,3,0,,,,
13908335,N,N,N,N,N,N,N,8/30/2013,1:08 PM,130120129,4500102,101,208,N,Y,,,19,,,1,7100,,SHERMAN,ST,N,N,-1,N,N,,N,19,,,,410,N,71ST,ST,,,,,,,11,1,0,,1,1,9,1:06 PM,ON SIGHT,1:15 PM,8/30/2013,Y,TX1015100,2746,41,38,256,8,4,4,1,64,3,1,5,1,21,21,101,208,29.73678937,-95.29907418,,,,,SHERMAN ST,7108,,,,,,,,,,,,,,Y,N,N,5,9,Y,FRI,,,,,,,,,,,,,,,,,,,,,,,,,,,,,,,,,,,,,,,,,,,,,,,,,,,,,,,,0,0,0,2,0,0,0,15,,,
14271657,N,N,N,N,N,N,N,8/2/2013,12:33 PM,13-07051,,84,165,N,Y,,,3,87,,7,5200,,J,AVE,Y,N,0,N,N,PARKING LOT,N,19,,,,,,53RD,,,,,,TWO LANE ROADWAY,,11,1,0,,1,1,1,12:33 PM,DISPATCHED,12:40 PM,8/2/2013,Y,TX0840400,1341,,,,8,2,4,11,64,54,7,9,5,33,21,84,165,,,SH,87,,,SH0087,,,,,,,,,,,,,,,N,Y,N,5,6,N,FRI,,,,,,,,,,,,,,,,,,,,,,,,,,,,,,,,,,,,,,,,,,,,,,,,,,,,,,,,0,0,0,6,0,0,0,,,,
14271689,N,Y,N,N,N,N,N,8/10/2013,9:14 AM,13-07334,,84,165,N,Y,,,1,45,,1,,,IH 45,,N,N,50,N,N,6 LANE DIVIDED INTERSTATE,N,19,,,,,,61ST,ST,,,,,61ST ST,,2,1,0,2,1,2,1,9:14 AM,DISPATCH,9:19 AM,8/10/2013,Y,TX0840400,1341,,,,8,2,4,20,64,54,1,1,1,21,21,84,165,29.28855813,-94.83830048,IH,45,,0.299,IH0045,,500,1,10.275,1,-0.671,,,,,,,,,Y,Y,N,5,6,Y,SAT,5,0,0,12,20,3,6,200,94,72,6,1,0,1,0,0,2,22,5,2,20,2,11,50199,2014,50199,2.3,2,4.3,,,,,,,,,,,,,,,,,,,,,,,,,,,0,0,0,1,1,0,0,15,,,
14271812,N,N,N,N,N,N,N,8/30/2013,10:27 PM,13-08019,,84,165,N,Y,,,3,87,,1,,,AVE J,,N,N,35,N,N,LEVELD ASPHALT,N,19,,,1,57,,ST,,,,,,LEVELD ASPHALT,,11,1,2,2,1,1,21,10:45 PM,DISPATCH,10:30 PM,9/2/2013,N,TX0840400,1341,,,,8,2,3,14,64,14,1,2,1,32,21,84,165,29.28990863,-94.8307917,SH,87,,260.385,SH0087,5688,51,4,6.365,582,0.29,,,,,,,,,Y,Y,N,3,6,Y,FRI,3,0,0,4,30,9,6,150,88,80,6,1,2,1,0,0,2,8,5,1,30,2,14,28156,2014,28156,2.3,2,4.3,,,,,,,,,,,,,,,,,,,,,,,,,,,0,0,4,0,0,4,0,15,,,
14276620,N,N,N,N,N,N,N,9/11/2013,7:40 PM,13-08483,,84,165,N,Y,,,19,,,7,2328,,SEAWALL,BLVD,Y,N,0,N,N,PARKING LOT,N,19,,,1,24,,ST,,,,,,2 LANE ASPHALT,,11,4,98,,1,1,1,7:53 PM,DISPATCH,7:56 PM,9/11/2013,Y,TX0840400,1341,,,,8,2,4,20,64,54,7,9,5,33,21,84,165,,,,,,,SEAWALL BLVD,,,,,,,,,,,,,,,N,N,N,5,6,N,WED,,,,,,,,,,,,,,,,,,,,,,,,,,,,,,,,,,,,,,,,,,,,,,,,,,,,,,,,0,0,0,2,0,0,0,,,,
14276748,N,N,N,N,N,N,N,9/7/2013,6:20 PM,13-08337,,84,165,N,Y,,,19,,,1,5200,,SEAWALL,BLVD,N,N,35,N,N,5 LANE ROADWAY,N,19,,,1,,,53RD,ST,,,,,2 LANE ROADWAY,,11,1,2,2,1,1,20,6:20 PM,ON VIEW FLAGDOWN,6:20 PM,9/7/2013,Y,TX0840400,1341,,,,8,2,3,14,64,14,1,2,1,32,21,84,165,29.29111875,-94.82607258,SH,87,,260.087,SH0087,5275,51,4,6.066,582,-0.008,,,,,,,,,Y,Y,N,5,6,Y,SAT,3,0,0,8,30,9,6,150,88,72,6,1,2,1,0,0,2,16,5,1,30,2,14,28156,2014,28156,2.3,2,4.3,,,,,,,,,,,,,,,,,,,,,,,,,,,0,0,0,5,0,0,0,15,,,
14459498,N,N,N,N,N,N,N,9/8/2013,12:02 PM,1300037331,,94,394,N,Y,,,3,123,,7,500,S,STATE HWY 123 BYPASS,,Y,N,10,N,N,,N,19,,,,,,EASTWOOD,DR,,,,,,,12,1,0,,1,1,1,12:02 PM,DISPATCH,12:06 PM,9/8/2013,Y,TX0940300,2109,,,303,8,1,4,4,64,12,7,9,5,33,21,94,394,,,SH,123,,,SH0123,,,,,,,,,,,,,,,N,Y,N,3,6,N,SUN,,,,,,,,,,,,,,,,,,,,,,,,,,,,,,,,,,,,,,,,,,,,,,,,,,,,,,,,0,0,1,1,0,1,0,,,,
14677491,N,N,N,N,N,N,N,9/23/2013,11:51 AM,13-94351,,220,156,N,Y,,,19,,,1,6350,,LOYDHIIL,LN,N,N,-1,N,N,,N,19,,,,4900,,DALEVALE,CT,,,,,,,11,1,2,,1,1,1,11:57 AM,DISPATCHED,12:12 PM,9/23/2013,Y,TX2201200,1318,4,29,23,8,4,4,1,64,3,1,5,2,21,21,220,156,32.82545259,-97.42500349,,,,,LOYD HILL DR,6379,,,,,,,,,,,,,,Y,N,N,5,9,Y,MON,,,,,,,,,,,,,,,,,,,,,,,,,,,,,,,,,,,,,,,,,,,,,,,,,,,,,,,,0,0,0,1,0,0,0,282,,,
13486920,N,N,N,N,N,N,N,10/10/2013,7:40 AM,,,123,342,N,Y,29.97615,-93.95645,4,366,,1,,,NOT REPORTED,,N,N,45,N,N,,N,19,,,,,,PARK,ST,,,,,,,11,1,2,3,1,1,5,7:45 AM,DPS LUFKIN,7:49 AM,10/10/2013,Y,,10000,17,58,1,8,2,2,22,64,54,1,3,1,21,21,123,1688,29.97540775,-93.95334714,FM,366,,3.295,FM0366,,667,2,4.808,452,-0.737,,,,PARK ST,,,,,Y,Y,Y,5,0,Y,THU,2,0,0,0,0,9,4,120,48,48,5,0,0,1,0,0,1,0,0,0,0,3,14,10916,2014,10916,2.8,1.4,4.2,,,,,,,,,,,,,,,,,,,,,,,,,,,0,0,0,2,0,0,0,135,,,
13487575,N,N,N,N,N,N,N,10/10/2013,5:22 PM,13-10766,507,61,259,N,Y,,,1,35,E,2,2600,S,NOT REPORTED,,N,N,50,N,N,,N,12,121,,,1000,,SAM RAYBURN TOLLWAY,,,,,,,,11,1,0,2,1,1,9,5:30 PM,DISPATCHED,5:35 PM,10/10/2013,Y,TX0610600,1659,,,35,8,2,4,22,64,42,2,1,1,21,21,61,259,33.03086729,-96.99379211,IH,35,E,79.771,IH0035E,,196,2,5.512,451,-0.075,,,,,,,,,Y,Y,N,5,7,Y,THU,5,0,12,10,28,3,6,300,116,72,6,0,0,2,24,5,2,20,5,2,4,4,11,172292,2014,172292,3.2,6.1,9.3,,,,,,,,,,,,,,,,,,,,,,,,,,,0,0,0,2,0,0,0,282,,,
13489292,N,N,N,N,N,Y,N,10/11/2013,3:26 AM,SAPD13223630,7140,15,379,N,Y,,,19,,,1,,,HUEBNER,RD,N,N,45,N,N,,N,19,,,,,,FREDERICKSBURG,RD,,,,,,,11,4,4,,1,1,5,3:26 AM,DISPATCHED,3:29 AM,11/9/2013,Y,TXSPD0000,2473,,109,138,8,7,2,1,30,54,1,5,2,21,21,15,379,29.54257151,-98.58096719,,,,,HUEBNER RD,10698,,,,,,,,,FREDERICKSBURG RD,,,,,Y,N,N,3,9,Y,FRI,,,,,,,,,,,,,,,,,,,,,,,,,,,,,,,,,,,,,,,,,,,,,,,,,,,,,,,,0,0,1,0,0,1,0,28,,,
13489626,N,N,N,N,N,N,N,10/12/2013,2:20 PM,13-23441,2 Unit Class B,57,218,N,Y,,,19,,,1,2800,N,MACARTHUR,BLVD,N,N,35,N,N,,Y,19,,,1,1000,W,ROCHELLE,RD,,,,,,,11,1,0,,1,1,5,2:08 PM,DISPATCHED,2:12 PM,10/12/2013,Y,TX0571500,1518,,,33,8,2,1,10,1,54,1,5,1,21,21,57,218,32.84422424,-96.95915253,,,,,N MACARTHUR BLVD,,,,,,,,,,W ROCHELLE RD,,,,,Y,N,N,2,8,Y,SAT,,,,,,,,,,,,,,,,,,,,,,,,,,,,,,,,,,,,,,,,,,,,,,,,,,,,,,,,0,1,0,1,0,1,0,282,,,
13489825,N,N,N,N,N,N,N,10/12/2013,6:00 AM,SAPD13224697,3110,15,379,N,N,,,17,,,7,10362,,SAHARA,DR,Y,N,5,N,N,PRIVATE PARKING LOT,N,19,,,,600,,ISOM,RD,,,,,,,0,0,98,,1,0,1,11:51 AM,DISPATCHED,12:25 PM,10/12/2013,N,TXSPD0000,2473,,29,131,8,4,4,4,64,12,7,9,5,33,21,15,379,,,,,,,SAHARA DR,,,,,,,,,,,,,,,N,N,N,0,9,N,SAT,,,,,,,,,,,,,,,,,,,,,,,,,,,,,,,,,,,,,,,,,,,,,,,,,,,,,,,,0,0,0,0,1,0,0,,,,
13489834,N,N,N,N,N,N,N,10/11/2013,6:00 AM,sapd13224664,6250,15,379,N,Y,,,1,37,,1,,N,IH 37,,N,N,65,N,N,,N,11,410,,,,,NOT REPORTED,,,,,,,,11,2,0,2,1,1,1,10:43 AM,DISP,10:55 AM,10/12/2013,N,TXSPD0000,2473,,11,175,8,7,4,1,39,35,1,1,4,21,21,15,379,29.33179793,-98.41734526,IH,37,,133.805,IH0037,,73,8,3.258,134,-0.057,,,,,,,,,Y,Y,N,3,9,Y,FRI,5,0,4,10,48,2,4,360,76,48,4,0,0,2,8,5,2,20,5,2,40,4,11,70849,2014,70849,2.3,1.4,3.7,1,413,0,2,10,,,,,,,,,,,,,,,,,,,,,,0,0,1,0,1,1,0,28,,,
13489840,N,N,N,N,N,N,N,10/11/2013,9:26 PM,13-19913,,221,2,N,Y,,,19,,,1,800,,WESTWOOD,ST,N,N,30,N,N,,Y,19,,,1,15,,CAMBRIDGE,CT,,,,,,,11,3,3,,4,1,1,9:26 PM,DISPATCH,9:31 PM,10/11/2013,Y,TX2210100,10,,,59,8,7,4,1,36,54,1,5,2,21,21,221,2,32.45748444,-99.77559184,,,,,WESTWOOD DR,799,,,,,,,,,,,,,,Y,N,N,5,8,Y,FRI,,,,,,,,,,,,,,,,,,,,,,,,,,,,,,,,,,,,,,,,,,,,,,,,,,,,,,,,0,0,0,1,0,0,0,166,,,
13489850,N,N,N,N,N,N,N,10/10/2013,7:55 PM,130027168,,57,177,N,Y,,,12,161,,1,1600,N,PRESIDENT GEORGE BUSH TURNPIKE,,N,Y,-1,N,N,PAVED CONCRETE,N,19,,,,1300,W,TARRANT,RD,,,,,PAVED CONCRETE,,11,4,0,,2,1,20,7:58 PM,PATROL,7:58 PM,10/10/2013,Y,TX0571200,1372,,,44,8,7,4,1,39,9,1,6,4,21,21,57,177,,,,,,,TL0161,,,,,,,,,,,,,,,Y,N,N,5,8,N,THU,,,,,,,,,,,,,,,,,,,,,,,,,,,,,,,,,,,,,,,,,,,,,,,,,,,,,,,,0,0,0,1,0,0,0,,,,
13489963,N,N,N,N,N,N,N,10/10/2013,7:30 AM,0127060513Y,,101,208,N,N,,,19,,,1,6900,,LINDEN,,N,N,30,N,N,,Y,19,,,1,1900,,GARLAND,ST,,,,,,,11,1,4,,1,1,8,7:40 AM,DISPATCHED,7:45 AM,10/10/2013,Y,TXHPD0000,2469,24,113,65,8,2,1,10,64,54,1,5,1,21,21,101,208,29.70850481,-95.29456311,,,,,LINDEN ST,7000,,,,,,,,,GARLAND ST,,,,,Y,N,N,3,9,Y,THU,,,,,,,,,,,,,,,,,,,,,,,,,,,,,,,,,,,,,,,,,,,,,,,,,,,,,,,,0,0,2,3,0,2,0,15,,,
13490010,N,N,N,N,N,N,N,10/10/2013,6:15 PM,0127314813T,,101,208,N,Y,,,19,,,1,1420,,BUTTERCUP,LN,N,N,30,N,N,,N,19,,,,1700,,MISTLETOE,LN,,,,,,,11,1,0,,1,1,1,6:15 PM,DISPATCH,6:35 PM,10/10/2013,Y,TXHPD0000,2469,16,124,58,8,7,4,1,31,3,1,5,2,21,21,101,208,30.03743063,-95.22814928,,,,,BUTTERCUP LN,1479,,,,,,,,,,,,,,Y,N,N,3,9,Y,THU,,,,,,,,,,,,,,,,,,,,,,,,,,,,,,,,,,,,,,,,,,,,,,,,,,,,,,,,0,0,1,0,0,1,0,15,,,
13490931,N,N,N,N,N,N,N,10/14/2013,3:00 AM,SAPD13226028,6170,15,379,N,Y,,,19,,,1,100,,IKE,ST,N,N,30,N,N,,N,19,,,,2200,,PALO ALTO,RD,,,,,,,2,3,0,,1,2,1,8:05 AM,DISPATCHED,8:16 AM,10/14/2013,N,TXSPD0000,2473,,11,175,8,4,4,5,64,54,1,5,1,21,21,15,379,29.32787883,-98.55385518,,,,,IKE ST,151,,,,,,,,,,,,,,Y,N,N,0,9,Y,MON,,,,,,,,,,,,,,,,,,,,,,,,,,,,,,,,,,,,,,,,,,,,,,,,,,,,,,,,0,0,0,0,1,0,0,28,,,
13491523,N,N,N,N,N,N,N,10/13/2013,4:59 PM,0128612513W,,101,208,N,N,,,1,610,,1,500,W,WEST LP N,FWY,N,N,60,N,N,CONCRET,N,19,,,,500,W,MEMORIAL,DR,,,,,,,2,1,0,,1,2,20,4:59 PM,DISPATCHED,6:17 PM,10/13/2013,Y,TXHPD0000,2469,52,121,33,8,2,4,20,64,54,1,1,1,21,21,101,208,,,IH,610,,,IH0610,,,,,,,,,,,,,,,Y,Y,N,3,9,N,SUN,,,,,,,,,,,,,,,,,,,,,,,,,,,,,,,,,,,,,,,,,,,,,,,,,,,,,,,,0,0,1,1,0,1,0,,,,
13491573,N,N,N,N,N,N,N,10/13/2013,5:33 PM,SAPD13225696,6110,15,379,N,Y,,,1,35,,1,2600,S,35,HWY,N,N,60,N,N,2600 IH 35S - SB,Y,2,90,,3,100,W,90,HWY,,,,,100 BLK US HWY 90W,,2,1,8,,4,2,20,5:36 PM,DISPATCHED,5:40 PM,10/13/2013,Y,TXSPD0000,2473,,7,147,8,2,4,21,64,54,1,1,1,21,21,15,379,,,IH,35,,,IH0035,,,,,,,,,,,,,,,Y,Y,N,5,9,N,SUN,,,,,,,,,,,,,,,,,,,,,,,,,,,,,,,,,,,,,,,,,,,,,,,,,,,,,,,,0,0,0,2,0,0,0,,,,
13491759,N,N,N,N,N,N,N,10/13/2013,4:20 PM,SAPD13225671,5350,15,379,N,Y,,,2,90,,1,8700,W,US HWY 90 WB,,N,N,60,N,N,,N,19,,,,10000,,RAY ELLISON,BLVD,,,,,,,2,1,0,2,1,2,1,4:26 PM,DISPATCHED,4:32 PM,10/13/2013,Y,TXSPD0000,2473,,19,148,8,7,4,1,39,1,1,2,4,21,21,15,379,29.39499958,-98.65652198,US,90,,444.919,US0090,,24,8,0.31,564,-0.703,,,,,,,,,Y,Y,N,5,9,Y,SUN,5,0,4,10,56,2,4,320,76,48,4,0,0,2,8,5,2,20,5,3,48,4,12,60262,2014,60262,1.8,0.6,2.3,,,,,,,,,,,,,,,,,,,,,,,,,,,0,0,0,2,0,0,0,28,,,
13491889,N,N,N,N,N,N,N,10/13/2013,4:50 AM,SAPD13225358,6180,15,379,N,Y,,,19,,,1,1250,,MAUERMANN,RD,N,N,30,N,N,1250 MAUERMANN RAD,N,19,,,,13301,,PLEASANTON,RD,,,,,13301 PLEASANTON ROAD,,12,3,0,,1,1,1,4:57 AM,DISPATCH,5:49 AM,10/13/2013,N,TXSPD0000,2473,,11,175,8,7,4,1,62,54,1,5,2,21,21,15,379,29.28384846,-98.51701875,,,,,MAUERMAN RD,784,,,,,,,,,,,,,,Y,N,N,3,9,Y,SUN,,,,,,,,,,,,,,,,,,,,,,,,,,,,,,,,,,,,,,,,,,,,,,,,,,,,,,,,0,0,1,0,0,1,0,28,,,
13492022,N,N,N,N,N,N,N,10/10/2013,1:29 PM,13-19798,,221,2,N,Y,,,19,,,1,2200,N,JUDGE ELY,BLVD,N,N,45,N,N,,Y,19,,,1,1000,E,AMBLER,AVE,,,,,,,11,1,4,3,1,1,9,1:29 PM,DISPATCH,1:36 PM,10/10/2013,Y,TX2210100,10,,,113,8,2,2,22,64,38,1,2,1,21,21,221,2,32.47462626,-99.70655027,SH,351,,1.227,SH0351,923,11,1,2.264,418,-0.995,,,,N JUDGE ELY BLVD,,,,,Y,Y,N,5,8,Y,THU,2,0,0,0,0,2,5,200,68,68,4,1,1,1,0,0,1,0,0,0,0,3,14,14418,2014,14418,5,5.3,10.3,1,225,2,1,29,,,,,,,,,,,,,,,,,,,,,,0,0,0,2,0,0,0,166,,,
13493537,N,N,N,N,N,N,N,10/13/2013,3:58 AM,SAPD13226727,6170,15,379,N,Y,,,3,16,,1,10600,S,STATE 16 SB,HWY,N,N,65,N,N,,N,19,,,,10900,,KINGSRIDE,,,,,,,,11,3,0,2,1,1,1,3:56 AM,DISPATCHED,4:08 AM,10/15/2013,N,TXSPD0000,2473,,29,131,8,6,4,1,64,54,1,2,1,21,21,15,379,29.30767649,-98.55529248,SH,16,,373.984,SH0016,11117,613,1,3.763,608,-0.368,,,,,,,,,Y,Y,N,5,9,Y,SUN,4,0,4,10,30,2,4,230,76,48,4,0,0,2,8,5,2,20,5,3,22,4,12,23385,2014,23385,7.5,6.4,13.9,,,,,,,,,,,,,,,,,,,,,,,,,,,0,0,0,1,0,0,0,28,,,
13493805,N,N,N,N,N,N,N,10/12/2013,1:05 PM,13-101203-HR,,220,156,N,N,,,19,,,1,3632,,TERRA,TRL,N,N,25,N,N,,N,19,,,,3600,,DEEN,RD,,,,,,,11,1,0,,1,1,1,1:37 PM,POLICE DISPATCH,1:47 PM,10/12/2013,N,TX2201200,1318,4,29,23,8,2,3,34,64,13,1,5,1,32,21,220,156,32.80917203,-97.3448759,,,,,N TERRY ST,3632,,,,,,,,,,,,,,N,N,N,5,9,Y,SAT,,,,,,,,,,,,,,,,,,,,,,,,,,,,,,,,,,,,,,,,,,,,,,,,,,,,,,,,0,0,0,1,1,0,0,282,,,
13493944,N,N,N,N,N,Y,N,10/10/2013,6:55 PM,,,133,1698,Y,Y,30.0734,-99.26293,3,39,,1,,,NOT REPORTED,,N,N,45,N,N,,N,19,,,,,,MAUK,RD,,,,,,,11,5,0,1,4,1,12,6:56 PM,KERR SO,7:05 PM,11/5/2015,Y,,10000,15,92,1,8,7,4,1,63,54,1,2,2,21,21,133,1698,30.07392154,-99.2646769,SH,39,,33.307,SH0039,,193,2,18.048,452,-0.889,,,,,,,,,Y,Y,Y,1,0,Y,THU,2,0,3,3,0,2,2,60,30,24,4,0,0,2,3,5,2,3,5,0,0,1,7,3913,2014,3913,3,1.4,4.4,,,,,,,,,,,,,,,,,,,,,,,,,,,1,0,0,0,0,1,0,,,,
13493984,N,N,N,N,N,N,N,10/14/2013,9:15 AM,,,212,1777,Y,Y,32.31606999,-95.20292,3,64,,7,12443,,CHAPEL HILL PHARMACY,,Y,N,-1,N,N,PARKING LOT,N,3,64,,,,,NOT REPORTED,,,,,,,,2,1,0,,7,2,17,9:22 AM,DPS COMMUNICATIONS,9:31 AM,10/14/2013,Y,,10000,17,28,1,8,2,4,40,64,12,7,9,5,33,21,212,1777,,,SH,64,,,SH0064,,,,,,,,,,,,,,,N,Y,Y,5,0,N,MON,,,,,,,,,,,,,,,,,,,,,,,,,,,,,,,,,,,,,,,,,,,,,,,,,,,,,,,,0,0,0,3,0,0,0,,,,
13494155,N,N,N,N,N,N,N,10/15/2013,4:25 PM,192847,,57,147,N,Y,,,19,,,1,2600,,VALLEY VIEW,LN,N,N,35,N,N,,N,19,,,,13400,,DENNIS,LN,,,,,,,2,1,2,,3,2,5,4:25 PM,RADIO DISPATCHED,4:26 PM,10/15/2013,Y,TX0571000,1290,,,33,8,7,2,3,37,1,1,5,2,21,21,57,147,32.92387918,-96.89071936,,,,,VALLEY VIEW LN,2601,,,,,,,,,DENNIS LN,,,,,Y,N,N,5,6,Y,TUE,,,,,,,,,,,,,,,,,,,,,,,,,,,,,,,,,,,,,,,,,,,,,,,,,,,,,,,,0,0,0,1,0,0,0,282,,,
13494218,N,N,N,N,N,N,N,10/14/2013,6:11 PM,13-025157,,212,434,N,Y,,,3,64,,1,500,E,FIFTH,ST,N,N,35,N,N,,N,19,,,,1800,,WALL,AVE,,,,,,,2,1,0,3,4,2,11,6:21 PM,DISPATCHED,6:24 PM,10/15/2013,Y,TX21204X1,2316,,,170,8,2,2,22,64,42,1,2,1,21,21,212,434,32.33061455,-95.29610049,SH,64,,50.992,SH0064,,245,6,20.283,686,-0.293,,,,S WALL AVE,,,,,Y,Y,N,5,8,Y,MON,0,0,0,0,0,9,4,160,72,72,5,2,2,1,0,0,1,0,0,4,0,3,14,18245,2014,18245,2.9,7.1,10,1,210,1,1,16,,,,,,,,,,,,,,,,,,,,,,0,0,0,3,0,0,0,213,,,
13494297,N,N,N,N,N,N,N,10/13/2013,9:26 PM,13-20045,,221,2,N,N,,,19,,,1,4000,,SOUTHWEST,DR,N,N,40,N,N,,Y,19,,,1,3700,,DANVILLE,DR,,,,,,,2,4,4,,1,2,5,9:26 PM,DISPATCH,9:31 PM,10/13/2013,Y,TX2210100,10,,,27,4,7,4,3,42,54,1,5,2,21,21,221,2,32.4113841,-99.77629938,,,,,SOUTHWEST DR,4000,,,,,,,,,,,,,,N,N,N,5,8,Y,SUN,,,,,,,,,,,,,,,,,,,,,,,,,,,,,,,,,,,,,,,,,,,,,,,,,,,,,,,,0,0,0,1,0,0,0,166,,,