Crash_ID,Crash_Fatal_Fl,Cmv_Involv_Fl,Schl_Bus_Fl,Rr_Relat_Fl,Medical_Advisory_Fl,Amend_Supp_Fl,Active_School_Zone_Fl,Crash_Date,Crash_Time,Case_ID,Local_Use,Rpt_CRIS_Cnty_ID,Rpt_City_ID,Rpt_Outside_City_Limit_Fl,Thousand_Damage_Fl,Rpt_Latitude,Rpt_Longitude,Rpt_Rdwy_Sys_ID,Rpt_Hwy_Num,Rpt_Hwy_Sfx,Rpt_Road_Part_ID,Rpt_Block_Num,Rpt_Street_Pfx,Rpt_Street_Name,Rpt_Street_Sfx,Private_Dr_Fl,Toll_Road_Fl,Crash_Speed_Limit,Road_Constr_Zone_Fl,Road_Constr_Zone_Wrkr_Fl,Rpt_Street_Desc,At_Intrsct_Fl,Rpt_Sec_Rdwy_Sys_ID,Rpt_Sec_Hwy_Num,Rpt_Sec_Hwy_Sfx,Rpt_Sec_Road_Part_ID,Rpt_Sec_Block_Num,Rpt_Sec_Street_Pfx,Rpt_Sec_Street_Name,Rpt_Sec_Street_Sfx,Rpt_Ref_Mark_Offset_Amt,Rpt_Ref_Mark_Dist_Uom,Rpt_Ref_Mark_Dir,Rpt_Ref_Mark_Nbr,Rpt_Sec_Street_Desc,Rpt_CrossingNumber,Wthr_Cond_ID,Light_Cond_ID,Entr_Road_ID,Road_Type_ID,Road_Algn_ID,Surf_Cond_ID,Traffic_Cntl_ID,Investigat_Notify_Time,Investigat_Notify_Meth,Investigat_Arrv_Time,Report_Date,Investigat_Comp_Fl,ORI_Number,Investigat_Agency_ID,Investigat_Area_ID,Investigat_District_ID,Investigat_Region_ID,Bridge_Detail_ID,Harm_Evnt_ID,Intrsct_Relat_ID,FHE_Collsn_ID,Obj_Struck_ID,Othr_Factr_ID,Road_Part_Adj_ID,Road_Cls_ID,Road_Relat_ID,Phys_Featr_1_ID,Phys_Featr_2_ID,Cnty_ID,City_ID,Latitude,Longitude,Hwy_Sys,Hwy_Nbr,Hwy_Sfx,Dfo,Street_Name,Street_Nbr,Control,Section,Milepoint,Ref_Mark_Nbr,Ref_Mark_Displ,Hwy_Sys_2,Hwy_Nbr_2,Hwy_Sfx_2,Street_Name_2,Street_Nbr_2,Control_2,Section_2,Milepoint_2,Txdot_Rptable_Fl,Onsys_Fl,Rural_Fl,Crash_Sev_ID,Pop_Group_ID,Located_Fl,Day_of_Week,Hwy_Dsgn_Lane_ID,Hwy_Dsgn_Hrt_ID,Hp_Shldr_Left,Hp_Shldr_Right,Hp_Median_Width,Base_Type_ID,Nbr_Of_Lane,Row_Width_Usual,Roadbed_Width,Surf_Width,Surf_Type_ID,Curb_Type_Left_ID,Curb_Type_Right_ID,Shldr_Type_Left_ID,Shldr_Width_Left,Shldr_Use_Left_ID,Shldr_Type_Right_ID,Shldr_Width_Right,Shldr_Use_Right_ID,Median_Type_ID,Median_Width,Rural_Urban_Type_ID,Func_Sys_ID,Adt_Curnt_Amt,Adt_Curnt_Year,Adt_Adj_Curnt_Amt,Pct_Single_Trk_Adt,Pct_Combo_Trk_Adt,Trk_Aadt_Pct,Curve_Type_ID,Curve_Lngth,Cd_Degr,Delta_Left_Right_ID,Dd_Degr,Feature_Crossed,Structure_Number,I_R_Min_Vert_Clear,Approach_Width,Bridge_Median_ID,Bridge_Loading_Type_ID,Bridge_Loading_In_1000_Lbs,Bridge_Srvc_Type_On_ID,Bridge_Srvc_Type_Under_ID,Culvert_Type_ID,Roadway_Width,Deck_Width,Bridge_Dir_Of_Traffic_ID,Bridge_Rte_Struct_Func_ID,Bridge_IR_Struct_Func_ID,CrossingNumber,RRCo,Poscrossing_ID,WDCode_ID,Standstop,Yield,Incap_Injry_Cnt,Nonincap_Injry_Cnt,Poss_Injry_Cnt,Non_Injry_Cnt,Unkn_Injry_Cnt,Tot_Injry_Cnt,Death_Cnt,MPO_ID,Investigat_Service_ID,Investigat_DA_ID,Investigator_Narrative
13511041,N,Y,N,N,N,N,N,10/20/2013,8:10 AM,0131545713A,,101,208,N,Y,,,1,45,,1,4800,N,NORTH,FWY,N,N,60,N,N,FLAT AND DRY,N,19,,,,4700,,AIRLINR,DR,,,,,,,11,1,0,,1,1,20,8:20 AM,DISPATCHED,8:24 AM,10/20/2013,Y,TXHPD0000,2469,14,152,27,8,2,4,20,64,9,1,1,1,21,21,101,208,,,IH,45,,,IH0045,,,,,,,,,,,,,,,Y,Y,N,5,9,N,SUN,,,,,,,,,,,,,,,,,,,,,,,,,,,,,,,,,,,,,,,,,,,,,,,,,,,,,,,,0,0,0,2,0,0,0,,,,
13511066,N,N,N,N,N,N,N,10/22/2013,3:11 PM,1300020671,,133,234,N,Y,30.00287,-99.10306,3,27,,1,4200,,SAN ANTONIO,HWY,N,N,55,N,N,,N,19,,,,4100,E,RIVERSIDE,DR,,,,,,,11,1,0,3,4,1,20,3:12 PM,DISPATCHED,3:17 PM,10/22/2013,Y,TX1330100,1583,,,35,8,7,4,1,23,3,1,2,2,21,21,133,234,30.01683052,-99.1200341,SH,27,,22.734,SH0027,3114,142,5,2.907,468,0.602,,,,,,,,,Y,Y,N,2,5,Y,TUE,2,0,0,0,0,2,4,80,60,60,4,1,1,1,0,0,1,0,0,0,0,2,14,10095,2014,10095,3.9,6.7,10.6,,,,,,,,,,,,,,,,,,,,,,,,,,,0,1,0,0,0,1,0,,,,
13511145,N,N,N,N,N,Y,N,10/21/2013,10:29 AM,13102983,,31,53,N,Y,,,3,48,,7,2721,,BOCA CHICA,BLVD,Y,N,-1,N,N,,N,3,48,,,2700,,BOCA CHICA,BLVD,,,,,,,11,1,0,,1,1,1,10:36 AM,RADIO,10:40 AM,10/27/2013,Y,TX0310100,172,,125,42,8,7,4,3,29,54,7,9,5,33,21,31,53,,,SH,48,,,SH0048,,,,,,,,,,,,,,,N,Y,N,5,8,N,MON,,,,,,,,,,,,,,,,,,,,,,,,,,,,,,,,,,,,,,,,,,,,,,,,,,,,,,,,0,0,0,1,0,0,0,,,,
13511292,N,N,N,N,N,N,N,10/18/2013,12:50 PM,132910994,,227,22,N,Y,,,1,35,I,2,1500,,NOT REPORTED,HWY,N,N,60,N,N,,Y,19,,,1,700,E,15TH,ST,,,,,E 15TH ST,,12,1,4,2,1,1,21,12:51 PM,DISPATCH,12:52 PM,10/22/2013,Y,TX2270100,74,36,67,282,8,2,1,10,64,3,2,1,1,21,21,227,22,30.27468086,-97.73146402,IH,35,,234.733,IH0035,,15,13,18.31,235,0.274,,,,E 15TH ST,,,,,Y,Y,N,2,9,Y,FRI,5,0,4,10,11,2,8,300,124,96,4,0,0,2,8,5,2,20,5,2,3,4,11,164391,2014,164391,3.3,9.4,12.7,,,,,,,,,,,,,,,,,,,,,,,,,,,0,2,1,1,0,3,0,90,,,
13511358,N,N,N,N,N,N,N,10/22/2013,8:54 AM,13-025732,,212,434,N,Y,,,19,,,1,2800,,COMMONWEALTH,DR,N,N,30,N,N,,N,19,,,,1900,,ADA,AVE,,,,,,,12,4,0,,1,1,1,8:54 AM,DISPATCH,9:01 AM,10/22/2013,N,TX2120400,2316,,,170,8,4,4,5,64,54,1,5,1,21,21,212,434,32.37999463,-95.31999144,,,,,COMMONWEALTH DR,2890,,,,,,,,,,,,,,Y,N,N,0,8,Y,TUE,,,,,,,,,,,,,,,,,,,,,,,,,,,,,,,,,,,,,,,,,,,,,,,,,,,,,,,,0,0,0,0,1,0,0,213,,,
13511455,N,N,N,N,N,N,N,10/21/2013,6:10 PM,13-20577,,221,2,N,Y,,,11,322,,1,400,,JAKE ROBERTS,FWY,N,N,75,N,N,,N,2,80,,,2100,E,80,HWY,,,,,,,11,1,0,,1,1,20,6:18 PM,DISPATCH,6:26 PM,10/21/2013,Y,TX2210100,10,,,27,8,7,4,1,39,3,1,2,4,21,21,221,2,,,SL,322,,,SL0322,,,,,,,,,,,,,,,Y,Y,N,5,8,N,MON,,,,,,,,,,,,,,,,,,,,,,,,,,,,,,,,,,,,,,,,,,,,,,,,,,,,,,,,0,0,0,1,0,0,0,,,,
13511637,N,N,N,N,N,N,N,10/22/2013,2:30 AM,SAPD13233555,5140,15,379,N,Y,,,17,,,7,3333,,WEIR,AVE,Y,N,10,N,N,PARKING LOT,N,19,,,,1800,SE,GEN MCMULLEN,,,,,,,,8,3,0,,1,1,1,4:06 PM,DISPATCHED,6:09 PM,10/23/2013,Y,TXSPD0000,2473,,19,148,8,4,4,5,64,54,7,9,5,1,21,15,379,,,,,,,WEIR AVE,,,,,,,,,,,,,,,N,N,N,0,9,N,TUE,,,,,,,,,,,,,,,,,,,,,,,,,,,,,,,,,,,,,,,,,,,,,,,,,,,,,,,,0,0,0,0,1,0,0,,,,
13511645,N,N,N,N,N,N,N,10/21/2013,3:42 PM,13-140,,230,171,N,Y,,,2,271,,1,600,N,WOOD,ST,N,N,40,N,N,NORTH BOUND LANE,N,3,155,,,100,N,ST HWY 155,,,,,,,,12,1,98,3,1,1,1,3:42 PM,DISPATCHED,3:45 PM,10/22/2013,Y,TX2300200,1354,,,35,8,2,3,14,64,13,1,2,1,32,21,230,171,32.73405437,-94.94257163,US,271,,94.795,US0271,601,248,4,12.74,286,-0.266,,,,,,,,,Y,Y,N,5,4,Y,MON,2,0,0,4,0,2,4,120,68,48,3,1,1,1,0,0,2,4,5,0,0,1,2,16851,2014,16851,3.9,12,15.9,,,,,,,,,,,,,,,,,,,,,,,,,,,0,0,0,3,0,0,0,,,,
13511798,N,N,N,N,N,N,N,10/16/2013,7:00 PM,265715A,,57,107,N,Y,,,1,635,,2,5200,,LYNDON B JOHNSON,FWY,N,N,40,Y,N,,N,19,,,,,,INWOOD,RD,,,,,,,11,4,0,,2,1,5,7:20 PM,DISPATCHED,7:30 PM,10/23/2013,Y,TX0000006,2471,,,59,8,2,2,22,64,49,2,1,1,20,21,57,107,32.92743745,-96.8215542,,,,,I 635 W,,,,,,,,,,INWOOD RD,,,,,Y,N,N,5,9,Y,WED,,,,,,,,,,,,,,,,,,,,,,,,,,,,,,,,,,,,,,,,,,,,,,,,,,,,,,,,0,0,0,2,0,0,0,282,,,
13511800,N,N,N,N,N,Y,N,10/23/2013,1:00 AM,13-11240,,61,259,N,Y,,,19,,,7,355,NE,VISTA RIDGE MALL,DR,Y,N,40,N,N,,N,19,,,,2500,,ROCKBROOK,DR,,,,,,,11,4,0,,1,1,1,8:07 PM,DISPATCH,8:17 PM,10/31/2013,Y,TX0610600,1659,,,35,8,4,4,4,64,12,7,9,5,33,21,61,259,,,,,,,NE VISTA RIDGE MALL DR,,,,,,,,,,,,,,,N,N,N,5,7,N,WED,,,,,,,,,,,,,,,,,,,,,,,,,,,,,,,,,,,,,,,,,,,,,,,,,,,,,,,,0,0,0,1,0,0,0,,,,
13511809,N,N,N,N,N,Y,N,10/23/2013,8:28 PM,SAPD13233744,3150,15,379,N,Y,,,19,,,1,,,ROWE,DR,N,N,30,N,N,ROWE DR  - SEB,Y,19,,,1,,,THOUSAND OAKS,,,,,,,,11,4,4,,1,1,5,9:32 PM,DISPATCHED,9:42 PM,12/28/2013,Y,TXSPD0000,2473,,109,138,8,2,2,22,64,38,1,5,1,21,21,15,379,29.56891494,-98.43148232,,,,,ROWE DR,13998,,,,,,,,,THOUSAND OAKS DR,,,,,Y,N,N,3,9,Y,WED,,,,,,,,,,,,,,,,,,,,,,,,,,,,,,,,,,,,,,,,,,,,,,,,,,,,,,,,0,0,1,1,0,1,0,28,,,
13512288,N,N,N,N,N,N,N,10/13/2013,6:12 PM,13-00125,,227,1016,N,Y,,,19,,,1,17000,,BLAKE MANOR ROAD,,N,N,0,N,N,,N,19,,,1,16700,,HAMILTON POINT CIRCLE,,,,,,,,2,1,0,,4,2,20,6:12 PM,RADIO,6:16 PM,10/13/2013,Y,TX2270200,1724,,,,8,7,4,1,20,1,1,5,2,21,21,227,1016,30.33550507,-97.55143737,,,,,BLAKE MANOR RD,16723,,,,,,,,,,,,,,Y,N,N,5,4,Y,SUN,,,,,,,,,,,,,,,,,,,,,,,,,,,,,,,,,,,,,,,,,,,,,,,,,,,,,,,,0,0,0,1,0,0,0,90,,,
13512295,N,N,N,N,N,N,N,10/17/2013,9:46 AM,P13-18466,,174,303,N,Y,,,19,,,1,500,,BAILEY,ST,N,N,0,N,N,,Y,19,,,1,1200,N,MOUND,ST,,,,,,,11,1,4,,1,1,8,9:47 AM,DISPATCH,9:52 AM,10/17/2013,Y,TX1740200,1825,,,,8,2,1,10,64,54,1,5,1,21,21,174,303,31.6143744,-94.64943319,,,,,BAILEY ST,400,,,,,,,,,N MOUND ST,,,,,Y,N,N,5,6,Y,THU,,,,,,,,,,,,,,,,,,,,,,,,,,,,,,,,,,,,,,,,,,,,,,,,,,,,,,,,0,0,0,2,0,0,0,,,,
13512568,N,N,N,N,N,N,N,10/15/2013,5:50 PM,,,120,1685,Y,Y,29.04408,-96.4251,3,111,,1,,,NOT REPORTED,,N,N,70,N,N,,N,15,125,,,,,NOT REPORTED,,,,,,,,11,1,0,1,1,1,11,5:57 PM,JACKSON CO. COMM.,6:08 PM,10/18/2013,Y,,1524,,,,8,6,4,1,64,54,1,2,1,21,21,120,1685,29.07730281,-96.71317599,SH,111,,40.647,SH0111,,346,7,9.811,550,0.795,,,,,,,,,Y,Y,Y,5,0,Y,TUE,2,0,10,10,0,2,2,120,44,24,4,0,0,2,10,5,2,10,5,0,0,1,7,2827,2014,2827,10.3,25,35.2,1,418,0,1,11,,,,,,,,,,,,,,,,,,,,,,0,0,0,1,0,0,0,,,,
13513056,N,N,N,N,N,N,N,10/15/2013,1:30 AM,,,117,1364,N,Y,35.81625,-101.44193,3,152,,1,,,NOT REPORTED,,N,N,-1,N,N,,Y,3,136,,1,,,NOT REPORTED,,,,,,,,11,4,2,2,1,1,9,1:31 AM,BORGER PD,1:32 AM,10/21/2013,Y,,10000,22,130,1,8,7,2,1,20,3,1,2,4,21,21,117,1364,35.81640625,-101.4421005,SH,136,,51.638,SH0136,10497,356,1,19.497,62,1.119,SH,152,,SH0152,,,,,Y,Y,Y,5,1,Y,TUE,3,0,0,0,4,9,4,300,48,48,5,1,1,1,0,0,1,0,0,1,4,1,6,4351,2014,4351,3.7,17.5,21.2,,,,,,,,,,,,,,,,,,,,,,,,,,,0,0,0,4,0,0,0,,,,
13513166,N,N,N,N,N,N,N,10/22/2013,12:01 PM,13-104549,,220,156,N,Y,32.80803,-97.13519,19,,,1,10900,,TRINITY,BLVD,N,N,40,N,N,ROAD,Y,19,,,1,3300,,RAIDER,DR,,,,,ROAD,,11,1,2,,2,1,5,12:07 PM,DISPATCHED,12:21 PM,10/22/2013,Y,TX2201200,1318,4,9,23,8,2,2,22,64,38,1,5,1,21,21,220,156,32.80800426,-97.13537248,,,,,TRINITY BLVD,,,,,,,,,,S RAIDER DR,,,,,Y,N,N,3,9,Y,TUE,,,,,,,,,,,,,,,,,,,,,,,,,,,,,,,,,,,,,,,,,,,,,,,,,,,,,,,,0,0,1,2,0,1,0,282,,,
13513232,N,N,N,N,N,N,N,10/24/2013,7:45 AM,0133288713K,,101,208,N,N,,,19,,,1,3630,W,DALLAS,ST,Y,N,5,N,N,PARKING LOT,N,19,,,,,S,SHEPHERD,,,,,,,,11,1,98,,7,1,17,7:51 AM,HPD DISPATCH,7:56 AM,10/24/2013,Y,TXHPD0000,2469,24,121,35,8,1,4,1,64,3,7,9,5,33,21,101,208,,,,,,,W DALLAS ST,,,,,,,,,,,,,,,N,N,N,3,9,N,THU,,,,,,,,,,,,,,,,,,,,,,,,,,,,,,,,,,,,,,,,,,,,,,,,,,,,,,,,0,0,1,1,0,1,0,,,,
13513504,N,N,N,N,Y,N,N,10/18/2013,9:35 AM,TX13830TJS001,,241,1806,Y,Y,29.2919,-95.91598,4,442,,1,,,NOT REPORTED,,N,N,65,N,N,ONE WEST AND ONE TRAVELING EAST,N,,,,,,,NOT REPORTED,,1.2,M,E,6650,,,12,1,0,1,1,1,11,9:49 AM,DPS PIERCE,10:22 AM,10/18/2013,Y,,10000,8,52,1,8,7,4,1,23,3,1,3,2,21,21,241,1806,29.29153956,-95.91543657,FM,442,,9.603,FM0442,10428,838,1,10.634,652,-0.384,,,,NOT REPORTED,,,,,Y,Y,Y,5,0,Y,FRI,2,0,6,6,0,2,2,100,36,24,2,0,0,3,6,5,3,6,5,0,0,1,7,2987,2014,2987,3,0.7,3.7,,,,,,,,,,,,,,,,,,,,,,,,,,,0,0,0,1,0,0,0,,,,
13513616,N,N,N,N,N,N,N,10/19/2013,12:24 PM,13096387,,43,145,N,Y,,,4,2786,,1,900,,STACY,RD,N,N,50,N,N,,Y,19,,,1,100,,OAKWOOD,TRL,,,,,,,11,1,2,,2,1,11,12:24 PM,DISPATCHED,12:25 PM,10/19/2013,Y,TX0432500,1285,,,35,8,2,1,34,64,3,1,3,1,21,21,43,145,,,FM,2786,,,FM2786,,,,,,,,,,OAKWOOD TRL,,,,,Y,Y,N,2,4,N,SAT,,,,,,,,,,,,,,,,,,,,,,,,,,,,,,,,,,,,,,,,,,,,,,,,,,,,,,,,0,1,0,2,0,1,0,,,,
13514266,N,N,N,N,N,N,N,10/20/2013,2:20 PM,1310-0572,,15,264,N,Y,,,11,1604,,3,14000,,CHARLES ANDERSON,LOOP,N,N,45,N,N,1604 EXIT RAMP TO PAT BOOKER ROAD,N,3,218,,1,8300,,PAT BOOKER,RD,,,,,MULTI LANE TWO WAY ROAD,,11,1,0,2,1,1,20,2:20 PM,DISPATCHED,2:21 PM,10/20/2013,Y,TX0151600,1678,,,51,8,2,4,22,64,42,3,2,1,21,21,15,435,29.56173299,-98.32797159,SL,1604,,51.382,SL1604,,2452,3,38.443,540,-0.319,,,,,,,,,Y,Y,N,5,5,Y,SUN,5,0,4,6,78,2,4,290,72,48,4,0,0,2,8,5,2,16,5,3,70,4,12,49320,2014,49320,2.8,2.3,5.1,1,122,1,2,0,,,,,,,,,,,,,,,,,,,,,,0,0,0,4,0,0,0,28,,,
13514270,N,N,N,N,N,N,N,10/16/2013,10:40 AM,1310-0450,,15,264,N,N,,,3,218,,1,7800,,PAT BOOKER,RD,N,N,45,N,N,"TWO WAY MULTI LANE ""S"" CURVE",N,1,35,,2,13800,N,PAN AM,EXPY,,,,,IH 35N SOUTH BOUND FRONTAGE ROAD,,2,1,0,2,4,2,20,10:40 AM,OBSERVED ON SCENE,10:40 AM,10/16/2013,Y,TX0151600,1678,,,12,8,7,4,1,62,1,1,2,2,21,21,15,264,29.56345317,-98.33776409,SH,218,,0.245,SH0218,13873,465,1,0.246,502,-0.43,,,,,,,,,Y,Y,N,3,5,Y,WED,3,0,4,6,12,2,4,280,71,48,4,0,0,2,7,5,2,16,5,1,5,4,14,25383,2014,25383,2.8,3.9,6.7,,,,,,,,,,,,,,,,,,,,,,,,,,,0,0,1,1,0,1,0,28,,,
13514382,N,N,N,N,N,N,N,10/15/2013,4:46 PM,13-152769,,188,12,N,Y,,,19,,,1,800,N,BUCHANAN,ST,N,N,30,N,N,,Y,19,,,1,500,E,AMARILLO,BLVD,,,,,,,11,1,2,3,1,1,20,4:28 PM,DISPATCH,4:32 PM,10/15/2013,N,TX1880100,33,,,139,8,2,1,24,64,54,1,2,1,21,21,188,12,35.2220293,-101.8290178,US,60,,96.116,US0060,,169,1,0.109,324,0.741,US,87,,US0087,,,,,Y,Y,N,5,8,Y,TUE,2,0,4,4,0,2,4,90,82,66,2,2,2,2,4,5,2,4,5,0,0,3,14,17220,2014,17220,3.1,4.1,7.2,,,,,,,,,,,,,,,,,,,,,,,,,,,0,0,0,5,0,0,0,120,,,
13514403,N,N,N,N,N,N,N,10/20/2013,2:20 AM,2013A002667,29D,57,166,N,Y,32.89794,-96.62693,19,,,1,311,,SOUTHWOOD,DR,N,N,30,N,N,,N,19,,,1,1500,,CUMBERLAND,DR,,,,,,,11,4,0,,1,1,1,2:20 AM,DISPATCHED,2:28 AM,10/20/2013,N,TX0571100,1344,,,99,8,4,4,1,64,54,1,5,1,21,21,57,166,32.89775823,-96.62643289,,,,,SOUTHWOOD DR,481,,,,,,,,,,,,,,Y,N,N,0,8,Y,SUN,,,,,,,,,,,,,,,,,,,,,,,,,,,,,,,,,,,,,,,,,,,,,,,,,,,,,,,,0,0,0,0,1,0,0,282,,,
13514536,N,N,N,N,N,N,N,10/24/2013,7:18 PM,201341608,,139,324,N,Y,,,19,,,1,3100,,CLARKSVILLE,ST,N,N,50,N,N,3100BLK OF COLLEGIATE,N,19,,,,500,,33RD SE,ST,,,,,33RD SE,,11,4,4,1,1,1,1,7:18 PM,DISPATCHED,7:20 PM,10/24/2013,Y,TX1390200,1907,,,35,8,2,3,10,64,14,1,2,1,32,21,139,324,33.64886713,-95.51605959,BU,271,B,4.323,BU0271B,3249,221,1,2.491,204,0.312,,,,,,,,,Y,Y,N,5,6,Y,THU,2,0,0,0,0,9,2,100,30,30,6,0,0,1,0,0,1,0,0,0,0,2,14,5124,2014,5124,5.8,14.2,20.1,1,780,1,1,11,,,,,,,,,,,,,,,,,,,,,,0,0,0,4,0,0,0,,,,
13514581,N,N,N,N,N,N,N,10/23/2013,11:00 PM,13-105137,,220,156,N,Y,32.73871,-97.39923,19,,,1,5200,,BYERS,AVE,N,N,40,N,N,,N,19,,,,2100,,BURTON HILL,RD,,,,,,,11,4,0,,1,1,1,11:10 PM,ROLLED UP ON IT,11:10 PM,10/23/2013,Y,TX2201200,1318,4,19,23,8,7,4,1,30,3,1,5,2,21,21,220,156,32.73868652,-97.39996535,,,,,BYERS AVE,5242,,,,,,,,,,,,,,Y,N,N,5,9,Y,WED,,,,,,,,,,,,,,,,,,,,,,,,,,,,,,,,,,,,,,,,,,,,,,,,,,,,,,,,0,0,0,1,0,0,0,282,,,
13514730,N,N,N,N,N,N,N,10/17/2013,8:50 AM,13-102829,,220,156,N,Y,,,2,287,,1,1700,,N POLY,FWY,N,N,60,N,N,HIGHWAY,N,2,30,,,100,,EAST FWY,HWY,,,,,,,12,1,0,2,1,1,1,9:13 AM,DISPATCHED,9:15 AM,10/17/2013,Y,TX2201200,1318,4,3,23,8,2,4,20,64,42,1,2,1,21,21,220,156,32.74781065,-97.30845592,US,287,,434.205,US0287,,172,6,21.417,460,-0.006,,,,,,,,,Y,Y,N,5,9,Y,THU,5,0,0,10,20,2,6,350,92,72,5,0,2,1,0,0,2,20,5,2,20,4,12,44954,2014,44954,2.5,0.4,2.9,,,,,,,,,,,,,,,,,,,,,,,,,,,0,0,0,3,0,0,0,282,,,
13514750,N,N,N,N,N,N,N,10/23/2013,9:03 AM,0132848213Z,,101,208,N,N,,,2,290,,1,10300,,NORTHWEST,FWY,N,N,60,N,N,INBOUND HOV LANE,N,19,,,,,,MANGUM,,,,,,,,11,1,0,,3,1,20,9:06 AM,DISPATCHED,9:14 AM,10/23/2013,Y,TXHPD0000,2469,16,152,27,8,1,4,1,64,3,1,2,1,21,21,101,208,,,US,290,,,US0290,,,,,,,,,,,,,,,Y,Y,N,3,9,N,WED,,,,,,,,,,,,,,,,,,,,,,,,,,,,,,,,,,,,,,,,,,,,,,,,,,,,,,,,0,0,1,2,0,1,0,,,,
13514766,N,N,N,N,N,N,N,10/24/2013,10:30 AM,,201325357,79,228,N,Y,,,19,,,1,600,,PIN OAK,RD,N,N,30,N,N,,N,19,,,,5500,,ROBERTS,RD,,,,,,,11,1,0,,4,1,11,10:39 AM,RADIO,10:41 AM,10/24/2013,Y,TX1012700,1559,,,35,8,2,4,21,64,3,1,5,1,21,21,79,228,29.7844023,-95.82059812,,,,,PIN OAK RD,693,,,,,,,,,,,,,,Y,N,N,5,5,Y,THU,,,,,,,,,,,,,,,,,,,,,,,,,,,,,,,,,,,,,,,,,,,,,,,,,,,,,,,,0,0,0,2,0,0,0,15,,,
13514820,N,N,N,N,N,N,N,10/24/2013,2:46 PM,P13-18932,,174,303,N,Y,,,8,59,,1,1200,,NORTH,ST,N,N,35,N,N,,Y,19,,,1,100,,BAILEY,ST,,,,,,,11,1,2,3,1,1,20,2:46 PM,DISPATCH,2:50 PM,10/24/2013,Y,TX1740200,1825,,,35,8,2,1,13,64,14,1,2,1,32,21,174,303,31.62868609,-94.65247141,BU,59,F,3.736,BU0059F,,175,8,19.868,340,-0.262,,,,BEALL ST,,,,,Y,Y,N,5,6,Y,THU,2,0,0,0,0,9,4,80,52,51,6,2,2,1,0,0,1,0,0,0,0,2,16,21023,2014,21023,2.9,18.5,21.4,,,,,,,,,,,,,,,,,,,,,,,,,,,0,0,0,2,0,0,0,,,,
13515085,N,N,N,N,N,N,N,10/24/2013,5:55 PM,SAPD13234381,3160,15,379,N,Y,,,19,,,1,12200,,STARCREST,DR,N,N,35,N,N,LOCAL ROAD,N,19,,,,12100,,JONE MALTSBERGER,RD,,,,,LOCAL ROAD,,11,1,0,,1,1,1,6:05 PM,DISAPTCHED,6:10 PM,10/24/2013,Y,TXSPD0000,2473,,29,131,8,2,4,21,64,9,1,5,1,21,21,15,379,29.55262495,-98.46785232,,,,,STARCREST DR,12200,,,,,,,,,,,,,,Y,N,N,5,9,Y,THU,,,,,,,,,,,,,,,,,,,,,,,,,,,,,,,,,,,,,,,,,,,,,,,,,,,,,,,,0,0,0,7,0,0,0,28,,,
13515102,N,N,N,N,N,N,N,10/23/2013,4:00 PM,0133015113E,,101,208,N,N,,,1,45,,1,5800,S,GULF,FWY,N,N,60,N,N,BLACKTOP,N,19,,,,,S,WAYSIDE,DR,,,,,,,11,1,0,2,2,1,20,4:12 PM,HPD-DISPATCHER,4:24 PM,10/23/2013,Y,TXHPD0000,2469,16,113,65,8,2,4,20,64,42,1,1,1,21,21,101,208,29.71546413,-95.31589248,IH,45,,42.718,IH0045,,500,3,18.897,43,-0.193,,,,,,,,,Y,Y,N,3,9,Y,WED,5,1,0,12,20,9,8,300,144,120,2,0,0,1,0,0,2,24,5,2,20,4,11,183648,2014,183648,5.5,4.6,10.1,,,,,,,,,,,,,,,,,,,,,,,,,,,0,0,2,1,0,2,0,15,,,
13515198,N,N,N,N,N,N,N,10/25/2013,10:21 PM,130027245,,227,22,N,Y,30.3875,-97.88244,19,,,1,4800,N,QUINLAN PARK,RD,N,N,40,N,N,4800 NORTH QUINLAN PARK ROAD,N,4,620,,,5200,N,FM 620,,,,,,5200 BLOCK NORTH FM 620,,11,4,0,,2,1,1,10:21 PM,DISPATCHED,10:23 PM,10/26/2013,Y,TX2270000,2292,,9,208,8,2,4,30,64,54,1,5,1,21,21,227,1792,30.3827745,-97.88359434,,,,,N QUINLAN PARK RD,4469,,,,,,,,,,,,,,Y,N,Y,5,0,Y,FRI,,,,,,,,,,,,,,,,,,,,,,,,,,,,,,,,,,,,,,,,,,,,,,,,,,,,,,,,0,0,0,6,0,0,0,90,,,
13515249,N,N,N,N,N,N,N,10/12/2013,12:55 PM,SAPD13224736,6210,15,379,N,Y,,,19,,,1,1400,E,SOUTHCROSS,,N,N,40,N,N,,N,19,,,,4700,S,HACKBERRY,,,,,,,,11,1,2,,2,1,5,1:32 PM,WAVED DOWN,1:32 PM,10/12/2013,Y,TXSPD0000,2473,,11,175,8,2,2,13,64,3,1,5,1,21,21,15,379,29.37547447,-98.47342377,,,,,E SOUTHCROSS BLVD,1442,,,,,,,,,S HACKBERRY ST,,,,,Y,N,N,5,9,Y,SAT,,,,,,,,,,,,,,,,,,,,,,,,,,,,,,,,,,,,,,,,,,,,,,,,,,,,,,,,0,0,0,4,0,0,0,28,,,
13515529,N,N,N,N,N,N,N,10/25/2013,1:15 PM,0133880613B,,101,208,N,Y,,,19,,,7,10039,,BISSONNET,ST,N,N,15,N,N,PARKING LOT (CONCRETE),N,19,,,,9600,,WOODFAIR,DR,,,,,,,11,1,4,,1,1,1,2:27 PM,DISP,2:31 PM,10/25/2013,Y,TXHPD0000,2469,14,128,39,8,4,4,3,64,3,7,9,5,33,21,101,208,,,,,,,BISSONNET ST,,,,,,,,,,,,,,,N,N,N,5,9,N,FRI,,,,,,,,,,,,,,,,,,,,,,,,,,,,,,,,,,,,,,,,,,,,,,,,,,,,,,,,0,0,0,2,0,0,0,,,,