Crash_ID,Crash_Fatal_Fl,Cmv_Involv_Fl,Schl_Bus_Fl,Rr_Relat_Fl,Medical_Advisory_Fl,Amend_Supp_Fl,Active_School_Zone_Fl,Crash_Date,Crash_Time,Case_ID,Local_Use,Rpt_CRIS_Cnty_ID,Rpt_City_ID,Rpt_Outside_City_Limit_Fl,Thousand_Damage_Fl,Rpt_Latitude,Rpt_Longitude,Rpt_Rdwy_Sys_ID,Rpt_Hwy_Num,Rpt_Hwy_Sfx,Rpt_Road_Part_ID,Rpt_Block_Num,Rpt_Street_Pfx,Rpt_Street_Name,Rpt_Street_Sfx,Private_Dr_Fl,Toll_Road_Fl,Crash_Speed_Limit,Road_Constr_Zone_Fl,Road_Constr_Zone_Wrkr_Fl,Rpt_Street_Desc,At_Intrsct_Fl,Rpt_Sec_Rdwy_Sys_ID,Rpt_Sec_Hwy_Num,Rpt_Sec_Hwy_Sfx,Rpt_Sec_Road_Part_ID,Rpt_Sec_Block_Num,Rpt_Sec_Street_Pfx,Rpt_Sec_Street_Name,Rpt_Sec_Street_Sfx,Rpt_Ref_Mark_Offset_Amt,Rpt_Ref_Mark_Dist_Uom,Rpt_Ref_Mark_Dir,Rpt_Ref_Mark_Nbr,Rpt_Sec_Street_Desc,Rpt_CrossingNumber,Wthr_Cond_ID,Light_Cond_ID,Entr_Road_ID,Road_Type_ID,Road_Algn_ID,Surf_Cond_ID,Traffic_Cntl_ID,Investigat_Notify_Time,Investigat_Notify_Meth,Investigat_Arrv_Time,Report_Date,Investigat_Comp_Fl,ORI_Number,Investigat_Agency_ID,Investigat_Area_ID,Investigat_District_ID,Investigat_Region_ID,Bridge_Detail_ID,Harm_Evnt_ID,Intrsct_Relat_ID,FHE_Collsn_ID,Obj_Struck_ID,Othr_Factr_ID,Road_Part_Adj_ID,Road_Cls_ID,Road_Relat_ID,Phys_Featr_1_ID,Phys_Featr_2_ID,Cnty_ID,City_ID,Latitude,Longitude,Hwy_Sys,Hwy_Nbr,Hwy_Sfx,Dfo,Street_Name,Street_Nbr,Control,Section,Milepoint,Ref_Mark_Nbr,Ref_Mark_Displ,Hwy_Sys_2,Hwy_Nbr_2,Hwy_Sfx_2,Street_Name_2,Street_Nbr_2,Control_2,Section_2,Milepoint_2,Txdot_Rptable_Fl,Onsys_Fl,Rural_Fl,Crash_Sev_ID,Pop_Group_ID,Located_Fl,Day_of_Week,Hwy_Dsgn_Lane_ID,Hwy_Dsgn_Hrt_ID,Hp_Shldr_Left,Hp_Shldr_Right,Hp_Median_Width,Base_Type_ID,Nbr_Of_Lane,Row_Width_Usual,Roadbed_Width,Surf_Width,Surf_Type_ID,Curb_Type_Left_ID,Curb_Type_Right_ID,Shldr_Type_Left_ID,Shldr_Width_Left,Shldr_Use_Left_ID,Shldr_Type_Right_ID,Shldr_Width_Right,Shldr_Use_Right_ID,Median_Type_ID,Median_Width,Rural_Urban_Type_ID,Func_Sys_ID,Adt_Curnt_Amt,Adt_Curnt_Year,Adt_Adj_Curnt_Amt,Pct_Single_Trk_Adt,Pct_Combo_Trk_Adt,Trk_Aadt_Pct,Curve_Type_ID,Curve_Lngth,Cd_Degr,Delta_Left_Right_ID,Dd_Degr,Feature_Crossed,Structure_Number,I_R_Min_Vert_Clear,Approach_Width,Bridge_Median_ID,Bridge_Loading_Type_ID,Bridge_Loading_In_1000_Lbs,Bridge_Srvc_Type_On_ID,Bridge_Srvc_Type_Under_ID,Culvert_Type_ID,Roadway_Width,Deck_Width,Bridge_Dir_Of_Traffic_ID,Bridge_Rte_Struct_Func_ID,Bridge_IR_Struct_Func_ID,CrossingNumber,RRCo,Poscrossing_ID,WDCode_ID,Standstop,Yield,Incap_Injry_Cnt,Nonincap_Injry_Cnt,Poss_Injry_Cnt,Non_Injry_Cnt,Unkn_Injry_Cnt,Tot_Injry_Cnt,Death_Cnt,MPO_ID,Investigat_Service_ID,Investigat_DA_ID,Investigator_Narrative
13520886,N,N,N,N,N,N,N,10/19/2013,1:07 PM,268138A,268144A,57,107,N,Y,,,2,75,,1,4200,N,CENTRAL,EXPY,N,N,60,N,N,,N,19,,,,2700,N,HASKELL,AVE,,,,,,,11,1,0,2,1,1,20,1:15 PM,DISPATCHED,1:20 PM,10/20/2013,N,TX0000006,2471,,,35,8,2,4,20,64,54,1,2,1,21,21,57,107,32.81043585,-96.79207199,US,75,,74.213,US0075,,47,7,13.44,270,-0.181,,,,,,,,,Y,Y,N,5,9,Y,SAT,5,0,10,10,24,3,8,220,136,96,5,0,0,2,20,5,2,20,5,2,4,4,12,229641,2014,229641,2.8,5.4,8.3,,,,,,,,,,,,,,,,,,,,,,,,,,,0,0,0,2,1,0,0,282,,,
13521112,N,Y,N,N,N,N,N,10/20/2013,2:40 PM,,,186,1751,Y,Y,30.89068,-102.78228,1,10,,1,,,NOT REPORTED,,N,N,80,N,N,,N,,,,,,,NOT REPORTED,,0.5,M,E,265,,,11,1,0,2,1,1,11,2:46 PM,ON-VIEW,2:46 PM,10/20/2013,Y,TXDPS2000,10000,8,32,1,8,2,4,21,64,3,1,1,1,21,21,186,1751,30.89064082,-102.7769505,IH,10,,264.833,IH0010,,140,1,44.232,265,0.5,,,,NOT REPORTED,,,,,Y,Y,Y,2,0,Y,SUN,5,0,4,10,94,1,4,370,74,46,4,0,0,2,14,5,2,14,5,3,80,1,1,4558,2014,4558,4.8,35.5,40.3,,,,,,,,,,,,,,,,,,,,,,,,,,,0,1,0,2,0,1,0,,,,
13521117,N,N,N,N,N,N,N,10/25/2013,2:00 AM,13-46521,13-46521,220,249,N,Y,,,17,,,7,4225,,RIDGECREST CIRCLE,,Y,N,5,N,N,,N,19,,,,4200,,RIDGECREST CIRCLE,,,,,,,,11,3,0,,1,1,1,2:32 AM,DISPATCH,2:36 AM,10/25/2013,N,TX2201900,1628,,,35,8,4,3,5,64,3,7,9,5,1,21,220,249,,,,,,,RIDGECREST CIRCLE,,,,,,,,,,,,,,,N,N,Y,0,3,N,FRI,,,,,,,,,,,,,,,,,,,,,,,,,,,,,,,,,,,,,,,,,,,,,,,,,,,,,,,,0,0,0,0,2,0,0,,,,
13521276,N,N,N,N,N,Y,N,10/28/2013,11:36 PM,13-012178,,21,85,N,Y,,,4,60,,7,700,,UNIVERSITY,DR,Y,N,-1,N,N,,N,4,60,,,500,,TARROW,ST,,,,,,,11,4,0,,1,1,1,11:36 PM,DISPATCH,12:21 AM,12/5/2013,Y,TX0210200,301,,,35,8,4,4,3,64,54,7,9,5,33,21,21,85,,,FM,60,,,FM0060,,,,,,,,,,,,,,,N,Y,N,5,7,N,MON,,,,,,,,,,,,,,,,,,,,,,,,,,,,,,,,,,,,,,,,,,,,,,,,,,,,,,,,0,0,0,1,1,0,0,,,,
13521421,N,N,N,N,N,N,N,10/21/2013,6:17 PM,20134428,,27,60,N,Y,,,2,281,,1,100,N,WATER,ST,N,N,35,N,N,,N,3,29,,1,100,E,POLK,ST,,,,,,,11,1,0,3,1,1,1,6:18 PM,RADIO,6:21 PM,10/22/2013,Y,TX0270100,187,,,,8,2,3,10,64,14,1,2,1,32,21,27,60,30.75864809,-98.22886807,US,281,,235.769,US0281,196,251,8,19.627,438,-0.248,,,,,,,,,Y,Y,N,2,4,Y,MON,2,0,0,0,0,2,4,100,62,62,4,2,2,1,0,0,1,0,0,0,0,2,14,18150,2014,18150,2.6,14.4,17,,,,,,,,,,,,,,,,,,,,,,,,,,,0,2,0,0,0,2,0,90,,,
13521602,N,N,N,N,N,N,N,10/27/2013,12:55 PM,13-106444,,220,156,N,Y,,,19,,,7,6205,,BRENTWOOD,RD,N,N,-1,N,N,,N,19,,,,,,BRENTWOOD,DR,,,,,,,11,1,0,,7,1,8,1:52 PM,DISPATCHED,1:54 PM,10/27/2013,N,TX2201200,1318,4,9,23,8,4,4,1,64,3,1,5,1,21,21,220,156,32.75613242,-97.2257803,,,,,BRENTWOOD DR,6205,,,,,,,,,,,,,,Y,N,N,5,9,Y,SUN,,,,,,,,,,,,,,,,,,,,,,,,,,,,,,,,,,,,,,,,,,,,,,,,,,,,,,,,0,0,0,1,1,0,0,282,,,
13521771,N,N,N,N,N,N,N,10/28/2013,6:01 PM,133011415,,227,22,N,Y,,,19,,,1,,,MANCHACA,RD,N,N,-1,N,N,,Y,19,,,2,,,W BEN WHITE,BLVD,,,,,,,11,1,4,,1,1,5,6:01 PM,DISPATCH,6:01 PM,10/28/2013,N,TX2270100,74,1043,93,112,8,2,1,20,64,3,1,5,1,21,21,227,22,30.22963479,-97.78853245,,,,,MANCHACA RD,4401,,,,,,,,,W BEN WHITE BLVD,,,,,Y,N,N,5,9,Y,MON,,,,,,,,,,,,,,,,,,,,,,,,,,,,,,,,,,,,,,,,,,,,,,,,,,,,,,,,0,0,0,3,0,0,0,90,,,
13521992,N,N,N,N,N,N,N,10/27/2013,7:30 AM,,,188,1753,Y,Y,35.24085,-101.68733,2,60,,1,,,NOT REPORTED,,N,N,75,N,N,,N,15,,,,,,B,AVE,,,,,,,11,2,3,2,2,1,20,8:05 AM,DISPATCHED,8:21 AM,10/27/2013,Y,,10000,17,130,1,8,7,4,1,23,3,1,2,2,21,21,188,1753,35.24118061,-101.6873391,US,60,,104.418,US0060,,169,2,18.47,334,-0.822,,,,,,,,,Y,Y,Y,2,0,Y,SUN,3,0,6,10,120,2,4,300,84,48,4,0,0,2,6,5,2,10,5,3,114,3,14,8732,2014,8732,3.2,31.7,34.9,,,,,,,,,,,,,,,,,,,,,,,,,,,0,1,0,0,0,1,0,120,,,
13522008,N,N,N,N,N,N,N,10/22/2013,6:20 AM,,,1,1566,Y,Y,31.7343,-95.76663,4,645,,1,,,NOT REPORTED,,N,N,60,N,N,,N,15,2202,,,,,NOT REPORTED,,,,,,,,12,3,0,1,1,1,11,6:20 AM,ACSO DISPATCH,7:10 AM,10/28/2013,Y,,10000,46,28,1,8,7,4,1,33,54,1,3,2,21,21,1,1566,31.73362791,-95.76542352,FM,645,,10.581,FM0645,11458,1707,1,18.976,336,0.613,,,,,,,,,Y,Y,Y,0,0,Y,TUE,2,0,11,11,0,2,2,80,46,24,2,0,0,2,11,5,2,11,5,0,0,1,7,2159,2014,2159,3.5,2.9,6.3,,,,,,,,,,,,,,,,,,,,,,,,,,,0,0,0,0,1,0,0,,,,
13522085,N,N,N,N,N,N,N,10/30/2013,11:00 AM,13-26505,,212,434,N,Y,,,19,,,1,1600,,OLD OMEN,RD,N,N,40,N,N,,N,3,64,,,2900,E,5TH,ST,,,,,,,2,1,0,,2,2,5,11:04 AM,DISPATCH,11:12 AM,10/30/2013,Y,TX2120400,2316,,,170,8,2,2,22,64,36,1,2,1,21,21,212,434,32.33241416,-95.26098641,,,,,OLD OMEN RD,1609,,,,,,SH,64,,SH0064,,,,,Y,N,N,5,8,Y,WED,,,,,,,,,,,,,,,,,,,,,,,,,,,,,,,,,,,,,,,,,,,,,,,,,,,,,,,,0,0,0,2,0,0,0,213,,,
13522225,N,N,N,N,N,N,N,10/29/2013,5:09 PM,SAPD13238390,7260,15,379,N,Y,,,19,,,1,8500,,JONES MALTSBERGER,RD,N,N,35,N,N,,N,19,,,,600,E,RECTOR,,,,,,,,11,1,0,,1,1,20,5:09 PM,DISPATCHED,5:20 PM,10/29/2013,Y,TXSPD0000,2473,,61,123,8,2,3,23,64,13,1,5,1,32,21,15,379,29.51668489,-98.4833983,,,,,JONES MALTSBERGER RD,8574,,,,,,,,,,,,,,Y,N,N,5,9,Y,TUE,,,,,,,,,,,,,,,,,,,,,,,,,,,,,,,,,,,,,,,,,,,,,,,,,,,,,,,,0,0,0,2,0,0,0,28,,,
13522460,N,N,N,N,N,N,N,10/16/2013,3:18 PM,13-43073,,108,331,N,N,,,19,,,1,800,N,JACKSON,RD,Y,N,5,N,N,,N,19,,,,1600,W,POLK,AVE,,,,,,,11,1,0,,1,1,1,3:18 PM,DISPATCH,3:18 PM,10/29/2013,N,TX1081100,1926,,,35,8,4,4,5,64,3,7,9,5,33,21,108,331,,,,,,,N JACKSON RD,,,,,,,,,,,,,,,N,N,N,0,7,N,WED,,,,,,,,,,,,,,,,,,,,,,,,,,,,,,,,,,,,,,,,,,,,,,,,,,,,,,,,0,0,0,0,1,0,0,,,,
13522482,N,N,N,N,N,N,N,10/29/2013,2:00 AM,277153A,,57,107,N,Y,,,19,,,1,2100,,CLARK,ST,N,N,30,N,N,,N,19,,,,2900,,HALLSVILLE,ST,,,,,,,11,4,0,,1,1,1,6:19 PM,DISPATCHED,6:31 PM,10/29/2013,N,TX0000006,2471,,,71,8,4,4,4,64,54,1,5,1,21,21,57,107,32.79572002,-96.7942409,,,,,CLARK ST,2003,,,,,,,,,,,,,,Y,N,N,0,9,Y,TUE,,,,,,,,,,,,,,,,,,,,,,,,,,,,,,,,,,,,,,,,,,,,,,,,,,,,,,,,0,0,0,0,1,0,0,282,,,
13522548,N,N,N,N,N,N,N,10/26/2013,7:40 PM,13011484,,61,114,N,Y,,,4,2181,,1,7000,,TEASLEY,LN,N,N,50,N,N,,N,15,,,,2899,,LEATHERWOOD,,,,,,,,2,3,0,1,1,2,20,7:49 PM,DISPATCH,7:57 PM,10/26/2013,Y,TX0610200,1196,,,411,8,2,4,20,64,54,1,3,1,21,21,61,114,33.1360928,-97.1050656,FM,2181,,4.609,FM2181,5919,2054,2,4.65,240,0.302,,,,,,,,,Y,Y,N,3,8,Y,SAT,2,0,5,5,0,3,2,100,34,24,4,0,0,2,5,5,2,5,5,0,0,4,16,12456,2014,12456,4.7,0.8,5.5,,,,,,,,,,,,,,,,,,,,,,,,,,,0,0,1,3,0,1,0,282,,,
13522612,N,N,N,N,N,N,N,10/29/2013,1:22 PM,2.01E+11,,159,126,N,Y,,,4,375,,1,200,S,BIBB,AVE,N,N,30,N,N,ASPHALT,N,8,57,,,2200,,MAIN,ST,,,,,ASPHALT,,11,1,0,3,1,1,1,1:22 PM,VIA RADIO,1:22 PM,10/30/2013,Y,TX1620100,1227,,,35,8,2,3,10,64,14,1,3,1,32,21,159,126,28.70825331,-100.4832062,FM,375,,0.041,FM0375,238,1229,4,1.04,550,-0.075,,,,,,,,,Y,Y,N,5,6,Y,TUE,2,0,0,0,0,2,4,60,48,48,4,0,0,1,0,0,1,0,0,0,0,2,16,21051,2014,21051,4.3,3.9,8.2,,,,,,,,,,,,,,,,,,,,,,,,,,,0,0,0,5,0,0,0,,,,
13522878,N,N,N,N,N,N,N,10/24/2013,5:09 PM,2013-026675,,123,30,N,N,,,19,,,1,5900,,PHELAN,,N,N,40,N,N,,Y,19,,,1,300,,PEYTON,,,,,,,,11,3,0,,1,1,20,6:18 PM,DISPATCHED,6:22 PM,10/24/2013,N,TX1230100,104,,,,8,1,2,1,64,54,1,5,1,21,21,123,30,30.0796847,-94.16517339,,,,,PHELAN BLVD,,,,,,,,,,PEYTON DR,,,,,Y,N,N,1,8,Y,THU,,,,,,,,,,,,,,,,,,,,,,,,,,,,,,,,,,,,,,,,,,,,,,,,,,,,,,,,1,0,0,1,0,1,0,135,,,
13523022,N,N,N,N,N,N,N,10/21/2013,12:10 PM,P-13-155653,,191,12,N,Y,,,19,,,1,3408,,TECKLA,BLVD,N,N,30,N,N,,N,19,,,1,5000,SW,34TH,AVE,,,,,,,11,1,0,,1,1,20,12:15 PM,DISPATCHED,12:26 PM,10/21/2013,Y,TX1880100,33,,,,8,4,4,1,64,31,1,5,1,21,21,191,12,35.17641406,-101.8931012,,,,,TECKLA BLVD,3399,,,,,,,,,,,,,,Y,N,N,3,8,Y,MON,,,,,,,,,,,,,,,,,,,,,,,,,,,,,,,,,,,,,,,,,,,,,,,,,,,,,,,,0,0,1,0,0,1,0,120,,,
13523104,N,N,N,N,N,N,N,10/26/2013,7:09 PM,13-00468,,14,188,N,Y,,,19,,,1,101,W,VETERANS MEMORIAL,BLVD,N,N,40,N,N,,N,19,,,1,,,ANN,,,,,,,,11,4,0,3,3,1,20,7:09 PM,DISPATCH,7:09 PM,10/26/2013,Y,TX0140300,1415,,,,8,2,3,10,64,14,1,2,1,32,21,14,188,31.08988508,-97.66489573,BU,190,F,7.191,BU0190F,103,231,10,7.685,540,-0.638,,,,,,,,,Y,Y,N,2,6,Y,SAT,2,0,4,4,0,2,4,140,56,48,4,0,0,2,4,5,2,4,5,0,0,4,14,9867,2014,9867,1.8,0.2,2,,,,,,,,,,,,,,,,,,,,,,,,,,,0,1,0,1,0,1,0,277,,,
13523155,N,N,N,N,N,N,N,10/31/2013,3:00 AM,13-107802,,220,156,N,Y,,,19,,,1,9100,S,FWY,FWY,N,N,60,N,N,,N,19,,,,900,,EVERMAN,PKWY,,,,,,,12,3,0,,1,2,1,3:20 AM,DISPATCH,3:30 AM,10/31/2013,N,TX2201200,1318,4,11,23,8,2,4,20,64,54,1,2,1,21,21,220,156,,,,,,,S FWY FWY,,,,,,,,,,,,,,,Y,N,N,5,9,N,THU,,,,,,,,,,,,,,,,,,,,,,,,,,,,,,,,,,,,,,,,,,,,,,,,,,,,,,,,0,0,0,3,1,0,0,,,,
13523405,N,N,N,N,N,N,N,10/16/2013,3:16 PM,2013-86754,,108,283,N,Y,,,4,1926,,1,3900,N,23RD,ST,N,N,40,N,N,,N,19,,,,2300,W,NOLANA,AVE,,,,,,,11,1,4,,1,1,20,3:18 PM,VIA RADIO,3:21 PM,10/16/2013,Y,TX1080800,1753,,,35,8,2,2,21,64,9,1,3,1,21,21,108,283,,,FM,1926,,,FM1926,,,,,,,,,,W NOLANA AVE,,,,,Y,Y,N,3,8,N,WED,,,,,,,,,,,,,,,,,,,,,,,,,,,,,,,,,,,,,,,,,,,,,,,,,,,,,,,,0,0,3,0,0,3,0,,,,
13523554,N,N,N,N,N,N,N,10/14/2013,1:35 PM,,,68,1633,Y,Y,31.83943,-102.443,4,1936,,1,,,NOT REPORTED,,N,N,55,N,N,,Y,15,,,1,,W,16TH,ST,,,,,,,11,1,4,3,1,1,5,1:37 PM,DISPATCHED,1:44 PM,10/14/2013,Y,,10000,1,32,1,8,2,1,34,64,54,1,3,1,21,21,68,1633,31.83938864,-102.4427011,FM,1936,,12.079,FM1936,1598,1822,1,17.075,330,-0.255,,,,W 16TH ST,,,,,Y,Y,Y,5,0,Y,MON,2,0,8,9,0,1,4,96,81,48,2,1,1,2,8,5,2,9,5,0,0,3,14,7167,2014,7167,29.1,10.6,39.8,,,,,,,,,,,,,,,,,,,,,,,,,,,0,0,0,3,0,0,0,174,,,
13523725,N,N,N,N,N,N,N,10/25/2013,12:18 PM,2013-42530,,101,29,N,Y,,,19,,,1,3900,N,MAIN,,N,N,40,Y,Y,,N,19,,,,,,MERIDIAN,BLVD,,,,,,,11,1,0,,1,1,11,12:18 PM,VIEWED ON SITE,12:18 PM,10/30/2013,Y,TX1010100,100,,,44,8,2,4,21,64,49,1,5,1,20,21,101,29,29.76494185,-94.96403379,,,,,N MAIN ST,4013,,,,,,,,,,,,,,Y,N,N,5,7,Y,FRI,,,,,,,,,,,,,,,,,,,,,,,,,,,,,,,,,,,,,,,,,,,,,,,,,,,,,,,,0,0,0,3,0,0,0,15,,,
13523929,N,N,N,N,N,N,N,10/28/2013,6:00 PM,276221A,,57,107,N,Y,,,19,,,1,315,S,HAMPTON,RD,Y,N,-1,N,N,PARKING LOT,N,19,,,,2400,,WENTWORTH,ST,,,,,,,12,1,0,,1,1,1,6:27 PM,DISPATCHED,6:31 PM,10/28/2013,Y,TX0000006,2471,,,44,8,7,4,1,34,54,7,9,5,33,21,57,107,,,,,,,S HAMPTON RD,,,,,,,,,,,,,,,N,N,N,5,9,N,MON,,,,,,,,,,,,,,,,,,,,,,,,,,,,,,,,,,,,,,,,,,,,,,,,,,,,,,,,0,0,0,1,0,0,0,,,,
13524021,Y,N,N,N,N,N,N,10/26/2013,2:41 PM,SAPD13235874,2240,15,379,N,Y,,,19,,,1,300,E,HILDEBRAND,,N,N,35,N,N,,Y,19,,,1,100,,PARK HILL,,,,,,,,12,1,0,,1,1,5,2:42 PM,DISPATCHED,2:47 PM,10/26/2013,Y,TXSPD0000,2473,,109,138,8,2,1,34,64,54,1,5,1,21,21,15,818,29.61288801,-98.68087352,,,,,HILLTOP DR,18293,,,,,,,,,UNKNOWN,,,,,Y,N,Y,4,1,Y,SAT,,,,,,,,,,,,,,,,,,,,,,,,,,,,,,,,,,,,,,,,,,,,,,,,,,,,,,,,0,0,0,2,0,0,1,28,,,
13524061,N,N,N,N,N,N,N,10/29/2013,3:50 PM,0135807813H,,101,208,N,N,,,19,,,1,618,,BACA,ST,Y,N,15,N,N,CONCRETE PRIVATE PARKING LOT,N,19,,,,10800,,FILEY,LN,,,,,,,11,1,0,,1,1,1,3:53 PM,DISPATCHED,4:08 PM,10/29/2013,Y,TXHPD0000,2469,18,124,71,8,9,4,1,4,3,7,9,5,33,21,101,208,,,,,,,BACA ST,,,,,,,,,,,,,,,N,N,N,1,9,N,TUE,,,,,,,,,,,,,,,,,,,,,,,,,,,,,,,,,,,,,,,,,,,,,,,,,,,,,,,,1,0,0,3,0,1,0,,,,
13524113,N,N,N,N,N,N,N,10/31/2013,3:17 PM,SAPD13240077,3250,15,379,N,Y,,,19,,,1,10400,,PERRIN BEITEL,,N,N,40,N,N,COMMERCIAL,N,19,,,,4100,,POST OFFICE,,,,,,COMMERCIAL,,11,1,0,3,1,1,5,3:20 PM,DISPATCHED,3:25 PM,10/31/2013,Y,TXSPD0000,2473,,29,131,8,2,2,22,64,38,1,3,1,21,21,15,379,29.53297769,-98.41107054,FM,2252,,13.059,FM2252,10400,1433,1,17.439,498,-0.509,PA,1502,,PA1502,,,,,Y,Y,N,3,9,Y,THU,2,0,0,0,0,2,4,100,48,48,4,0,0,1,0,0,1,0,0,0,0,4,14,18728,2014,18728,1.2,0.4,1.6,,,,,,,,,,,,,,,,,,,,,,,,,,,0,0,1,3,0,1,0,28,,,
13524164,N,N,N,N,N,N,N,10/18/2013,7:50 AM,0130879013P,,101,208,N,Y,,,19,,,1,14400,E,HILLCROFT,,N,N,45,N,N,WET CONCRETE,N,19,,,,,S,SOUTH SAM HOUSTON W,PKWY,,,,,,,2,3,4,,1,2,5,8:56 PM,DISPATCHED,9:00 PM,10/18/2013,Y,TXHPD0000,2469,6,125,81,8,2,2,35,64,38,1,5,1,21,21,101,208,29.61800483,-95.49283306,,,,,HILLCROFT AVE,14400,,,,,,,,,UNKNOWN,,,,,Y,N,N,5,9,Y,FRI,,,,,,,,,,,,,,,,,,,,,,,,,,,,,,,,,,,,,,,,,,,,,,,,,,,,,,,,0,0,0,2,0,0,0,15,,,
13524258,N,N,N,N,N,N,N,10/31/2013,9:47 PM,0136835013J,,101,208,N,Y,,,2,59,,1,3100,S,SOUTHWEST,FWY,N,N,60,N,N,DRY CONCRETE,N,19,,,,5000,,BUFFALO SPEEDWAY,,,,,,,,11,4,0,,1,1,20,9:49 PM,DISPATCH,9:55 PM,11/1/2013,Y,TXHPD0000,2469,18,121,35,8,9,4,1,64,54,1,2,1,21,21,101,208,,,US,59,,,US0059,,,,,,,,,,,,,,,Y,Y,N,5,9,N,THU,,,,,,,,,,,,,,,,,,,,,,,,,,,,,,,,,,,,,,,,,,,,,,,,,,,,,,,,0,0,0,10,0,0,0,,,,
13524504,N,N,N,N,N,N,N,10/25/2013,4:35 PM,,13-162976,57,107,N,Y,,,1,35,,1,600,S,R L THORNTON,FWY,N,N,60,N,N,,N,19,,,1,,S,MARSALIS,AVE,,,,,,,11,1,0,,1,1,11,4:40 PM,RADIO DISPATCHED,4:44 PM,10/25/2013,Y,TX0570000,1169,,48,22,8,2,4,22,64,42,1,1,1,21,21,57,107,,,IH,35,,,IH0035,,,,,,,,,,,,,,,Y,Y,N,2,9,N,FRI,,,,,,,,,,,,,,,,,,,,,,,,,,,,,,,,,,,,,,,,,,,,,,,,,,,,,,,,0,1,0,2,0,1,0,,,,
13524546,N,N,N,N,N,N,N,10/23/2013,1:40 PM,2013-0002637,,226,378,N,N,,,11,306,,3,5000,W,LOOP 306 RAMP,,N,N,45,N,N,,N,11,306,,1,5000,W,LOOP 306,,,,,,,,11,1,0,,5,1,1,1:40 PM,DISPATCHED,1:45 PM,10/23/2013,Y,TX2260100,2067,,,,8,7,4,1,57,54,3,2,2,21,21,226,378,,,SL,306,,,SL0306,,,,,,,,,,,,,,,N,Y,N,5,7,N,WED,,,,,,,,,,,,,,,,,,,,,,,,,,,,,,,,,,,,,,,,,,,,,,,,,,,,,,,,0,0,0,3,0,0,0,,,,
13524617,N,N,N,N,N,N,N,10/11/2013,5:44 PM,13-37084,,152,270,N,Y,,,19,,,1,600,,Q,AVE,N,N,40,N,N,,Y,19,,,1,1700,,MAC DAVIS,LN,,,,,,,11,1,4,3,1,1,5,5:45 PM,DISPATCH,5:45 PM,10/11/2013,Y,TX1520200,1706,,,,8,2,1,34,64,54,1,2,1,21,21,152,270,33.59014432,-101.8552225,US,84,,67.94,US0084,601,53,18,1.047,318,-0.491,,,,MAC DAVIS LN,,,,,Y,Y,N,3,8,Y,FRI,2,0,0,0,0,2,6,100,87,72,4,1,1,1,0,0,1,0,0,0,0,4,14,15738,2014,15738,2.2,5.8,8,,,,,,,,,,,,,,,,,,,,,,,,,,,0,0,2,7,0,2,0,122,,,
13524621,N,N,N,N,N,N,N,10/14/2013,1:50 AM,13-37370,,152,270,N,Y,,,19,,,1,900,,50TH,ST,N,N,40,N,N,,Y,1,27,,2,4900,,INTERSTATE 27,,,,,,,,12,4,0,2,1,2,5,2:39 AM,POLICE RADIO,2:48 AM,10/14/2013,Y,TX1520200,1706,,,,8,2,2,22,64,38,2,1,1,21,21,152,270,33.54879761,-101.8450241,IH,27,,1.671,IH0027,,67,11,3.966,2,-0.248,FM,835,,FM0835,,933,1,2.625,Y,Y,N,3,8,Y,MON,5,0,10,10,48,8,6,460,112,72,5,0,0,2,20,5,2,20,5,3,28,4,11,49876,2014,49876,4.3,7.6,11.8,,,,,,,,,,,,,,,,,,,,,,,,,,,0,0,2,0,1,2,0,122,,,
13524847,N,N,N,N,N,N,N,10/25/2013,11:40 PM,AC13-10-0022,,107,20,N,Y,,,3,31,,1,800,E,TYLER,ST,N,N,45,N,N,,N,19,,,1,0,,COLEMAN,,,,,,,,11,3,0,,1,1,20,11:40 PM,OFFICER INITIATED,11:40 PM,10/26/2013,Y,TX1070100,67,,,45,8,7,2,1,30,54,1,2,2,21,21,107,20,,,SH,31,,,SH0031,,,,,,,,,,COLEMAN,,,,,Y,Y,N,5,5,N,FRI,,,,,,,,,,,,,,,,,,,,,,,,,,,,,,,,,,,,,,,,,,,,,,,,,,,,,,,,0,0,0,1,0,0,0,,,,
13524856,N,N,N,N,N,N,N,10/26/2013,11:05 AM,13-0151,,146,260,N,Y,,,17,,,1,2121,,HIGHWAY 146,,Y,N,0,N,N,,Y,17,,,1,2121,,HIGHWAY 146,,,,,,,,11,1,4,,1,1,8,11:05 AM,911,11:16 AM,10/26/2013,Y,TX1460400,1665,8,220,444,8,2,4,34,64,54,7,9,5,1,21,146,260,,,,,,,HIGHWAY 146,,,,,,,,,,,,,,,N,N,N,2,4,N,SAT,,,,,,,,,,,,,,,,,,,,,,,,,,,,,,,,,,,,,,,,,,,,,,,,,,,,,,,,0,1,0,2,0,1,0,,,,
13524869,N,N,N,N,N,N,N,10/22/2013,6:54 PM,131610,,243,58,N,Y,34.08692,-98.56477,19,,,1,600,,FOREST,ST,N,N,20,N,N,,Y,19,,,1,500,,ROSEWOOD,ST,,,,,,,11,1,2,,1,1,8,6:54 PM,DISPATCHED,6:56 PM,10/22/2013,Y,TX2430100,183,,,,8,2,2,17,64,38,1,5,1,21,21,243,58,34.08698409,-98.56475204,,,,,FORREST ST,699,,,,,,,,,ROSEWOOD ST,,,,,Y,N,N,5,5,Y,TUE,,,,,,,,,,,,,,,,,,,,,,,,,,,,,,,,,,,,,,,,,,,,,,,,,,,,,,,,0,0,0,2,0,0,0,,,,