Crash_ID,Crash_Fatal_Fl,Cmv_Involv_Fl,Schl_Bus_Fl,Rr_Relat_Fl,Medical_Advisory_Fl,Amend_Supp_Fl,Active_School_Zone_Fl,Crash_Date,Crash_Time,Case_ID,Local_Use,Rpt_CRIS_Cnty_ID,Rpt_City_ID,Rpt_Outside_City_Limit_Fl,Thousand_Damage_Fl,Rpt_Latitude,Rpt_Longitude,Rpt_Rdwy_Sys_ID,Rpt_Hwy_Num,Rpt_Hwy_Sfx,Rpt_Road_Part_ID,Rpt_Block_Num,Rpt_Street_Pfx,Rpt_Street_Name,Rpt_Street_Sfx,Private_Dr_Fl,Toll_Road_Fl,Crash_Speed_Limit,Road_Constr_Zone_Fl,Road_Constr_Zone_Wrkr_Fl,Rpt_Street_Desc,At_Intrsct_Fl,Rpt_Sec_Rdwy_Sys_ID,Rpt_Sec_Hwy_Num,Rpt_Sec_Hwy_Sfx,Rpt_Sec_Road_Part_ID,Rpt_Sec_Block_Num,Rpt_Sec_Street_Pfx,Rpt_Sec_Street_Name,Rpt_Sec_Street_Sfx,Rpt_Ref_Mark_Offset_Amt,Rpt_Ref_Mark_Dist_Uom,Rpt_Ref_Mark_Dir,Rpt_Ref_Mark_Nbr,Rpt_Sec_Street_Desc,Rpt_CrossingNumber,Wthr_Cond_ID,Light_Cond_ID,Entr_Road_ID,Road_Type_ID,Road_Algn_ID,Surf_Cond_ID,Traffic_Cntl_ID,Investigat_Notify_Time,Investigat_Notify_Meth,Investigat_Arrv_Time,Report_Date,Investigat_Comp_Fl,ORI_Number,Investigat_Agency_ID,Investigat_Area_ID,Investigat_District_ID,Investigat_Region_ID,Bridge_Detail_ID,Harm_Evnt_ID,Intrsct_Relat_ID,FHE_Collsn_ID,Obj_Struck_ID,Othr_Factr_ID,Road_Part_Adj_ID,Road_Cls_ID,Road_Relat_ID,Phys_Featr_1_ID,Phys_Featr_2_ID,Cnty_ID,City_ID,Latitude,Longitude,Hwy_Sys,Hwy_Nbr,Hwy_Sfx,Dfo,Street_Name,Street_Nbr,Control,Section,Milepoint,Ref_Mark_Nbr,Ref_Mark_Displ,Hwy_Sys_2,Hwy_Nbr_2,Hwy_Sfx_2,Street_Name_2,Street_Nbr_2,Control_2,Section_2,Milepoint_2,Txdot_Rptable_Fl,Onsys_Fl,Rural_Fl,Crash_Sev_ID,Pop_Group_ID,Located_Fl,Day_of_Week,Hwy_Dsgn_Lane_ID,Hwy_Dsgn_Hrt_ID,Hp_Shldr_Left,Hp_Shldr_Right,Hp_Median_Width,Base_Type_ID,Nbr_Of_Lane,Row_Width_Usual,Roadbed_Width,Surf_Width,Surf_Type_ID,Curb_Type_Left_ID,Curb_Type_Right_ID,Shldr_Type_Left_ID,Shldr_Width_Left,Shldr_Use_Left_ID,Shldr_Type_Right_ID,Shldr_Width_Right,Shldr_Use_Right_ID,Median_Type_ID,Median_Width,Rural_Urban_Type_ID,Func_Sys_ID,Adt_Curnt_Amt,Adt_Curnt_Year,Adt_Adj_Curnt_Amt,Pct_Single_Trk_Adt,Pct_Combo_Trk_Adt,Trk_Aadt_Pct,Curve_Type_ID,Curve_Lngth,Cd_Degr,Delta_Left_Right_ID,Dd_Degr,Feature_Crossed,Structure_Number,I_R_Min_Vert_Clear,Approach_Width,Bridge_Median_ID,Bridge_Loading_Type_ID,Bridge_Loading_In_1000_Lbs,Bridge_Srvc_Type_On_ID,Bridge_Srvc_Type_Under_ID,Culvert_Type_ID,Roadway_Width,Deck_Width,Bridge_Dir_Of_Traffic_ID,Bridge_Rte_Struct_Func_ID,Bridge_IR_Struct_Func_ID,CrossingNumber,RRCo,Poscrossing_ID,WDCode_ID,Standstop,Yield,Incap_Injry_Cnt,Nonincap_Injry_Cnt,Poss_Injry_Cnt,Non_Injry_Cnt,Unkn_Injry_Cnt,Tot_Injry_Cnt,Death_Cnt,MPO_ID,Investigat_Service_ID,Investigat_DA_ID,Investigator_Narrative
13527349,N,N,N,N,N,N,N,11/1/2013,6:56 AM,1300079595,,220,179,N,Y,,,3,121,,2,4700,S,NOT REPORTED,,N,N,50,N,N,WILLIAM D. TATE AVE.,N,19,,,,2000,,CHAMPAGNE,BLVD,,,,,,,11,3,0,2,1,1,1,6:57 AM,DISPATCHED,7:00 AM,11/1/2013,Y,TX2201300,1379,,,35,8,7,4,1,63,3,2,2,2,21,21,220,179,32.8850725,-97.09925095,SH,121,,80.549,SH0121,,364,1,11.595,288,0.259,,,,,,,,,Y,Y,N,2,6,Y,FRI,5,0,10,10,60,3,6,450,112,72,5,0,0,2,20,5,2,20,5,2,40,4,12,105188,2014,105188,3.2,3.5,6.7,,,,,,,,,,,,,,,,,,,,,,,,,,,0,1,0,0,0,1,0,282,,,
13527708,N,N,N,N,N,N,N,10/31/2013,7:52 AM,2013-10-0114,,27,1592,Y,Y,30.74638,-98.09733,3,29,,1,3000,E,STATE HIGHWAY 29,HWY,N,N,65,N,N,,Y,15,258,,1,100,N,COUNTY ROAD 258,,,,,,,,2,1,2,3,1,2,8,7:53 AM,BURNET CO COMM.,8:12 AM,10/31/2013,Y,TX0270000,186,,,,8,2,2,14,64,3,1,2,1,21,21,27,1592,30.74625026,-98.09800166,SH,29,,106.362,SH0029,,151,1,7.987,526,0.972,,,,CR0258,,,,,Y,Y,Y,5,0,Y,THU,2,0,0,4,0,2,4,100,50,44,4,0,0,1,0,0,2,4,5,0,0,1,2,9420,2014,9420,8.3,5.3,13.6,1,171,3,1,26,,,,,,,,,,,,,,,,,,,,,,0,0,0,2,0,0,0,90,,,
13527879,N,N,N,N,N,N,N,10/19/2013,12:35 AM,13-0148,,146,260,N,N,,,2,90,,1,2500,,HWY 90,,N,N,50,N,N,,N,19,,,1,200,,INDEPENDENCE,ST,,,,,,,2,3,0,3,4,3,11,12:17 AM,RADIO,12:24 AM,10/19/2013,Y,TX1460400,1665,,,,8,2,4,20,64,1,1,2,1,21,21,146,260,30.05754686,-94.78767245,US,90,,694.585,US0090,2612,28,4,15.022,878,-0.008,,,,,,,,,Y,Y,N,3,4,Y,SAT,2,0,0,0,0,9,6,120,86,72,5,0,0,1,0,0,1,0,0,0,0,2,14,17356,2014,17356,1.6,7.1,8.7,,,,,,,,,,,,,,,,,,,,,,,,,,,0,0,1,3,0,1,0,15,,,
13528060,N,N,N,N,N,N,N,10/23/2013,7:42 PM,1310-0666,,15,264,N,N,,,19,,,1,8000,,PAT BOOKER,,N,N,40,N,N,,Y,19,,,7,12800,,VILLAGE OAK,RD,,,,,,,11,1,0,1,7,1,1,7:42 PM,DISPATCHED,7:50 PM,10/23/2013,Y,TX0151600,1678,,,12,8,2,2,22,64,42,1,2,1,21,21,15,264,29.56120083,-98.32876986,SH,218,,0.879,SH0218,8199,465,1,0.888,502,0.204,,,,VILLAGE OAK DR,,,,,N,Y,N,5,5,Y,WED,2,0,4,6,0,2,2,280,34,24,4,0,0,2,4,5,2,6,5,0,0,4,14,25383,2014,25383,2.8,3.9,6.7,1,210,0,,0,,,,,,,,,,,,,,,,,,,,,,0,0,0,3,0,0,0,28,,,
13528487,N,N,Y,N,N,Y,N,10/31/2013,3:15 PM,13104472,,31,53,N,Y,,,3,4,,1,3700,,BOCA CHICA,BLVD,N,N,35,N,N,,N,19,,,,1000,,OWENS,RD,,,,,,,12,1,0,,1,2,20,3:15 PM,WITNESED,3:15 PM,11/8/2013,Y,TX0310100,172,,125,65,8,2,4,22,64,48,1,2,1,21,21,31,53,,,SH,4,,,SH0004,,,,,,,,,,,,,,,Y,Y,N,5,8,N,THU,,,,,,,,,,,,,,,,,,,,,,,,,,,,,,,,,,,,,,,,,,,,,,,,,,,,,,,,0,0,0,3,0,0,0,,,,
13528733,N,N,N,N,N,N,N,11/1/2013,4:39 PM,13110112,,31,53,N,Y,,,4,1419,,7,1804,,SOUTHMOST,BLVD,Y,N,-1,N,N,,N,3,4,,,3200,,INTERNATIONAL,BLVD,,,,,,,11,1,0,,1,1,20,4:57 PM,RADIO,4:57 PM,11/1/2013,Y,TX0310100,172,,125,29,8,4,4,4,64,54,7,9,5,33,21,31,53,,,FM,1419,,,FM1419,,,,,,,,,,,,,,,N,Y,N,0,8,N,FRI,,,,,,,,,,,,,,,,,,,,,,,,,,,,,,,,,,,,,,,,,,,,,,,,,,,,,,,,0,0,0,0,1,0,0,,,,
13528805,N,N,N,N,N,N,N,10/21/2013,8:00 AM,1310121,,113,102,N,Y,,,3,21,,1,100,E,GOLIAD,AVE,N,N,30,N,N,,Y,19,,,1,,S,FIRST,ST,,,,,,,11,1,2,,1,1,8,8:00 AM,DISPATCHED,8:06 AM,10/26/2013,Y,TX1130100,1147,,,35,8,2,1,14,64,54,1,2,1,21,21,113,102,,,SH,21,,,SH0021,,,,,,,,,,S FIRST ST,,,,,Y,Y,N,5,4,N,MON,,,,,,,,,,,,,,,,,,,,,,,,,,,,,,,,,,,,,,,,,,,,,,,,,,,,,,,,0,0,0,2,0,0,0,,,,
13528833,N,N,N,N,N,N,N,10/24/2013,8:00 PM,,,170,1735,Y,Y,30.2289,-95.51574,4,1488,,1,,,NOT REPORTED,,N,N,50,N,N,,N,3,242,,,,,NOT REPORTED,,,,,,,,11,3,0,3,1,1,20,8:12 PM,DPS HOUSTON,8:44 PM,10/24/2013,Y,,10000,3,52,1,8,6,4,1,64,54,1,3,1,21,21,170,1735,30.22934805,-95.51328692,FM,1488,,37.669,FM1488,3384,523,10,19.995,676,0.452,,,,,,,,,Y,Y,Y,5,0,Y,THU,2,0,10,10,0,3,4,100,84,64,5,0,0,2,10,5,2,10,5,0,0,4,16,45220,2014,45220,6.8,2.3,9.1,,,,,,,,,,,,,,,,,,,,,,,,,,,0,0,0,2,0,0,0,15,,,
13529024,N,N,N,N,N,N,N,10/30/2013,3:49 PM,,,61,1626,Y,Y,33.07237,-97.11082999,4,407,,1,,,NOT REPORTED,,N,N,45,Y,N,,N,15,,,,,,COPPER CANYON,RD,,,,,,,2,1,0,1,1,2,11,3:50 PM,DENTON COUNTY SO,4:12 PM,10/30/2013,Y,,10000,16,118,1,8,2,3,14,64,49,1,3,1,32,21,61,1626,33.07219238,-97.1107927,FM,407,,24.376,FM0407,,1950,1,9.191,574,0.25,,,,,,,,,Y,Y,Y,5,0,Y,WED,2,0,8,8,0,2,2,90,40,24,4,0,0,2,8,5,2,8,5,0,0,4,16,22137,2014,22137,5.6,19.2,24.8,1,133,5,1,35,,,,,,,,,,,,,,,,,,,,,,0,0,0,2,0,0,0,282,,,
13529079,N,N,N,N,N,N,N,10/31/2013,7:23 AM,130028925,,57,177,N,Y,,,19,,,1,3900,S,CARRIER,PKWY,N,N,40,N,N,,N,1,20,,,,,NOT REPORTED,,,,,,,,12,1,0,,1,2,20,7:26 AM,DISPATCH,7:32 AM,10/31/2013,Y,TX0571200,1372,,,42,8,2,4,22,64,42,1,5,1,21,21,57,177,32.67762365,-97.00692252,,,,,S CARRIER PKWY,,,,,,,,,,,,,,,Y,N,N,5,8,Y,THU,,,,,,,,,,,,,,,,,,,,,,,,,,,,,,,,,,,,,,,,,,,,,,,,,,,,,,,,0,0,0,7,0,0,0,282,,,
13529139,N,N,N,N,N,N,N,11/2/2013,5:10 PM,0137677513K,,101,208,N,Y,,,19,,,1,6500,,WESTHEIMER,RD,N,N,35,N,N,,N,19,,,,,,HILLCROFT,,,,,,,,11,1,0,2,1,1,20,5:25 PM,HPD DISPATCH,5:38 PM,11/2/2013,Y,TXHPD0000,2469,6,106,54,8,2,3,10,64,14,1,3,1,32,21,101,208,29.7376222,-95.50023414,FM,1093,,51.856,FM1093,6567,1258,4,11.799,680,-0.229,,,,,,,,,Y,Y,N,5,9,Y,SAT,3,0,0,0,12,9,8,120,90,90,6,2,2,1,0,0,1,0,0,1,12,4,14,55345,2014,55345,3.9,1.4,5.2,,,,,,,,,,,,,,,,,,,,,,,,,,,0,0,0,3,0,0,0,15,,,
13529300,N,N,N,N,N,N,N,11/1/2013,7:30 PM,0137285513Q,,101,208,N,Y,,,2,59,,1,12000,S,SOUTHWEST,FWY,N,N,60,N,N,,N,19,,,,,W,BELLFORT,ST,,,,,,,12,4,0,,2,1,20,8:02 PM,DROLLED UP TO IT,8:02 PM,11/4/2013,Y,TXHPD0000,2469,14,128,39,8,2,4,20,64,54,1,2,1,21,21,101,208,,,US,59,,,US0059,,,,,,,,,,,,,,,Y,Y,N,5,9,N,FRI,,,,,,,,,,,,,,,,,,,,,,,,,,,,,,,,,,,,,,,,,,,,,,,,,,,,,,,,0,0,0,3,0,0,0,,,,
13529629,N,Y,N,N,N,N,N,10/21/2013,10:40 AM,13-18527,,92,268,N,Y,,,2,80,,1,900,W,MARSHALL,AVE,N,N,35,N,N,,Y,19,,,1,100,,WESTDALE,ST,,,,,,,12,1,2,3,1,1,20,11:14 AM,DISPATCHED,11:19 AM,10/21/2013,Y,920500,1691,,,,8,2,1,34,64,54,1,2,1,21,21,92,268,32.50117554,-94.75747293,US,80,,116.125,US0080,,96,6,12.211,782,-0.103,,,,WESTDALE,,,,,Y,Y,N,5,7,Y,MON,2,0,16,16,0,2,4,100,84,48,4,2,2,2,16,5,2,16,5,0,0,3,14,21077,2014,21077,4,1.6,5.6,,,,,,,,,,,,,,,,,,,,,,,,,,,0,0,0,2,0,0,0,361,,,
13529779,N,N,N,N,N,N,N,10/16/2013,2:56 PM,13-022714,,116,180,N,Y,,,1,30,,2,6100,,IH 30 SOUTH FRONTAGE,RD,N,N,50,N,N,,N,1,30,,,6100,,IH 30 EXIT 93,,,,,,,,12,1,98,,1,2,20,2:57 PM,DISPATCHED,3:02 PM,10/16/2013,Y,TX1160300,1383,,,191,8,2,1,10,64,9,4,1,1,21,21,116,180,,,IH,30,,,IH0030,,,,,,,IH,30,,IH0030,,,,,Y,Y,N,5,6,N,WED,,,,,,,,,,,,,,,,,,,,,,,,,,,,,,,,,,,,,,,,,,,,,,,,,,,,,,,,0,0,0,4,0,0,0,,,,
13530009,N,N,N,N,N,N,N,10/19/2013,4:15 PM,13-294041,,71,136,N,Y,,,19,,,1,,,FIESTA,DR,N,N,0,N,N,LOCAL ROAD,Y,19,,,1,,,SUNLAND PARK DR NB,,,,,,LOCAL ROAD,,11,1,98,,7,1,9,8:23 AM,PHONE,8:23 AM,10/21/2013,N,TX0710200,1259,,,,8,2,2,22,64,10,1,5,1,21,21,71,136,31.82721484,-106.5298103,,,,,FIESTA DR,,,,,,,,,,UNKNOWN,,,,,Y,N,N,5,9,Y,SAT,,,,,,,,,,,,,,,,,,,,,,,,,,,,,,,,,,,,,,,,,,,,,,,,,,,,,,,,0,0,0,2,0,0,0,66,,,
13530171,N,N,N,N,N,N,N,10/12/2013,9:55 AM,1310922,,70,140,N,Y,,,1,45,,1,1100,S,IH 45,,N,N,65,N,N,,N,4,1181,,,1000,,CREECHVILLE,,,,,,,,12,1,0,2,1,1,11,10:01 AM,DISPATCHED,10:04 AM,10/12/2013,Y,TX0700100,1274,,,,8,10,4,1,1,54,1,1,3,21,21,70,140,32.32451999,-96.60874907,IH,45,,250.878,IH0045,,92,5,7.167,251,-0.091,,,,,,,,,Y,Y,N,3,5,Y,SAT,5,0,5,10,47,3,6,300,104,72,5,0,0,2,11,5,2,20,5,3,36,2,11,37654,2014,37654,4.4,23.9,28.3,,,,,,,,,,,,,,,,,,,,,,,,,,,0,0,1,0,0,1,0,282,,,
13530189,N,N,N,N,N,N,N,10/23/2013,8:18 PM,1300029816,,61,364,N,Y,,,2,377,,1,1200,N,FRONT,ST,N,N,50,N,N,STRAIGHT LEVEL,N,3,114,,7,100,W,114,HWY,,,,,,,11,4,2,1,1,1,5,8:20 PM,DISPATCHED,8:22 PM,10/24/2013,Y,TX0612900,2025,,73,177,8,2,2,22,64,38,1,2,1,21,21,61,364,33.01219424,-97.22133939,US,377,,70.462,US0377,,81,3,11.676,264,0.358,SH,114,,SH0114,,,,,Y,Y,N,5,4,Y,WED,2,0,8,8,0,3,2,114,40,24,4,0,0,2,8,5,2,8,5,0,0,4,14,16763,2014,16763,5.5,2.5,8,,,,,,,,,,,,,,,,,,,,,,,,,,,0,0,0,8,0,0,0,282,,,
13530370,N,N,N,N,N,N,N,11/3/2013,1:05 AM,2013-43062,,220,31,N,Y,,,19,,,1,800,S,SADDLEBROOK,DR,N,N,30,N,N,TWO WAY RESIDENTIAL STREET,N,19,,,,2200,N,STONEGATE,DR,,,,,TWO WAY RESIDENTIAL STREET,,11,3,0,,1,1,1,1:08 AM,BEDFORD DISPATCH,1:10 AM,11/3/2013,Y,TX2200300,105,,,35,8,4,4,1,31,3,1,5,1,21,21,220,31,32.843391,-97.15526444,,,,,SADDLEBROOK DR S,837,,,,,,,,,,,,,,Y,N,N,5,6,Y,SUN,,,,,,,,,,,,,,,,,,,,,,,,,,,,,,,,,,,,,,,,,,,,,,,,,,,,,,,,0,0,0,1,0,0,0,282,,,
13530608,N,N,N,N,N,N,N,10/15/2013,5:25 PM,1310-0880,30732,92,235,N,N,,,4,349,,1,4500,E,FM 349,,N,N,50,N,N,,Y,19,,,1,300,N,DANVILLE,RD,,,,,,,2,1,4,1,1,2,8,5:27 PM,DISPATCHED,5:36 PM,10/15/2013,Y,TX0920400,1585,,,78,8,7,2,1,20,54,1,3,2,21,21,92,235,32.40495313,-94.81562865,FM,349,,2.024,FM0349,4598,424,3,2.025,704,0.038,,,,DANVILLE RD,,,,,N,Y,N,5,5,Y,TUE,2,0,6,6,0,2,2,120,36,24,4,0,0,5,6,5,5,6,5,0,0,2,16,4466,2014,4466,1.8,0.7,2.4,,,,,,,,,,,,,,,,,,,,,,,,,,,0,0,0,1,0,0,0,,,,
13530730,N,N,N,N,N,N,N,11/1/2013,4:06 PM,1311-0016,2,246,72,N,Y,,,12,183,A,2,5600,,183A,,N,N,60,N,N,,Y,19,,,1,,,SCOTTSDALE,DR,,,,,,,11,1,4,,1,1,8,4:06 PM,DISPATCHED,4:11 PM,11/1/2013,Y,TX2460900,224,,,23,8,2,1,10,64,54,2,6,1,21,21,246,72,30.55072473,-97.81811243,,,,,TX 183A,6098,,,,,,,,,SCOTTSDALE DR,,,,,Y,N,N,2,7,Y,FRI,,,,,,,,,,,,,,,,,,,,,,,,,,,,,,,,,,,,,,,,,,,,,,,,,,,,,,,,0,1,0,3,0,1,0,90,,,
13530856,N,Y,N,N,N,N,N,10/31/2013,4:00 AM,,,166,1731,Y,Y,31.02692,-96.98837,2,77,,1,,,NOT REPORTED,,N,N,70,N,N,NORTH OF CAMERON,N,15,133,,,,,NOT REPORTED,,,,,,,,2,3,0,1,1,3,12,4:00 AM,DISPATCHED,5:49 AM,11/1/2013,Y,,10000,19,119,1,1,7,4,1,41,1,1,2,2,21,21,166,1731,31.02689574,-96.98830693,US,77,,175.085,US0077,,209,5,1.097,412,0.096,,,,,,,,,Y,Y,Y,5,0,Y,THU,2,0,9,9,0,2,2,135,44,26,4,0,0,2,9,5,2,9,5,0,0,1,6,3621,2014,3621,6.5,14.3,20.8,,,,,,,,,,,,,,,,,,,,,,,,,,,0,0,0,1,0,0,0,,,,
13530897,N,N,N,N,N,N,N,10/31/2013,7:55 AM,13-27720,,227,1792,Y,Y,30.46936,-97.67031,1,35,,1,16500,N,IH 35,HWY,N,N,70,N,N,,N,19,,,,2600,,PICADILLY,RD,,,,,,,2,2,0,2,1,2,11,7:55 AM,RADIO DISPATCH,8:03 AM,11/5/2013,Y,TX2270000,2292,,7,118,8,7,2,2,20,31,4,1,4,21,21,227,1792,30.46943956,-97.67050989,IH,35,,249.086,IH0035,,15,10,2.342,250,-0.427,,,,PICADILLY DR,,,,,Y,Y,Y,5,0,Y,THU,5,0,4,14,30,2,6,300,108,72,4,0,0,2,18,5,2,18,5,2,12,4,11,147801,2014,147801,3.3,9.4,12.7,,,,,,,,,,,,,,,,,,,,,,,,,,,0,0,0,1,0,0,0,90,,,
13531215,N,N,N,N,N,N,N,11/4/2013,3:55 PM,13-11720,110,61,259,N,N,,,19,,,7,100,,CIVIC,CIR,Y,N,-1,N,N,190 CIVIC CIRCLE,N,19,,,,100,,CIVIC,CIR,,,,,,,2,1,0,,7,2,1,11:19 AM,DISPATCHED,11:26 AM,11/5/2013,Y,TX0610600,1659,,,35,8,2,4,45,64,12,7,9,5,33,21,61,259,,,,,,,CIVIC CIR,,,,,,,,,,,,,,,N,N,N,5,7,N,MON,,,,,,,,,,,,,,,,,,,,,,,,,,,,,,,,,,,,,,,,,,,,,,,,,,,,,,,,0,0,0,2,0,0,0,,,,
13531267,N,Y,N,N,N,N,N,11/5/2013,6:41 AM,2013-130422,North Central AM,57,107,N,Y,,,19,,,1,2800,,BLACKBURN,ST,N,N,35,N,N,,Y,19,,,2,3000,,LEMMON,AVE,,,,,,,12,1,4,,1,2,5,6:41 AM,DISPATCH,7:00 AM,11/5/2013,Y,TX0575300,1179,,,29,8,2,2,27,64,8,1,5,1,21,21,57,107,,,,,,,BLACKBURN ST,,,,,,,,,,LEMMON AVE,,,,,Y,N,N,5,9,N,TUE,,,,,,,,,,,,,,,,,,,,,,,,,,,,,,,,,,,,,,,,,,,,,,,,,,,,,,,,0,0,0,3,0,0,0,,,,
13531305,N,N,N,N,N,N,N,11/5/2013,1:26 PM,133083PD,163,79,409,N,Y,,,2,59,,1,12100,SW,NOT REPORTED,FWY,N,N,65,N,N,,N,19,,,,11300,W,AIRPORT,BLVD,,,,,,,11,1,0,,1,1,20,1:31 PM,VIA POLICE RADIO,1:38 PM,11/5/2013,Y,TX0790400,2173,,,35,8,7,4,1,58,3,1,2,2,21,21,79,409,29.64524695,-95.5755251,,,,,SOUTHWEST FWY,,,,,,,,,,,,,,,Y,N,N,2,5,Y,TUE,,,,,,,,,,,,,,,,,,,,,,,,,,,,,,,,,,,,,,,,,,,,,,,,,,,,,,,,0,1,0,0,0,1,0,15,,,
13531312,N,N,N,N,N,N,N,10/12/2013,11:35 AM,,,69,1634,Y,Y,30.02339,-100.03339,5,335,,1,,,NOT REPORTED,,N,N,55,N,N,,N,,,,,,,NOT REPORTED,,0.5,M,S,460,,,12,1,0,1,6,1,1,12:38 PM,COMMUNICATIONS,1:34 PM,10/13/2013,Y,,10000,3,137,1,8,7,4,1,32,54,1,3,2,21,21,69,1634,30.00334962,-100.0489288,RM,335,,6.598,RM0335,,830,1,6.616,460,0.5,,,,NOT REPORTED,,,,,Y,Y,Y,1,0,Y,SAT,2,0,0,0,0,2,2,100,20,20,2,0,0,1,0,0,1,0,0,0,0,1,8,36,2014,36,2.2,4.3,6.5,,,,,,,,,,,,,,,,,,,,,,,,,,,1,0,0,1,0,1,0,,,,
13531526,N,N,N,N,Y,N,N,10/25/2013,8:53 PM,273775A,,57,107,N,Y,,,19,,,1,6200,,BONNIE VIEW,RD,N,N,40,N,N,PUBLIC STREET,N,19,,,,3400,,SIMPSON STUART,ST,,,,,PUBLIC STREET,,11,4,2,,1,1,1,8:56 PM,DISPATCHED,9:06 PM,10/25/2013,N,TX0000006,2471,,,113,8,7,4,1,21,3,1,5,2,21,21,57,107,32.6728497,-96.76301675,,,,,BONNIE VIEW RD,,,,,,,,,,,,,,,Y,N,N,3,9,Y,FRI,,,,,,,,,,,,,,,,,,,,,,,,,,,,,,,,,,,,,,,,,,,,,,,,,,,,,,,,0,0,1,0,0,1,0,282,,,
13531707,N,N,N,N,N,N,N,11/4/2013,6:15 PM,13110721,,170,92,N,Y,,,3,105,,1,,W,DAVIS,ST,N,N,35,N,N,,Y,19,,,1,,W,DALLAS,ST,,,,,,,2,4,0,3,1,2,5,6:21 PM,DISPATCHED,6:25 PM,11/4/2013,Y,TX1700100,325,,,122,8,2,1,34,64,54,1,2,1,21,21,170,92,30.31416139,-95.46982014,SH,105,,66.69,SH0105,,338,3,22.111,690,0.393,,,,W DALLAS ST,,,,,Y,Y,N,3,7,Y,MON,2,0,8,8,0,2,4,120,64,48,4,0,0,2,8,5,2,8,5,0,0,4,14,21732,2014,21732,5.8,8.1,13.9,,,,,,,,,,,,,,,,,,,,,,,,,,,0,0,2,0,0,2,0,15,,,
13531722,N,N,N,N,N,N,N,11/4/2013,7:35 AM,2013-91842,,108,283,N,Y,,,4,1016,,1,1000,W,MILITARY,HWY,N,N,55,N,N,,N,4,336,,,6200,S,10TH,ST,,,,,,,11,1,2,3,1,1,5,8:06 AM,DISPATCHED,8:16 AM,11/4/2013,Y,TX1080800,1753,,,35,8,2,2,22,64,38,1,3,1,21,21,108,1673,26.15144645,-98.23889454,FM,1016,,8.483,FM1016,,219,2,19.755,732,0.659,SH,336,,SH0336,,,,,Y,Y,Y,2,0,Y,MON,2,0,8,8,0,2,4,120,76,60,4,0,0,2,8,5,2,8,5,0,0,4,14,12434,2014,12434,1.7,0.7,2.4,,,,,,,,,,,,,,,,,,,,,,,,,,,0,1,0,1,0,1,0,230,,,
13531907,N,N,N,N,N,N,N,10/22/2013,5:42 PM,13-A0154,,20,81,N,Y,,,3,288B,,1,800,N,SH 288B,,N,N,45,N,N,BITUMINOUS CONCRETE,N,19,,,1,1100,,PECAN ST,,,,,,BITUMINOUS CONCRETE,,11,1,0,3,1,1,5,5:42 PM,RADIO,5:51 PM,10/23/2013,Y,TX0200300,289,,,27,8,2,4,20,64,3,1,2,1,21,21,20,81,29.0334076,-95.39833898,BS,288,B,17.714,BS0288B,901,111,8,4.709,522,-0.412,,,,,,,,,Y,Y,N,3,5,Y,TUE,2,0,0,12,0,9,4,200,78,48,6,0,0,1,0,0,2,12,5,0,0,3,14,14413,2014,14413,3.7,5.7,9.4,,,,,,,,,,,,,,,,,,,,,,,,,,,0,0,1,2,0,1,0,15,,,
13531910,N,N,N,N,N,N,N,10/25/2013,12:07 PM,13-101601,,243,459,N,Y,33.8654,-98.56887,19,,,1,4600,,RAIDER,DR,N,N,30,N,N,,N,19,,,1,4800,,JOHNSON,RD,,,,,,,11,1,2,,4,1,2,12:07 PM,DISPATCH,12:10 PM,10/25/2013,Y,TX2430500,2426,,,,8,2,3,14,64,14,1,5,1,32,21,243,459,33.86534709,-98.56885877,,,,,RAIDER DR,4605,,,,,,,,,,,,,,Y,N,N,5,8,Y,FRI,,,,,,,,,,,,,,,,,,,,,,,,,,,,,,,,,,,,,,,,,,,,,,,,,,,,,,,,0,0,0,2,0,0,0,151,,,
13531995,N,N,N,N,N,N,N,10/29/2013,9:42 AM,13-003831,,79,296,N,Y,,,3,6,,1,6300,,SH 6,,N,N,50,N,N,CONCRETE,N,19,,,1,3700,,GLENN LAKES,LN,,,,,CONCRETE,,11,1,4,2,1,1,11,9:51 AM,DISPATCH,9:54 AM,10/29/2013,Y,TX0790100,1792,,154,215,8,2,4,22,64,38,1,2,1,21,21,79,296,29.56418163,-95.56316201,SH,6,,509.267,SH0006,6259,192,1,6.332,692,-0.467,,,,,,,,,Y,Y,N,3,7,Y,TUE,3,0,0,10,20,3,6,225,92,72,5,0,0,1,0,0,2,20,5,3,20,4,14,49077,2014,49077,3.9,1.4,5.2,,,,,,,,,,,,,,,,,,,,,,,,,,,0,0,1,2,0,1,0,15,,,