Crash_ID,Crash_Fatal_Fl,Cmv_Involv_Fl,Schl_Bus_Fl,Rr_Relat_Fl,Medical_Advisory_Fl,Amend_Supp_Fl,Active_School_Zone_Fl,Crash_Date,Crash_Time,Case_ID,Local_Use,Rpt_CRIS_Cnty_ID,Rpt_City_ID,Rpt_Outside_City_Limit_Fl,Thousand_Damage_Fl,Rpt_Latitude,Rpt_Longitude,Rpt_Rdwy_Sys_ID,Rpt_Hwy_Num,Rpt_Hwy_Sfx,Rpt_Road_Part_ID,Rpt_Block_Num,Rpt_Street_Pfx,Rpt_Street_Name,Rpt_Street_Sfx,Private_Dr_Fl,Toll_Road_Fl,Crash_Speed_Limit,Road_Constr_Zone_Fl,Road_Constr_Zone_Wrkr_Fl,Rpt_Street_Desc,At_Intrsct_Fl,Rpt_Sec_Rdwy_Sys_ID,Rpt_Sec_Hwy_Num,Rpt_Sec_Hwy_Sfx,Rpt_Sec_Road_Part_ID,Rpt_Sec_Block_Num,Rpt_Sec_Street_Pfx,Rpt_Sec_Street_Name,Rpt_Sec_Street_Sfx,Rpt_Ref_Mark_Offset_Amt,Rpt_Ref_Mark_Dist_Uom,Rpt_Ref_Mark_Dir,Rpt_Ref_Mark_Nbr,Rpt_Sec_Street_Desc,Rpt_CrossingNumber,Wthr_Cond_ID,Light_Cond_ID,Entr_Road_ID,Road_Type_ID,Road_Algn_ID,Surf_Cond_ID,Traffic_Cntl_ID,Investigat_Notify_Time,Investigat_Notify_Meth,Investigat_Arrv_Time,Report_Date,Investigat_Comp_Fl,ORI_Number,Investigat_Agency_ID,Investigat_Area_ID,Investigat_District_ID,Investigat_Region_ID,Bridge_Detail_ID,Harm_Evnt_ID,Intrsct_Relat_ID,FHE_Collsn_ID,Obj_Struck_ID,Othr_Factr_ID,Road_Part_Adj_ID,Road_Cls_ID,Road_Relat_ID,Phys_Featr_1_ID,Phys_Featr_2_ID,Cnty_ID,City_ID,Latitude,Longitude,Hwy_Sys,Hwy_Nbr,Hwy_Sfx,Dfo,Street_Name,Street_Nbr,Control,Section,Milepoint,Ref_Mark_Nbr,Ref_Mark_Displ,Hwy_Sys_2,Hwy_Nbr_2,Hwy_Sfx_2,Street_Name_2,Street_Nbr_2,Control_2,Section_2,Milepoint_2,Txdot_Rptable_Fl,Onsys_Fl,Rural_Fl,Crash_Sev_ID,Pop_Group_ID,Located_Fl,Day_of_Week,Hwy_Dsgn_Lane_ID,Hwy_Dsgn_Hrt_ID,Hp_Shldr_Left,Hp_Shldr_Right,Hp_Median_Width,Base_Type_ID,Nbr_Of_Lane,Row_Width_Usual,Roadbed_Width,Surf_Width,Surf_Type_ID,Curb_Type_Left_ID,Curb_Type_Right_ID,Shldr_Type_Left_ID,Shldr_Width_Left,Shldr_Use_Left_ID,Shldr_Type_Right_ID,Shldr_Width_Right,Shldr_Use_Right_ID,Median_Type_ID,Median_Width,Rural_Urban_Type_ID,Func_Sys_ID,Adt_Curnt_Amt,Adt_Curnt_Year,Adt_Adj_Curnt_Amt,Pct_Single_Trk_Adt,Pct_Combo_Trk_Adt,Trk_Aadt_Pct,Curve_Type_ID,Curve_Lngth,Cd_Degr,Delta_Left_Right_ID,Dd_Degr,Feature_Crossed,Structure_Number,I_R_Min_Vert_Clear,Approach_Width,Bridge_Median_ID,Bridge_Loading_Type_ID,Bridge_Loading_In_1000_Lbs,Bridge_Srvc_Type_On_ID,Bridge_Srvc_Type_Under_ID,Culvert_Type_ID,Roadway_Width,Deck_Width,Bridge_Dir_Of_Traffic_ID,Bridge_Rte_Struct_Func_ID,Bridge_IR_Struct_Func_ID,CrossingNumber,RRCo,Poscrossing_ID,WDCode_ID,Standstop,Yield,Incap_Injry_Cnt,Nonincap_Injry_Cnt,Poss_Injry_Cnt,Non_Injry_Cnt,Unkn_Injry_Cnt,Tot_Injry_Cnt,Death_Cnt,MPO_ID,Investigat_Service_ID,Investigat_DA_ID,Investigator_Narrative
13532075,N,N,N,N,N,N,N,10/28/2013,7:48 AM,C1307656,,178,97,N,Y,,,2,181,,1,4900,,NOT REPORTED,,N,N,65,N,N,ONE WAY,N,19,,,1,700,,KINGS POINT HARBOR,DR,,,,,TWO WAY,,11,1,0,,1,1,11,7:48 AM,DISPATCHED,8:00 AM,10/28/2013,Y,TX1780200,1115,,,25,8,2,4,21,64,3,1,2,1,21,21,178,97,,,US,181,,,US0181,,,,,,,,,,,,,,,Y,Y,N,2,9,N,MON,,,,,,,,,,,,,,,,,,,,,,,,,,,,,,,,,,,,,,,,,,,,,,,,,,,,,,,,0,1,0,1,0,1,0,,,,
13532233,N,N,N,N,N,N,N,10/16/2013,6:28 PM,13-0005505,,91,397,N,Y,,,2,75,,1,1000,N,US HIGHWAY 75,,N,N,60,N,N,,N,19,,,1,1000,N,TRAVIS,ST,,,,,,,12,1,0,2,2,1,20,6:42 PM,DISPATCHED,6:45 PM,10/16/2013,Y,TX0910400,2124,,,33,8,7,4,1,39,25,1,2,4,21,21,91,397,33.64609561,-96.61305301,US,75,,12.755,US0075,,47,2,23.843,206,-0.163,,,,,,,,,Y,Y,N,2,6,Y,WED,5,0,10,10,45,9,6,300,112,72,6,0,0,2,20,5,2,20,5,,25,3,12,50633,2014,50633,9.9,12.1,22,,,,,,,,,,,,,,,,,,,,,,,,,,,0,1,0,0,0,1,0,232,,,
13532457,N,N,N,N,N,N,N,11/5/2013,6:21 PM,13110708,,31,53,N,N,,,19,,,1,500,W,MADISON,ST,N,N,30,N,N,TWO WAY,Y,19,,,1,900,W,6TH,ST,,,,,TWO WAY,,11,4,2,,2,1,8,6:21 PM,DISPATCH,6:23 PM,11/5/2013,Y,TX0310100,172,,211,35,8,2,1,18,64,54,1,5,1,21,21,31,53,25.91581567,-97.50836268,,,,,W MADISON ST,598,,,,,,,,,W 6TH ST,,,,,N,N,N,5,8,Y,TUE,,,,,,,,,,,,,,,,,,,,,,,,,,,,,,,,,,,,,,,,,,,,,,,,,,,,,,,,0,0,0,3,0,0,0,248,,,
13532495,N,N,N,N,N,N,N,10/26/2013,5:59 AM,,,145,1710,Y,Y,31.30547,-96.00134,1,45,,1,,,NOT REPORTED,,N,N,75,N,N,,N,,,,,,,NOT REPORTED,,0.25,M,S,168,,,11,3,0,2,1,1,20,5:59 AM,LCSO,7:15 AM,10/26/2013,Y,,10000,1,15,1,8,6,4,1,64,54,1,1,1,21,21,145,1710,31.31139574,-96.00272745,IH,45,,167.822,IH0045,,675,3,15.457,168,-0.25,,,,NOT REPORTED,,,,,Y,Y,Y,5,0,Y,SAT,5,0,5,10,58,2,4,345,78,48,6,0,0,2,10,5,2,20,5,,48,1,1,29439,2014,29439,3.9,36.5,40.4,,,,,,,,,,,,,,,,,,,,,,,,,,,0,0,0,2,0,0,0,,,,
13532502,N,N,N,N,N,N,N,10/29/2013,1:53 PM,13-55725,,108,132,N,Y,,,4,676,,1,2800,W,TRENTON,RD,N,N,40,N,N,,N,4,2061,,,4200,S,MCCOLL,RD,,,,,,,11,1,0,,2,1,20,1:53 PM,RADIO DISPATCHED,2:03 PM,10/29/2013,Y,TX1080400,1248,,,35,8,2,3,14,64,14,1,3,1,32,21,108,132,,,FM,676,,,FM0676,,,,,,,,,,,,,,,Y,Y,N,5,7,N,TUE,,,,,,,,,,,,,,,,,,,,,,,,,,,,,,,,,,,,,,,,,,,,,,,,,,,,,,,,0,0,0,3,0,0,0,,,,
13532762,N,N,N,N,N,N,N,11/6/2013,8:15 AM,SAPD13244654,6130,15,379,N,Y,,,19,,,1,1400,W,HARLAN,,N,N,30,N,N,,N,19,,,,800,,PACKARD,,,,,,,,12,1,98,,1,1,1,8:16 AM,DISPATCHED,8:26 AM,11/6/2013,Y,TXSPD0000,2473,,11,175,8,2,3,45,64,14,1,5,1,32,21,15,379,29.3718127,-98.53112977,,,,,W HARLAN AVE,1411,,,,,,,,,,,,,,Y,N,N,5,9,Y,WED,,,,,,,,,,,,,,,,,,,,,,,,,,,,,,,,,,,,,,,,,,,,,,,,,,,,,,,,0,0,0,2,0,0,0,28,,,
13532774,N,N,N,N,N,Y,N,11/1/2013,12:24 PM,,,181,1746,Y,Y,30.15653,-94.0029,4,1132,,1,,,NOT REPORTED,,N,N,55,N,N,,Y,15,,,1,,,TRAM,RD,,,,,,,11,1,0,1,1,1,8,12:26 PM,LUFKIN DPS,12:41 PM,6/3/2014,Y,,10000,7,58,1,8,2,1,10,64,54,1,3,1,21,21,181,1746,30.15655878,-94.00289017,FM,1132,,0.978,FM1132,938,784,5,1.001,760,0.918,SH,12,,SH0012,,,,,Y,Y,Y,2,0,Y,FRI,2,0,8,8,0,2,2,80,40,24,4,0,0,2,8,5,2,8,5,0,0,3,16,3286,2014,3286,2.8,1.6,4.4,1,99,1,1,5,,,,,,,,,,,,,,,,,,,,,,0,1,0,1,0,1,0,135,,,
13533033,N,N,N,N,N,N,N,11/5/2013,5:22 PM,2013-4692,,50,95,N,Y,,,19,,,1,100,E,D,AVE,N,N,30,N,N,,N,19,,,,100,S,MAIN,ST,,,,,,,12,1,0,1,1,1,5,5:22 PM,DISPATCHED,5:28 PM,11/5/2013,Y,TX0500100,1112,,,35,8,2,2,22,64,42,1,3,1,21,21,50,95,31.12429341,-97.90350562,FM,1113,,9.642,FM1113,192,724,5,0.005,384,-0.097,FM,116,,FM0116,,,,,Y,Y,N,5,6,Y,TUE,2,0,10,13,0,2,2,55,43,20,2,0,0,2,10,5,2,13,5,0,0,4,16,12345,2014,12345,2.1,4.9,7,,,,,,,,,,,,,,,,,,,,,,,,,,,0,0,0,2,0,0,0,277,,,
13533096,N,N,N,N,N,N,N,11/1/2013,8:15 PM,,,28,1593,Y,Y,29.84248999,-97.53451,4,86,,1,,,NOT REPORTED,,N,N,65,N,N,,N,15,160,,,,,OLD COLONY LINE,RD,,,,,,,11,3,0,1,1,1,12,8:20 PM,CALDWELL COUNTY SO,8:32 PM,11/5/2013,Y,,10000,19,22,1,8,6,4,1,64,54,1,3,1,21,21,28,1593,29.84220611,-97.53477487,FM,86,,8.354,FM0086,12343,571,2,6.573,470,0.469,,,,,,,,,Y,Y,Y,5,0,Y,FRI,2,0,0,1,0,2,2,100,23,22,4,0,0,1,0,0,2,1,5,0,0,1,7,984,2014,984,2.6,8.7,11.3,,,,,,,,,,,,,,,,,,,,,,,,,,,0,0,0,1,0,0,0,90,,,
13533204,N,N,N,N,N,N,N,11/6/2013,3:42 PM,284126A,,57,107,N,Y,,,14,348,,1,2100,W,NORTHWEST,HWY,N,N,45,N,N,,N,19,,,,10300,,BICKHAM,RD,,,,,,,11,1,0,2,1,1,20,3:54 PM,DISPATCHED,4:00 PM,11/6/2013,Y,TX0000006,2471,,,87,8,2,3,10,64,14,1,2,1,32,21,57,107,32.86628671,-96.90532518,SS,348,,2.997,SS0348,2109,353,4,18.47,580,0.986,,,,,,,,,Y,Y,N,3,9,Y,WED,3,0,0,0,14,3,6,300,66,66,5,1,1,1,0,0,1,0,0,1,14,4,14,32430,2014,32430,3.2,3.5,6.7,1,909,0,2,0,,,,,,,,,,,,,,,,,,,,,,0,0,1,1,0,1,0,282,,,
13533252,N,N,N,N,N,N,N,10/30/2013,6:13 PM,13-45008,,108,331,N,Y,,,1,2,,4,100,E,INTERSTATE 2,,N,N,45,N,N,100 BLK OF EAST INTERSTATE 2,N,,,,,,,NOT REPORTED,,1,M,W,868,,,11,1,0,2,1,1,20,6:13 PM,DISPATCH,6:18 PM,11/1/2013,Y,TX1081100,1926,,,35,8,2,2,21,64,9,4,1,1,21,21,108,331,26.20607035,-98.17685432,IH,2,,16.146,IH0002,,39,17,27.791,868,-1,,,,NOT REPORTED,,,,,Y,Y,N,5,7,Y,WED,5,0,8,10,20,2,6,300,108,72,4,0,0,2,18,5,2,18,5,2,2,4,11,111115,2014,111115,3.4,2.4,5.9,,,,,,,,,,,,,,,,,,,,,,,,,,,0,0,0,2,0,0,0,230,,,
13533348,N,N,N,N,N,N,N,11/6/2013,11:46 AM,SAPD13244816,6170,15,379,N,Y,,,1,35,,1,8100,S,35,HWY,N,N,65,N,N,,N,3,16,,,8400,,16,HWY,,,,,,,2,1,0,,6,2,20,11:54 AM,DISPATCHED,11:59 AM,11/6/2013,Y,TXSPD0000,2473,,11,175,8,7,4,1,39,1,1,1,4,21,21,15,379,,,IH,35,,,IH0035,,,,,,,,,,,,,,,Y,Y,N,3,9,N,WED,,,,,,,,,,,,,,,,,,,,,,,,,,,,,,,,,,,,,,,,,,,,,,,,,,,,,,,,0,0,2,0,0,2,0,,,,
13533815,N,N,N,N,N,N,N,10/26/2013,12:10 PM,A13001890,,14,424,N,Y,,,3,53,,1,1700,W,ADAMS,AVE,N,N,30,N,N,ASPHALT,Y,1,35,,2,0,N,GENERAL BRUCE,DR,,,,,ASPHALT,,12,1,4,2,2,1,5,12:12 PM,RADIO,12:17 PM,10/26/2013,Y,140700,2221,,,,8,2,1,10,64,54,2,1,1,21,21,14,424,31.10237503,-97.35944366,IH,35,,300.059,IH0035,,15,14,22.789,301,-0.411,SH,53,,SH0053,,184,3,4.991,Y,Y,N,2,7,Y,SAT,5,0,6,10,38,2,4,355,80,48,4,0,0,2,12,5,2,20,5,3,26,3,11,62518,2014,62518,3.7,16.1,19.8,,,,,,,,,,,,,,,,,,,,,,,,,,,0,1,1,1,0,2,0,277,,,
13533891,N,N,N,N,N,N,N,11/4/2013,10:51 AM,2013-91877,,108,283,N,Y,,,4,336,,1,1400,N,10TH,ST,N,N,35,N,N,,Y,19,,,1,1000,W,ORANGE,AVE,,,,,,,11,1,4,,1,1,20,10:51 AM,DISPATCH,11:01 AM,11/7/2013,Y,TX1080800,1753,,,35,8,2,1,34,64,54,1,2,1,21,21,108,283,,,,,,,FM0336,,,,,,,,,,W ORANGE AVE,,,,,Y,Y,N,2,8,N,MON,,,,,,,,,,,,,,,,,,,,,,,,,,,,,,,,,,,,,,,,,,,,,,,,,,,,,,,,0,1,0,2,0,1,0,,,,
13533930,N,N,N,N,N,N,N,11/6/2013,3:58 PM,2013-22495,,239,48,N,Y,,,19,,,1,901,N,PARK,ST,N,N,-1,N,N,TWO WAY/BLACKTOP,N,19,,,,,,BLUE BELL,RD,,,,,,,11,1,2,1,3,1,3,4:09 PM,DISPATCH,4:24 PM,11/6/2013,Y,TX2390100,156,,,35,8,2,3,22,64,47,1,2,1,32,21,239,48,30.17710052,-96.40046028,BS,36,J,1.322,BS0036J,1151,186,5,21.566,444,-0.678,,,,,,,,,Y,Y,N,2,5,Y,WED,2,0,5,5,0,9,2,60,34,24,6,1,1,2,5,5,2,5,5,0,0,2,16,9937,2014,9937,10.3,14.7,25,,,,,,,,,,,,,,,,,,,,,,,,,,,0,4,0,1,0,4,0,,,,
13533976,N,Y,N,N,N,N,N,10/24/2013,7:30 AM,0133282113W,,101,208,N,Y,,,19,,,1,1700,,BRITTMOORE,RD,N,N,40,N,N,2WY UNPROTECTED MEDIAN,N,19,,,,10000,,METRONOME,DR,,,,,,,11,1,0,,1,1,1,8:22 AM,HPD  DISPATCH,8:24 AM,10/24/2013,Y,TXHPD0000,2469,18,106,44,8,2,4,20,64,3,1,5,1,21,21,101,208,29.79184553,-95.5698265,,,,,BRITTMOORE RD,1210,,,,,,,,,,,,,,Y,N,N,5,9,Y,THU,,,,,,,,,,,,,,,,,,,,,,,,,,,,,,,,,,,,,,,,,,,,,,,,,,,,,,,,0,0,0,2,0,0,0,15,,,
13534094,N,N,N,N,N,N,N,11/2/2013,5:06 AM,280407A,280409A,57,107,N,Y,,,19,,,7,2400,,WALNUT RIDGE,ST,N,N,-1,N,N,,N,19,,,,10800,,ABLES,LN,,,,,,,11,4,0,,1,1,1,6:03 AM,DISPATCHED,6:13 AM,11/4/2013,N,TX0000006,2471,,,87,8,7,2,5,36,54,1,5,2,21,21,57,107,32.88100967,-96.89144962,,,,,WALNUT HILL LN,2571,,,,,,,,,ABLES LN,,,,,Y,N,N,0,9,Y,SAT,,,,,,,,,,,,,,,,,,,,,,,,,,,,,,,,,,,,,,,,,,,,,,,,,,,,,,,,0,0,0,0,1,0,0,282,,,
13534273,N,N,N,N,N,N,N,10/29/2013,3:54 PM,133021246,,227,22,N,N,,,4,620,A,1,6906,,NOT REPORTED,RD,N,N,50,N,N,N,N,4,620,A,,,,NOT REPORTED,,,,,,,,11,1,4,,1,1,20,3:53 PM,DISPATCH,4:30 PM,10/29/2013,Y,TX2270100,74,,46,64,8,2,3,14,64,14,1,3,1,32,21,227,22,,,,,,,FM0620A,,,,,,,,,,,,,,,Y,Y,N,3,9,N,TUE,,,,,,,,,,,,,,,,,,,,,,,,,,,,,,,,,,,,,,,,,,,,,,,,,,,,,,,,0,0,1,1,0,1,0,,,,
13534308,N,N,N,N,N,N,N,11/1/2013,2:55 AM,,,21,1586,Y,Y,30.94937,-96.28777,3,OSR,,1,,,NOT REPORTED,,N,N,60,N,N,,N,15,,,,,,EDGE SCHOOL HOUSE,RD,,,,,,,11,3,0,1,1,1,12,3:05 AM,DPS BRYAN DISPATCH,3:42 AM,11/3/2013,Y,,10000,17,15,1,8,7,4,1,62,29,1,2,2,21,21,21,1586,30.94284758,-96.30098118,SH,0OSR,,24.807,SH0OSR,16359,475,2,16.6,628,0.478,,,,,,,,,Y,Y,Y,1,0,Y,FRI,2,0,1,1,0,2,2,100,24,22,2,0,0,2,1,5,2,1,5,0,0,1,7,989,2014,989,18.3,16.7,35,,,,,,,,,,,,,,,,,,,,,,,,,,,1,1,0,0,0,2,0,249,,,
13534484,N,N,N,N,N,N,N,11/4/2013,5:06 PM,13110556,,31,53,N,Y,,,17,,,7,3325,,BOCA CHICA,BLVD,Y,N,5,N,N,,N,3,48,,,4500,,PADRE ISLAND,HWY,,,,,,,11,1,0,,1,1,1,5:07 PM,DISPATCHED,5:19 PM,11/5/2013,Y,Tx0310100,172,,125,17,8,2,4,40,64,11,7,9,5,33,21,31,53,,,,,,,BOCA CHICA BLVD,,,,,,,,,,,,,,,N,N,N,5,8,N,MON,,,,,,,,,,,,,,,,,,,,,,,,,,,,,,,,,,,,,,,,,,,,,,,,,,,,,,,,0,0,0,3,0,0,0,,,,
13534542,N,N,N,N,N,N,N,11/6/2013,1:57 PM,130060809,310,220,19,N,Y,,,19,,,1,4300,,LITTLE,RD,N,N,40,N,N,,N,19,,,,4300,W,GREEN OAKS,BLVD,,,,,,,11,1,0,,2,1,1,1:58 PM,DISPATCHED,2:12 PM,11/6/2013,Y,TX2200100,59,,,303,8,2,4,21,64,9,1,5,1,21,21,220,19,32.67960524,-97.19683106,,,,,LITTLE RD,4305,,,,,,,,,,,,,,Y,N,N,5,9,Y,WED,,,,,,,,,,,,,,,,,,,,,,,,,,,,,,,,,,,,,,,,,,,,,,,,,,,,,,,,0,0,0,3,0,0,0,282,,,
13534621,N,N,N,N,N,N,N,10/25/2013,4:22 PM,132981253,,227,22,N,Y,,,19,,,1,1100,,WOODLAND,AVE,N,N,30,N,N,,N,19,,,,1600,,KENWOOD AVE,AVE,,,,,,,11,1,98,,1,1,17,4:32 PM,DISPATCH,4:44 PM,10/25/2013,Y,TX2270100,74,1043,93,112,8,4,4,1,64,3,1,5,1,21,21,227,22,30.2432716,-97.74148893,,,,,WOODLAND AVE,1008,,,,,,,,,,,,,,Y,N,N,5,9,Y,FRI,,,,,,,,,,,,,,,,,,,,,,,,,,,,,,,,,,,,,,,,,,,,,,,,,,,,,,,,0,0,0,1,0,0,0,90,,,
13534675,N,N,N,N,Y,N,N,10/27/2013,8:04 AM,,,61,1626,Y,Y,33.05323,-97.39159,19,,,1,,,SOUTH COUNTY LINE,RD,N,N,45,N,N,,N,2,114,,,,,NOT REPORTED,,,,,,,,12,1,0,,1,2,1,8:53 AM,DENTON CO. DISPATCH,9:21 AM,10/28/2013,Y,,10000,16,118,1,8,7,4,1,33,3,1,4,2,21,21,61,1626,33.04336838,-97.39168855,,,,,S COUNTY LINE RD,13077,,,,,,,,,,,,,,Y,N,Y,5,0,Y,SUN,,,,,,,,,,,,,,,,,,,,,,,,,,,,,,,,,,,,,,,,,,,,,,,,,,,,,,,,0,0,0,1,0,0,0,282,,,
13534747,N,N,N,N,N,N,N,11/7/2013,12:14 PM,13-145,,230,171,N,Y,,,2,271,,1,500,N,WOOD,ST,N,N,40,N,N,,N,19,,,,100,E,SCOTT,ST,,,,,,,11,1,0,3,2,1,1,12:14 PM,OTIS MCHENRY,2:17 PM,11/7/2013,Y,TX2300200,1354,,,35,8,2,3,34,64,13,1,2,1,32,21,230,171,32.73299944,-94.94260024,US,271,,94.868,US0271,532,248,4,12.813,286,-0.193,,,,,,,,,Y,Y,N,5,4,Y,THU,2,0,6,6,0,2,4,120,60,48,4,0,0,2,6,5,2,6,5,0,0,1,2,16851,2014,16851,3.9,12,15.9,1,78,0,2,2,,,,,,,,,,,,,,,,,,,,,,0,0,0,2,0,0,0,,,,
13535541,N,N,N,N,N,N,N,11/4/2013,5:00 PM,,13-173,205,216,N,Y,,,19,,,1,2400,,RIEWIT,RD,N,N,30,N,N,,N,4,1069,,,,S,MAIN,,,,,,,,11,1,2,,1,1,5,4:46 PM,DISPATCHED,4:53 PM,11/4/2013,Y,TX2050100,1511,,,,8,2,2,22,64,3,1,5,1,21,21,205,216,,,,,,,RIEWIT RD,,,,,,,FM,1069,,FM1069,,,,,Y,N,N,5,4,N,MON,,,,,,,,,,,,,,,,,,,,,,,,,,,,,,,,,,,,,,,,,,,,,,,,,,,,,,,,0,0,0,2,0,0,0,,,,
13535654,N,Y,N,N,N,N,N,10/26/2013,12:16 PM,2013007346,,7,337,N,Y,,,19,,,1,900,,WINSHIP,ST,N,N,30,N,N,,N,3,97,,1,1400,W,OAKLAWN,,,,,,,,11,1,0,,1,1,1,12:15 PM,DISPATCHED,12:18 PM,10/26/2013,Y,TX0070200,1941,,,33,8,2,4,21,64,11,1,5,1,21,21,7,337,28.95677507,-98.50151233,,,,,WINSHIP RD,900,,,,,,,,,,,,,,Y,N,N,5,4,Y,SAT,,,,,,,,,,,,,,,,,,,,,,,,,,,,,,,,,,,,,,,,,,,,,,,,,,,,,,,,0,0,0,2,0,0,0,,,,
13535905,N,N,N,N,N,N,N,11/2/2013,2:32 PM,1340049,,152,270,N,Y,,,2,84,,1,300,,84,HWY,N,N,35,N,N,AVE Q,Y,19,,,,1700,,3RD,ST,,,,,,,11,1,4,3,1,1,8,2:36 PM,POLICE RADIO,2:40 PM,11/2/2013,Y,TX1520200,1706,,,,8,2,1,10,64,54,1,2,1,21,21,152,270,33.59424367,-101.8552275,US,84,,67.658,US0084,,52,7,17.373,318,-0.773,,,,3RD ST,,,,,Y,Y,N,3,8,Y,SAT,2,0,0,0,0,2,4,90,63,60,4,1,1,1,0,0,1,0,0,0,0,4,14,8770,2014,8770,2.2,5.8,8,,,,,,,,,,,,,,,,,,,,,,,,,,,0,0,1,4,0,1,0,122,,,
13535915,N,N,N,N,N,N,N,11/2/2013,12:00 AM,13-39994,,152,270,N,Y,,,19,,,1,4800,,52ND,ST,N,N,30,N,N,,N,19,,,1,5100,,WAYNE,AVE,,,,,,,11,4,0,,1,1,1,12:01 AM,POLICE RADIO,12:03 AM,11/2/2013,Y,TX1520200,1706,,,,8,4,4,1,64,54,1,5,1,21,21,152,270,33.54692434,-101.9175379,,,,,52ND ST,4888,,,,,,,,,,,,,,Y,N,N,5,8,Y,SAT,,,,,,,,,,,,,,,,,,,,,,,,,,,,,,,,,,,,,,,,,,,,,,,,,,,,,,,,0,0,0,1,0,0,0,122,,,
13535939,N,N,N,N,N,N,N,10/29/2013,3:52 PM,13-39444,,152,270,N,Y,,,19,,,1,7100,,QUAKER,AVE,N,N,45,N,N,,Y,19,,,1,4300,,72ND,ST,,,,,,,11,1,2,,1,1,8,3:52 PM,POLICE RADIO,4:02 PM,10/29/2013,Y,TX1520200,1706,,,,8,2,1,10,64,54,1,5,1,21,21,152,270,33.52905434,-101.9067113,,,,,QUAKER AVE,7100,,,,,,,,,UNKNOWN,,,,,Y,N,N,2,8,Y,TUE,,,,,,,,,,,,,,,,,,,,,,,,,,,,,,,,,,,,,,,,,,,,,,,,,,,,,,,,0,1,1,0,0,2,0,122,,,
13536033,N,N,N,N,N,N,N,10/11/2013,5:29 PM,13-37083,,152,270,N,Y,,,19,,,1,1400,,UNIVERSITY,AVE,N,N,35,N,N,,N,19,,,1,2400,,15TH,ST,,,,,,,11,1,0,2,1,1,5,5:48 PM,DISPATCH,6:18 PM,10/11/2013,Y,TX1520200,1706,,,,8,2,2,22,64,38,1,3,1,21,21,152,270,33.61409405,-101.8704221,FM,1264,,15.514,FM1264,1400,1867,1,15.48,212,-0.323,SL,289,,SL0289,,,,,Y,Y,N,3,8,Y,FRI,3,0,0,0,14,2,6,120,72,72,4,1,1,1,0,0,1,0,0,1,14,4,14,4830,2014,4830,1.8,7,8.9,,,,,,,,,,,,,,,,,,,,,,,,,,,0,0,1,2,0,1,0,122,,,
13536044,N,N,N,N,N,N,N,10/22/2013,12:17 PM,13-295116,,71,136,N,Y,,,19,,,1,10900,,PEBBLE HILLS,BLVD,N,N,35,N,N,,Y,19,,,1,3000,,LARRY WOOD,,,,,,,,11,1,0,,1,1,1,12:17 PM,OBSERVED,12:17 PM,10/22/2013,Y,TX0710200,1259,,,221,8,2,2,22,64,43,1,5,1,21,21,71,136,31.78364484,-106.3230504,,,,,PEBBLE HILLS BLVD,10900,,,,,,,,,UNKNOWN,,,,,Y,N,N,5,9,Y,TUE,,,,,,,,,,,,,,,,,,,,,,,,,,,,,,,,,,,,,,,,,,,,,,,,,,,,,,,,0,0,0,3,0,0,0,66,,,
13536175,N,N,N,N,N,N,N,10/28/2013,1:30 PM,,13-161572,57,107,N,Y,,,1,35,,1,1000,,RL THORNTON,FWY,N,N,60,N,N,,N,19,,,1,,,ZANG,BLVD,,,,,,,11,1,0,,1,1,1,1:35 PM,RADIO DISPATCH,1:40 PM,10/28/2013,Y,TX0570000,1169,,48,22,8,2,4,21,64,25,1,1,1,21,21,57,107,,,IH,35,,,IH0035,,,,,,,,,,,,,,,Y,Y,N,5,9,N,MON,,,,,,,,,,,,,,,,,,,,,,,,,,,,,,,,,,,,,,,,,,,,,,,,,,,,,,,,0,0,0,3,1,0,0,,,,
13537044,N,N,N,N,N,N,N,11/1/2013,3:10 PM,,,14,1279,N,Y,30.96072,-97.53212,1,35,,2,,,NOT REPORTED,,N,N,45,Y,N,,N,,,,,,,NOT REPORTED,,0.1,M,S,286,,,11,1,2,2,1,1,9,3:12 PM,BELL CO. COMM.,3:59 PM,11/6/2013,Y,,10000,7,119,1,8,2,2,20,64,49,2,1,1,21,21,14,1579,30.96206702,-97.5301709,IH,35,,285.478,IH0035,,15,7,8.047,286,-0.1,,,,NOT REPORTED,,,,,Y,Y,Y,5,0,Y,FRI,5,0,6,10,40,2,4,250,92,60,4,0,0,2,12,5,2,20,5,2,28,1,1,60166,2014,60166,4.1,19,23,,,,,,,,,,,,,,,,,,,,,,,,,,,0,0,0,3,0,0,0,277,,,
13537133,N,N,N,N,N,N,N,10/30/2013,4:38 PM,2013A002755,29B,57,166,N,Y,32.93091,-96.63951,19,,,1,1900,N,GLENBROOK,DR,N,N,40,N,N,,Y,19,,,1,800,W,BUCKINGHAM,RD,,,,,,,2,1,4,,1,2,5,4:39 PM,DISPATCHED,4:42 PM,10/30/2013,Y,TX0571100,1344,,,,8,2,1,34,64,3,1,5,1,21,21,57,166,32.93090422,-96.6395626,,,,,N GLENBROOK DR,,,,,,,,,,W BUCKINGHAM RD,,,,,Y,N,N,2,8,Y,WED,,,,,,,,,,,,,,,,,,,,,,,,,,,,,,,,,,,,,,,,,,,,,,,,,,,,,,,,0,1,1,1,0,2,0,282,,,