Crash_ID,Crash_Fatal_Fl,Cmv_Involv_Fl,Schl_Bus_Fl,Rr_Relat_Fl,Medical_Advisory_Fl,Amend_Supp_Fl,Active_School_Zone_Fl,Crash_Date,Crash_Time,Case_ID,Local_Use,Rpt_CRIS_Cnty_ID,Rpt_City_ID,Rpt_Outside_City_Limit_Fl,Thousand_Damage_Fl,Rpt_Latitude,Rpt_Longitude,Rpt_Rdwy_Sys_ID,Rpt_Hwy_Num,Rpt_Hwy_Sfx,Rpt_Road_Part_ID,Rpt_Block_Num,Rpt_Street_Pfx,Rpt_Street_Name,Rpt_Street_Sfx,Private_Dr_Fl,Toll_Road_Fl,Crash_Speed_Limit,Road_Constr_Zone_Fl,Road_Constr_Zone_Wrkr_Fl,Rpt_Street_Desc,At_Intrsct_Fl,Rpt_Sec_Rdwy_Sys_ID,Rpt_Sec_Hwy_Num,Rpt_Sec_Hwy_Sfx,Rpt_Sec_Road_Part_ID,Rpt_Sec_Block_Num,Rpt_Sec_Street_Pfx,Rpt_Sec_Street_Name,Rpt_Sec_Street_Sfx,Rpt_Ref_Mark_Offset_Amt,Rpt_Ref_Mark_Dist_Uom,Rpt_Ref_Mark_Dir,Rpt_Ref_Mark_Nbr,Rpt_Sec_Street_Desc,Rpt_CrossingNumber,Wthr_Cond_ID,Light_Cond_ID,Entr_Road_ID,Road_Type_ID,Road_Algn_ID,Surf_Cond_ID,Traffic_Cntl_ID,Investigat_Notify_Time,Investigat_Notify_Meth,Investigat_Arrv_Time,Report_Date,Investigat_Comp_Fl,ORI_Number,Investigat_Agency_ID,Investigat_Area_ID,Investigat_District_ID,Investigat_Region_ID,Bridge_Detail_ID,Harm_Evnt_ID,Intrsct_Relat_ID,FHE_Collsn_ID,Obj_Struck_ID,Othr_Factr_ID,Road_Part_Adj_ID,Road_Cls_ID,Road_Relat_ID,Phys_Featr_1_ID,Phys_Featr_2_ID,Cnty_ID,City_ID,Latitude,Longitude,Hwy_Sys,Hwy_Nbr,Hwy_Sfx,Dfo,Street_Name,Street_Nbr,Control,Section,Milepoint,Ref_Mark_Nbr,Ref_Mark_Displ,Hwy_Sys_2,Hwy_Nbr_2,Hwy_Sfx_2,Street_Name_2,Street_Nbr_2,Control_2,Section_2,Milepoint_2,Txdot_Rptable_Fl,Onsys_Fl,Rural_Fl,Crash_Sev_ID,Pop_Group_ID,Located_Fl,Day_of_Week,Hwy_Dsgn_Lane_ID,Hwy_Dsgn_Hrt_ID,Hp_Shldr_Left,Hp_Shldr_Right,Hp_Median_Width,Base_Type_ID,Nbr_Of_Lane,Row_Width_Usual,Roadbed_Width,Surf_Width,Surf_Type_ID,Curb_Type_Left_ID,Curb_Type_Right_ID,Shldr_Type_Left_ID,Shldr_Width_Left,Shldr_Use_Left_ID,Shldr_Type_Right_ID,Shldr_Width_Right,Shldr_Use_Right_ID,Median_Type_ID,Median_Width,Rural_Urban_Type_ID,Func_Sys_ID,Adt_Curnt_Amt,Adt_Curnt_Year,Adt_Adj_Curnt_Amt,Pct_Single_Trk_Adt,Pct_Combo_Trk_Adt,Trk_Aadt_Pct,Curve_Type_ID,Curve_Lngth,Cd_Degr,Delta_Left_Right_ID,Dd_Degr,Feature_Crossed,Structure_Number,I_R_Min_Vert_Clear,Approach_Width,Bridge_Median_ID,Bridge_Loading_Type_ID,Bridge_Loading_In_1000_Lbs,Bridge_Srvc_Type_On_ID,Bridge_Srvc_Type_Under_ID,Culvert_Type_ID,Roadway_Width,Deck_Width,Bridge_Dir_Of_Traffic_ID,Bridge_Rte_Struct_Func_ID,Bridge_IR_Struct_Func_ID,CrossingNumber,RRCo,Poscrossing_ID,WDCode_ID,Standstop,Yield,Incap_Injry_Cnt,Nonincap_Injry_Cnt,Poss_Injry_Cnt,Non_Injry_Cnt,Unkn_Injry_Cnt,Tot_Injry_Cnt,Death_Cnt,MPO_ID,Investigat_Service_ID,Investigat_DA_ID,Investigator_Narrative
13537163,N,N,N,N,N,N,N,10/25/2013,2:38 PM,13-23517,,68,315,N,Y,,,19,,,1,500,E,UNIVERSITY,BLVD,N,N,35,N,N,,N,19,,,1,2700,N,TOMGREEN,AVE,,,,,,,11,1,4,,1,1,5,2:40 PM,DISPATCHED,2:51 PM,10/25/2013,Y,TX0680200,1873,,48,59,8,2,2,20,64,54,1,5,1,21,21,68,315,31.86928734,-102.3760524,,,,,E UNIVERSITY BLVD,511,,,,,,,,,N TOM GREEN AVE,,,,,Y,N,N,5,8,Y,FRI,,,,,,,,,,,,,,,,,,,,,,,,,,,,,,,,,,,,,,,,,,,,,,,,,,,,,,,,0,0,0,4,0,0,0,174,,,
13537169,N,N,N,N,N,N,N,10/20/2013,5:00 AM,13-23067,,68,315,N,Y,,,19,,,1,900,E,15TH,ST,N,N,30,N,N,,N,19,,,1,1400,N,CENTER,AVE,60,F,E,ECL,1400 BLOCK CENTER,,11,3,0,,1,1,1,5:03 AM,DISPATCHER,5:05 AM,10/20/2013,Y,TX0680200,1873,,,,8,4,4,1,64,3,1,5,1,21,21,68,315,31.86227466,-102.3665013,,,,,E 15TH ST,900,,,,,,,,,,,,,,Y,N,N,0,8,Y,SUN,,,,,,,,,,,,,,,,,,,,,,,,,,,,,,,,,,,,,,,,,,,,,,,,,,,,,,,,0,0,0,0,1,0,0,174,,,
13537197,N,N,N,N,N,N,N,10/27/2013,5:27 PM,13-22040,,161,442,N,Y,,,19,,,1,2700,,BOSQUE,BLVD,N,N,30,N,N,,Y,19,,,1,1300,N,27TH,ST,,,,,,,11,1,2,,1,1,20,5:29 PM,DISPATCHED,5:32 PM,10/27/2013,Y,TX1551200,2372,,,100,8,2,1,11,64,54,1,5,1,21,21,161,442,31.54879451,-97.16238255,,,,,BOSQUE BLVD,2698,,,,,,,,,N 27TH ST,,,,,Y,N,N,5,8,Y,SUN,,,,,,,,,,,,,,,,,,,,,,,,,,,,,,,,,,,,,,,,,,,,,,,,,,,,,,,,0,0,0,3,0,0,0,140,,,
13537763,Y,Y,N,N,N,Y,N,11/2/2013,6:00 AM,,,73,1638,Y,Y,31.2936,-96.95063,3,7,,1,,,NOT REPORTED,,N,N,70,N,N,,N,15,302,,,,,NOT REPORTED,,,,,,,,11,3,0,1,1,1,11,6:21 AM,DISPATCHED,7:15 AM,12/11/2013,Y,,10000,19,119,1,8,2,4,30,20,54,1,2,1,21,21,73,1638,31.29360349,-96.95063097,SH,7,,19.578,SH0007,3763,382,1,7.756,580,-0.688,,,,,,,,,Y,Y,Y,4,0,Y,SAT,2,0,9,9,0,2,2,120,44,26,4,0,0,2,9,5,2,9,5,0,0,1,6,4324,2014,4324,2.2,9.3,11.6,,,,,,,,,,,,,,,,,,,,,,,,,,,0,1,0,0,0,1,1,,,,
13537765,N,N,N,N,N,N,N,11/7/2013,1:50 PM,0139836513U,,101,208,N,Y,,,2,59,,1,2900,S,SOUTHWEST,FWY,N,N,60,N,N,,N,19,,,,,W,BUFFALO SPEEDWAY,,,,,,,,11,1,0,,1,1,20,2:10 PM,ON VIEW,2:10 PM,11/7/2013,Y,TXHPD0000,2469,14,121,35,8,2,4,20,64,54,1,2,1,21,21,101,208,,,US,59,,,US0059,,,,,,,,,,,,,,,Y,Y,N,3,9,N,THU,,,,,,,,,,,,,,,,,,,,,,,,,,,,,,,,,,,,,,,,,,,,,,,,,,,,,,,,0,0,1,3,0,1,0,,,,
13537815,N,N,N,N,N,N,N,11/8/2013,11:00 AM,13-11832,115,61,259,N,Y,,,1,35,E,2,300,S,NOT REPORTED,,N,N,50,N,N,SOUTH I35E SOUTHBOUND FRONTAGE ROAD,N,4,1171,,,700,W,MAIN,ST,,,,,,,12,1,0,2,2,1,1,11:03 AM,DISPATCHED,11:10 AM,11/8/2013,Y,TX0610600,1659,,,35,8,2,4,21,64,9,2,1,1,21,21,61,259,33.04510134,-97.00814032,IH,35,E,81.061,IH0035E,,196,2,6.824,452,0.181,,,,,,,,,Y,Y,N,5,7,Y,FRI,5,0,12,10,28,3,6,300,116,72,6,0,0,2,24,5,2,20,5,2,4,4,11,136542,2014,136542,3.2,6.1,9.3,1,149,1,1,11,,,,,,,,,,,,,,,,,,,,,,0,0,0,2,1,0,0,282,,,
13537825,N,N,N,N,N,N,N,11/7/2013,6:55 PM,0139963413P,,101,208,N,Y,,,1,45,,2,15500,S,GULF SER W,FWY,N,N,45,N,N,,N,4,1959,,,1100,,DIXIE FARM,RD,,,,,,,12,4,0,2,1,1,20,7:12 PM,SE DISPATCH,7:19 PM,11/8/2013,Y,TXHPD0000,2469,6,104,17,8,2,4,20,64,54,2,1,1,21,21,101,208,29.58706347,-95.18477626,IH,45,,30.78,IH0045,,500,3,6.838,31,-0.29,,,,,,,,,Y,Y,N,3,9,Y,THU,5,0,12,10,52,9,6,300,120,72,6,0,0,2,24,5,2,20,5,2,28,4,11,164135,2014,164135,5.5,4.6,10.1,,,,,,,,,,,,,,,,,,,,,,,,,,,0,0,2,1,0,2,0,15,,,
13537879,N,N,N,N,N,N,N,11/7/2013,6:00 PM,13011990,,61,114,N,Y,,,19,,,1,3000,S,MAYHILL,RD,N,N,30,N,N,,N,19,,,,,,COLORADO,BLVD,,,,,,,11,3,0,,3,1,20,6:18 PM,DISPATCH,6:25 PM,11/7/2013,Y,TX0610200,1196,,,411,8,2,4,22,64,42,1,5,1,21,21,61,114,33.17514717,-97.08859998,,,,,S MAYHILL RD,3000,,,,,,,,,,,,,,Y,N,N,5,8,Y,THU,,,,,,,,,,,,,,,,,,,,,,,,,,,,,,,,,,,,,,,,,,,,,,,,,,,,,,,,0,0,0,3,0,0,0,282,,,
13537960,N,N,N,N,N,N,N,11/8/2013,2:29 PM,130061225,280,220,19,N,Y,,,3,360,,2,400,N,WATSON,RD,N,N,40,N,N,E FRONTAGE RD - NB,N,19,,,,2600,,GALLERIA,,,,,,,,11,1,0,2,1,1,20,2:36 PM,DISPATCHED,2:42 PM,11/8/2013,Y,TX2200100,59,,,120,8,7,4,1,21,9,2,2,2,21,21,220,19,32.74642085,-97.06259511,SH,360,,12.307,SH0360,,2266,2,12.423,268,0.322,,,,,,,,,Y,Y,N,5,9,Y,FRI,5,0,6,10,67,2,6,350,104,72,4,0,0,2,16,5,2,16,5,3,51,4,12,175614,2014,175614,3.4,2.4,5.9,1,104,0,2,2,,,,,,,,,,,,,,,,,,,,,,0,0,0,1,0,0,0,282,,,
13537980,N,N,N,N,N,N,N,11/4/2013,6:52 PM,282573A,,57,107,N,Y,,,1,45,,1,5300,,JULIUS SCHEPPS,FWY,N,N,60,N,N,PUBLIC FREEWAY,N,19,,,,3900,E,OVERTON,RD,,,,,PUBLIC ROAD,,2,4,0,,3,2,20,7:00 PM,DISPATCHED,7:12 PM,11/4/2013,Y,TX0000006,2471,,,113,8,2,4,20,64,36,1,1,1,21,21,57,107,,,IH,45,,,IH0045,,,,,,,,,,,,,,,Y,Y,N,5,9,N,MON,,,,,,,,,,,,,,,,,,,,,,,,,,,,,,,,,,,,,,,,,,,,,,,,,,,,,,,,0,0,0,3,0,0,0,,,,
13538207,N,N,N,N,N,N,N,11/8/2013,1:10 PM,SAPD13246494,5210,15,379,N,Y,,,19,,,1,2100,,FREDERICKSBURG,RD,N,N,35,N,N,,N,19,,,,2000,W,HILDEBRAND,,,,,,,,12,1,0,3,1,1,11,1:16 PM,DISPATCH,1:18 PM,11/8/2013,Y,TXSPD0000,2473,,19,148,8,2,4,20,64,42,1,2,1,21,21,15,379,29.46509099,-98.52660664,SL,345,,7.134,SL0345,2149,72,9,21.541,498,-0.879,,,,,,,,,Y,Y,N,5,9,Y,FRI,2,0,0,0,0,3,4,56,40,40,4,2,2,1,0,0,1,0,0,0,0,4,14,17924,2014,17924,2.8,3.9,6.7,,,,,,,,,,,,,,,,,,,,,,,,,,,0,0,0,4,0,0,0,28,,,
13538291,N,N,N,N,N,N,N,11/5/2013,9:54 AM,0138835713W,,101,208,N,Y,,,2,59,,1,5100,S,SOUTHWEST,FWY,N,N,60,N,N,CONCRETE,N,19,,,,5600,,CHIMNEY ROCK,RD,,,,,,,12,1,0,,1,1,20,10:00 AM,HPD DISPATCHER,10:12 AM,11/5/2013,Y,TXHPD0000,2469,24,106,54,8,2,4,20,64,54,1,2,1,21,21,101,208,,,US,59,,,US0059,,,,,,,,,,,,,,,Y,Y,N,3,9,N,TUE,,,,,,,,,,,,,,,,,,,,,,,,,,,,,,,,,,,,,,,,,,,,,,,,,,,,,,,,0,0,4,3,0,4,0,,,,
13538316,N,N,N,N,N,N,N,11/8/2013,6:50 AM,0140125813B,,101,208,N,Y,,,19,,,1,14100,,HEMPSTEAD,HWY,N,N,40,N,N,CONCRETE,Y,19,,,1,,,CAMPBELL,RD,,,,,,,11,1,2,,1,1,5,7:17 AM,DISPATCH,7:19 AM,11/8/2013,Y,TXHPD0000,2469,18,106,87,8,2,1,34,64,54,1,5,1,21,21,101,208,29.8529798,-95.53192014,,,,,HEMPSTEAD HWY,,,,,,,,,,UNKNOWN,,,,,Y,N,N,5,9,Y,FRI,,,,,,,,,,,,,,,,,,,,,,,,,,,,,,,,,,,,,,,,,,,,,,,,,,,,,,,,0,0,0,2,0,0,0,15,,,
13538369,N,N,N,N,N,N,N,11/2/2013,4:32 AM,258726,,116,1681,Y,Y,32.99823,-96.24145,1,30,,1,,,NOT REPORTED,,N,N,75,N,N,,N,,,,,,,NOT REPORTED,,500,F,W,83,,,11,3,0,2,1,1,11,4:36 AM,DISPATCHED,5:18 AM,11/2/2013,Y,,10000,3,107,1,8,6,4,1,64,54,1,1,1,21,21,116,1681,32.99847641,-96.24069032,IH,30,,82.798,IH0030,,9,13,3.692,83,-500,,,,NOT REPORTED,,,,,Y,Y,Y,5,0,Y,SAT,5,0,5,10,65,9,4,305,78,48,6,0,0,2,10,5,2,20,5,2,55,1,1,38075,2014,38075,8.4,4.9,13.3,,,,,,,,,,,,,,,,,,,,,,,,,,,0,0,0,1,0,0,0,282,,,
13538477,N,N,N,N,N,N,N,11/2/2013,7:20 PM,2013-BCSO-045952,D20,15,1580,Y,Y,29.50942,-98.69721,19,,,1,,W,1604 N,LOOP,N,N,60,N,N,,N,19,,,,,,SHAENFIELD,RD,,,,,,,11,4,0,2,1,1,1,7:16 PM,DISPATCHED,7:26 PM,11/2/2013,Y,TX0150000,120,,,148,8,2,2,20,64,38,1,2,1,21,21,15,379,29.51768631,-98.69330663,SL,1604,,25.073,SL1604,,2452,1,24.685,514,-0.965,FM,471,,FM0471,,,,,Y,Y,N,5,9,Y,SAT,3,0,4,8,82,2,4,340,80,48,4,0,0,2,14,5,2,18,5,3,68,4,12,41522,2014,41522,4,10.4,14.5,,,,,,,,,,,,,,,,,,,,,,,,,,,0,0,0,3,0,0,0,28,,,
13538496,N,N,N,N,N,N,N,11/7/2013,2:45 PM,0139853313G,,101,208,N,Y,,,1,610,,1,100,W,WEST LP N,,N,N,55,N,N,CONCRETE,N,1,10,,,,,KATY,,,,,,,,12,1,0,,4,1,20,3:18 PM,DISPATCH,3:22 PM,11/7/2013,Y,TXHPD0000,2469,16,106,54,8,2,4,21,64,54,1,1,1,21,21,101,208,,,IH,610,,,IH0610,,,,,,,,,,,,,,,Y,Y,N,5,9,N,THU,,,,,,,,,,,,,,,,,,,,,,,,,,,,,,,,,,,,,,,,,,,,,,,,,,,,,,,,0,0,0,1,1,0,0,,,,
13538647,N,N,N,N,N,N,N,11/8/2013,5:39 PM,285962A,,57,107,N,Y,,,2,75,,1,12000,N,CENTRAL,EXPY,N,N,60,N,N,,N,19,,,,8000,,FOREST,LN,,,,,,,12,4,0,2,1,1,20,5:35 PM,DISPATCHED,5:55 PM,11/8/2013,N,TX0000006,2471,,,33,8,2,4,22,39,42,1,2,1,21,21,57,107,32.91068926,-96.7688247,US,75,,67.049,US0075,,47,7,6.412,262,0.602,,,,,,,,,Y,Y,N,5,9,Y,FRI,5,0,10,10,24,3,8,300,136,96,5,0,0,2,20,5,2,20,5,2,4,4,12,165434,2014,165434,2.8,5.4,8.3,,,,,,,,,,,,,,,,,,,,,,,,,,,0,0,0,1,1,0,0,282,,,
13538733,N,N,N,N,N,N,N,11/9/2013,7:45 PM,13-30640,13-30640,3,272,N,N,,,4,58,,1,1500,S,CHESTNUT,DR,N,N,45,N,N,,Y,19,,,1,700,,CARD,DR,,,,,,,11,4,0,3,1,1,20,7:45 PM,DISPATCH,7:46 PM,11/9/2013,Y,TX0030400,1708,17,53,166,8,7,2,1,32,54,1,3,2,21,21,3,272,31.31850982,-94.7120335,FM,58,,0.608,FM0058,,576,2,0.612,360,0.557,,,,CARD DR,,,,,N,Y,N,5,6,Y,SAT,2,0,0,0,0,3,4,80,49,48,2,2,2,1,0,0,1,0,0,0,0,2,16,9383,2014,9383,3.2,7.9,11.1,,,,,,,,,,,,,,,,,,,,,,,,,,,0,0,0,1,0,0,0,,,,
13538772,N,N,N,N,N,N,N,11/9/2013,9:15 PM,13-11891,241,61,259,N,Y,,,1,35,E,1,2900,N,NOT REPORTED,,N,N,60,N,N,NORTHBOUND,N,19,,,,2300,N,GARDEN RIDGE,BLVD,,,,,,,11,4,0,2,1,1,1,9:20 PM,DISPATCHED,9:27 PM,11/10/2013,Y,TX0610600,1659,,,35,8,2,4,21,64,31,1,1,1,21,21,61,259,33.08538836,-97.02686257,IH,35,E,84.061,IH0035E,,196,2,9.721,455,0.224,,,,,,,,,Y,Y,N,5,7,Y,SAT,5,0,12,10,28,3,6,300,116,72,6,0,0,2,24,5,2,20,5,2,4,4,11,144443,2014,144443,3.2,6.1,9.3,1,46,1,2,3,,,,,,,,,,,,,,,,,,,,,,0,0,0,3,0,0,0,282,,,
13539032,N,N,N,N,N,N,N,11/10/2013,3:02 PM,287522A,,57,107,N,Y,,,19,,,1,1300,W,BROOKLYN,AVE,N,N,30,N,N,,N,19,,,,700,S,EDGEFIELD,AVE,,,,,,,11,1,0,,1,1,1,3:08 PM,DISPATCHED,3:19 PM,11/10/2013,N,tx0000006,2471,,,71,8,2,4,31,64,54,1,5,1,21,21,57,107,32.73870268,-96.84442809,,,,,W BROOKLYN AVE,1416,,,,,,,,,,,,,,Y,N,N,2,9,Y,SUN,,,,,,,,,,,,,,,,,,,,,,,,,,,,,,,,,,,,,,,,,,,,,,,,,,,,,,,,0,1,1,3,1,2,0,282,,,
13539095,N,N,N,N,N,N,N,11/8/2013,7:39 PM,,,121,1686,Y,Y,30.25058,-94.02575,4,105,,1,,,NOT REPORTED,,N,N,65,N,N,,N,15,828,,,,,NOT REPORTED,,,,,,,,11,3,0,1,1,1,11,7:42 PM,LUFKIN DPS,8:11 PM,11/8/2013,Y,,10000,15,58,1,8,2,3,20,64,46,1,3,1,32,21,121,1686,30.25272192,-94.02641949,FM,105,,8.194,FM0105,8339,710,1,8.203,432,0.252,,,,,,,,,Y,Y,Y,3,0,Y,FRI,2,0,8,8,0,2,2,120,42,26,2,0,0,2,8,5,2,8,5,0,0,1,7,3618,2014,3618,2.9,1.5,4.4,,,,,,,,,,,,,,,,,,,,,,,,,,,0,0,2,2,0,2,0,,,,
13539121,N,N,N,N,N,N,N,10/26/2013,3:12 PM,,,238,1803,Y,Y,31.56617,-103.19839,6,2355,,1,,,NOT REPORTED,,N,N,75,N,N,,N,,,,,,,NOT REPORTED,,0.2,M,E,214,,,11,1,0,1,1,1,20,3:18 PM,DISPATCHED,3:43 PM,11/10/2013,N,,10000,3,32,1,8,7,4,1,33,25,1,3,2,21,21,238,1803,31.56592322,-103.1978716,RM,2355,,16.285,RM2355,,2806,2,26.197,214,0.2,,,,NOT REPORTED,,,,,Y,Y,Y,1,0,Y,SAT,2,0,2,2,0,1,2,100,28,24,2,0,0,2,2,5,2,2,5,0,0,1,9,2188,2014,2188,6,4.5,10.4,,,,,,,,,,,,,,,,,,,,,,,,,,,1,0,0,0,0,1,0,,,,
13539192,N,N,N,N,N,N,N,11/9/2013,3:10 PM,0140786513E,,101,208,N,Y,,,19,,,1,500,,SHEPHERD,DR,N,N,35,N,N,CONCRETE,N,19,,,,4800,,BLOSSOM,,,,,,,,11,1,0,,1,1,1,3:23 PM,DISPATCHER,3:31 PM,11/9/2013,Y,TXHPD0000,2469,14,121,33,8,2,4,21,64,9,1,5,1,21,21,101,208,29.76697671,-95.40938785,,,,,SHEPHERD DR,523,,,,,,,,,,,,,,Y,N,N,5,9,Y,SAT,,,,,,,,,,,,,,,,,,,,,,,,,,,,,,,,,,,,,,,,,,,,,,,,,,,,,,,,0,0,0,3,0,0,0,15,,,
13539355,N,N,N,N,N,N,N,11/8/2013,4:04 PM,13-26191,13-26191,158,28,N,Y,28.5904,-95.5613,3,35,,1,4400,,7TH,ST,N,N,40,N,N,,N,19,,,,2000,,OLD VAN VLECK,RD,,,,,,,11,1,2,3,1,1,8,4:04 PM,RADIO,4:08 PM,11/8/2013,Y,TX1610100,93,,,35,8,2,3,10,64,14,1,2,1,32,21,158,28,28.98448436,-95.93745171,SH,35,,78.291,SH0035,4457,179,4,12.347,554,-0.605,,,,,,,,,Y,Y,N,3,5,Y,FRI,2,0,0,0,0,2,4,100,62,62,6,0,0,1,0,0,1,0,0,0,0,2,14,12066,2014,12066,2.5,10.9,13.4,1,186,0,,0,,,,,,,,,,,,,,,,,,,,,,0,0,3,2,0,3,0,,,,
13539398,N,N,N,N,N,N,N,11/6/2013,3:12 AM,,,129,1694,Y,Y,32.6938,-96.3906,4,1641,,1,,,NOT REPORTED,,N,N,55,N,N,,N,4,148,,,,,NOT REPORTED,,,,,,,,2,4,0,1,1,2,11,3:25 AM,COMMUNICATIONS,3:52 AM,11/6/2013,Y,,10000,19,107,1,8,7,4,1,30,1,1,3,2,21,21,129,1382,32.68836067,-96.39126048,FM,1641,,4.847,FM1641,8964,1217,1,4.845,270,1.058,,,,,,,,,Y,Y,Y,5,1,Y,WED,2,0,0,0,0,2,2,150,24,24,4,0,0,1,0,0,1,0,0,0,0,2,17,5617,2014,5617,2.8,3.6,6.4,,,,,,,,,,,,,,,,,,,,,,,,,,,0,0,0,1,0,0,0,282,,,
13539494,N,N,N,N,N,N,N,11/4/2013,9:47 PM,2013140632,,61,67,N,Y,,,19,,,1,3700,N,JOSEY,LN,N,N,40,N,N,,Y,19,,,1,1800,E,ROSEMEADE,PKWY,,,,,,,2,4,4,,1,2,5,9:55 PM,DISPATCHED,10:00 PM,11/4/2013,Y,TX0570400,214,,,170,8,2,2,22,64,38,1,5,1,21,21,61,67,33.01156421,-96.88699253,,,,,N JOSEY LN,,,,,,,,,,E ROSEMEADE PKWY,,,,,Y,N,N,3,8,Y,MON,,,,,,,,,,,,,,,,,,,,,,,,,,,,,,,,,,,,,,,,,,,,,,,,,,,,,,,,0,0,2,0,0,2,0,282,,,
13539572,N,N,N,N,N,N,N,11/8/2013,8:40 AM,,,68,1633,Y,Y,31.87841,-102.40142,3,191,,1,,,NOT REPORTED,,N,N,45,N,N,,N,4,1882,,,,,NOT REPORTED,,,,,,,,11,1,4,3,1,1,6,8:48 AM,DISPATCHED,9:15 AM,11/9/2013,Y,,10000,22,32,1,8,2,2,13,64,54,1,2,1,21,21,68,1633,31.87878364,-102.4014474,SH,191,,1.009,SH0191,4201,2296,1,2.02,259,-0.018,FM,1882,,FM1882,,,,,Y,Y,Y,5,0,Y,FRI,2,0,0,0,0,2,6,120,100,72,4,1,1,1,0,0,1,0,0,0,0,3,14,22736,2014,22736,10.8,2.4,13.2,,,,,,,,,,,,,,,,,,,,,,,,,,,0,0,0,4,0,0,0,174,,,
13539639,N,N,N,N,N,N,N,11/8/2013,1:30 AM,13-110754,,61,156,N,Y,,,1,35,,1,15750,,NORTH,FWY,N,N,60,N,N,,N,7,114,,,3800,,HIGHWAY 114,HWY,,,,,,,11,3,0,2,1,1,20,1:36 AM,DISPATCHED,1:49 AM,11/8/2013,Y,TX2201200,1318,4,29,23,8,7,4,1,39,54,1,1,4,21,21,61,1124,33.02426929,-97.27553964,IH,35,W,70.657,IH0035W,,81,13,2.785,71,-0.377,,,,,,,,,Y,Y,Y,5,1,Y,FRI,5,0,7,12,54,3,4,500,86,48,6,0,0,2,14,5,2,24,5,3,40,4,11,46943,2014,46943,3.2,11.8,15.1,,,,,,,,,,,,,,,,,,,,,,,,,,,0,0,0,3,0,0,0,282,,,
13539838,N,N,N,N,N,N,N,11/8/2013,1:40 PM,CH110813,,45,1610,Y,Y,29.69357,-96.60328,1,10,,1,,,NOT REPORTED,,N,N,75,N,N,,N,,,,,,,NOT REPORTED,,0.5,M,E,692,,,11,1,0,2,1,1,11,1:43 PM,CCSO - RADIO,1:48 PM,11/8/2013,Y,,10000,15,52,1,8,10,4,1,1,54,1,1,2,21,21,45,1610,29.69338561,-96.6056955,IH,10,,691.145,IH0010,,535,8,14.814,692,0.5,,,,NOT REPORTED,,,,,Y,Y,Y,5,0,Y,FRI,5,0,4,10,60,9,4,310,76,47,6,0,0,2,8,5,2,21,5,2,52,1,1,28686,2014,28686,2.3,3.5,5.9,,,,,,,,,,,,,,,,,,,,,,,,,,,0,0,0,2,0,0,0,,,,
13539950,N,N,N,N,N,N,N,11/11/2013,12:05 PM,288176A,,57,107,N,Y,,,19,,,1,5600,,LEMMON,AVE,N,N,35,N,N,,N,19,,,,3400,,INWOOD,RD,,,,,,,11,1,0,,1,1,20,12:08 PM,DISPATCHED,12:20 PM,11/11/2013,Y,TX0000006,2471,,,87,8,2,4,34,64,54,1,5,1,14,21,57,107,32.82926413,-96.82558726,,,,,LEMMON AVE,5627,,,,,,,,,,,,,,Y,N,N,2,9,Y,MON,,,,,,,,,,,,,,,,,,,,,,,,,,,,,,,,,,,,,,,,,,,,,,,,,,,,,,,,0,1,2,0,0,3,0,282,,,
13539971,N,N,N,N,N,N,N,11/9/2013,3:50 PM,286731A,,57,107,N,Y,,,19,,,1,1400,,EASTON,RD,N,N,35,N,N,,Y,19,,,1,10600,,HERMOSA,DR,,,,,,,11,1,4,,1,1,5,4:15 PM,SERVICE CALL,4:25 PM,11/9/2013,Y,tx0000006,2471,,,33,8,2,1,10,64,3,1,5,1,21,21,57,107,32.84044424,-96.6875226,,,,,EASTON RD,,,,,,,,,,HERMOSA DR,,,,,Y,N,N,2,9,Y,SAT,,,,,,,,,,,,,,,,,,,,,,,,,,,,,,,,,,,,,,,,,,,,,,,,,,,,,,,,0,1,0,1,0,1,0,282,,,
13540000,N,N,N,N,N,N,N,11/8/2013,7:10 PM,0140428113I,,101,208,N,Y,,,2,59,,1,4500,S,SOUTHWEST,FWY,N,N,60,N,N,US HIGHWAY,N,19,,,,3700,,NEWCASTLE,ST,,,,,,,11,1,0,,1,1,20,7:14 PM,ON-VIEW,7:14 PM,11/8/2013,Y,TXHPD0000,2469,14,121,35,8,2,4,20,64,54,1,2,1,21,21,101,208,,,US,59,,,US0059,,,,,,,,,,,,,,,Y,Y,N,5,9,N,FRI,,,,,,,,,,,,,,,,,,,,,,,,,,,,,,,,,,,,,,,,,,,,,,,,,,,,,,,,0,0,0,3,0,0,0,,,,
13540041,N,N,N,N,N,N,N,10/26/2013,10:45 PM,13-106280,,220,156,N,Y,32.73871,-97.35145,1,30,,1,2300,,WEST,FWY,N,N,55,Y,N,,N,19,,,,,,UNIVERSITY,DR,,,,,,,2,4,0,2,1,2,20,11:04 PM,DISPATCH,11:14 PM,10/26/2013,Y,TX2201200,1318,4,3,23,8,2,4,20,64,49,1,1,1,21,21,220,156,32.73860631,-97.35141092,IH,30,,13.142,IH0030,,1068,1,21.923,13,0.294,,,,,,,,,Y,Y,N,5,9,Y,SAT,5,0,4,10,11,3,6,263,100,72,5,0,0,2,8,5,2,20,5,2,3,4,11,129911,2014,129911,2.4,12,14.4,,,,,,,,,,,,,,,,,,,,,,,,,,,0,0,0,4,0,0,0,282,,,