Crash_ID,Crash_Fatal_Fl,Cmv_Involv_Fl,Schl_Bus_Fl,Rr_Relat_Fl,Medical_Advisory_Fl,Amend_Supp_Fl,Active_School_Zone_Fl,Crash_Date,Crash_Time,Case_ID,Local_Use,Rpt_CRIS_Cnty_ID,Rpt_City_ID,Rpt_Outside_City_Limit_Fl,Thousand_Damage_Fl,Rpt_Latitude,Rpt_Longitude,Rpt_Rdwy_Sys_ID,Rpt_Hwy_Num,Rpt_Hwy_Sfx,Rpt_Road_Part_ID,Rpt_Block_Num,Rpt_Street_Pfx,Rpt_Street_Name,Rpt_Street_Sfx,Private_Dr_Fl,Toll_Road_Fl,Crash_Speed_Limit,Road_Constr_Zone_Fl,Road_Constr_Zone_Wrkr_Fl,Rpt_Street_Desc,At_Intrsct_Fl,Rpt_Sec_Rdwy_Sys_ID,Rpt_Sec_Hwy_Num,Rpt_Sec_Hwy_Sfx,Rpt_Sec_Road_Part_ID,Rpt_Sec_Block_Num,Rpt_Sec_Street_Pfx,Rpt_Sec_Street_Name,Rpt_Sec_Street_Sfx,Rpt_Ref_Mark_Offset_Amt,Rpt_Ref_Mark_Dist_Uom,Rpt_Ref_Mark_Dir,Rpt_Ref_Mark_Nbr,Rpt_Sec_Street_Desc,Rpt_CrossingNumber,Wthr_Cond_ID,Light_Cond_ID,Entr_Road_ID,Road_Type_ID,Road_Algn_ID,Surf_Cond_ID,Traffic_Cntl_ID,Investigat_Notify_Time,Investigat_Notify_Meth,Investigat_Arrv_Time,Report_Date,Investigat_Comp_Fl,ORI_Number,Investigat_Agency_ID,Investigat_Area_ID,Investigat_District_ID,Investigat_Region_ID,Bridge_Detail_ID,Harm_Evnt_ID,Intrsct_Relat_ID,FHE_Collsn_ID,Obj_Struck_ID,Othr_Factr_ID,Road_Part_Adj_ID,Road_Cls_ID,Road_Relat_ID,Phys_Featr_1_ID,Phys_Featr_2_ID,Cnty_ID,City_ID,Latitude,Longitude,Hwy_Sys,Hwy_Nbr,Hwy_Sfx,Dfo,Street_Name,Street_Nbr,Control,Section,Milepoint,Ref_Mark_Nbr,Ref_Mark_Displ,Hwy_Sys_2,Hwy_Nbr_2,Hwy_Sfx_2,Street_Name_2,Street_Nbr_2,Control_2,Section_2,Milepoint_2,Txdot_Rptable_Fl,Onsys_Fl,Rural_Fl,Crash_Sev_ID,Pop_Group_ID,Located_Fl,Day_of_Week,Hwy_Dsgn_Lane_ID,Hwy_Dsgn_Hrt_ID,Hp_Shldr_Left,Hp_Shldr_Right,Hp_Median_Width,Base_Type_ID,Nbr_Of_Lane,Row_Width_Usual,Roadbed_Width,Surf_Width,Surf_Type_ID,Curb_Type_Left_ID,Curb_Type_Right_ID,Shldr_Type_Left_ID,Shldr_Width_Left,Shldr_Use_Left_ID,Shldr_Type_Right_ID,Shldr_Width_Right,Shldr_Use_Right_ID,Median_Type_ID,Median_Width,Rural_Urban_Type_ID,Func_Sys_ID,Adt_Curnt_Amt,Adt_Curnt_Year,Adt_Adj_Curnt_Amt,Pct_Single_Trk_Adt,Pct_Combo_Trk_Adt,Trk_Aadt_Pct,Curve_Type_ID,Curve_Lngth,Cd_Degr,Delta_Left_Right_ID,Dd_Degr,Feature_Crossed,Structure_Number,I_R_Min_Vert_Clear,Approach_Width,Bridge_Median_ID,Bridge_Loading_Type_ID,Bridge_Loading_In_1000_Lbs,Bridge_Srvc_Type_On_ID,Bridge_Srvc_Type_Under_ID,Culvert_Type_ID,Roadway_Width,Deck_Width,Bridge_Dir_Of_Traffic_ID,Bridge_Rte_Struct_Func_ID,Bridge_IR_Struct_Func_ID,CrossingNumber,RRCo,Poscrossing_ID,WDCode_ID,Standstop,Yield,Incap_Injry_Cnt,Nonincap_Injry_Cnt,Poss_Injry_Cnt,Non_Injry_Cnt,Unkn_Injry_Cnt,Tot_Injry_Cnt,Death_Cnt,MPO_ID,Investigat_Service_ID,Investigat_DA_ID,Investigator_Narrative
13540128,N,N,N,N,N,N,N,10/31/2013,11:31 AM,,,36,1601,Y,Y,29.83962,-94.63165,1,10,,1,,,NOT REPORTED,,N,N,65,N,N,,N,3,61,,,,,NOT REPORTED,,,,,,,,2,1,0,2,2,2,20,11:31 AM,CHAMBERS COUNTY SO,11:53 AM,11/7/2013,Y,,10000,16,35,1,8,7,4,1,39,1,1,1,4,21,21,36,1601,29.83974666,-94.63977337,IH,10,,812.329,IH0010,,508,3,4.457,814,-0.445,,,,,,,,,Y,Y,Y,5,0,Y,THU,5,0,10,10,42,9,6,290,112,72,5,0,0,2,20,5,2,20,5,2,22,1,1,44900,2014,44900,2.9,18.5,21.4,,,,,,,,,,,,,,,,,,,,,,,,,,,0,0,0,2,0,0,0,15,,,
13540139,N,N,N,N,N,N,N,10/26/2013,9:54 PM,130058890,210,220,19,N,Y,,,19,,,1,1500,NW,GREEN OAKS,BLVD,N,N,40,N,N,,N,19,,,,,,FIELDER,RD,,,,,,,2,4,0,,1,2,20,9:54 PM,DISPATCH,9:59 PM,10/28/2013,Y,TX2200100,59,,,120,8,7,4,1,29,54,1,5,2,21,21,220,19,32.77910607,-97.12813967,,,,,NW GREEN OAKS BLVD,,,,,,,,,,,,,,,Y,N,N,0,9,Y,SAT,,,,,,,,,,,,,,,,,,,,,,,,,,,,,,,,,,,,,,,,,,,,,,,,,,,,,,,,0,0,0,0,1,0,0,282,,,
13540229,N,Y,N,N,N,N,N,11/8/2013,5:05 PM,,,242,1807,Y,Y,35.22718,-100.51387,1,40,,1,,,NOT REPORTED,,N,N,75,N,N,,N,,,,,,,NOT REPORTED,,0.4,M,W,148,,,11,1,0,2,1,1,11,5:18 PM,DISPATCHED,5:33 PM,11/8/2013,Y,,10000,19,130,1,8,6,4,1,64,54,1,1,1,21,21,242,1807,35.22697648,-100.5131151,IH,40,,148.02,IH0040,,275,12,1.445,148,-0.4,,,,NOT REPORTED,,,,,Y,Y,Y,5,0,Y,FRI,5,0,6,10,76,3,4,351,80,48,5,0,1,2,12,5,2,20,5,3,64,1,1,11663,2014,11663,6.4,44.8,51.2,1,54,0,1,0,,,,,,,,,,,,,,,,,,,,,,0,0,0,2,0,0,0,,,,
13540789,N,N,N,N,N,N,N,10/17/2013,7:00 AM,130143679,3503364,101,1666,Y,Y,,,19,,,1,21000,,LEE,RD,N,N,30,N,N,,Y,19,,,1,7800,,KENSWICK GLEN,DR,,,,,,,11,1,0,,1,2,8,7:12 AM,DISPATCHED,7:19 AM,10/17/2013,Y,TX1014900,2744,89,5,6,8,2,1,14,64,54,1,4,1,21,21,101,1666,30.01815475,-95.30675309,,,,,LEE RD,20810,,,,,,,,,KENSWICK GLEN DR,,,,,Y,N,Y,5,0,Y,THU,,,,,,,,,,,,,,,,,,,,,,,,,,,,,,,,,,,,,,,,,,,,,,,,,,,,,,,,0,0,0,4,0,0,0,15,,,
13540881,N,N,N,N,N,N,N,10/12/2013,2:00 PM,130141314,10253432,101,1666,Y,N,,,19,,,7,13700,,CHRISMAN,RD,N,N,0,N,N,,Y,19,,,7,,,LAUDER,RD,,,,,,,2,1,2,,1,2,8,3:17 PM,DISPATCHED,3:48 PM,10/12/2013,Y,TX1010000,1419,151,4,5,8,2,1,10,64,54,1,4,1,21,21,101,1666,29.91405477,-95.36362308,,,,,CHRISMAN RD,13798,,,,,,,,,LAUDER RD,,,,,Y,N,Y,3,0,Y,SAT,,,,,,,,,,,,,,,,,,,,,,,,,,,,,,,,,,,,,,,,,,,,,,,,,,,,,,,,0,0,1,1,0,1,0,15,,,
13541027,N,N,N,N,N,N,N,11/11/2013,8:04 AM,0141474613V,,101,208,N,Y,,,19,,,1,1400,,HARRINGTON,ST,N,N,30,N,N,BT,Y,19,,,1,1700,,TERRY,ST,,,,,,,11,1,0,,1,1,1,8:04 AM,DISPATCHED,8:06 AM,11/11/2013,Y,TXHPD0000,2469,16,121,33,8,2,1,10,64,54,1,5,1,21,21,101,208,29.7765148,-95.35295309,,,,,HARRINGTON ST,1498,,,,,,,,,TERRY ST,,,,,Y,N,N,3,9,Y,MON,,,,,,,,,,,,,,,,,,,,,,,,,,,,,,,,,,,,,,,,,,,,,,,,,,,,,,,,0,0,2,0,0,2,0,15,,,
13541114,N,Y,N,N,N,N,N,10/11/2013,9:40 AM,130140633,1023366,101,1666,Y,Y,,,19,,,1,2000,S,MASON,RD,N,N,35,N,N,,N,15,,,,,,HIGHLAND KNOLLS,DR,,,,,,,11,1,0,,1,1,5,9:50 AM,DISPATCHED,10:07 AM,10/11/2013,Y,TX1010000,1419,205,33,5,8,2,2,22,64,38,1,4,1,21,21,101,1666,29.75844628,-95.75161299,,,,,S MASON RD,,,,,,,,,,HIGHLAND KNOLLS DR,,,,,Y,N,Y,5,0,Y,FRI,,,,,,,,,,,,,,,,,,,,,,,,,,,,,,,,,,,,,,,,,,,,,,,,,,,,,,,,0,0,0,3,0,0,0,15,,,
13541962,N,N,N,N,N,N,N,10/31/2013,9:10 PM,201315137,,244,439,N,Y,,,2,287,,1,1800,,WILBARGER,ST,N,N,30,N,N,DRY SMOOTH PAVEMENT,Y,2,287,,1,1800,,MAIN,ST,,,,,SMOOTH DRY PAVEMENT,,11,4,0,3,1,1,5,9:10 PM,DISPATCHED,9:13 PM,11/1/2013,Y,TX2440100,2362,,,,8,2,1,34,64,54,1,2,1,21,21,244,439,34.15273066,-99.28442934,BU,287,F,2.56,BU0287F,1802,43,20,14.89,292,0.601,US,183,,US0183,,,,,Y,Y,N,2,5,Y,THU,2,0,17,10,0,9,4,100,75,48,6,1,1,2,17,1,2,10,2,0,0,2,14,5108,2014,5108,1.7,14.4,16,,,,,,,,,,,,,,,,,,,,,,,,,,,0,2,0,4,0,2,0,,,,
13542180,N,N,N,N,N,N,N,10/25/2013,7:11 PM,13092169,,43,162,N,Y,33.1502,-96.818,19,,,1,7700,,MAIN,ST,N,N,35,N,N,,N,19,,,,9100,,DOGWOOD,ST,,,,,9100 DOGWOOD ST,,11,4,0,,2,1,11,7:12 PM,DISPATCHED,7:13 PM,10/25/2013,Y,TX0430400,1331,,,,8,2,4,22,64,42,1,5,1,21,21,43,162,33.14980976,-96.81768892,,,,,MAIN ST,,,,,,,,,,,,,,,Y,N,N,5,8,Y,FRI,,,,,,,,,,,,,,,,,,,,,,,,,,,,,,,,,,,,,,,,,,,,,,,,,,,,,,,,0,0,0,6,0,0,0,282,,,
13542275,N,N,N,N,N,N,N,11/1/2013,2:57 PM,131101-007,,101,430,N,Y,,,4,2920,,1,11200,E,11200 MAIN ST,ST,N,N,50,N,N,,N,4,2978,,1,23300,,HUFSMITH KHORVILLE,RD,,,,,,,11,1,0,3,1,1,1,2:57 PM,DISPATCH,3:02 PM,11/1/2013,Y,TX1012300,2286,30,26,41,8,2,3,10,64,14,1,3,1,32,21,101,430,30.09971984,-95.59503315,FM,2920,,20.484,FM2920,11170,2941,2,9.291,666,0.728,,,,,,,,,Y,Y,N,3,5,Y,FRI,2,0,8,8,0,3,4,120,78,62,2,0,0,2,8,5,2,8,5,0,0,4,14,22423,2014,22423,1.4,1.7,3.1,,,,,,,,,,,,,,,,,,,,,,,,,,,0,0,1,2,0,1,0,15,,,
13542316,N,N,N,N,Y,N,N,11/1/2013,3:19 PM,13RP036343,,70,355,N,Y,,,4,664,,1,100,W,OVILLA,RD,N,N,45,N,N,FM 664,N,,,,,,,NOT REPORTED,,400,F,E,ROAD,RYAN DR,,11,1,0,,1,1,20,3:19 PM,DISPATCHED,3:22 PM,11/2/2013,Y,TX0700800,1993,,8,11,8,2,3,34,64,13,1,3,1,32,21,70,355,,,FM,664,,,FM0664,,,,,,,,,,,,,,,Y,Y,N,3,5,N,FRI,,,,,,,,,,,,,,,,,,,,,,,,,,,,,,,,,,,,,,,,,,,,,,,,,,,,,,,,0,0,1,1,0,1,0,,,,
13542850,N,N,N,N,N,N,N,11/9/2013,1:30 PM,133130940,,227,22,N,N,30.33198,-97.70436,1,35,I,1,7200,,NOT REPORTED,HWY,N,N,70,N,N,,N,19,,,,700,E,ST JOHNS,AVE,,,,,,,11,1,0,2,2,1,20,1:30 PM,DISPATCH,1:30 PM,11/9/2013,Y,TX2270100,74,,121,95,8,2,4,20,64,42,1,1,1,21,21,227,22,30.3259645,-97.70624272,IH,35,,238.614,IH0035,,15,13,22.194,239,0.158,,,,,,,,,N,Y,N,5,9,Y,SAT,5,0,4,10,32,2,8,300,124,96,4,0,0,2,8,5,2,20,5,2,24,4,11,179906,2014,179906,3.3,9.4,12.7,,,,,,,,,,,,,,,,,,,,,,,,,,,0,0,0,5,0,0,0,90,,,
13542932,N,N,N,N,N,N,N,11/5/2013,1:26 PM,,,50,1615,Y,Y,31.43483,-97.79287,2,84,,1,,,NOT REPORTED,,N,N,75,N,N,,N,4,116,,,,,NOT REPORTED,,,,,,,,12,1,0,1,1,1,12,1:33 PM,CORYELL CO COMM,1:54 PM,11/6/2013,Y,,10000,8,119,1,8,2,4,22,64,52,1,2,1,21,21,50,1615,31.43821717,-97.80766911,US,84,,389.73,US0084,,55,4,5.682,642,0.569,,,,,,,,,Y,Y,Y,2,0,Y,TUE,2,0,8,8,0,2,2,100,38,22,2,0,0,2,8,5,2,8,5,0,0,1,6,3283,2014,3283,3.5,8,11.4,,,,,,,,,,,,,,,,,,,,,,,,,,,0,1,2,0,0,3,0,,,,
13542996,N,N,N,N,N,N,N,11/1/2013,8:00 AM,,,50,1615,Y,Y,31.29403,-97.51753,3,236,,1,,,NOT REPORTED,,N,N,70,N,N,,N,3,36,,,,,NOT REPORTED,,,,,,,,11,1,0,1,3,1,11,8:07 AM,CORYELL COUNTY S.O.,8:47 AM,11/1/2013,Y,,10000,8,119,1,8,2,3,10,1,14,1,2,1,32,21,50,1615,31.293277,-97.51791866,SH,236,,5.755,SH0236,5344,513,1,5.8,372,-0.182,,,,,,,,,Y,Y,Y,1,0,Y,FRI,2,0,3,3,0,2,2,100,28,22,2,0,0,3,3,5,3,3,5,0,0,1,7,388,2014,388,2,10,11.9,,,,,,,,,,,,,,,,,,,,,,,,,,,2,0,0,0,0,2,0,,,,
13543114,N,N,N,N,N,N,N,11/11/2013,12:35 PM,288212A,,57,107,N,Y,,,1,635,,1,7500,,LYNDON B JOHNSON,FWY,N,N,60,Y,Y,,N,19,,,,13000,,COIT,RD,,,,,,,11,1,0,2,2,1,1,1:10 PM,DISPATCHED,1:14 PM,11/11/2013,N,TX0000006,2471,,,59,8,2,2,21,64,49,1,1,1,21,21,57,107,32.92416329,-96.77785499,IH,635,,20.592,IH0635,,2374,1,7.068,20,0.016,,,,COIT RD,,,,,Y,Y,N,5,9,Y,MON,5,1,2,10,12,2,8,800,140,88,5,0,0,2,4,5,2,20,5,2,8,4,11,203189,2014,203189,5.2,8.7,14,,,,,,,,,,,,,,,,,,,,,,,,,,,0,0,0,2,1,0,0,282,,,
13543130,N,N,N,N,N,N,N,11/6/2013,5:16 PM,13-6873,,79,413,N,Y,,,17,,,7,12565,W,AIRPORT,,N,N,-1,N,N,HAM LET PARKING LOT,N,19,,,,12500,,DAIRY ASHFORD,,,,,,,,11,1,0,,1,1,1,5:17 PM,POLICE DISPATCH,5:28 PM,11/6/2013,Y,TX0790500,2189,,,35,8,2,3,25,64,14,1,5,1,32,21,79,413,29.64589249,-95.60569748,,,,,W AIRPORT BLVD,12739,,,,,,,,,,,,,,Y,N,N,5,7,Y,WED,,,,,,,,,,,,,,,,,,,,,,,,,,,,,,,,,,,,,,,,,,,,,,,,,,,,,,,,0,0,0,2,0,0,0,15,,,
13543379,N,N,N,N,N,N,N,11/8/2013,9:31 AM,13-28458,,227,22,N,Y,,,4,620,,1,11200,N,NOT REPORTED,,N,N,60,N,N,,N,19,,,,,,FOUNDATION,RD,,,,,,,12,1,2,1,1,1,11,9:31 AM,DISPATCHED,9:42 AM,11/12/2013,Y,TX2270000,2292,,29,208,8,2,4,20,64,42,1,3,1,21,21,227,1792,30.44970019,-97.83012565,RM,620,,16.521,RM0620,,683,2,16.555,542,-0.356,,,,,,,,,Y,Y,Y,5,0,Y,FRI,2,0,0,0,0,2,2,120,24,24,4,0,0,1,0,0,1,0,0,0,0,4,14,34766,2014,34766,1.3,1.7,3,,,,,,,,,,,,,,,,,,,,,,,,,,,0,0,0,2,0,0,0,90,,,
13543662,N,N,N,N,N,N,N,11/12/2013,7:00 PM,P133160603,,79,1644,Y,Y,,,19,,,1,,,WESTHEIMER,PKWY,N,N,35,N,N,,Y,19,,,1,,,ROSENER,RD,,,,,,,11,3,2,,1,1,8,7:05 PM,DISPATCH,7:20 PM,11/12/2013,Y,TX0790000,1312,,,35,8,2,1,14,64,54,1,5,1,14,21,79,1644,29.75305482,-95.80187298,,,,,WESTHEIMER PKWY,,,,,,,,,,ROESNER RD,,,,,Y,N,Y,5,0,Y,TUE,,,,,,,,,,,,,,,,,,,,,,,,,,,,,,,,,,,,,,,,,,,,,,,,,,,,,,,,0,0,0,3,0,0,0,15,,,
13543898,N,N,N,N,N,N,N,10/27/2013,10:50 AM,130148839,1029270,101,1666,Y,Y,,,1,45,,2,16600,,NORTH,FWY,N,N,50,N,N,,Y,15,,,1,15,W,RICHEY,RD,,,,,,,12,1,4,2,1,2,5,11:03 AM,DISPATCHED,11:19 AM,10/27/2013,Y,TX1010000,1419,205,33,5,8,2,1,10,64,54,2,1,1,21,21,101,1666,29.99788017,-95.42547782,IH,45,,64.963,IH0045,,110,5,40.993,65,-0.049,,,,RICHEY RD,,,,,Y,Y,Y,5,0,Y,SUN,5,1,10,12,40,8,10,300,192,120,5,0,0,2,20,5,2,24,5,2,20,4,11,247047,2014,247047,5.5,4.6,10.1,,,,,,,,,,,,,,,,,,,,,,,,,,,0,0,0,2,0,0,0,15,,,
13544180,N,N,N,N,N,N,N,11/4/2013,8:19 PM,13-200609,,43,336,N,N,,,19,,,7,1936,,SPARROWS POINT,DR,N,N,10,N,N,ALLEY,N,19,,,,,,COUNTRY PLACE,DR,,,,,,,2,4,98,,7,2,1,8:30 PM,DISPATCHED,8:40 PM,11/4/2013,Y,TX0430060,1938,,,125,8,7,3,4,36,14,7,7,5,32,11,43,336,33.05247612,-96.73077199,,,,,SPARROWS POINT DR,1936,,,,,,,,,,,,,,N,N,N,5,9,Y,MON,,,,,,,,,,,,,,,,,,,,,,,,,,,,,,,,,,,,,,,,,,,,,,,,,,,,,,,,0,0,0,1,0,0,0,282,,,
13544280,N,N,N,N,N,N,N,10/25/2013,7:00 PM,130148073,3501457,101,1666,Y,Y,,,19,,,1,17200,,HUFSMITH KOHRVILLE,RD,N,N,40,N,N,,N,19,,,,10700,,SPRING CYPRESS,RD,,,,,,,11,4,0,,1,1,20,7:01 PM,ON SIGHT,7:01 PM,10/25/2013,Y,TX1014900,2744,250,5,6,8,2,4,20,64,54,1,4,1,21,21,101,1666,30.01166416,-95.58559674,,,,,HUFSMITH KOHRVILLE RD,16750,,,,,,,,,,,,,,Y,N,Y,5,0,Y,FRI,,,,,,,,,,,,,,,,,,,,,,,,,,,,,,,,,,,,,,,,,,,,,,,,,,,,,,,,0,0,0,3,0,0,0,15,,,
13544386,N,N,N,N,N,N,N,10/15/2013,5:33 PM,170148,,232,437,N,N,,,19,,,1,400,E,SABINAL,ST,N,N,30,N,N,BLACK TOP,Y,2,83,,1,1500,N,GETTY,ST,,,,,BLACK TOP,,11,1,4,3,1,1,8,5:34 PM,DISPATCHER,5:37 PM,10/15/2013,Y,TX2320100,2348,,,35,8,2,2,22,64,38,1,2,1,21,21,232,437,29.22797312,-99.79368885,US,83,,556.349,US0083,1498,36,8,31.53,582,-0.563,,,,E SABINAL ST,,,,,N,Y,N,5,5,Y,TUE,2,0,8,8,0,2,4,90,66,50,4,2,2,2,8,5,2,8,5,0,0,2,14,9329,2014,9329,2.5,20.7,23.3,,,,,,,,,,,,,,,,,,,,,,,,,,,0,0,0,2,0,0,0,,,,
13544526,N,N,N,N,N,N,N,11/7/2013,4:14 PM,2013-04744,,43,7,N,Y,33.12193,-96.66116,19,,,1,100,,CABELA,DR,N,N,30,N,N,,N,19,,,1,1400,,ANDREWS,PKWY,,,,,,,11,1,4,,2,1,20,4:14 PM,APD DISPATCH,4:26 PM,11/7/2013,Y,TX0430100,22,46,2,102,8,2,3,10,64,14,1,5,1,32,21,43,7,33.12295457,-96.66339023,,,,,CABELA DR,2,,,,,,,,,,,,,,Y,N,N,5,7,Y,THU,,,,,,,,,,,,,,,,,,,,,,,,,,,,,,,,,,,,,,,,,,,,,,,,,,,,,,,,0,0,0,3,0,0,0,282,,,
13544556,N,N,N,N,N,N,N,10/28/2013,3:57 PM,13-301238,,71,136,N,Y,31.78397,-106.37082,19,,,1,1400,,HAWKINS,BLVD,N,N,40,N,N,,Y,19,,,1,8800,,EL DORADO,,,,,,,,11,1,0,,1,1,5,3:59 PM,DISPATCHED,4:11 PM,10/28/2013,Y,TX0710200,1259,,,43,8,2,1,10,64,54,1,5,1,21,21,71,136,31.78777484,-106.3708104,,,,,HAWKINS BLVD,1500,,,,,,,,,EL DORADO DR,,,,,Y,N,N,3,9,Y,MON,,,,,,,,,,,,,,,,,,,,,,,,,,,,,,,,,,,,,,,,,,,,,,,,,,,,,,,,0,0,2,3,0,2,0,66,,,
13544642,N,Y,N,N,N,N,N,10/16/2013,10:58 AM,A201310190,,142,1707,Y,Y,28.48588,-98.97989,15,,,1,,W,IRVIN,RD,N,N,15,N,N,,N,15,,,1,,S,EL JARDIN,RD,,,,,,,12,1,0,,3,10,1,10:59 AM,LASALLE CO DISPATCH,11:32 AM,10/16/2013,Y,TX1420000,1615,,,,8,2,4,32,64,54,1,4,1,21,21,142,1707,,,,,,,W IRVIN RD,,,,,,,,,,,,,,,Y,N,Y,5,0,N,WED,,,,,,,,,,,,,,,,,,,,,,,,,,,,,,,,,,,,,,,,,,,,,,,,,,,,,,,,0,0,0,2,0,0,0,,,,
13544682,N,Y,N,N,N,N,N,10/18/2013,3:55 PM,1305644,,15,25,N,Y,,,19,,,1,4500,,FREDERICKSBURG,RD,N,N,40,N,N,N,N,19,,,,100,,CROSSROADS,BLVD,,,,,,,12,1,0,3,1,1,20,3:55 PM,DISPATCHED,3:55 PM,10/18/2013,Y,TX0150200,80,,,,8,2,3,14,64,14,1,2,1,32,21,15,25,29.48962414,-98.55096718,SL,345,,4.812,SL0345,4506,72,8,26.271,494,0.779,,,,,,,,,Y,Y,Y,2,3,Y,FRI,2,0,17,17,0,2,4,120,96,62,4,2,2,2,17,4,2,17,4,0,0,4,14,26354,2014,26354,2.8,3.9,6.7,,,,,,,,,,,,,,,,,,,,,,,,,,,0,1,2,2,0,3,0,28,,,
13544796,N,N,N,N,N,N,N,10/19/2013,5:01 PM,13-05144,,101,111,N,Y,,,19,,,1,4000,,CENTER,ST,N,N,40,N,N,,Y,19,,,1,2800,,PICKERTON,DR,,,,,,,11,1,2,,1,1,1,5:03 PM,POLICE RADIO,5:04 PM,10/19/2013,Y,TX1010400,1190,,,,8,7,2,1,29,54,1,5,4,21,21,101,111,29.67571481,-95.12323316,,,,,CENTER ST,,,,,,,,,,PICKERTON DR,,,,,Y,N,N,5,6,Y,SAT,,,,,,,,,,,,,,,,,,,,,,,,,,,,,,,,,,,,,,,,,,,,,,,,,,,,,,,,0,0,0,2,0,0,0,15,,,
13544897,N,N,N,N,N,N,N,10/29/2013,11:16 PM,13-303001,,71,136,N,N,31.75804,-106.35587,19,,,1,7800,N,GATEWAY EAST,BLVD,N,N,45,N,N,,N,19,,,1,1200,,GILES,RD,,,,,,,11,4,5,2,1,1,1,11:42 PM,IN PERSON,11:50 PM,10/29/2013,N,TX0710200,1259,,,160,8,2,2,22,64,38,1,1,1,21,21,71,136,31.75897937,-106.3555979,IH,10,,28.143,IH0010,,2121,3,28.92,28,0.175,,,,GILES RD,,,,,N,Y,N,5,9,Y,TUE,5,0,10,10,43,2,7,300,124,84,4,0,1,2,20,5,2,20,5,,23,4,11,131071,2014,131071,2.3,5.2,7.5,,,,,,,,,,,,,,,,,,,,,,,,,,,0,0,0,1,1,0,0,66,,,
13545089,N,N,N,N,N,N,N,10/25/2013,7:30 AM,130147756,3504981,101,1666,Y,N,,,12,,,1,8000,W,BELTWAY 8 N,,N,Y,65,N,N,,N,19,,,,,W,LITTLE YORK,RD,,,,,,,11,1,0,,1,1,11,7:37 AM,DISPATCHED,7:37 AM,10/25/2013,Y,TX1014900,2744,66,5,6,8,2,4,21,64,9,1,6,1,21,21,101,208,29.87156205,-95.56399043,,,,,W BELT DR N,6896,,,,,,,,,,,,,,N,N,N,5,9,Y,FRI,,,,,,,,,,,,,,,,,,,,,,,,,,,,,,,,,,,,,,,,,,,,,,,,,,,,,,,,0,0,0,2,0,0,0,15,,,
13545198,N,N,N,N,N,N,N,10/17/2013,8:37 PM,130144060,3505460,101,1666,Y,N,,,19,,,1,27500,,CYPRESSWOOD,DR,N,N,45,N,N,,N,19,,,,22100,,ALDINE WESTFIELD,,,,,,,,11,3,2,,1,1,20,8:38 PM,DISPATCHED,8:45 PM,10/17/2013,Y,TX1014900,2744,89,5,6,8,2,4,20,64,54,1,4,1,21,21,101,1666,30.06621998,-95.40555052,,,,,CYPRESSWOOD DR,,,,,,,,,,,,,,,N,N,Y,5,0,Y,THU,,,,,,,,,,,,,,,,,,,,,,,,,,,,,,,,,,,,,,,,,,,,,,,,,,,,,,,,0,0,0,2,0,0,0,15,,,
13545266,N,N,N,N,N,N,N,10/25/2013,3:11 PM,13-18810,,92,268,N,Y,,,11,281,,1,400,W,LOOP 281,,N,N,45,N,N,,N,14,63,,,,,MCCANN,RD,,,,,,,11,1,0,2,2,1,20,3:14 PM,DISPATCHED,3:25 PM,10/25/2013,N,920500,1691,,49,16,8,2,4,21,64,9,1,2,1,21,21,92,268,32.54123966,-94.75456915,SL,281,,10.399,SL0281,401,2642,1,3.429,718,0.393,,,,,,,,,Y,Y,N,5,7,Y,FRI,3,0,0,10,16,2,6,300,94,72,4,2,2,1,0,0,2,20,5,1,16,3,14,21399,2014,21399,3.3,6.2,9.6,,,,,,,,,,,,,,,,,,,,,,,,,,,0,0,0,1,1,0,0,361,,,
13545277,N,N,N,N,N,N,N,10/30/2013,4:15 PM,13001918,,14,424,N,Y,,,19,,,7,2701,,IRA YOUNG,DR,N,N,30,N,N,,Y,17,,,7,2701,,IRA YOUNG,,,,,,,,12,1,2,,1,2,20,4:15 PM,DISPATCH,4:31 PM,10/30/2013,Y,TX0140700,2221,,,169,8,7,3,3,33,13,1,5,2,32,21,14,424,31.0885246,-97.37767252,,,,,IRA YOUNG DR,2701,,,,,,,,,,,,,,Y,N,N,5,7,Y,WED,,,,,,,,,,,,,,,,,,,,,,,,,,,,,,,,,,,,,,,,,,,,,,,,,,,,,,,,0,0,0,1,0,0,0,277,,,
13545959,N,N,N,N,N,N,N,11/12/2013,6:10 PM,,,89,1654,Y,Y,29.4984,-97.5242,13,90,,1,,,NOT REPORTED,,N,N,70,N,N,,N,15,,,,,,CREEKWOOD,DR,,,,,,,12,3,0,1,1,1,20,6:13 PM,GONZALES CO. S.O.,6:20 PM,11/12/2013,Y,,10000,16,92,1,8,6,4,1,64,54,1,2,1,21,21,89,1654,29.50171482,-97.51644248,UA,90,,30.479,UA0090,3673,25,6,13.268,552,-0.768,,,,,,,,,Y,Y,Y,5,0,Y,TUE,2,0,8,8,0,2,2,160,40,24,4,0,0,2,8,5,2,8,5,0,0,1,6,3522,2014,3522,12.8,11.6,24.4,,,,,,,,,,,,,,,,,,,,,,,,,,,0,0,0,1,0,0,0,,,,