Crash_ID,Crash_Fatal_Fl,Cmv_Involv_Fl,Schl_Bus_Fl,Rr_Relat_Fl,Medical_Advisory_Fl,Amend_Supp_Fl,Active_School_Zone_Fl,Crash_Date,Crash_Time,Case_ID,Local_Use,Rpt_CRIS_Cnty_ID,Rpt_City_ID,Rpt_Outside_City_Limit_Fl,Thousand_Damage_Fl,Rpt_Latitude,Rpt_Longitude,Rpt_Rdwy_Sys_ID,Rpt_Hwy_Num,Rpt_Hwy_Sfx,Rpt_Road_Part_ID,Rpt_Block_Num,Rpt_Street_Pfx,Rpt_Street_Name,Rpt_Street_Sfx,Private_Dr_Fl,Toll_Road_Fl,Crash_Speed_Limit,Road_Constr_Zone_Fl,Road_Constr_Zone_Wrkr_Fl,Rpt_Street_Desc,At_Intrsct_Fl,Rpt_Sec_Rdwy_Sys_ID,Rpt_Sec_Hwy_Num,Rpt_Sec_Hwy_Sfx,Rpt_Sec_Road_Part_ID,Rpt_Sec_Block_Num,Rpt_Sec_Street_Pfx,Rpt_Sec_Street_Name,Rpt_Sec_Street_Sfx,Rpt_Ref_Mark_Offset_Amt,Rpt_Ref_Mark_Dist_Uom,Rpt_Ref_Mark_Dir,Rpt_Ref_Mark_Nbr,Rpt_Sec_Street_Desc,Rpt_CrossingNumber,Wthr_Cond_ID,Light_Cond_ID,Entr_Road_ID,Road_Type_ID,Road_Algn_ID,Surf_Cond_ID,Traffic_Cntl_ID,Investigat_Notify_Time,Investigat_Notify_Meth,Investigat_Arrv_Time,Report_Date,Investigat_Comp_Fl,ORI_Number,Investigat_Agency_ID,Investigat_Area_ID,Investigat_District_ID,Investigat_Region_ID,Bridge_Detail_ID,Harm_Evnt_ID,Intrsct_Relat_ID,FHE_Collsn_ID,Obj_Struck_ID,Othr_Factr_ID,Road_Part_Adj_ID,Road_Cls_ID,Road_Relat_ID,Phys_Featr_1_ID,Phys_Featr_2_ID,Cnty_ID,City_ID,Latitude,Longitude,Hwy_Sys,Hwy_Nbr,Hwy_Sfx,Dfo,Street_Name,Street_Nbr,Control,Section,Milepoint,Ref_Mark_Nbr,Ref_Mark_Displ,Hwy_Sys_2,Hwy_Nbr_2,Hwy_Sfx_2,Street_Name_2,Street_Nbr_2,Control_2,Section_2,Milepoint_2,Txdot_Rptable_Fl,Onsys_Fl,Rural_Fl,Crash_Sev_ID,Pop_Group_ID,Located_Fl,Day_of_Week,Hwy_Dsgn_Lane_ID,Hwy_Dsgn_Hrt_ID,Hp_Shldr_Left,Hp_Shldr_Right,Hp_Median_Width,Base_Type_ID,Nbr_Of_Lane,Row_Width_Usual,Roadbed_Width,Surf_Width,Surf_Type_ID,Curb_Type_Left_ID,Curb_Type_Right_ID,Shldr_Type_Left_ID,Shldr_Width_Left,Shldr_Use_Left_ID,Shldr_Type_Right_ID,Shldr_Width_Right,Shldr_Use_Right_ID,Median_Type_ID,Median_Width,Rural_Urban_Type_ID,Func_Sys_ID,Adt_Curnt_Amt,Adt_Curnt_Year,Adt_Adj_Curnt_Amt,Pct_Single_Trk_Adt,Pct_Combo_Trk_Adt,Trk_Aadt_Pct,Curve_Type_ID,Curve_Lngth,Cd_Degr,Delta_Left_Right_ID,Dd_Degr,Feature_Crossed,Structure_Number,I_R_Min_Vert_Clear,Approach_Width,Bridge_Median_ID,Bridge_Loading_Type_ID,Bridge_Loading_In_1000_Lbs,Bridge_Srvc_Type_On_ID,Bridge_Srvc_Type_Under_ID,Culvert_Type_ID,Roadway_Width,Deck_Width,Bridge_Dir_Of_Traffic_ID,Bridge_Rte_Struct_Func_ID,Bridge_IR_Struct_Func_ID,CrossingNumber,RRCo,Poscrossing_ID,WDCode_ID,Standstop,Yield,Incap_Injry_Cnt,Nonincap_Injry_Cnt,Poss_Injry_Cnt,Non_Injry_Cnt,Unkn_Injry_Cnt,Tot_Injry_Cnt,Death_Cnt,MPO_ID,Investigat_Service_ID,Investigat_DA_ID,Investigator_Narrative
13557088,N,N,N,N,N,N,N,11/3/2013,6:24 AM,130060256,310,220,19,N,Y,,,1,20,,1,6000,W,NOT REPORTED,FWY,N,N,60,N,N,,N,19,,,,4600,,LITTLE,RD,,,,,,,11,4,0,2,1,1,11,6:24 AM,DISPATCHED,6:26 AM,11/3/2013,Y,TX2200100,59,,,303,8,7,4,1,39,54,1,1,4,21,21,220,19,32.67290587,-97.20125238,IH,20,,444.236,IH0020,,2374,5,3.3,445,0.144,,,,,,,,,Y,Y,N,1,9,Y,SUN,5,0,12,12,59,3,9,400,154,110,6,0,0,2,22,5,2,22,5,2,37,4,11,151620,2014,151620,2.3,6.3,8.5,,,,,,,,,,,,,,,,,,,,,,,,,,,1,0,0,0,0,1,0,282,,,
13557444,N,N,N,N,N,N,N,11/17/2013,6:50 PM,SAPD13253748,3170,15,379,N,Y,,,19,,,1,19010,,BLANCO,RD,N,N,50,N,N,,N,19,,,,1000,,LA COSTA,,,,,,,,11,4,0,2,1,1,1,7:00 PM,DISPATCH,7:05 PM,11/18/2013,Y,TXSPD0000,2473,,29,131,8,6,4,1,64,54,1,3,1,21,21,15,379,29.61784801,-98.5106171,FM,2696,,2.923,FM2696,18862,2708,1,11.362,486,-0.645,,,,,,,,,Y,Y,N,5,9,Y,SUN,3,0,0,6,19,2,4,120,60,48,2,0,0,1,0,0,2,12,3,1,19,4,14,36637,2014,36637,14.8,25.2,40,,,,,,,,,,,,,,,,,,,,,,,,,,,0,0,0,1,0,0,0,28,,,
13557609,N,N,N,N,N,N,N,11/19/2013,4:35 PM,295757A,,57,107,N,Y,,,19,,,1,1700,,INWOOD,RD,N,N,35,N,N,,N,19,,,,5500,,SOUTHWESTERN MEDICAL DISTRICT,,,,,,,,11,1,0,,1,1,20,4:55 PM,DISPATCHED,5:00 PM,11/19/2013,Y,TX0000006,2471,,,87,8,2,2,22,64,38,1,5,1,21,21,57,107,32.81378036,-96.84737238,,,,,INWOOD RD,,,,,,,,,,SOUTHWESTERN MEDICAL AVE,,,,,Y,N,N,3,9,Y,TUE,,,,,,,,,,,,,,,,,,,,,,,,,,,,,,,,,,,,,,,,,,,,,,,,,,,,,,,,0,0,3,0,0,3,0,282,,,
13557675,N,N,N,N,N,N,N,11/15/2013,11:10 PM,0143494613T,FSGI,101,208,N,Y,,,19,,,1,5900,,BENT BOUGH,LN,N,N,30,N,N,,Y,19,,,1,7500,,DEEP FOREST,,,,,,,,11,4,0,,4,1,20,11:47 PM,COMPLAINANT,11:47 PM,11/16/2013,Y,TXHPD0000,2469,18,152,59,8,2,2,23,64,54,1,5,1,21,21,101,208,29.87273478,-95.47563306,,,,,BENT BOUGH LN,5900,,,,,,,,,UNKNOWN,,,,,Y,N,N,5,9,Y,FRI,,,,,,,,,,,,,,,,,,,,,,,,,,,,,,,,,,,,,,,,,,,,,,,,,,,,,,,,0,0,0,1,1,0,0,15,,,
13557722,N,N,N,N,N,N,N,11/16/2013,10:00 PM,0143926713Y,FSGI,101,208,N,Y,,,19,,,1,12900,S,POST OAK,RD,N,N,40,N,N,,Y,19,,,1,5400,,ALLUM,RD,,,,,,,11,4,4,,1,1,5,10:27 PM,DISPATCH,10:30 PM,11/20/2013,Y,TXHPD0000,2469,24,125,40,8,2,1,34,64,54,1,5,1,21,21,101,208,29.64077482,-95.46362307,,,,,S POST OAK RD,12901,,,,,,,,,ALLUM RD,,,,,Y,N,N,5,9,Y,SAT,,,,,,,,,,,,,,,,,,,,,,,,,,,,,,,,,,,,,,,,,,,,,,,,,,,,,,,,0,0,0,3,0,0,0,15,,,
13557750,N,N,N,N,N,N,N,11/19/2013,10:45 AM,0144978413L,,101,208,N,Y,,,19,,,1,10100,,ALMEDA GENOA,RD,Y,N,5,N,N,,N,19,,,,,,ROWLETT,,,,,,,,12,1,0,,1,2,1,10:51 AM,HPD DISPATCHER,10:55 AM,11/19/2013,Y,TXHPD0000,2469,16,104,17,8,2,4,20,64,3,7,9,5,33,21,101,208,,,,,,,ALMEDA GENOA RD,,,,,,,,,,,,,,,N,N,N,5,9,N,TUE,,,,,,,,,,,,,,,,,,,,,,,,,,,,,,,,,,,,,,,,,,,,,,,,,,,,,,,,0,0,0,4,0,0,0,,,,
13557806,N,N,N,N,N,N,N,11/16/2013,10:34 AM,2013-95180,,108,283,N,Y,,,4,3461,,1,700,E,NOLANA,AVE,N,N,40,N,N,,N,4,2061,,,4000,N,MCCOLL,RD,,,,,,,11,1,0,3,1,1,5,10:50 AM,RADIO DISPATCHED,10:51 AM,11/16/2013,Y,TX1080800,1753,,,35,8,2,3,34,64,13,1,3,1,32,21,108,283,26.23721515,-98.20634607,FM,3461,,0.023,FM3461,718,1802,2,0.023,512,-0.024,,,,,,,,,Y,Y,N,2,8,Y,SAT,2,0,0,0,0,2,4,120,66,62,4,2,2,1,0,0,1,0,0,0,0,4,14,23486,2014,23486,2.8,1.4,4.2,,,,,,,,,,,,,,,,,,,,,,,,,,,0,1,0,1,0,1,0,230,,,
13557827,N,N,N,N,N,N,N,11/9/2013,10:08 AM,20134655,,27,60,N,Y,,,3,29,,1,400,E,POLK,ST,N,N,35,N,N,,Y,19,,,1,200,S,BOUNDRY,ST,,,,,,,11,1,4,,1,1,8,10:08 AM,RADIO,10:10 AM,11/9/2013,Y,TX0270100,187,,,,8,2,1,10,64,54,1,2,1,21,21,27,60,,,SH,29,,,SH0029,,,,,,,,,,S BOUNDRY ST,,,,,Y,Y,N,5,4,N,SAT,,,,,,,,,,,,,,,,,,,,,,,,,,,,,,,,,,,,,,,,,,,,,,,,,,,,,,,,0,0,0,2,0,0,0,,,,
13557886,N,N,N,N,N,N,N,11/16/2013,8:02 PM,,,208,1773,Y,Y,32.67558,-100.80763,2,84,,1,,,NOT REPORTED,,N,N,75,N,N,US 84 WEST BOUND,N,4,1673,,,,,NOT REPORTED,,,,,,,,11,3,0,2,1,1,20,8:02 PM,DISPATCHED,8:11 PM,11/18/2013,Y,,10000,19,1,1,8,6,4,1,64,54,1,2,1,21,21,208,1773,32.67557566,-100.807957,US,84,,159.949,US0084,,53,9,28.374,412,-0.123,,,,,,,,,Y,Y,Y,3,0,Y,SAT,3,0,5,10,39,2,4,200,77,48,4,0,0,2,9,5,2,20,5,3,30,1,2,10260,2014,10260,6.7,21.4,28.2,1,204,2,2,21,,,,,,,,,,,,,,,,,,,,,,0,0,1,3,0,1,0,,,,
13557938,N,N,N,N,N,N,N,11/19/2013,10:59 AM,2013147606,,57,67,N,Y,,,19,,,1,1900,N,INTERSTATE HIGHWAY 35E EAST SERVICE,RD,N,N,35,N,N,,Y,19,,,1,1600,,WHITLOCK,LN,,,,,,,11,1,2,2,1,1,9,10:59 AM,SELF NOTIFICATION,10:59 AM,11/19/2013,Y,TX0570400,214,,,170,8,2,2,22,64,42,1,1,1,21,21,57,67,32.96832362,-96.91948464,IH,35,E,73.566,IH0035E,,196,3,32.451,444,0.449,SH,190,,SH0190,,,,,Y,Y,N,5,8,Y,TUE,5,1,4,10,18,3,6,300,112,72,6,0,0,2,14,5,2,20,5,2,4,4,11,155050,2014,155050,3.2,6.1,9.3,,,,,,,,,,,,,,,,,,,,,,,,,,,0,0,0,3,0,0,0,282,,,
13557943,N,N,N,N,N,N,N,11/20/2013,9:34 PM,2.01E+11,,233,112,N,Y,,,2,90,,1,2200,,VETERANS,BLVD,N,N,35,N,N,,N,19,,,,100,,CHEVROLET,DR,,,,,,,11,4,2,2,1,1,5,9:34 PM,DROVE UP ON ACCIDENT,9:34 PM,11/20/2013,Y,TX2330100,1191,,,23,8,2,2,22,64,47,1,2,1,21,21,233,112,29.39149933,-100.9051709,US,90,,301.345,US0090,,22,10,72.139,418,0.088,,,,CHEVROLET DR,,,,,Y,Y,N,5,6,Y,WED,3,0,9,9,49,2,4,207,80,48,4,0,0,2,13,5,2,19,5,3,36,2,14,20209,2014,20209,3.3,11.3,14.7,,,,,,,,,,,,,,,,,,,,,,,,,,,0,0,0,4,0,0,0,,,,
13557959,N,N,N,N,N,N,N,11/18/2013,12:03 PM,2013-4867,,50,95,N,Y,,,2,190,,1,900,W,NOT REPORTED,HWY,N,N,55,N,N,,N,19,,,,800,,PECAN COVE,DR,,,,,,,12,1,0,3,2,1,20,12:04 PM,DISPATCHED,12:11 PM,11/18/2013,Y,TX0500100,1112,,,35,8,2,3,14,64,14,1,2,1,32,21,50,95,31.106965,-97.91700804,US,190,,273.196,US0190,,231,2,1.825,554,0.856,,,,,,,,,Y,Y,N,1,6,Y,MON,2,0,4,4,0,2,4,160,70,62,4,0,0,2,4,5,2,4,5,0,0,4,14,15629,2014,15629,5,2.6,7.6,1,297,0,1,7,,,,,,,,,,,,,,,,,,,,,,1,0,1,0,0,2,0,277,,,
13557996,N,Y,N,N,N,N,N,11/14/2013,12:02 PM,201308492,David District,11,27,N,Y,,,19,,,1,700,,WATER,ST,N,N,35,N,N,LOCAL RD,Y,19,,,1,600,,AUSTIN,ST,,,,,LOCAL,,11,1,4,,1,1,8,12:02 PM,DISPATCHED,12:07 PM,11/18/2013,Y,TX0110100,91,,,35,8,7,2,2,30,3,1,5,2,21,21,11,27,30.1072748,-97.31869258,,,,,WATER ST,699,,,,,,,,,AUSTIN ST,,,,,Y,N,N,5,4,Y,THU,,,,,,,,,,,,,,,,,,,,,,,,,,,,,,,,,,,,,,,,,,,,,,,,,,,,,,,,0,0,0,1,0,0,0,90,,,
13558138,N,N,N,N,N,N,N,11/13/2013,5:25 PM,1300077114,,220,141,N,Y,,,3,121,,2,2900,,NOT REPORTED,,N,N,50,N,N,,N,19,,,,1000,W,GLADE,RD,,,,,,,11,1,0,2,1,1,20,5:27 PM,RADIO DISPATCHED,5:35 PM,11/13/2013,Y,TX2200900,1279,,189,24,8,2,3,23,64,13,2,2,1,32,21,220,141,32.88087797,-97.09925813,SH,121,,80.836,SH0121,,364,1,11.857,288,0.546,,,,,,,,,Y,Y,N,5,7,Y,WED,5,0,10,10,60,3,6,450,112,72,5,0,0,2,20,5,2,20,5,2,40,4,12,105188,2014,105188,3.2,3.5,6.7,,,,,,,,,,,,,,,,,,,,,,,,,,,0,0,0,1,1,0,0,282,,,
13558176,N,N,N,N,N,N,N,11/15/2013,8:17 PM,13112114,,31,53,N,Y,,,4,1419,,1,4300,,SOUTHMOST,BLVD,N,N,30,N,N,,Y,19,,,1,1700,,ALTAS PALMAS,ST,,,,,,,11,1,2,,1,1,20,8:27 PM,RADIO,8:33 PM,11/15/2013,Y,TX0310100,172,,125,65,8,2,1,35,64,36,1,3,1,21,21,31,53,,,FM,1419,,,FM1419,,,,,,,,,,ALTAS PALMAS ST,,,,,Y,Y,N,5,8,N,FRI,,,,,,,,,,,,,,,,,,,,,,,,,,,,,,,,,,,,,,,,,,,,,,,,,,,,,,,,0,0,0,3,1,0,0,,,,
13558318,Y,N,N,N,N,Y,N,11/12/2013,3:26 PM,12 ROOK,,102,1667,Y,Y,32.46605,-94.3563,2,59,,1,,,NOT REPORTED,,N,N,75,N,N,,Y,15,3022,,1,,,LIBERTY CHURCH ROAD,,,,,,,,11,1,4,2,1,1,8,3:26 PM,HCSO DISPATCH,3:36 PM,5/30/2014,Y,TXDPS3100,10000,22,28,1,8,2,1,10,4,54,1,2,1,21,21,102,1667,32.46605431,-94.35603733,US,59,,85.322,US0059,,63,1,17.212,290,-0.693,IH,20,,IH0020,,,,,Y,Y,Y,4,0,Y,TUE,3,0,4,10,23,2,4,240,76,48,3,0,0,2,8,5,2,20,5,3,15,1,2,10853,2014,10853,4.9,20.2,25.1,1,165,0,1,2,,,,,,,,,,,,,,,,,,,,,,0,0,0,2,0,0,1,,,,
13558544,N,N,N,N,N,N,N,11/9/2013,10:50 PM,,,121,1686,Y,Y,30.86935,-93.98045,2,96,,1,,,NOT REPORTED,,N,N,75,N,N,,N,15,301,,,,,NOT REPORTED,,,,,,,,11,3,0,3,1,1,20,10:52 PM,LUFKIN DPS,11:05 PM,11/11/2013,Y,,10000,15,58,1,8,6,4,1,64,54,1,2,1,21,21,121,1686,30.86853083,-93.97993639,US,96,,79.012,US0096,,65,1,3.705,398,-0.624,,,,,,,,,Y,Y,Y,5,0,Y,SAT,2,0,8,8,0,2,4,210,68,48,4,0,0,2,8,5,2,8,5,0,0,1,2,7697,2014,7697,5.4,21.7,27.1,,,,,,,,,,,,,,,,,,,,,,,,,,,0,0,0,1,0,0,0,,,,
13558624,N,N,N,N,N,N,N,11/19/2013,6:45 PM,SAPD13255419,2330,15,379,N,N,,,1,10,,1,1400,,IH 10 W,,N,N,60,N,N,BLACKTOP,N,19,,,,1400,N,COLORADO,ST,,,,,BLACKTOP,,12,4,0,,2,1,11,7:10 PM,DISPATCHED,7:17 PM,11/19/2013,Y,TXSPD0000,2473,,3,122,8,2,4,22,64,42,1,1,1,21,21,15,379,,,IH,10,,,IH0010,,,,,,,,,,,,,,,N,Y,N,5,9,N,TUE,,,,,,,,,,,,,,,,,,,,,,,,,,,,,,,,,,,,,,,,,,,,,,,,,,,,,,,,0,0,0,5,0,0,0,,,,
13558706,N,N,N,N,N,N,N,11/3/2013,1:13 PM,133071058,,227,22,N,Y,,,19,,,1,3300,,PARKER,LN,N,N,35,N,N,,N,19,,,,1800,,WOODWARD ST,ST,,,,,,,11,1,0,,2,1,11,1:29 PM,DISPATCH,1:50 PM,11/3/2013,Y,TX2270100,74,1045,98,129,8,2,4,20,64,40,1,5,1,21,21,227,22,30.22057346,-97.7424137,,,,,PARKER LN,3406,,,,,,,,,,,,,,Y,N,N,3,9,Y,SUN,,,,,,,,,,,,,,,,,,,,,,,,,,,,,,,,,,,,,,,,,,,,,,,,,,,,,,,,0,0,4,0,0,4,0,90,,,
13558716,N,N,N,N,N,N,N,11/20/2013,3:30 PM,296541A,,57,107,N,Y,,,1,635,,1,3700,,LYNDON B JOHNSON,FWY,N,N,60,Y,Y,,N,19,,R,,12300,,MARSH,LN,,,,,,,11,1,0,2,1,1,20,4:50 PM,DISPATCHED,5:25 PM,11/20/2013,Y,TX0000006,2471,,,87,8,2,4,21,39,49,1,1,4,21,21,57,107,32.91817027,-96.85564806,IH,635,,25.232,IH0635,,2374,1,11.799,25,-0.304,,,,,,,,,Y,Y,N,3,9,Y,WED,5,1,2,10,12,2,8,800,140,88,5,0,0,2,4,5,2,20,5,2,8,4,11,195906,2014,195906,5.2,8.7,14,1,506,1,1,26,,,,,,,,,,,,,,,,,,,,,,0,0,3,1,0,3,0,282,,,
13558774,N,N,N,N,N,N,N,11/19/2013,3:19 PM,130063248,510,220,19,N,Y,,,4,157,,1,4700,S,COOPER,,N,N,40,N,N,,N,19,,,,1700,W,BARDIN,RD,,,,,,,11,1,0,2,1,1,20,3:19 PM,DISPATCHED,3:27 PM,11/19/2013,Y,TX2200100,59,,,296,8,2,3,23,64,13,1,3,1,32,21,220,19,32.67063465,-97.1344425,FM,157,,15.058,FM0157,4691,747,4,19.753,276,0.998,,,,,,,,,Y,Y,N,3,9,Y,TUE,3,0,0,0,12,3,4,120,82,82,5,0,0,1,0,0,1,0,0,3,12,4,14,54996,2014,54996,2.3,0.6,2.9,,,,,,,,,,,,,,,,,,,,,,,,,,,0,0,1,1,0,1,0,282,,,
13559028,N,N,N,N,N,N,N,11/12/2013,10:34 AM,SAPD13249472,4230,15,379,N,Y,,,19,,,1,5100,,RIGSBY,AVE,N,N,40,N,N,,Y,1,410,,2,2000,SE,NOT REPORTED,LOOP,,,,,,,12,1,0,2,1,1,5,10:35 AM,DISPATCHER,10:40 AM,11/12/2013,Y,TXSPD0000,2473,,9,162,8,2,1,34,64,54,2,1,1,21,21,15,379,29.39825249,-98.38929749,IH,410,,36.202,IH0410,,521,6,35.953,36,-0.354,US,87,,US0087,,143,1,3.468,Y,Y,N,2,9,Y,TUE,5,0,4,10,55,2,4,300,76,48,2,0,0,2,14,5,2,14,5,3,41,4,11,65950,2014,65950,4.2,13.6,17.8,,,,,,,,,,,,,,,,,,,,,,,,,,,0,3,0,0,0,3,0,28,,,
13559096,N,N,N,N,N,N,N,11/18/2013,12:00 PM,0144570213L,,101,208,N,Y,,,19,,,7,12714,W,LAKE HOUSTON W,PKWY,Y,N,10,N,N,CONCRETE,N,19,,,,,,WOODSON PARK,DR,,,,,,,12,1,0,,7,1,1,12:09 PM,DISPATCHED,12:11 PM,11/21/2013,Y,TXHPD0000,2469,52,124,58,8,2,4,40,64,12,7,9,5,33,21,101,208,,,,,,,W LAKE HOUSTON W PKWY,,,,,,,,,,,,,,,N,N,N,5,9,N,MON,,,,,,,,,,,,,,,,,,,,,,,,,,,,,,,,,,,,,,,,,,,,,,,,,,,,,,,,0,0,0,2,0,0,0,,,,
13559199,N,N,N,N,N,N,N,11/16/2013,6:39 PM,13-10-009,,98,1663,Y,Y,36.2973,-101.40703,3,136,,1,,,NOT REPORTED,,N,N,75,N,N,,N,15,,,,,,O,,,,,,,,11,3,0,1,1,1,1,6:39 PM,DISPATCHED,6:44 PM,11/16/2013,Y,TX0980000,1489,,,,8,6,4,1,64,54,1,2,1,21,21,98,1663,36.29784522,-101.407101,SH,136,,16.422,SH0136,13794,791,1,26.589,28,0.044,,,,,,,,,Y,Y,Y,5,0,Y,SAT,2,0,10,10,0,2,2,100,44,24,4,0,0,2,10,5,2,10,5,0,0,1,7,466,2014,466,3.7,17.5,21.2,,,,,,,,,,,,,,,,,,,,,,,,,,,0,0,0,1,0,0,0,,,,
13559232,N,N,N,N,N,N,N,11/15/2013,2:45 PM,1311151019,,10,520,N,Y,,,19,,,1,1100,,CEDAR,ST,N,N,30,N,N,CEDAR STREET,N,3,16,,1,300,N,MAIN,ST,,,,,MAIN STREET,,11,1,0,,1,1,1,2:45 PM,BANDERA COUNTY DISPA,2:48 PM,11/15/2013,Y,TX0100700,84,,,,8,2,4,11,64,12,1,5,1,12,21,10,520,29.72505617,-99.07171001,,,,,CEDAR ST,1188,,,,,,,,,,,,,,Y,N,Y,5,1,Y,FRI,,,,,,,,,,,,,,,,,,,,,,,,,,,,,,,,,,,,,,,,,,,,,,,,,,,,,,,,0,0,0,2,0,0,0,,,,
13559253,N,N,N,N,Y,N,N,11/18/2013,10:01 AM,,,26,1591,Y,Y,30.37663,-96.56805,15,415,,1,,,NOT REPORTED,,N,N,65,N,N,,N,15,408,,,,,NOT REPORTED,,,,,,,,11,1,0,,4,1,10,10:02 AM,DISPATCHED,10:18 AM,11/18/2013,Y,TXDPS8600,10000,12,15,1,8,7,4,1,33,3,1,4,2,21,21,26,1591,30.37663535,-96.56812485,,,,,COUNTY ROAD 415,1251,,,,,,,,,,,,,,Y,N,Y,5,0,Y,MON,,,,,,,,,,,,,,,,,,,,,,,,,,,,,,,,,,,,,,,,,,,,,,,,,,,,,,,,0,0,0,1,0,0,0,,,,
13559375,N,N,N,N,N,N,N,11/16/2013,9:04 PM,13-013058,,21,85,N,Y,,,3,30,,1,200,,HARVEY,RD,N,N,40,N,N,,N,9,6,,,1700,S,TEXAS,AVE,,,,,,,12,4,2,3,1,1,20,9:05 PM,DISPATCH,9:17 PM,11/17/2013,Y,TX0210200,301,,,35,8,2,3,10,64,14,1,2,1,32,21,21,85,30.61602394,-96.31792546,SH,30,,0.086,SH0030,139,2446,1,0.087,622,0.059,,,,,,,,,Y,Y,N,5,7,Y,SAT,2,0,0,0,0,2,4,120,64,64,4,1,1,1,0,0,1,0,0,0,0,3,16,19398,2014,19398,2.4,6.6,9,,,,,,,,,,,,,,,,,,,,,,,,,,,0,0,0,4,0,0,0,249,,,
13559475,N,N,N,N,N,N,N,11/20/2013,10:54 AM,23281,,175,98,N,Y,,,19,,,1,701,S,MAIN,ST,Y,N,30,N,N,PARKING LOT OF K-WOOLENS BUILDING,Y,19,,,1,200,W,12TH,AVE,,,,,,,11,1,98,,1,1,1,10:54 AM,DISPATCH,11:00 AM,11/20/2013,Y,TX1750100,1119,,,35,8,7,4,1,33,3,7,9,5,33,21,175,98,,,,,,,S MAIN ST,,,,,,,,,,,,,,,N,N,N,5,5,N,WED,,,,,,,,,,,,,,,,,,,,,,,,,,,,,,,,,,,,,,,,,,,,,,,,,,,,,,,,0,0,0,1,0,0,0,,,,
13559540,N,N,N,N,N,N,N,11/13/2013,8:03 PM,2013-206326,,43,336,N,Y,,,19,,,1,,W,SPRING CREEK,PKWY,N,N,40,N,N,,Y,19,,,1,,,ALMA,DR,,,,,,,11,4,4,,1,1,5,8:03 PM,OBSERVED IT OCCUR,8:03 PM,11/13/2013,Y,TX0430600,1938,,,125,8,2,1,34,64,54,1,5,1,21,21,43,336,33.0563542,-96.71015258,,,,,W SPRING CREEK PKWY,,,,,,,,,,ALMA DR,,,,,Y,N,N,5,9,Y,WED,,,,,,,,,,,,,,,,,,,,,,,,,,,,,,,,,,,,,,,,,,,,,,,,,,,,,,,,0,0,0,2,0,0,0,282,,,
13559828,N,N,N,N,N,N,N,11/2/2013,10:11 AM,2013-10923,,71,646,N,Y,31.5873,-106.23087,4,1110,,1,100,S,CLINT SAN ELIZARIO,RD,N,N,45,N,N,,N,3,20,,1,13200,,ALAMEDA,AVE,,,,,,,11,1,0,1,1,1,1,10:11 AM,DISPATCHED,10:20 AM,11/2/2013,N,TX0710000,1260,,,,8,2,4,24,64,7,1,3,1,21,21,71,646,31.5866127,-106.2322235,FM,1110,,2.432,FM1110,,1281,1,7.506,32,0.486,,,,,,,,,Y,Y,Y,5,1,Y,SAT,2,0,3,3,0,9,2,50,30,24,6,0,0,2,3,5,2,3,5,0,0,4,17,8308,2014,8308,3.8,2.1,5.9,,,,,,,,,,,,,,,,,,,,,,,,,,,0,0,0,3,0,0,0,66,,,
13559913,N,N,N,N,N,N,N,11/17/2013,1:40 PM,,,36,1601,Y,Y,29.64857,-94.37227,3,124,,1,,,NOT REPORTED,,N,N,60,N,N,,N,,,,,,,NOT REPORTED,,0.5,M,S,490,,,11,1,0,1,1,1,20,1:44 PM,CHAMBERS CO. S.O.,1:58 PM,11/21/2013,N,,10000,16,35,1,8,10,4,1,1,54,1,2,2,21,21,36,1601,29.65876296,-94.37271022,SH,124,,34.049,SH0124,,367,1,9.386,490,0.5,,,,NOT REPORTED,,,,,Y,Y,Y,2,0,Y,SUN,2,0,10,10,0,2,2,100,44,24,4,0,0,2,10,5,2,10,5,0,0,1,2,3264,2014,3264,3.7,9.6,13.3,,,,,,,,,,,,,,,,,,,,,,,,,,,0,1,0,0,0,1,0,15,,,
13559985,N,N,N,N,N,N,N,11/3/2013,8:45 PM,133071653,,227,22,N,Y,,,19,,,1,6200,,SPRINGDALE RD,RD,N,N,35,N,N,,N,19,,,,6407,,SPRINGDALE,RD,,,,,,,11,4,0,,1,1,1,8:45 PM,DISPATCH,8:54 PM,11/3/2013,Y,TX2270100,74,,34,48,8,2,3,22,64,47,1,5,1,32,21,227,22,30.30493308,-97.67047004,,,,,SPRINGDALE RD,6200,,,,,,,,,,,,,,Y,N,N,2,9,Y,SUN,,,,,,,,,,,,,,,,,,,,,,,,,,,,,,,,,,,,,,,,,,,,,,,,,,,,,,,,0,1,0,2,1,1,0,90,,,
13560040,N,N,N,N,N,N,N,11/17/2013,12:34 PM,13-27862,,101,325,N,Y,,,19,,,1,3500,,STRAWBERRY,RD,N,N,40,N,N,,Y,19,,,1,1400,,VISTA,RD,,,,,,,12,1,4,,1,1,5,12:36 PM,DISPATCHED,12:42 PM,11/18/2013,Y,TX1011500,1912,,,112,8,2,1,34,64,54,1,5,1,21,21,101,325,29.65896482,-95.19239314,,,,,STRAWBERRY RD,,,,,,,,,,VISTA RD,,,,,Y,N,N,3,8,Y,SUN,,,,,,,,,,,,,,,,,,,,,,,,,,,,,,,,,,,,,,,,,,,,,,,,,,,,,,,,0,0,3,2,0,3,0,15,,,