Crash_ID,Crash_Fatal_Fl,Cmv_Involv_Fl,Schl_Bus_Fl,Rr_Relat_Fl,Medical_Advisory_Fl,Amend_Supp_Fl,Active_School_Zone_Fl,Crash_Date,Crash_Time,Case_ID,Local_Use,Rpt_CRIS_Cnty_ID,Rpt_City_ID,Rpt_Outside_City_Limit_Fl,Thousand_Damage_Fl,Rpt_Latitude,Rpt_Longitude,Rpt_Rdwy_Sys_ID,Rpt_Hwy_Num,Rpt_Hwy_Sfx,Rpt_Road_Part_ID,Rpt_Block_Num,Rpt_Street_Pfx,Rpt_Street_Name,Rpt_Street_Sfx,Private_Dr_Fl,Toll_Road_Fl,Crash_Speed_Limit,Road_Constr_Zone_Fl,Road_Constr_Zone_Wrkr_Fl,Rpt_Street_Desc,At_Intrsct_Fl,Rpt_Sec_Rdwy_Sys_ID,Rpt_Sec_Hwy_Num,Rpt_Sec_Hwy_Sfx,Rpt_Sec_Road_Part_ID,Rpt_Sec_Block_Num,Rpt_Sec_Street_Pfx,Rpt_Sec_Street_Name,Rpt_Sec_Street_Sfx,Rpt_Ref_Mark_Offset_Amt,Rpt_Ref_Mark_Dist_Uom,Rpt_Ref_Mark_Dir,Rpt_Ref_Mark_Nbr,Rpt_Sec_Street_Desc,Rpt_CrossingNumber,Wthr_Cond_ID,Light_Cond_ID,Entr_Road_ID,Road_Type_ID,Road_Algn_ID,Surf_Cond_ID,Traffic_Cntl_ID,Investigat_Notify_Time,Investigat_Notify_Meth,Investigat_Arrv_Time,Report_Date,Investigat_Comp_Fl,ORI_Number,Investigat_Agency_ID,Investigat_Area_ID,Investigat_District_ID,Investigat_Region_ID,Bridge_Detail_ID,Harm_Evnt_ID,Intrsct_Relat_ID,FHE_Collsn_ID,Obj_Struck_ID,Othr_Factr_ID,Road_Part_Adj_ID,Road_Cls_ID,Road_Relat_ID,Phys_Featr_1_ID,Phys_Featr_2_ID,Cnty_ID,City_ID,Latitude,Longitude,Hwy_Sys,Hwy_Nbr,Hwy_Sfx,Dfo,Street_Name,Street_Nbr,Control,Section,Milepoint,Ref_Mark_Nbr,Ref_Mark_Displ,Hwy_Sys_2,Hwy_Nbr_2,Hwy_Sfx_2,Street_Name_2,Street_Nbr_2,Control_2,Section_2,Milepoint_2,Txdot_Rptable_Fl,Onsys_Fl,Rural_Fl,Crash_Sev_ID,Pop_Group_ID,Located_Fl,Day_of_Week,Hwy_Dsgn_Lane_ID,Hwy_Dsgn_Hrt_ID,Hp_Shldr_Left,Hp_Shldr_Right,Hp_Median_Width,Base_Type_ID,Nbr_Of_Lane,Row_Width_Usual,Roadbed_Width,Surf_Width,Surf_Type_ID,Curb_Type_Left_ID,Curb_Type_Right_ID,Shldr_Type_Left_ID,Shldr_Width_Left,Shldr_Use_Left_ID,Shldr_Type_Right_ID,Shldr_Width_Right,Shldr_Use_Right_ID,Median_Type_ID,Median_Width,Rural_Urban_Type_ID,Func_Sys_ID,Adt_Curnt_Amt,Adt_Curnt_Year,Adt_Adj_Curnt_Amt,Pct_Single_Trk_Adt,Pct_Combo_Trk_Adt,Trk_Aadt_Pct,Curve_Type_ID,Curve_Lngth,Cd_Degr,Delta_Left_Right_ID,Dd_Degr,Feature_Crossed,Structure_Number,I_R_Min_Vert_Clear,Approach_Width,Bridge_Median_ID,Bridge_Loading_Type_ID,Bridge_Loading_In_1000_Lbs,Bridge_Srvc_Type_On_ID,Bridge_Srvc_Type_Under_ID,Culvert_Type_ID,Roadway_Width,Deck_Width,Bridge_Dir_Of_Traffic_ID,Bridge_Rte_Struct_Func_ID,Bridge_IR_Struct_Func_ID,CrossingNumber,RRCo,Poscrossing_ID,WDCode_ID,Standstop,Yield,Incap_Injry_Cnt,Nonincap_Injry_Cnt,Poss_Injry_Cnt,Non_Injry_Cnt,Unkn_Injry_Cnt,Tot_Injry_Cnt,Death_Cnt,MPO_ID,Investigat_Service_ID,Investigat_DA_ID,Investigator_Narrative
13560072,N,N,N,N,N,N,N,11/10/2013,1:34 PM,272269,,108,1673,Y,Y,26.25667,-98.13401999,15,,,1,,,TRENTON,RD,N,N,45,N,N,,N,15,,,,,,LOPEZ,ST,,,,,,,11,1,0,,1,1,1,1:39 PM,WESLACO DPS COMM.,1:57 PM,11/20/2013,Y,,10000,17,127,1,8,2,4,30,64,54,1,4,1,21,21,108,1673,26.25668683,-98.13467993,,,,,E TRENTON RD,3321,,,,,,,,,,,,,,Y,N,Y,5,0,Y,SUN,,,,,,,,,,,,,,,,,,,,,,,,,,,,,,,,,,,,,,,,,,,,,,,,,,,,,,,,0,0,0,9,0,0,0,230,,,
13560185,N,N,N,N,N,N,N,11/20/2013,4:51 PM,SAPD13256084,2350,15,379,N,Y,,,19,,,1,3400,W,COMMERCE,,N,N,30,N,N,,Y,19,,,1,100,NW,19TH,,,,,,,,11,1,0,,1,1,5,4:54 PM,DISPATCHED,4:59 PM,11/20/2013,Y,TXSPD0000,2473,,3,122,8,2,1,10,64,3,1,5,1,21,21,15,379,29.42898497,-98.5361223,,,,,W COMMERCE ST,3501,,,,,,,,,SW 19TH ST,,,,,Y,N,N,5,9,Y,WED,,,,,,,,,,,,,,,,,,,,,,,,,,,,,,,,,,,,,,,,,,,,,,,,,,,,,,,,0,0,0,2,0,0,0,28,,,
13560202,N,N,N,N,N,N,N,11/20/2013,3:28 PM,13-22587,,221,2,N,Y,,,19,,,1,1300,,WESTVIEW,DR,N,N,30,N,N,,N,19,,,,3200,,NORTH 14TH,ST,,,,,,,12,1,0,,1,1,1,3:58 PM,DISPATCHED,4:05 PM,11/21/2013,Y,TX2210100,10,,,113,8,4,3,4,64,14,1,5,1,32,21,221,2,32.4646143,-99.7610852,,,,,WESTVIEW DR,1333,,,,,,,,,,,,,,Y,N,N,5,8,Y,WED,,,,,,,,,,,,,,,,,,,,,,,,,,,,,,,,,,,,,,,,,,,,,,,,,,,,,,,,0,0,0,2,0,0,0,166,,,
13560227,N,N,N,N,N,N,N,11/17/2013,5:55 PM,,,212,1777,Y,Y,32.4686,-95.3847,1,20,,3,,,NOT REPORTED,,N,N,75,N,N,,N,2,69,,,,,NOT REPORTED,,,,,,,,11,3,0,2,3,1,9,5:58 PM,DPS COMMUNICATIONS,6:32 PM,11/17/2013,Y,TXDPS5500,10000,3,28,1,8,2,2,22,64,42,3,1,1,21,21,212,1777,32.46845141,-95.38721315,IH,20,,554.942,IH0020,,495,4,12.33,556,0.164,US,69,,US0069,,,,,Y,Y,Y,3,0,Y,SUN,5,0,6,10,44,2,4,300,80,48,4,0,0,2,12,5,2,20,5,2,32,2,11,27230,2014,27230,7.2,25.4,32.7,,,,,,,,,,,,,,,,,,,,,,,,,,,0,0,1,2,0,1,0,213,,,
13560361,N,N,N,N,N,N,N,11/13/2013,4:10 PM,0142458413F,,101,208,N,Y,,,19,,,1,6200,,BELLAIRE,BLVD,N,N,35,N,N,CITY STREET,Y,19,,,1,6900,,ASHCROFT,ST,,,,,,,11,1,4,,1,1,8,5:24 PM,HPD DISPATCH,5:32 PM,11/13/2013,Y,TXHPD0000,2469,16,125,55,8,2,1,10,64,54,1,5,1,21,21,101,208,29.70538482,-95.49087306,,,,,BELLAIRE BLVD,6221,,,,,,,,,ASHCROFT DR,,,,,Y,N,N,5,9,Y,WED,,,,,,,,,,,,,,,,,,,,,,,,,,,,,,,,,,,,,,,,,,,,,,,,,,,,,,,,0,0,0,3,0,0,0,15,,,
13560449,N,N,N,N,N,N,N,11/20/2013,10:46 AM,13012476,,61,114,N,N,,,19,,,1,,,CRESENT,,N,N,30,N,N,STRAIGHT AND LEVEL,Y,19,,,1,,,ALICE,,,,,,STRAIGHT AND LEVEL,,11,1,0,,1,1,8,11:18 AM,DISPATCH,11:23 AM,11/21/2013,Y,TX0610200,1196,,,411,8,5,1,1,64,3,1,5,1,21,21,61,114,33.22547418,-97.14014245,,,,,CRESCENT ST,798,,,,,,,,,ALICE ST,,,,,N,N,N,5,8,Y,WED,,,,,,,,,,,,,,,,,,,,,,,,,,,,,,,,,,,,,,,,,,,,,,,,,,,,,,,,0,0,0,2,0,0,0,282,,,
13560502,N,N,N,N,N,N,N,11/20/2013,3:10 PM,0145539213D,,101,208,N,Y,,,1,45,,1,7000,S,GULF,FWY,N,N,60,N,N,,N,19,,,,,,ARNIM,ST,,,,,,,11,1,0,,1,1,20,3:35 PM,DISPATCH,3:50 PM,11/20/2013,Y,TXHPD0000,2469,16,104,28,8,7,4,1,39,54,1,1,4,21,21,101,208,,,IH,45,,,IH0045,,,,,,,,,,,,,,,Y,Y,N,5,9,N,WED,,,,,,,,,,,,,,,,,,,,,,,,,,,,,,,,,,,,,,,,,,,,,,,,,,,,,,,,0,0,0,1,0,0,0,,,,
13560544,N,N,N,N,N,N,N,11/20/2013,10:00 PM,SAPD13256318,7330,15,379,N,Y,,,19,,,1,1400,,ROAD RUNNER WAY,,N,N,-1,N,N,,N,19,,,,,,HAUSMAN,,,,,,,,11,4,0,,5,1,1,9:42 PM,DISPATCH,9:46 PM,11/20/2013,Y,TXSPD0000,2473,,61,123,8,7,4,1,33,54,1,5,2,21,21,15,379,,,,,,,ROAD RUNNER WAY,,,,,,,,,,,,,,,Y,N,N,5,9,N,WED,,,,,,,,,,,,,,,,,,,,,,,,,,,,,,,,,,,,,,,,,,,,,,,,,,,,,,,,0,0,0,1,0,0,0,,,,
13560588,N,N,N,N,N,N,N,11/21/2013,6:30 PM,297595a,,57,107,N,Y,,,19,,,1,1300,W,MOCKINGBIRD,LN,N,N,35,N,N,,Y,19,,,1,7900,,BROOK RIVER,DR,,,,,,,12,4,0,,1,1,20,7:17 PM,DISPATCHED,7:31 PM,11/21/2013,Y,tx0000006,2471,,,87,8,2,1,34,64,54,1,5,1,21,21,57,107,32.82063425,-96.86680255,,,,,W MOCKINGBIRD LN,,,,,,,,,,BROOKRIVER DR,,,,,Y,N,N,5,9,Y,THU,,,,,,,,,,,,,,,,,,,,,,,,,,,,,,,,,,,,,,,,,,,,,,,,,,,,,,,,0,0,0,2,0,0,0,282,,,
13560653,N,N,N,N,N,N,N,11/17/2013,12:00 AM,1300016839,,205,17,N,N,,,19,,,7,600,W,CLEVELAND,,Y,N,-1,N,N,BACK PARKING LOT,N,19,,,,688,W,LOTT,AVE,,,,,,,11,4,0,,1,1,1,12:00 AM,OFFICER INITIATED,12:00 AM,11/17/2013,Y,TX0040100,53,,,35,8,4,4,4,64,3,7,9,5,33,21,205,17,,,,,,,W CLEVELAND,,,,,,,,,,,,,,,N,N,N,5,4,N,SUN,,,,,,,,,,,,,,,,,,,,,,,,,,,,,,,,,,,,,,,,,,,,,,,,,,,,,,,,0,0,0,1,0,0,0,,,,
13560708,N,N,N,N,N,N,N,11/13/2013,5:30 AM,0142242113A,,101,208,N,N,,,2,59,,2,7700,S,SOUTHWEST SER S,FWY,N,N,45,N,N,CONCRETE,N,19,,,,,,BEECHNUT,ST,,,,,,,11,5,0,,1,1,20,6:10 AM,DISPATCHED,6:10 AM,11/20/2013,Y,TXHPD0000,2469,24,125,55,8,2,4,20,64,54,2,2,1,21,21,101,208,,,US,59,,,US0059,,,,,,,,,,,,,,,Y,Y,N,3,9,N,WED,,,,,,,,,,,,,,,,,,,,,,,,,,,,,,,,,,,,,,,,,,,,,,,,,,,,,,,,0,0,1,1,0,1,0,,,,
13560710,N,N,N,N,N,N,N,11/20/2013,6:40 AM,0145331213D,,101,208,N,Y,,,1,45,,1,8700,S,GULF,FWY,N,N,60,N,N,S IH 45 MAIN LANES,N,19,,,,,,COLLEGE,AVE,,,,,,,11,1,0,,1,1,20,7:45 AM,ONVIEW,7:45 AM,11/20/2013,Y,TXHPD0000,2469,14,113,65,8,2,4,20,64,42,1,1,1,21,21,101,208,,,IH,45,,,IH0045,,,,,,,,,,,,,,,Y,Y,N,5,9,N,WED,,,,,,,,,,,,,,,,,,,,,,,,,,,,,,,,,,,,,,,,,,,,,,,,,,,,,,,,0,0,0,2,0,0,0,,,,
13560719,N,N,N,N,N,N,N,11/7/2013,10:27 AM,SAPD13245571,7340,15,379,N,Y,,,19,,,1,0,,HUEBNER,,N,N,-1,N,N,LOCAL ROAD,Y,19,,,1,0,,HUEBNER OAKS,,,,,,LOCAL ROAD,,12,1,0,,1,1,5,10:27 AM,DISPATCH,10:27 AM,11/7/2013,Y,TXSPD0000,2473,,61,123,8,2,1,10,64,3,1,5,1,21,21,15,379,29.54706144,-98.5762897,,,,,HUEBNER OAKS,11099,,,,,,,,,UNKNOWN,,,,,Y,N,N,3,9,Y,THU,,,,,,,,,,,,,,,,,,,,,,,,,,,,,,,,,,,,,,,,,,,,,,,,,,,,,,,,0,0,1,1,0,1,0,28,,,
13560756,N,N,N,N,N,N,N,10/19/2013,3:00 PM,SAPD13255697,5320,15,379,N,Y,,,17,,,7,6301,NW,LOOP 410,,Y,N,20,N,N,,N,19,,,,,,INGRAM,RD,,,,,,,11,1,4,,1,1,1,7:45 AM,DISPATCH,7:50 AM,11/20/2013,N,TXSPD0000,2473,,19,148,8,4,4,5,64,54,7,9,5,33,21,15,379,,,,,,,NW LOOP 410,,,,,,,,,,,,,,,N,N,N,0,9,N,SAT,,,,,,,,,,,,,,,,,,,,,,,,,,,,,,,,,,,,,,,,,,,,,,,,,,,,,,,,0,0,0,0,1,0,0,,,,
13560807,N,N,N,N,N,N,N,11/16/2013,7:30 PM,1300008987,,93,1658,Y,Y,,,4,1774,,1,22000,,FM 1774,,N,N,70,N,N,FM 1774,Y,15,303,,1,10000,,COUNTY ROAD 303,,,,,,,,2,4,0,1,4,2,1,7:32 PM,DISPATCHED,7:35 PM,11/19/2013,Y,TX0930000,1389,,8,36,8,2,2,22,64,42,1,3,1,21,21,93,1658,30.25067663,-95.82850918,FM,1774,,21.706,FM1774,22395,1400,2,7.876,444,-0.225,,,,CR0303,,,,,Y,Y,Y,5,0,Y,SAT,2,0,2,2,0,2,2,100,28,24,2,0,0,2,2,5,2,2,5,0,0,1,7,4890,2014,4890,6.8,2.3,9.1,1,216,0,,0,,,,,,,,,,,,,,,,,,,,,,0,0,0,8,0,0,0,,,,
13560991,N,N,N,N,N,N,N,11/13/2013,2:30 PM,13-23251,,161,442,N,Y,,,2,84,,1,4000,,FRANKLIN,AVE,N,N,40,N,N,,N,11,396,,2,100,N,VALLEY MILLS,DR,,,,,,,11,1,4,2,2,1,5,2:33 PM,DISPATCHED,2:45 PM,11/13/2013,Y,TX1551200,2372,,,100,8,2,2,22,64,38,2,2,1,21,21,161,442,31.52862252,-97.17029717,US,84,,429.122,US0084,,55,15,20.987,682,0.981,SL,396,,SL0396,,,,,Y,Y,N,5,8,Y,WED,3,0,0,6,28,9,6,150,84,72,5,1,0,1,0,0,3,12,5,1,28,3,14,19730,2014,19730,1.5,0.4,1.9,,,,,,,,,,,,,,,,,,,,,,,,,,,0,0,0,2,0,0,0,140,,,
13561072,N,N,N,N,N,N,N,11/21/2013,8:19 PM,1300011678,District 1,57,392,N,Y,,,19,,,1,164,,QUAIL RUN,,N,N,30,N,N,,Y,19,,,1,200,,PRENTICE,DR,,,,,,,2,4,0,,4,2,1,8:20 PM,RADIO DISPATCHED,8:24 PM,11/21/2013,Y,TX0572200,2105,,,35,8,10,2,1,1,3,1,5,1,21,21,57,392,,,,,,,QUAIL RUN,,,,,,,,,,PRENTICE DR,,,,,Y,N,N,1,5,N,THU,,,,,,,,,,,,,,,,,,,,,,,,,,,,,,,,,,,,,,,,,,,,,,,,,,,,,,,,1,0,0,0,0,1,0,,,,
13561106,N,N,N,N,N,N,N,11/13/2013,3:06 PM,TA13-234,,187,265,N,Y,,,19,,,1,1600,W,CHURCH,ST,N,N,45,N,N,,N,2,59,,2,100,,NOT REPORTED,,,,,,,,11,1,0,2,1,1,20,3:06 PM,DISPATCHER,3:08 PM,11/14/2013,Y,TX1870200,1680,,18,186,8,2,4,20,64,42,1,2,1,21,21,187,265,30.71354118,-94.9555378,US,190,,497.096,US0190,,213,3,35.236,786,-0.717,,,,,,,,,Y,Y,N,5,4,Y,WED,3,0,4,10,58,2,4,225,78,48,4,0,0,2,10,5,2,20,5,3,48,1,2,22026,2014,22026,10,3.9,13.9,,,,,,,,,,,,,,,,,,,,,,,,,,,0,0,0,3,0,0,0,,,,
13561130,N,N,N,N,N,N,N,11/15/2013,1:58 AM,2013-028532,,123,30,N,Y,,,19,,,1,1400,,MAGNOLIA,AVE,N,N,35,N,N,,N,1,10,,2,1000,,IH 10,,,,,,,,11,4,4,,1,1,8,2:00 AM,DISPATCH,2:03 AM,11/15/2013,Y,TX1230100,104,,,,8,7,2,1,36,54,2,1,2,21,21,123,30,30.09588693,-94.1041634,,,,,MAGNOLIA AVE,,,,,,,IH,10,,IH0010,,,,,Y,N,N,3,8,Y,FRI,,,,,,,,,,,,,,,,,,,,,,,,,,,,,,,,,,,,,,,,,,,,,,,,,,,,,,,,0,0,1,0,0,1,0,135,,,
13561239,N,N,N,N,N,N,N,11/19/2013,2:02 PM,295616A,,57,107,N,Y,,,19,,,1,2800,,MCKINNON,ST,N,N,35,N,N,,Y,19,,,1,2100,,WOLF,ST,,,,,,,11,1,4,,1,1,6,2:06 PM,DROVE UP ON,2:06 PM,11/22/2013,Y,TX0000006,2471,,,71,8,2,1,10,64,54,1,5,1,21,21,57,107,32.79619425,-96.80948257,,,,,MCKINNON ST,3000,,,,,,,,,WOLF ST,,,,,Y,N,N,5,9,Y,TUE,,,,,,,,,,,,,,,,,,,,,,,,,,,,,,,,,,,,,,,,,,,,,,,,,,,,,,,,0,0,0,2,0,0,0,282,,,
13561258,N,N,N,N,N,N,N,11/16/2013,10:20 AM,3308632,,130,41,N,Y,,,19,,,1,500,,JOHNS,RD,N,N,35,N,N,,Y,19,,,1,,,CIBOLO CROSSING,DR,,,,,,,11,1,2,,1,1,1,10:20 AM,DISPATCH,10:26 AM,11/16/2013,Y,TX1300000,1572,,,,8,2,2,22,64,47,1,5,1,21,21,130,41,29.79510491,-98.74047225,,,,,JOHNS RD,500,,,,,,,,,UNKNOWN,,,,,Y,N,N,5,5,Y,SAT,,,,,,,,,,,,,,,,,,,,,,,,,,,,,,,,,,,,,,,,,,,,,,,,,,,,,,,,0,0,0,3,0,0,0,28,,,
13561505,N,Y,N,N,N,N,N,11/11/2013,9:35 AM,,,212,1777,Y,Y,32.30433,-95.17332999,3,64,,1,,,NOT REPORTED,,N,N,65,N,N,,N,15,289,,,,,NOT REPORTED,,,,,,,,11,1,0,1,1,2,11,9:41 AM,DPS COMM,9:54 AM,11/11/2013,Y,,10000,17,28,1,8,2,2,22,64,47,1,2,1,21,21,212,1777,32.30419086,-95.17275351,SH,64,,58.661,SH0064,,245,6,28.045,694,-0.537,,,,CR0289,,,,,Y,Y,Y,3,0,Y,MON,2,0,5,5,0,9,2,120,36,26,6,0,0,2,5,5,2,5,5,0,0,1,6,10060,2014,10060,2.9,7.1,10,,,,,,,,,,,,,,,,,,,,,,,,,,,0,0,1,1,0,1,0,213,,,
13561524,N,N,N,N,N,N,N,11/12/2013,8:30 PM,0145955213D,FSGI,101,208,N,Y,,,19,,,1,2800,,WILCREST,DR,N,N,35,N,N,N/S BOUND STREET,N,19,,,,11000,,WESTHEIMER,RD,,,,,,,0,0,0,,8,0,11,2:50 PM,WALKED IN STOREFRONT,2:50 PM,11/22/2013,Y,TXHPD0000,2469,18,128,21,8,2,3,14,64,14,1,5,1,32,21,101,208,29.7352846,-95.57184993,,,,,WILCREST DR,,,,,,,,,,,,,,,Y,N,N,5,9,Y,TUE,,,,,,,,,,,,,,,,,,,,,,,,,,,,,,,,,,,,,,,,,,,,,,,,,,,,,,,,0,0,0,2,1,0,0,15,,,
13561746,N,N,N,N,N,N,N,11/21/2013,2:00 PM,SAPD13256840,7130,15,379,N,Y,,,19,,,1,9000,,TIMBER PATH,,N,N,30,N,N,,N,19,,,,8900,,TIMBER CROSS,,,,,,,,2,1,0,,1,2,20,2:12 PM,DISP,2:34 PM,11/21/2013,Y,TXSPD0000,2473,,61,123,8,7,2,3,33,54,1,5,2,21,21,15,379,29.48778139,-98.66209155,,,,,TIMBER PATH,9000,,,,,,,,,UNKNOWN,,,,,Y,N,N,5,9,Y,THU,,,,,,,,,,,,,,,,,,,,,,,,,,,,,,,,,,,,,,,,,,,,,,,,,,,,,,,,0,0,0,5,0,0,0,28,,,
13561793,N,N,N,N,N,N,N,11/21/2013,7:25 PM,SAPD13257099,5360,15,379,N,Y,,,19,,,1,9100,,POTRANCO,RD,N,N,40,N,N,LOCAL ROADWAY,N,3,151,,,8700,,STATE HWY 151 NB,,,,,,FRONTAGE ROAD,,11,4,0,3,1,1,9,7:34 PM,DISPATCHED,7:47 PM,11/21/2013,Y,TXSPD0000,2473,,19,148,8,2,2,22,64,46,1,3,1,21,21,15,379,29.44311017,-98.66370676,FM,1957,,14.009,FM1957,,2104,2,9.043,484,-0.901,SH,151,,SH0151,,,,,Y,Y,N,5,9,Y,THU,2,0,0,0,0,2,4,80,66,66,4,2,2,1,0,0,1,0,0,0,0,4,14,22321,2014,22321,7.7,1.8,9.5,,,,,,,,,,,,,,,,,,,,,,,,,,,0,0,0,2,0,0,0,28,,,
13561897,N,N,N,N,N,N,N,11/15/2013,11:10 PM,1300077729,,220,141,N,Y,,,4,10,,1,200,W,EULESS,BLVD,N,N,45,N,N,,Y,19,,,1,100,,BYERS,ST,,,,,,,11,4,2,2,1,1,8,11:14 PM,RADIO DISPATCHED,11:16 PM,11/16/2013,Y,TX2200900,1279,,212,24,8,2,1,10,64,54,1,2,1,21,21,220,141,32.83694291,-97.08494594,SH,10,,7.711,SH0010,,94,2,9.936,572,-0.166,FM,157,,FM0157,,,,,Y,Y,N,2,7,Y,FRI,3,0,0,10,10,9,4,160,83,48,6,1,0,1,0,0,2,20,5,1,10,4,14,26388,2014,26388,2.5,0.4,2.9,1,271,2,2,35,,,,,,,,,,,,,,,,,,,,,,0,1,0,1,0,1,0,282,,,
13561965,N,N,N,N,N,N,N,11/20/2013,2:05 PM,,,85,1650,Y,Y,32.968,-101.09687,2,84,,1,,,NOT REPORTED,,N,N,75,N,N,,N,,,,,,,NOT REPORTED,,0.5,M,W,384,,,11,1,0,2,1,1,20,2:15 PM,POST DISPATCH,2:37 PM,11/22/2013,Y,,10000,22,17,1,8,8,4,1,98,54,1,2,1,21,21,208,1773,32.96436785,-101.0939553,US,84,,132.801,US0084,,53,7,0.023,384,-0.5,,,,NOT REPORTED,,,,,Y,Y,Y,5,0,Y,WED,3,0,4,10,52,2,4,170,76,48,4,0,0,2,8,5,2,20,5,3,44,1,2,8929,2014,8929,6.7,21.4,28.2,,,,,,,,,,,,,,,,,,,,,,,,,,,0,0,0,1,0,0,0,,,,
13562054,N,Y,N,N,N,N,N,11/21/2013,8:50 AM,297108A,297109A,57,107,N,Y,,,19,,,1,2300,W,12TH,ST,N,N,30,N,N,,N,19,,,,400,S,HAMPTON,RD,,,,,,,2,1,0,,1,2,20,9:05 AM,DISPATCHED,9:15 AM,11/21/2013,N,TX0000006,2471,,,44,8,2,2,27,64,38,1,5,1,21,21,57,107,32.74128426,-96.85686648,,,,,W 12TH ST,,,,,,,,,,S HAMPTON RD,,,,,Y,N,N,5,9,Y,THU,,,,,,,,,,,,,,,,,,,,,,,,,,,,,,,,,,,,,,,,,,,,,,,,,,,,,,,,0,0,0,4,1,0,0,282,,,
13562127,N,N,N,N,N,N,N,11/21/2013,3:25 PM,0145967613X,,101,208,N,Y,,,1,45,,1,14000,S,GULF,FWY,N,N,60,N,N,CONCRETE,N,19,,,,,,SCARSDALE,RD,,,,,,,12,1,0,2,1,1,20,3:30 PM,HPD DISPATCHER,3:55 PM,11/21/2013,Y,TXHPD0000,2469,6,104,17,8,2,4,21,64,25,1,1,1,21,21,101,208,29.60020696,-95.19893635,IH,45,,32.024,IH0045,,500,3,8.098,32,-0.147,,,,,,,,,Y,Y,N,5,9,Y,THU,5,0,12,10,52,9,6,300,120,72,6,0,0,2,24,5,2,20,5,2,28,4,11,147169,2014,147169,5.5,4.6,10.1,,,,,,,,,,,,,,,,,,,,,,,,,,,0,0,0,5,0,0,0,15,,,
13562210,N,N,N,N,N,N,N,11/17/2013,3:00 AM,0144046213X,FSGI,101,208,N,Y,,,19,,,1,303,,HOLMES,RD,N,N,50,N,N,CONCRETE,Y,19,,,1,11789,,KEELY,ST,,,,,,,11,4,0,,1,1,10,3:00 AM,WALK IN,3:30 AM,11/17/2013,Y,TXHPD0000,2469,6,125,40,8,2,1,14,64,54,1,5,1,21,21,101,208,29.65478483,-95.43930308,,,,,HOLMES RD,198,,,,,,,,,KEELY ST,,,,,Y,N,N,5,9,Y,SUN,,,,,,,,,,,,,,,,,,,,,,,,,,,,,,,,,,,,,,,,,,,,,,,,,,,,,,,,0,0,0,1,1,0,0,15,,,
13562212,N,N,N,N,N,N,N,11/22/2013,4:00 PM,0146509413H,,101,208,N,Y,,,19,,,1,100,S,FRY,RD,N,N,35,N,N,BEFORE FRY ACCESS RD LIGHT NB,N,1,10,,,19900,,KATY SVC RD IB,,,,,,,,11,1,0,,1,1,5,7:20 PM,HPD DISPATCHER,7:34 PM,11/22/2013,Y,TXHPD0000,2469,52,128,21,8,2,4,20,64,54,1,5,1,21,21,101,1666,29.78531706,-95.719183,,,,,S FRY RD,,,,,,,,,,,,,,,Y,N,Y,5,0,Y,FRI,,,,,,,,,,,,,,,,,,,,,,,,,,,,,,,,,,,,,,,,,,,,,,,,,,,,,,,,0,0,0,1,1,0,0,15,,,
13562262,N,N,N,N,N,N,N,11/21/2013,7:20 PM,,,123,1688,Y,Y,29.98695,-94.19933,3,124,,1,,,NOT REPORTED,,N,N,65,N,N,,Y,19,,,1,,,GARTH,RD,,,,,,,5,3,0,1,1,1,20,7:27 PM,DPS LUFKIN,7:43 PM,11/21/2013,Y,,10000,17,58,1,8,2,1,34,64,54,1,2,1,21,21,123,1688,29.98675103,-94.19945961,SH,124,,5.696,SH0124,,368,3,2.092,462,-0.318,,,,GARTH ST,,,,,Y,Y,Y,2,0,Y,THU,2,0,10,10,0,3,2,100,44,24,4,0,0,2,10,5,2,10,5,0,0,1,6,4789,2014,4789,7.7,2.9,10.6,,,,,,,,,,,,,,,,,,,,,,,,,,,0,2,0,2,0,2,0,135,,,
13562376,N,N,N,N,N,N,N,11/22/2013,11:30 PM,13-29798,,227,22,N,N,30.37388,-97.89599,19,,,1,3300,,STEINER RANCH,BLVD,N,N,30,N,N,,Y,19,,,1,12800,,FLAT TOP RANCH,RD,,,,,,,12,4,2,,4,2,8,11:49 PM,RADIO DISPATCH,11:56 PM,11/23/2013,Y,TX2270000,2292,,9,208,8,7,4,1,32,54,1,5,2,21,21,227,1792,30.26516079,-97.80948951,,,,,STONERIDGE RD,3300,,,,,,,,,,,,,,Y,N,Y,3,0,Y,FRI,,,,,,,,,,,,,,,,,,,,,,,,,,,,,,,,,,,,,,,,,,,,,,,,,,,,,,,,0,0,1,0,0,1,0,90,,,
13562683,N,N,N,N,N,N,N,11/22/2013,4:34 PM,13-29771,,227,1792,Y,Y,30.37075,-98.03791,19,,,1,2740,,BEE CREEK,RD,N,N,45,N,N,2 WAY NOT DIVIDED,N,19,,,,20300,,KING BEE,LN,,,,,2 WAY UNDIVIDED,,2,1,0,,4,2,11,4:34 PM,RADIO DISPATCH,4:54 PM,11/22/2013,Y,TX2270000,2292,,7,117,8,7,4,1,32,1,1,4,2,21,21,227,1792,30.37072091,-98.03792291,,,,,BEE CREEK RD,2820,,,,,,,,,,,,,,Y,N,Y,5,0,Y,FRI,,,,,,,,,,,,,,,,,,,,,,,,,,,,,,,,,,,,,,,,,,,,,,,,,,,,,,,,0,0,0,1,0,0,0,90,,,