Crash_ID,Crash_Fatal_Fl,Cmv_Involv_Fl,Schl_Bus_Fl,Rr_Relat_Fl,Medical_Advisory_Fl,Amend_Supp_Fl,Active_School_Zone_Fl,Crash_Date,Crash_Time,Case_ID,Local_Use,Rpt_CRIS_Cnty_ID,Rpt_City_ID,Rpt_Outside_City_Limit_Fl,Thousand_Damage_Fl,Rpt_Latitude,Rpt_Longitude,Rpt_Rdwy_Sys_ID,Rpt_Hwy_Num,Rpt_Hwy_Sfx,Rpt_Road_Part_ID,Rpt_Block_Num,Rpt_Street_Pfx,Rpt_Street_Name,Rpt_Street_Sfx,Private_Dr_Fl,Toll_Road_Fl,Crash_Speed_Limit,Road_Constr_Zone_Fl,Road_Constr_Zone_Wrkr_Fl,Rpt_Street_Desc,At_Intrsct_Fl,Rpt_Sec_Rdwy_Sys_ID,Rpt_Sec_Hwy_Num,Rpt_Sec_Hwy_Sfx,Rpt_Sec_Road_Part_ID,Rpt_Sec_Block_Num,Rpt_Sec_Street_Pfx,Rpt_Sec_Street_Name,Rpt_Sec_Street_Sfx,Rpt_Ref_Mark_Offset_Amt,Rpt_Ref_Mark_Dist_Uom,Rpt_Ref_Mark_Dir,Rpt_Ref_Mark_Nbr,Rpt_Sec_Street_Desc,Rpt_CrossingNumber,Wthr_Cond_ID,Light_Cond_ID,Entr_Road_ID,Road_Type_ID,Road_Algn_ID,Surf_Cond_ID,Traffic_Cntl_ID,Investigat_Notify_Time,Investigat_Notify_Meth,Investigat_Arrv_Time,Report_Date,Investigat_Comp_Fl,ORI_Number,Investigat_Agency_ID,Investigat_Area_ID,Investigat_District_ID,Investigat_Region_ID,Bridge_Detail_ID,Harm_Evnt_ID,Intrsct_Relat_ID,FHE_Collsn_ID,Obj_Struck_ID,Othr_Factr_ID,Road_Part_Adj_ID,Road_Cls_ID,Road_Relat_ID,Phys_Featr_1_ID,Phys_Featr_2_ID,Cnty_ID,City_ID,Latitude,Longitude,Hwy_Sys,Hwy_Nbr,Hwy_Sfx,Dfo,Street_Name,Street_Nbr,Control,Section,Milepoint,Ref_Mark_Nbr,Ref_Mark_Displ,Hwy_Sys_2,Hwy_Nbr_2,Hwy_Sfx_2,Street_Name_2,Street_Nbr_2,Control_2,Section_2,Milepoint_2,Txdot_Rptable_Fl,Onsys_Fl,Rural_Fl,Crash_Sev_ID,Pop_Group_ID,Located_Fl,Day_of_Week,Hwy_Dsgn_Lane_ID,Hwy_Dsgn_Hrt_ID,Hp_Shldr_Left,Hp_Shldr_Right,Hp_Median_Width,Base_Type_ID,Nbr_Of_Lane,Row_Width_Usual,Roadbed_Width,Surf_Width,Surf_Type_ID,Curb_Type_Left_ID,Curb_Type_Right_ID,Shldr_Type_Left_ID,Shldr_Width_Left,Shldr_Use_Left_ID,Shldr_Type_Right_ID,Shldr_Width_Right,Shldr_Use_Right_ID,Median_Type_ID,Median_Width,Rural_Urban_Type_ID,Func_Sys_ID,Adt_Curnt_Amt,Adt_Curnt_Year,Adt_Adj_Curnt_Amt,Pct_Single_Trk_Adt,Pct_Combo_Trk_Adt,Trk_Aadt_Pct,Curve_Type_ID,Curve_Lngth,Cd_Degr,Delta_Left_Right_ID,Dd_Degr,Feature_Crossed,Structure_Number,I_R_Min_Vert_Clear,Approach_Width,Bridge_Median_ID,Bridge_Loading_Type_ID,Bridge_Loading_In_1000_Lbs,Bridge_Srvc_Type_On_ID,Bridge_Srvc_Type_Under_ID,Culvert_Type_ID,Roadway_Width,Deck_Width,Bridge_Dir_Of_Traffic_ID,Bridge_Rte_Struct_Func_ID,Bridge_IR_Struct_Func_ID,CrossingNumber,RRCo,Poscrossing_ID,WDCode_ID,Standstop,Yield,Incap_Injry_Cnt,Nonincap_Injry_Cnt,Poss_Injry_Cnt,Non_Injry_Cnt,Unkn_Injry_Cnt,Tot_Injry_Cnt,Death_Cnt,MPO_ID,Investigat_Service_ID,Investigat_DA_ID,Investigator_Narrative
13562715,N,Y,N,N,N,N,N,11/21/2013,5:55 PM,201345214,,139,324,N,Y,,,19,,,1,3600,N,MAIN,ST,N,N,50,N,N,3600 BLOCK NORTH MAIN STREET,N,19,,,,10,,LAKE CROOK,RD,,,,,10 BLOCK OF LAKE CROOK ROAD,,2,3,0,2,1,2,20,6:02 PM,TELEPHONE,6:15 PM,11/21/2013,Y,TX1390200,1907,,,35,8,2,4,21,64,9,1,2,1,21,21,139,324,33.70140737,-95.55431766,US,271,,12.386,US0271,,136,7,2.385,198,0.362,,,,,,,,,Y,Y,N,5,6,Y,THU,3,0,6,10,72,8,4,255,80,48,6,0,0,2,12,5,2,20,5,3,60,1,2,20730,2014,20730,2.3,9.4,11.7,,,,,,,,,,,,,,,,,,,,,,,,,,,0,0,0,2,0,0,0,,,,
13562752,N,N,N,N,N,N,N,11/22/2013,4:50 PM,0146461413V,,101,208,N,Y,,,19,,,1,5300,N,BRAESWOOD,BLVD,N,N,35,N,N,,N,19,,,,,,CHIMNEY ROCK,ST,,,,,,,11,1,0,,1,1,1,4:58 PM,DISPATCH,5:09 PM,11/22/2013,Y,TXHPD0000,2469,16,125,40,8,7,4,1,29,35,1,5,2,21,21,101,208,29.67786125,-95.47707602,,,,,N BRAESWOOD BLVD,5305,,,,,,,,,,,,,,Y,N,N,5,9,Y,FRI,,,,,,,,,,,,,,,,,,,,,,,,,,,,,,,,,,,,,,,,,,,,,,,,,,,,,,,,0,0,0,1,0,0,0,15,,,
13563142,N,N,N,N,N,N,N,11/17/2013,6:44 PM,133211440,,227,22,N,N,,,3,71,I,1,4100,,NOT REPORTED,HWY,N,N,-1,N,N,E,N,3,130,I,,,,NOT REPORTED,,,,,,S,,11,3,0,2,1,1,1,6:37 PM,DISPATCH,7:14 PM,11/17/2013,Y,TX2270100,74,1045,98,129,8,2,2,22,64,38,1,2,1,21,21,227,1792,30.19415172,-97.62396088,SH,71,,131.917,SH0071,,265,1,15.829,584,-0.122,SH,130,,SH0130,,,,,N,Y,Y,5,0,Y,SUN,3,0,2,10,404,2,6,500,96,72,4,0,0,2,4,5,2,20,5,3,400,4,12,42368,2014,42368,3.2,5.6,8.8,,,,,,,,,,,,,,,,,,,,,,,,,,,0,0,0,6,0,0,0,90,,,
13563334,N,N,N,N,N,N,N,11/22/2013,3:36 PM,298282A,,57,107,N,Y,,,19,,,1,8200,,STONEHURST,ST,N,N,30,N,N,,Y,19,,,1,1700,,CONNER,RD,,,,,,,2,1,0,,1,2,1,3:52 PM,DISPATCHED,4:01 PM,11/22/2013,Y,TX0000006,2471,,,27,8,7,2,1,62,31,1,5,2,21,21,57,107,32.74146426,-96.6809426,,,,,STONEHURST ST,8199,,,,,,,,,CONNER DR,,,,,Y,N,N,5,9,Y,FRI,,,,,,,,,,,,,,,,,,,,,,,,,,,,,,,,,,,,,,,,,,,,,,,,,,,,,,,,0,0,0,4,0,0,0,282,,,
13563366,N,N,N,N,N,N,N,11/15/2013,11:31 AM,133190885,,227,22,N,Y,,,3,71,E,1,2200,,NOT REPORTED,BLVD,N,N,65,N,N,,N,19,,,,,,WOODWARD ST,,,,,,OVERPASS,,11,1,0,2,1,1,20,11:31 AM,ON SIGHT,11:31 AM,11/15/2013,N,TX2270100,74,1042,99,130,8,2,4,21,64,9,1,2,1,21,21,227,22,30.21592864,-97.73988084,SH,71,,124.235,SH0071,2236,113,13,5.708,576,-0.117,,,,,,,,,Y,Y,N,2,9,Y,FRI,5,0,10,10,52,2,6,350,112,72,5,2,2,2,20,5,2,20,5,3,32,4,12,68363,2014,68363,3.3,5.4,8.7,1,233,1,2,6,,,,,,,,,,,,,,,,,,,,,,0,1,0,1,0,1,0,90,,,
13563402,N,N,N,N,N,N,N,11/22/2013,2:55 PM,,,214,1779,Y,Y,26.2876,-98.58918,2,83,,1,,,NOT REPORTED,,N,N,65,N,N,,N,,,,,,,NOT REPORTED,,0.2,M,W,840,,,2,1,0,2,1,2,11,2:58 PM,WESLACO COMM,3:06 PM,11/24/2013,Y,TXDPS5822,10000,1,137,1,8,7,4,1,32,1,1,2,4,21,21,214,1779,26.2832593,-98.57849646,US,83,,808.181,US0083,,39,1,46.546,840,-0.2,,,,NOT REPORTED,,,,,Y,Y,Y,5,0,Y,FRI,4,0,4,8,84,2,4,256,80,48,4,0,0,2,8,5,2,18,5,3,76,2,14,16344,2014,16344,5,4.8,9.8,,,,,,,,,,,,,,,,,,,,,,,,,,,0,0,0,1,0,0,0,,,,
13563462,N,N,N,N,N,N,N,11/22/2013,4:33 PM,SAPD13257780,4160,15,379,N,Y,,,19,,,1,300,,ST JAMES,ST,N,N,30,N,N,DRY,Y,19,,,1,600,,POTOMAC,ST,,,,,DRY,,12,1,0,,1,1,1,4:33 PM,DISPATCH,4:37 PM,11/22/2013,N,TXSPD0000,2473,,9,162,8,4,2,1,64,54,1,5,2,21,21,15,379,29.42293497,-98.46405232,,,,,ST JAMES ST,320,,,,,,,,,POTOMAC ST,,,,,Y,N,N,5,9,Y,FRI,,,,,,,,,,,,,,,,,,,,,,,,,,,,,,,,,,,,,,,,,,,,,,,,,,,,,,,,0,0,0,1,0,0,0,28,,,
13563483,N,N,N,N,N,N,N,11/18/2013,7:00 AM,,,95,1660,Y,Y,34.23385,-101.70811,1,27,,1,,,NOT REPORTED,,N,N,55,N,N,FRONTAGE ROAD,N,15,60,,,,,NOT REPORTED,,,,,,,,11,2,0,1,1,1,11,7:02 AM,HALE COUNTY DISPATCH,7:33 AM,11/18/2013,Y,TXDPS1600,10000,12,17,1,8,2,2,14,64,3,2,2,1,21,21,95,1660,34.23466816,-101.7102452,BI,27,U,0.503,BI0027U,,67,9,0.486,170,-1.805,,,,CR0060,,,,,Y,Y,Y,5,0,Y,MON,2,0,0,10,0,2,2,190,34,24,4,1,0,1,0,0,2,10,5,0,0,2,16,2171,2014,2171,5.6,12.1,17.7,1,213,3,1,0,,,,,,,,,,,,,,,,,,,,,,0,0,0,2,0,0,0,,,,
13563565,N,N,N,N,N,N,N,11/22/2013,5:22 PM,13-50955,,220,249,N,Y,,,3,199,,1,6100,,LAKE WORTH,BLVD,N,N,40,N,N,,N,19,,,,3000,,ROBERTS CUT OFF,RD,,,,,,,2,4,0,2,1,2,17,5:26 PM,DISPATCHED,5:36 PM,11/24/2013,Y,TX2201900,1628,,,35,8,2,4,34,64,1,1,2,1,14,21,220,249,32.80642337,-97.41511978,SH,199,,46.815,SH0199,6094,171,5,10.364,564,0.717,,,,,,,,,Y,Y,Y,5,3,Y,FRI,3,0,0,10,14,9,4,350,68,48,6,1,1,1,0,0,2,20,2,1,14,4,14,23453,2014,23453,2.1,1.6,3.7,,,,,,,,,,,,,,,,,,,,,,,,,,,0,0,0,2,0,0,0,282,,,
13563704,N,N,N,N,N,N,N,11/21/2013,11:00 AM,0145873313Q,FSGI,101,208,N,Y,,,19,,,1,,,BRAEWICK,DR,N,N,35,N,N,WET CITY STREET,Y,19,,,1,,,BISSONNET,ST,,,,,,,12,1,4,,1,2,5,11:42 AM,DISPATCH,11:54 AM,11/21/2013,Y,TXHPD0000,2469,24,125,55,8,2,1,10,64,54,1,5,1,21,21,101,208,29.69283482,-95.49702306,,,,,BRAEWICK DR,,,,,,,,,,BISSONNET ST,,,,,Y,N,N,5,9,Y,THU,,,,,,,,,,,,,,,,,,,,,,,,,,,,,,,,,,,,,,,,,,,,,,,,,,,,,,,,0,0,0,2,1,0,0,15,,,
13563777,N,N,N,N,N,N,N,11/25/2013,5:30 AM,,,225,1790,Y,Y,33.11282,-95.05275,4,127,,1,,,NOT REPORTED,,N,N,55,N,N,,N,15,2475,,,,,NOT REPORTED,,,,,,,,2,3,0,1,5,2,11,5:30 AM,TITUS CO DISPATCH,6:22 AM,11/25/2013,Y,,10000,17,103,1,8,10,4,1,1,1,1,3,2,21,21,225,1790,33.11365908,-95.05181804,FM,127,,4.694,FM0127,4393,734,1,5.65,688,0.654,,,,,,,,,Y,Y,Y,5,0,Y,MON,2,0,2,2,0,2,2,87,24,20,4,0,0,5,2,5,5,2,5,0,0,1,7,2412,2014,2412,4,3.3,7.3,1,100,3,,0,,,,,,,,,,,,,,,,,,,,,,0,0,0,1,0,0,0,,,,
13563909,N,N,N,N,N,N,N,11/20/2013,8:34 AM,2013A017208,,170,1389,N,Y,,,19,,,1,7398,,RESEARCH FOREST,DR,N,N,45,N,N,,Y,19,,,1,6000,W,ALDEN BRIDGE,DR,,,,,,,11,1,4,,1,1,5,8:37 AM,DISPATCHED,8:40 AM,11/22/2013,Y,TX1700000,1798,,,59,8,2,1,34,64,3,1,5,1,21,21,170,1735,30.21024471,-95.53116303,,,,,RESEARCH FOREST DR,,,,,,,,,,ALDEN BRIDGE DR,,,,,Y,N,Y,2,0,Y,WED,,,,,,,,,,,,,,,,,,,,,,,,,,,,,,,,,,,,,,,,,,,,,,,,,,,,,,,,0,1,0,2,0,1,0,15,,,
13564105,N,N,N,N,N,N,N,11/15/2013,1:24 PM,13-006860,,101,211,N,Y,,,2,59,,2,19700,S,NOT REPORTED,,N,N,40,N,N,,N,19,,,1,10000,W,HUMBLE WESTFIELD,,,,,,,,11,1,0,2,1,1,20,1:25 PM,DISPATCHED,1:28 PM,11/15/2013,Y,TX1010900,1496,,,,8,2,3,13,64,14,2,1,1,32,21,101,211,30.0011366,-95.26972884,IH,69,,42.775,IH0069,,177,6,1.132,135,14.08,,,,,,,,,Y,Y,N,5,5,Y,FRI,5,1,6,10,28,3,4,310,84,48,5,0,0,2,12,5,2,20,5,3,16,4,11,145069,2014,145069,2.3,5.9,8.2,,,,,,,,,,,,,,,,,,,,,,,,,,,0,0,0,3,0,0,0,15,,,
13564334,N,N,N,N,N,N,N,11/6/2013,4:51 PM,13-034986,,240,254,N,N,,,19,,,1,8100,,LAS CRUCES,DR,N,N,30,N,N,,N,4,1472,,1,9001,,FM 1472,RD,,,,,,,12,5,0,,1,1,1,4:53 PM,MCT DISPATCHED,5:15 PM,11/6/2013,Y,TX2400100,1644,,,21,8,2,4,20,64,54,1,5,1,21,21,240,254,27.58386411,-99.50793984,,,,,LAS CRUCES DR,8100,,,,,,,,,,,,,,Y,N,N,3,8,Y,WED,,,,,,,,,,,,,,,,,,,,,,,,,,,,,,,,,,,,,,,,,,,,,,,,,,,,,,,,0,0,1,2,0,1,0,205,,,
13564504,N,N,N,N,N,N,N,11/14/2013,7:00 AM,,13-172720,57,107,N,Y,,,1,20,,1,40100,S,LYNDON B JOHNSON,FWY,N,N,65,N,N,EB IH-20,N,19,,,1,,,COCKRELL HILL,RD,,,,,,,11,1,0,,1,1,20,7:08 AM,RADIO DISPATCHED,7:16 AM,11/14/2013,Y,TX0570000,1169,,64,22,8,2,4,21,39,9,1,1,1,21,21,57,107,,,IH,20,,,IH0020,,,,,,,,,,,,,,,Y,Y,N,3,9,N,THU,,,,,,,,,,,,,,,,,,,,,,,,,,,,,,,,,,,,,,,,,,,,,,,,,,,,,,,,0,0,1,1,0,1,0,,,,
13564609,N,N,N,N,N,N,N,10/15/2013,6:55 AM,130142587,2001010,101,208,N,Y,,,19,,,1,1200,,JOHN FREEMAN,BLVD,N,N,30,N,N,CONCRETE/DRY,N,19,,,,6500,,BERTNER,AVE,,,,,CONCRETE/DRY,,11,1,2,,1,1,8,7:50 AM,DISPATCHED,7:50 AM,10/15/2013,Y,TX1013100,2741,39,459,119,8,2,2,36,64,3,1,5,1,21,21,101,208,29.71095928,-95.39714114,,,,,JOHN FREEMAN BLVD,,,,,,,,,,BERTNER AVE,,,,,Y,N,N,5,9,Y,TUE,,,,,,,,,,,,,,,,,,,,,,,,,,,,,,,,,,,,,,,,,,,,,,,,,,,,,,,,0,0,0,2,0,0,0,15,,,
13565032,N,N,N,N,N,N,N,11/7/2013,2:45 AM,13110914,,31,53,N,Y,,,19,,,1,2700,,EL MAR,ST,N,N,20,N,N,,N,19,,,,2200,,EL AIRE,ST,,,,,,,11,4,0,,4,1,1,2:59 AM,DISPATCHED,3:07 AM,11/7/2013,N,TX0310100,172,,211,59,8,7,4,1,32,54,1,5,2,21,21,31,53,25.94306675,-97.53642061,,,,,EL MAR ST,2747,,,,,,,,,,,,,,Y,N,N,0,8,Y,THU,,,,,,,,,,,,,,,,,,,,,,,,,,,,,,,,,,,,,,,,,,,,,,,,,,,,,,,,0,0,0,0,1,0,0,248,,,
13565105,N,N,N,N,N,N,N,11/24/2013,3:12 PM,133280931,,227,22,N,N,,,19,,,1,0,E,RIVERSIDE,DR,N,N,30,N,N,,Y,19,,,1,300,S,CONGRESS,AVE,,,,,,,2,1,4,,1,2,21,2:53 PM,DISPATCH,2:53 PM,11/24/2013,N,TX2270100,74,1043,93,112,8,2,1,34,64,54,1,5,1,21,21,227,22,30.25715478,-97.74688246,,,,,W RIVERSIDE DR,100,,,,,,,,,CONGRESS AVE S,,,,,Y,N,N,3,9,Y,SUN,,,,,,,,,,,,,,,,,,,,,,,,,,,,,,,,,,,,,,,,,,,,,,,,,,,,,,,,0,0,1,1,0,1,0,90,,,
13565106,N,N,N,N,N,N,N,11/23/2013,8:35 PM,13-116370,,220,156,N,Y,32.68855,-97.35243,19,,,1,2300,W,BOLT,ST,N,N,30,N,N,,N,19,,,,4100,,MCCART,AVE,,,,,,,11,4,0,,1,1,1,8:40 PM,DISPATCH,8:46 PM,11/23/2013,Y,TX2201200,1318,4,11,23,8,4,4,1,64,54,1,5,1,21,21,220,156,32.68851294,-97.35285959,,,,,W BOLT ST,2385,,,,,,,,,,,,,,Y,N,N,5,9,Y,SAT,,,,,,,,,,,,,,,,,,,,,,,,,,,,,,,,,,,,,,,,,,,,,,,,,,,,,,,,0,0,0,1,0,0,0,282,,,
13565262,N,N,N,N,N,N,N,11/24/2013,2:49 AM,2.01E+11,,233,112,N,Y,,,19,,,1,100,W,LETICIA,ST,N,N,25,N,N,,N,19,,,,100,,CALAVERAZ,ST,,,,,,,2,3,2,,1,2,8,2:51 AM,DISPATCHED,3:00 AM,11/24/2013,N,TX2330100,1191,,,23,8,4,4,1,64,25,1,5,1,21,21,233,112,29.35402799,-100.8768981,,,,,LETICIA ST,192,,,,,,,,,,,,,,Y,N,N,0,6,Y,SUN,,,,,,,,,,,,,,,,,,,,,,,,,,,,,,,,,,,,,,,,,,,,,,,,,,,,,,,,0,0,0,0,1,0,0,,,,
13565568,N,N,N,N,N,N,N,11/17/2013,7:20 PM,P133210502,,79,1644,Y,Y,,,19,,,1,14400,W,AIRPORT,BLVD,N,N,35,N,N,,Y,19,,,1,11366,,BURNEY,RD,,,,,,,11,4,4,,1,1,5,7:29 PM,DISPATCHED,7:44 PM,11/19/2013,Y,TX0790000,1312,,,35,8,2,1,34,64,3,1,4,1,21,21,79,413,29.64955483,-95.63938302,,,,,W AIRPORT BLVD,,,,,,,,,,BURNEY RD,,,,,Y,N,N,5,7,Y,SUN,,,,,,,,,,,,,,,,,,,,,,,,,,,,,,,,,,,,,,,,,,,,,,,,,,,,,,,,0,0,0,3,0,0,0,15,,,
13565659,N,N,N,N,N,N,N,11/25/2013,10:13 AM,P133290191,,79,1644,Y,Y,,,19,,,1,20900,S,FRY,RD,N,N,35,N,N,,N,19,,,,4200,,MORNING WILLOW,DR,,,,,,,2,1,0,,1,2,20,10:17 AM,FBCSO DISPATCH,10:32 AM,11/25/2013,Y,TX0790000,1312,,,35,8,2,4,20,64,1,1,4,1,21,21,79,1644,29.7330286,-95.7381741,,,,,S FRY RD,,,,,,,,,,,,,,,Y,N,Y,5,0,Y,MON,,,,,,,,,,,,,,,,,,,,,,,,,,,,,,,,,,,,,,,,,,,,,,,,,,,,,,,,0,0,0,2,0,0,0,15,,,
13565667,N,N,N,N,N,N,N,11/23/2013,3:39 AM,,,185,1750,Y,Y,34.62742,-102.743,2,60,,1,,,NOT REPORTED,,N,N,75,N,N,,N,15,17,,,,,NOT REPORTED,,,,,,,,3,3,0,2,1,6,11,4:40 AM,FARWELL DISPATCH,5:00 AM,11/23/2013,Y,,10000,7,130,1,8,10,4,1,1,1,1,2,4,21,21,185,1750,34.62409262,-102.7451321,US,60,,23.59,US0060,,168,2,23.594,250,-0.388,,,,,,,,,Y,Y,Y,5,0,Y,SAT,3,0,4,10,66,2,4,210,82,48,4,0,0,2,8,5,2,20,5,3,58,1,2,6463,2014,6463,6.7,25,31.7,,,,,,,,,,,,,,,,,,,,,,,,,,,0,0,0,1,0,0,0,,,,
13565705,N,N,N,N,Y,N,N,11/20/2013,1:30 PM,13-115183,,220,156,N,Y,32.6165,-97.29679,19,,,1,1800,,OAK GROVE SHELBY,RD,N,N,35,N,N,,N,19,,,,9400,,MICHAEL,DR,,,,,,,12,1,0,,1,1,1,1:44 PM,DISPATCH,1:57 PM,11/20/2013,Y,TX2201200,1318,4,11,23,8,7,4,1,33,3,1,5,2,21,21,220,156,32.61647431,-97.2947815,,,,,OAK GROVE SHELBY RD,,,,,,,,,,,,,,,Y,N,N,3,9,Y,WED,,,,,,,,,,,,,,,,,,,,,,,,,,,,,,,,,,,,,,,,,,,,,,,,,,,,,,,,0,0,1,0,0,1,0,282,,,
13565745,N,N,N,N,N,N,N,11/21/2013,7:20 AM,130030812,,57,177,N,Y,,,19,,,1,700,W,WARRIOR,TRL,N,N,35,N,N,,Y,19,,,1,3000,,LISETTA,,,,,,,,12,2,2,,1,2,8,7:21 AM,POLICE RADIO,7:24 AM,11/21/2013,Y,TX0571200,1372,,,42,8,2,1,10,64,54,1,5,1,21,21,57,177,32.69809428,-97.01278252,,,,,W WARRIOR TRL,801,,,,,,,,,LISETTA ST,,,,,Y,N,N,5,8,Y,THU,,,,,,,,,,,,,,,,,,,,,,,,,,,,,,,,,,,,,,,,,,,,,,,,,,,,,,,,0,0,0,3,0,0,0,282,,,
13566033,N,N,N,N,N,N,N,11/22/2013,10:28 PM,SAPD13257999,7140,15,379,N,Y,,,19,,,1,6600,,COUNTRY FIELD,,N,N,-1,N,N,,N,19,,,,9800,,ABE LINCOLN,,,,,,,,11,3,0,,1,1,1,10:30 PM,DISPATCHED,10:40 PM,11/22/2013,Y,TXSPD0000,2473,,61,123,8,4,4,1,64,3,1,5,1,21,21,15,379,29.53598128,-98.61839748,,,,,COUNTRY VIEW LN,6639,,,,,,,,,,,,,,Y,N,N,5,9,Y,FRI,,,,,,,,,,,,,,,,,,,,,,,,,,,,,,,,,,,,,,,,,,,,,,,,,,,,,,,,0,0,0,1,0,0,0,28,,,
13566139,N,N,N,N,N,N,N,11/22/2013,12:31 PM,13012535,,61,114,N,Y,,,2,77,,1,1600,,DALLAS,DR,N,N,45,N,N,,Y,1,35,E,2,1600,S,IH35E,HWY,,,,,,,2,1,4,2,2,2,20,12:33 PM,DISPATCH,12:38 PM,11/22/2013,Y,TX0610200,1196,,,411,8,7,2,3,21,54,2,1,2,21,21,61,114,33.19100952,-97.11410522,IH,35,E,93.373,IH0035E,,196,1,9.958,464,0.236,US,77,,US0077,,196,1,27.013,Y,Y,N,2,8,Y,FRI,5,0,4,10,48,3,4,300,76,48,6,0,0,2,8,5,2,20,5,2,40,4,11,90051,2014,90051,3.2,6.1,9.3,1,417,1,1,33,,,,,,,,,,,,,,,,,,,,,,0,1,0,0,0,1,0,282,,,
13566235,N,N,N,N,N,N,N,11/25/2013,11:00 PM,0147780113A,,101,208,N,Y,,,1,610,,1,4600,W,WEST LP S,LOOP,N,N,60,N,N,CONCRETE,N,2,59,,,4800,,SOUTHWEST,FWY,,,,,,,12,4,0,2,4,2,20,11:11 PM,HPD DISPATCHER,11:31 PM,11/26/2013,Y,TXHPD0000,2469,24,106,54,8,2,4,20,64,1,3,1,1,21,21,101,208,29.72596844,-95.46034417,IH,610,,7.811,IH0610,,271,17,33.861,8,-0.201,,,,,,,,,Y,Y,N,3,9,Y,MON,5,0,0,10,20,3,6,350,92,72,5,1,0,1,0,0,2,20,5,2,20,4,11,179716,2014,179716,4.2,2.3,6.5,,,,,,,,,,,,,,,,,,,,,,,,,,,0,0,1,1,0,1,0,15,,,
13566392,N,N,N,N,N,N,N,11/21/2013,6:13 PM,13-59631,,108,132,N,Y,,,4,1925,,1,100,E,MONTE CRISTO,RD,N,N,45,N,N,,N,8,281,,,3600,N,CLOSNER,BLVD,,,,,,,11,3,4,3,1,1,5,6:13 PM,RADIO DISPATCHED,6:22 PM,11/21/2013,N,TX1080400,1248,,,35,8,2,2,22,64,38,1,3,1,21,21,108,132,26.33708951,-98.15589883,FM,1925,,11.123,FM1925,6,1803,2,0.011,516,-0.862,BU,281,W,BU0281W,,,,,Y,Y,N,5,7,Y,THU,2,0,8,8,0,2,4,80,80,60,4,2,2,2,8,5,2,8,5,0,0,4,14,14749,2014,14749,1.7,0.7,2.4,,,,,,,,,,,,,,,,,,,,,,,,,,,0,0,0,2,0,0,0,230,,,
13566394,N,N,N,N,N,N,N,11/25/2013,5:55 PM,131125027,HIT & RUN,165,291,N,Y,31.98783,-102.06925,19,,,1,1000,S,DALLAS,,N,N,30,N,N,,N,19,,,,500,E,NEW JERSEY,,,,,,,,12,3,0,,1,1,1,6:01 PM,DISPATCHED,6:18 PM,11/26/2013,N,TX1650100,1782,,,127,8,4,3,4,64,14,1,5,1,32,21,165,291,31.98770258,-102.0691824,,,,,S DALLAS ST,1005,,,,,,,,,,,,,,Y,N,N,0,8,Y,MON,,,,,,,,,,,,,,,,,,,,,,,,,,,,,,,,,,,,,,,,,,,,,,,,,,,,,,,,0,0,0,0,1,0,0,174,,,
13566448,N,Y,N,N,N,N,N,11/25/2013,6:11 AM,1300079735,,220,141,N,Y,,,3,10,,1,2100,W,EULESS,BLVD,N,N,50,N,N,,N,19,,,,2100,W,PIPELINE,RD,,,,,,,2,4,0,2,1,2,8,6:11 AM,RADIO DISPATCHED,6:14 AM,11/25/2013,Y,TX2200900,1279,,889,24,8,2,1,10,64,54,1,2,1,21,21,220,141,32.82195107,-97.11891091,SH,10,,5.472,SH0010,,94,2,7.737,570,-0.511,,,,W PIPELINE RD,,,,,Y,Y,N,5,7,Y,MON,3,0,0,10,10,9,4,160,68,48,6,1,0,1,0,0,2,20,5,1,10,4,14,30381,2014,30381,2.5,0.4,2.9,,,,,,,,,,,,,,,,,,,,,,,,,,,0,0,0,2,0,0,0,282,,,
13566500,N,N,N,N,N,N,N,11/4/2013,2:01 PM,13-024490,,116,180,N,N,,,3,34,,1,5000,,WESLEY,ST,N,N,35,N,N,,N,2,69,,,2700,,JOE RAMSEY,BLVD,,,,,,,2,1,0,3,1,2,11,2:04 PM,DISPATCHED,2:10 PM,11/4/2013,Y,TX1160300,1383,,,191,8,7,3,1,35,33,1,2,2,32,21,116,180,33.12025,-96.10930419,SH,34,,40.789,SH0034,,173,7,0.847,282,-0.968,,,,,,,,,Y,Y,N,3,6,Y,MON,2,0,1,1,0,2,4,80,50,48,4,1,1,2,1,5,2,1,5,0,0,2,14,10864,2014,10864,5.6,19.2,24.8,,,,,,,,,,,,,,,,,,,,,,,,,,,0,0,1,3,0,1,0,282,,,