Crash_ID,Crash_Fatal_Fl,Cmv_Involv_Fl,Schl_Bus_Fl,Rr_Relat_Fl,Medical_Advisory_Fl,Amend_Supp_Fl,Active_School_Zone_Fl,Crash_Date,Crash_Time,Case_ID,Local_Use,Rpt_CRIS_Cnty_ID,Rpt_City_ID,Rpt_Outside_City_Limit_Fl,Thousand_Damage_Fl,Rpt_Latitude,Rpt_Longitude,Rpt_Rdwy_Sys_ID,Rpt_Hwy_Num,Rpt_Hwy_Sfx,Rpt_Road_Part_ID,Rpt_Block_Num,Rpt_Street_Pfx,Rpt_Street_Name,Rpt_Street_Sfx,Private_Dr_Fl,Toll_Road_Fl,Crash_Speed_Limit,Road_Constr_Zone_Fl,Road_Constr_Zone_Wrkr_Fl,Rpt_Street_Desc,At_Intrsct_Fl,Rpt_Sec_Rdwy_Sys_ID,Rpt_Sec_Hwy_Num,Rpt_Sec_Hwy_Sfx,Rpt_Sec_Road_Part_ID,Rpt_Sec_Block_Num,Rpt_Sec_Street_Pfx,Rpt_Sec_Street_Name,Rpt_Sec_Street_Sfx,Rpt_Ref_Mark_Offset_Amt,Rpt_Ref_Mark_Dist_Uom,Rpt_Ref_Mark_Dir,Rpt_Ref_Mark_Nbr,Rpt_Sec_Street_Desc,Rpt_CrossingNumber,Wthr_Cond_ID,Light_Cond_ID,Entr_Road_ID,Road_Type_ID,Road_Algn_ID,Surf_Cond_ID,Traffic_Cntl_ID,Investigat_Notify_Time,Investigat_Notify_Meth,Investigat_Arrv_Time,Report_Date,Investigat_Comp_Fl,ORI_Number,Investigat_Agency_ID,Investigat_Area_ID,Investigat_District_ID,Investigat_Region_ID,Bridge_Detail_ID,Harm_Evnt_ID,Intrsct_Relat_ID,FHE_Collsn_ID,Obj_Struck_ID,Othr_Factr_ID,Road_Part_Adj_ID,Road_Cls_ID,Road_Relat_ID,Phys_Featr_1_ID,Phys_Featr_2_ID,Cnty_ID,City_ID,Latitude,Longitude,Hwy_Sys,Hwy_Nbr,Hwy_Sfx,Dfo,Street_Name,Street_Nbr,Control,Section,Milepoint,Ref_Mark_Nbr,Ref_Mark_Displ,Hwy_Sys_2,Hwy_Nbr_2,Hwy_Sfx_2,Street_Name_2,Street_Nbr_2,Control_2,Section_2,Milepoint_2,Txdot_Rptable_Fl,Onsys_Fl,Rural_Fl,Crash_Sev_ID,Pop_Group_ID,Located_Fl,Day_of_Week,Hwy_Dsgn_Lane_ID,Hwy_Dsgn_Hrt_ID,Hp_Shldr_Left,Hp_Shldr_Right,Hp_Median_Width,Base_Type_ID,Nbr_Of_Lane,Row_Width_Usual,Roadbed_Width,Surf_Width,Surf_Type_ID,Curb_Type_Left_ID,Curb_Type_Right_ID,Shldr_Type_Left_ID,Shldr_Width_Left,Shldr_Use_Left_ID,Shldr_Type_Right_ID,Shldr_Width_Right,Shldr_Use_Right_ID,Median_Type_ID,Median_Width,Rural_Urban_Type_ID,Func_Sys_ID,Adt_Curnt_Amt,Adt_Curnt_Year,Adt_Adj_Curnt_Amt,Pct_Single_Trk_Adt,Pct_Combo_Trk_Adt,Trk_Aadt_Pct,Curve_Type_ID,Curve_Lngth,Cd_Degr,Delta_Left_Right_ID,Dd_Degr,Feature_Crossed,Structure_Number,I_R_Min_Vert_Clear,Approach_Width,Bridge_Median_ID,Bridge_Loading_Type_ID,Bridge_Loading_In_1000_Lbs,Bridge_Srvc_Type_On_ID,Bridge_Srvc_Type_Under_ID,Culvert_Type_ID,Roadway_Width,Deck_Width,Bridge_Dir_Of_Traffic_ID,Bridge_Rte_Struct_Func_ID,Bridge_IR_Struct_Func_ID,CrossingNumber,RRCo,Poscrossing_ID,WDCode_ID,Standstop,Yield,Incap_Injry_Cnt,Nonincap_Injry_Cnt,Poss_Injry_Cnt,Non_Injry_Cnt,Unkn_Injry_Cnt,Tot_Injry_Cnt,Death_Cnt,MPO_ID,Investigat_Service_ID,Investigat_DA_ID,Investigator_Narrative
13566885,N,N,N,N,N,N,N,11/10/2013,7:50 PM,130155951,3504696,101,1666,Y,Y,,,12,,,2,6000,N,SAM HOUSTON PW W,,N,N,50,N,N,,N,3,249,,,,,TOMBALL,PKWY,,,,,,,11,4,0,,1,1,20,7:50 PM,ON SIGHT,7:50 PM,11/10/2013,Y,TX1014900,2744,66,5,6,8,2,3,20,64,3,2,6,1,32,21,101,1666,29.93735684,-95.51917214,,,,,N SAM HOUSTON PKWY W,,,,,,,,,,,,,,,Y,N,Y,3,0,Y,SUN,,,,,,,,,,,,,,,,,,,,,,,,,,,,,,,,,,,,,,,,,,,,,,,,,,,,,,,,0,0,1,1,1,1,0,15,,,
13567043,N,N,N,N,N,N,N,11/15/2013,1:46 PM,13-001640,,61,262,N,Y,,,19,,,1,,E,ELDORADO,PKWY,N,N,45,N,N,STRAIGHT/LEVEL,Y,4,423,,1,,,FM 423,,,,,,STRAIGHT/LEVEL,,11,1,4,1,1,1,5,1:51 PM,DCSO DISPATCH,1:56 PM,11/15/2013,Y,TX0611300,1674,,41,150,8,2,1,34,64,54,1,3,1,21,21,61,262,33.17827622,-96.88734139,FM,423,,2.896,FM0423,,1315,2,2.886,240,0.063,,,,E ELDORADO PKWY,,,,,Y,Y,N,3,6,Y,FRI,2,0,4,4,0,2,2,90,32,24,4,0,0,2,4,5,2,4,5,0,0,4,14,21014,2014,21014,2.2,12.6,14.9,,,,,,,,,,,,,,,,,,,,,,,,,,,0,0,1,1,0,1,0,282,,,
13567158,N,N,N,N,N,N,N,11/20/2013,6:47 PM,,,146,1711,Y,Y,30.33114,-95.13262,3,105,,1,,,BYPASS,,N,N,65,N,N,,N,3,105,,,,,NOT REPORTED,,,,,,,,11,3,0,1,1,1,5,6:57 PM,LCSO,7:17 PM,11/20/2013,Y,,10000,7,52,1,8,7,2,1,32,54,2,2,2,21,21,146,1711,30.33111744,-95.13243878,SH,105,,87.482,SH0105,,338,12,0.042,714,-0.261,BS,105,T,BS0105T,,,,,Y,Y,Y,0,0,Y,WED,2,0,6,6,0,2,2,260,34,22,4,0,0,2,6,5,2,6,5,0,0,2,14,10387,2014,10387,5.8,8.1,13.9,1,73,14,2,8,,,,,,,,,,,,,,,,,,,,,,0,0,0,0,1,0,0,15,,,
13567219,N,N,N,N,N,N,N,10/31/2013,10:47 AM,13-50377,,46,309,N,Y,,,11,337,,1,4100,,337,LOOP,N,N,35,N,N,THREE LANE W/TURN LANE,N,1,35,,,3100,,IH 35 S,HWY,,,,,IH 35 S FRONTAGE RD,,12,1,0,1,1,1,11,10:47 AM,DISPATCHED,10:51 AM,10/31/2013,Y,TX0460100,1841,,73,104,8,2,3,34,64,13,1,2,1,32,21,46,309,29.67700063,-98.15499666,SL,337,,0.235,SL0337,4159,216,1,10.234,512,0.227,,,,,,,,,Y,Y,N,3,7,Y,THU,2,0,10,10,0,2,2,165,44,24,4,0,0,2,10,5,2,10,5,0,0,4,14,18630,2014,18630,2.5,1.5,4,,,,,,,,,,,,,,,,,,,,,,,,,,,0,0,2,0,0,2,0,28,,,
13567232,N,N,N,N,N,N,N,10/28/2013,6:55 AM,1300021309,,15,435,N,N,,,19,,,7,900,,KITTY HAWK RD,RD,N,N,0,N,N,,N,11,1604,,1,12000,,1604,LOOP,,,,,,,11,4,2,,3,1,5,6:55 AM,DISPATCHED,6:57 AM,10/28/2013,Y,TX0151400,2328,,8,34,8,1,3,1,64,3,7,9,2,32,21,15,435,,,,,,,KITTY HAWK RD RD,,,,,,,,,,,,,,,N,N,N,3,5,N,MON,,,,,,,,,,,,,,,,,,,,,,,,,,,,,,,,,,,,,,,,,,,,,,,,,,,,,,,,0,0,1,1,0,1,0,,,,
13567404,N,N,N,N,N,N,N,10/26/2013,10:55 PM,13-009392,,43,285,N,Y,,,2,75,,1,900,S,75,,N,N,65,Y,N,,N,19,,,1,1900,,PARK VIEW,AVE,,,,,FLAT CONCRETE,,2,3,0,2,1,2,20,10:57 PM,DISPATCH,11:17 PM,10/31/2013,Y,TX0430500,1759,,,211,8,2,4,20,64,49,1,2,1,21,21,43,285,33.18894834,-96.63942052,US,75,,45.923,US0075,1165,47,14,15.5,240,-0.45,,,,,,,,,Y,Y,N,5,8,Y,SAT,5,0,12,10,68,3,4,300,116,48,6,0,0,2,24,5,2,20,5,2,44,3,12,95612,2014,95612,2.8,5.4,8.3,,,,,,,,,,,,,,,,,,,,,,,,,,,0,0,0,5,1,0,0,282,,,
13567897,N,N,N,N,N,N,N,11/3/2013,11:00 AM,130152408,3503867,101,1666,Y,Y,,,19,,,1,12000,,NORTHPOINTE,BLVD,N,N,40,N,N,,N,19,,,,18700,N,ELDRIDGE,PKWY,,,,,,,11,1,0,,1,1,1,11:15 AM,DISPATCHED,11:25 AM,11/3/2013,Y,TX1014900,2744,44,5,6,8,2,2,36,64,54,1,4,1,21,21,101,1666,30.03270914,-95.61143402,,,,,NORTHPOINT BLVD,,,,,,,,,,N ELDRIDGE PKWY,,,,,Y,N,Y,5,0,Y,SUN,,,,,,,,,,,,,,,,,,,,,,,,,,,,,,,,,,,,,,,,,,,,,,,,,,,,,,,,0,0,0,4,0,0,0,15,,,
13568013,N,N,N,N,N,N,N,11/9/2013,6:20 PM,130155533,1030084,101,1666,Y,Y,,,15,,,1,4900,,LOUETTA,RD,N,N,45,N,N,"TWO WAY, DIVIDED, PROTECTED MEDIAN",N,15,,,,18600,,KUYKENDAHL,RD,,,,,"TWO WAY, DIVIDED, UNRPOTECTED MEDIAN",,11,5,0,,1,1,1,6:26 PM,DISPATCHED,6:52 PM,11/9/2013,Y,TX1010000,1419,74,4,5,8,2,3,10,64,14,1,4,1,32,21,101,1666,30.04099332,-95.48749939,,,,,LOUETTA RD,4796,,,,,,,,,,,,,,Y,N,Y,5,0,Y,SAT,,,,,,,,,,,,,,,,,,,,,,,,,,,,,,,,,,,,,,,,,,,,,,,,,,,,,,,,0,0,0,2,0,0,0,15,,,
13568035,N,N,N,N,N,N,N,11/8/2013,7:45 PM,1300081742,,220,179,N,Y,,,19,,,1,500,E,NORTHWEST HIGHWAY,,N,N,45,N,N,,Y,19,,,1,100,N,DOOLEY,,,,,,,,11,4,4,,1,1,5,7:49 PM,DISPATCH,7:52 PM,11/8/2013,N,TX2201300,1379,,,,8,2,1,34,64,54,1,2,1,21,21,220,179,,,,,,,E NORTHWEST HIGHWAY,,,,,,,,,,N DOOLEY,,,,,Y,N,N,2,6,N,FRI,,,,,,,,,,,,,,,,,,,,,,,,,,,,,,,,,,,,,,,,,,,,,,,,,,,,,,,,0,1,0,2,0,1,0,,,,
13568057,N,N,N,N,N,N,N,11/20/2013,6:58 AM,2013-11569,,71,1635,Y,Y,,,2,62,,1,16200,,MONTANA,AVE,N,N,70,N,N,STRAIGHT LEVEL,N,19,,,1,4400,,STAGECOACH,DR,,,,,STRAIGHT LEVEL,,11,1,0,2,1,1,1,6:59 AM,DISPATCHED,7:07 AM,11/20/2013,Y,TX0710000,1260,,,,8,2,4,21,29,54,1,2,1,21,21,71,1635,31.83024828,-106.0969386,US,62,,24.501,US0062,,374,2,31.794,42,0.682,,,,,,,,,Y,Y,Y,5,0,Y,WED,3,0,4,10,51,2,4,150,79,48,4,0,0,2,12,5,2,19,5,3,39,1,2,2881,2014,2881,5.7,14.8,20.4,,,,,,,,,,,,,,,,,,,,,,,,,,,0,0,0,1,1,0,0,66,,,
13568094,N,Y,N,N,N,N,N,11/15/2013,3:51 PM,2013-001810,,20,14,N,Y,,,19,,,1,,E,HENDERSON,RD,N,N,30,N,N,,Y,9,288,,1,,N,VELASCO,ST,,,,,,,11,1,2,3,1,1,5,3:52 PM,SELF INITIATE,3:53 PM,11/18/2013,Y,TX0200200,45,,,,8,2,2,27,64,3,1,2,1,21,21,20,14,29.19362275,-95.43373497,BS,288,B,6.44,BS0288B,2898,111,9,17.488,510,0.445,,,,E HENDERSON RD,,,,,Y,Y,N,5,5,Y,FRI,2,0,8,8,0,2,4,120,78,62,4,0,0,2,8,5,2,8,5,0,0,3,14,18738,2014,18738,3.7,5.7,9.4,,,,,,,,,,,,,,,,,,,,,,,,,,,0,0,0,2,0,0,0,15,,,
13568105,N,Y,N,N,N,N,N,11/8/2013,7:00 PM,130155112,1031072,101,1666,Y,Y,,,1,45,,1,,N,FW,,N,N,60,N,N,,N,15,,,,,,SPRING STUEBNER,RD,,,,,,,11,4,3,2,1,1,20,6:56 PM,DISPATCHED,7:11 PM,11/8/2013,Y,TX1010000,1419,151,4,5,8,2,4,21,64,9,1,1,1,21,21,101,1666,30.08169266,-95.43698895,IH,45,,70.785,IH0045,,110,5,46.813,71,-0.345,,,,,,,,,Y,Y,Y,5,0,Y,FRI,5,0,12,10,54,3,8,390,140,96,4,0,0,2,24,5,2,20,5,2,30,4,11,191915,2014,191915,5.5,4.6,10.1,1,190,2,2,20,,,,,,,,,,,,,,,,,,,,,,0,0,0,2,0,0,0,15,,,
13568323,N,N,N,N,N,N,N,11/21/2013,1:30 PM,13-115559,,220,156,N,Y,32.73148,-97.30737,19,,,1,1300,E,ROSEDALE,ST,N,N,40,N,N,,Y,19,,,1,1200,,FREEMAN,ST,,,,,,,12,1,4,1,1,1,20,1:40 PM,DISPATCHED,1:44 PM,11/21/2013,Y,TX2201200,1318,4,3,23,8,2,4,21,64,9,1,2,1,21,21,220,156,32.73173107,-97.30944956,BU,287,P,19.657,BU0287P,1301,172,1,2.957,274,-0.885,,,,,,,,,Y,Y,N,5,9,Y,THU,2,0,0,10,0,8,2,160,44,34,5,1,2,1,0,0,2,10,5,0,0,4,14,9019,2014,9019,5.3,6.8,12.1,1,124,3,2,24,,,,,,,,,,,,,,,,,,,,,,0,0,0,2,0,0,0,282,,,
13568563,N,N,N,N,N,N,N,11/23/2013,11:15 AM,,,219,1784,Y,Y,34.72898,-101.8479,1,27,,1,,,NOT REPORTED,,N,N,75,N,N,,N,,,,,,,NOT REPORTED,,100,F,S,89,,,12,1,0,2,1,6,20,11:24 AM,DPS RADIO,11:33 AM,11/26/2013,Y,,10000,15,130,1,8,10,4,1,1,54,1,1,4,21,21,219,1784,34.72973024,-101.8476103,IH,27,,89.094,IH0027,,67,2,14.35,89,-100,,,,NOT REPORTED,,,,,Y,Y,Y,5,0,Y,SAT,5,0,4,10,62,8,4,440,76,48,5,0,0,2,8,5,2,20,5,3,54,1,1,7854,2014,7854,3.2,21.8,24.9,,,,,,,,,,,,,,,,,,,,,,,,,,,0,0,0,2,0,0,0,,,,
13568624,N,N,N,N,N,N,N,11/12/2013,5:40 PM,,,170,1735,Y,Y,30.1391,-95.44621,1,45,,2,,,NOT REPORTED,,N,N,45,N,N,WEST FRONTAGE RD,N,15,,,,,,NURSERY,RD,,,,,,,11,4,0,2,1,1,20,5:44 PM,DPS HOUSTON,5:59 PM,11/12/2013,Y,,10000,3,52,1,8,2,4,22,64,42,2,1,1,21,21,170,1735,30.14037778,-95.4459294,IH,45,,74.944,IH0045,,110,4,2.176,75,-0.029,,,,,,,,,Y,Y,Y,5,0,Y,TUE,5,0,10,10,42,3,10,321,160,120,5,0,0,2,20,5,2,20,5,2,22,4,11,224537,2014,224537,5.5,4.6,10.1,,,,,,,,,,,,,,,,,,,,,,,,,,,0,0,0,3,0,0,0,15,,,
13568663,N,N,N,N,N,N,N,11/25/2013,6:10 PM,13-50504,,79,371,N,Y,,,2,59,,2,,,SOUTHWEST,FWY,N,N,55,N,N,,Y,19,,,1,,,1ST,ST,,,,,,,2,4,4,2,1,2,5,6:14 PM,DISPATCH,6:23 PM,11/25/2013,Y,TX0790300,2045,885,210,33,8,2,1,10,64,3,2,2,1,21,21,79,371,29.52373221,-95.87436374,US,59,,339.671,US0059,,89,9,21.194,550,-0.891,SH,36,,SH0036,,,,,Y,Y,N,3,6,Y,MON,5,0,6,6,32,9,4,135,80,48,5,0,0,2,12,5,2,12,5,3,20,1,2,28992,2014,28992,6.4,14.6,21,,,,,,,,,,,,,,,,,,,,,,,,,,,0,0,1,2,0,1,0,15,,,
13568664,N,Y,N,N,N,N,N,11/25/2013,2:37 PM,SAPD13259701,3160,15,379,N,Y,,,19,,,1,700,,BITTERS,RD,N,N,40,N,N,,Y,2,281,,2,13400,N,NOT REPORTED,HWY,,,,,ACCESS RD-SB,,12,1,0,2,1,2,5,3:00 PM,DISPATCHED,3:15 PM,11/25/2013,Y,TXSPD0000,2473,,29,131,8,2,1,21,64,9,2,2,1,21,21,15,379,29.56472001,-98.48227819,US,281,,322.45,US0281,,253,4,12.102,526,0.913,SL,1604,,SL1604,,,,,Y,Y,N,5,9,Y,MON,5,0,8,10,21,3,7,300,122,84,4,0,0,2,18,5,2,20,5,2,3,4,12,155055,2014,155055,1.8,0.6,2.3,,,,,,,,,,,,,,,,,,,,,,,,,,,0,0,0,3,0,0,0,28,,,
13568672,N,N,N,N,N,N,N,11/16/2013,12:00 AM,,,90,1655,Y,Y,35.55555,-100.92788,15,,,1,,E,D 12,,N,N,60,N,N,,N,15,,,,,N,9 12,,,,,,,,7,3,0,,1,1,1,9:15 AM,DISPATCHED,9:45 AM,11/24/2013,N,,10000,1,130,1,8,7,4,1,33,3,1,4,2,21,21,90,1655,,,,,,,E D 12,,,,,,,,,,,,,,,Y,N,Y,0,0,N,SAT,,,,,,,,,,,,,,,,,,,,,,,,,,,,,,,,,,,,,,,,,,,,,,,,,,,,,,,,0,0,0,0,1,0,0,,,,
13568703,N,N,N,N,N,N,N,11/25/2013,6:00 PM,0147691213V,FSGI,101,208,N,Y,,,19,,,1,10900,,ROARK,RD,N,N,30,N,N,WET CONCRETE,N,19,,,,10400,,ROCKLEY,RD,,,,,,,2,4,0,,1,2,20,6:37 PM,DISPATCHED,6:41 PM,11/25/2013,Y,TXHPD0000,2469,14,128,39,8,2,3,10,62,14,1,5,1,32,21,101,208,29.66166419,-95.56014078,,,,,ROARK RD,10919,,,,,,,,,,,,,,Y,N,N,5,9,Y,MON,,,,,,,,,,,,,,,,,,,,,,,,,,,,,,,,,,,,,,,,,,,,,,,,,,,,,,,,0,0,0,1,1,0,0,15,,,
13568855,N,N,N,N,N,N,N,11/25/2013,6:06 PM,0147691413X,,101,208,N,Y,,,19,,,1,1400,S,POST OAK,LN,N,N,30,N,N,CONCRETE,N,19,,,,5000,,DOLIVER,,,,,,,,2,4,0,,1,2,1,6:39 PM,DISPATCH,6:54 PM,11/25/2013,Y,TXHPD0000,2469,24,106,54,8,2,4,21,64,9,1,5,1,21,21,101,208,29.7545237,-95.46310174,,,,,S POST OAK LN,1404,,,,,,,,,,,,,,Y,N,N,5,9,Y,MON,,,,,,,,,,,,,,,,,,,,,,,,,,,,,,,,,,,,,,,,,,,,,,,,,,,,,,,,0,0,0,5,0,0,0,15,,,
13568986,N,N,N,Y,N,N,N,11/25/2013,9:15 PM,300906A,,57,107,N,Y,,,19,,,1,200,N,GOOD LATIMER,EXPY,N,N,35,N,N,,N,19,,,,2600,,ELM,ST,,,,,,,11,4,0,,1,1,13,9:17 PM,DISPATCHED,9:22 PM,11/26/2013,Y,TX0000006,2471,,,35,8,7,4,1,33,54,1,5,2,21,21,57,107,32.78482981,-96.78699914,,,,,N GOOD LATIMER EXPY,,,,,,,,,,,,,,,Y,N,N,5,9,Y,MON,,,,,,,,,,,,,,,,,,,,,,,,,,,,,,,,,,,,,,,,,,,,,,,,,,,,,,,,0,0,0,1,0,0,0,282,,,
13569038,N,N,N,N,N,N,N,11/26/2013,1:10 PM,SAPD13260338,7150,15,379,N,N,,,19,,,1,5200,,MEDICAL,DR,N,N,40,N,N,,Y,19,,,1,2700,,BABCOCK,RD,,,,,,,11,1,4,,2,1,9,1:32 PM,DISPATCHED,1:35 PM,11/26/2013,Y,TXSPD0000,2473,,61,123,8,2,2,22,64,46,1,5,1,21,21,15,379,29.50896496,-98.58977229,,,,,MEDICAL DR,5298,,,,,,,,,BABCOCK RD,,,,,Y,N,N,3,9,Y,TUE,,,,,,,,,,,,,,,,,,,,,,,,,,,,,,,,,,,,,,,,,,,,,,,,,,,,,,,,0,0,2,3,0,2,0,28,,,
13569053,N,N,N,N,N,N,N,11/22/2013,10:20 AM,0146308013V,,101,208,N,N,,,3,3,,1,12400,,GALVESTON,RD,N,N,50,N,N,,N,19,,,,12500,,BRANTLEY,,,,,,,,2,1,0,,1,2,1,10:28 AM,DISPATCHED,10:35 AM,11/23/2013,Y,TXHPD0000,2469,6,104,17,8,7,4,1,62,54,1,2,2,21,21,101,208,,,SH,3,,,SH0003,,,,,,,,,,,,,,,Y,Y,N,3,9,N,FRI,,,,,,,,,,,,,,,,,,,,,,,,,,,,,,,,,,,,,,,,,,,,,,,,,,,,,,,,0,0,2,1,0,2,0,,,,
13569106,N,N,N,N,N,N,N,11/21/2013,10:12 AM,2013-325-004,,246,169,N,Y,,,14,158,,1,2211,N,AUSTIN,AVE,N,N,45,N,N,,Y,17,,,3,,,GHS EXIT,,,,,,,,12,1,2,,1,1,5,10:15 AM,DISPATCH,10:28 AM,11/21/2013,Y,TX2460200,1351,,,,8,2,3,28,64,14,1,2,1,32,21,246,169,,,SS,158,,,SS0158,,,,,,,,,,,,,,,Y,Y,N,5,7,N,THU,,,,,,,,,,,,,,,,,,,,,,,,,,,,,,,,,,,,,,,,,,,,,,,,,,,,,,,,0,0,0,2,0,0,0,,,,
13569148,N,N,N,N,N,N,N,11/10/2013,2:49 PM,201301422,,57,173,N,N,,,19,,,1,800,E,BEAR CREEK,RD,N,N,45,N,N,TWO LANE BLACK TOP ROADWAY,Y,19,,,5,1700,,JENKINS,LN,,,,,,,11,1,0,,2,1,11,2:49 PM,DISPATCHER,2:50 PM,11/10/2013,Y,TX0574700,1359,,53,49,8,7,2,1,22,3,1,5,2,21,21,57,173,32.5607443,-96.83782257,,,,,E BEAR CREEK RD,821,,,,,,,,,JENKINS LN,,,,,N,N,N,5,5,Y,SUN,,,,,,,,,,,,,,,,,,,,,,,,,,,,,,,,,,,,,,,,,,,,,,,,,,,,,,,,0,0,0,1,0,0,0,282,,,
13569322,N,N,N,N,N,N,N,11/26/2013,7:12 PM,131126-2028,,101,33,N,Y,,,1,610,,1,5700,,WEST LOOP SOUTH,,N,N,60,N,N,N/B,N,19,,,,4600,,FOURNACE,PL,,,,,,,12,4,0,2,2,1,20,7:14 PM,DISPATCHED,7:21 PM,11/27/2013,Y,TX1010200,109,,,35,8,2,4,20,64,42,1,1,1,21,21,101,33,29.71966771,-95.46023312,IH,610,,7.377,IH0610,,271,17,33.429,7,0.369,,,,,,,,,Y,Y,N,5,5,Y,TUE,5,0,0,10,20,3,8,350,140,96,5,0,0,1,0,0,2,20,5,2,20,4,11,179716,2014,179716,4.2,2.3,6.5,,,,,,,,,,,,,,,,,,,,,,,,,,,0,0,0,2,0,0,0,15,,,
13569404,N,N,N,N,N,Y,N,11/23/2013,7:10 PM,,,3,1568,Y,Y,31.28275,-94.63826,4,326,,1,,,326,,N,N,55,N,N,,N,2,69,,,,,NOT REPORTED,,,,,,,,12,3,0,1,1,1,11,7:13 PM,DISPATCHED,7:23 PM,12/12/2013,Y,,10000,8,58,1,8,8,4,1,51,54,1,3,1,21,21,3,1568,31.29315261,-94.62725011,FM,326,,3.797,FM0326,3840,3264,1,4.011,362,-0.202,,,,,,,,,Y,Y,Y,5,0,Y,SAT,2,0,3,3,0,8,2,100,28,22,2,0,0,5,3,5,5,3,5,0,0,1,7,2645,2014,2645,10.4,23.6,34,,,,,,,,,,,,,,,,,,,,,,,,,,,0,0,0,3,0,0,0,,,,
13569433,N,N,N,N,N,N,N,11/22/2013,8:27 PM,13113126,`,31,53,N,Y,,,19,,,1,2300,E,14TH,ST,N,N,35,N,N,2 LANE 1 WAY,Y,19,,,1,1300,,ARTHUR,ST,,,,,2 LANE 2 WAY,,2,4,4,3,1,2,8,8:34 PM,DISPATCH,8:50 PM,11/22/2013,Y,TX0310100,172,,125,42,8,2,1,10,64,54,1,2,1,21,21,31,53,25.90702248,-97.48084871,SH,4,,1.131,SH0004,2400,1504,1,2.06,560,-0.812,,,,ARTHUR ST,,,,,Y,Y,N,5,8,Y,FRI,2,0,7,7,0,2,4,100,75,60,4,2,2,2,7,2,2,7,2,0,0,4,14,27441,2014,27441,2.7,4.5,7.3,,,,,,,,,,,,,,,,,,,,,,,,,,,0,0,0,3,0,0,0,248,,,
13569600,N,N,N,N,N,N,N,11/22/2013,4:20 PM,,,38,1603,Y,Y,34.70452,-100.18868,2,83,,1,,,NOT REPORTED,,N,N,75,N,N,,N,,,,,,,NOT REPORTED,,0.1,M,S,152,,,12,1,0,1,1,6,20,4:31 PM,DISPATCHED,4:49 PM,11/23/2013,Y,,10000,19,130,1,8,10,4,1,1,1,1,2,2,21,21,38,1603,34.71329615,-100.1885001,US,83,,139.564,US0083,,31,5,12.329,152,0.1,,,,NOT REPORTED,,,,,Y,Y,Y,5,0,Y,FRI,2,0,10,10,0,9,2,100,44,24,6,0,0,2,10,5,2,10,5,0,0,1,6,1503,2014,1503,3.7,26.6,30.3,,,,,,,,,,,,,,,,,,,,,,,,,,,0,0,0,2,0,0,0,,,,
13569651,N,N,N,N,N,N,N,11/26/2013,7:20 AM,0147851213J,,101,208,N,Y,,,19,,,1,2200,,BAGBY,ST,N,N,30,N,N,CONCRETE,N,19,,,,,,GRAY,,,,,,,,2,1,2,,1,2,20,7:31 AM,ON VIEW,7:31 AM,11/26/2013,Y,TXHPD0000,2469,24,121,35,8,2,4,21,64,54,1,5,1,21,21,101,208,29.75177829,-95.37662881,,,,,BAGBY ST,2110,,,,,,,,,,,,,,Y,N,N,5,9,Y,TUE,,,,,,,,,,,,,,,,,,,,,,,,,,,,,,,,,,,,,,,,,,,,,,,,,,,,,,,,0,0,0,5,0,0,0,15,,,
13569675,N,N,N,N,N,N,N,11/23/2013,8:33 AM,,,83,1648,Y,Y,32.72735,-103.01453,2,62,,1,,,NOT REPORTED,,N,N,75,N,N,,N,4,3306,,,,,NOT REPORTED,,,,,,,,3,1,0,2,1,5,20,8:34 AM,GAINES CO. DISPATCH,9:46 AM,11/26/2013,Y,,10000,12,32,1,8,7,4,1,35,1,1,2,2,21,21,83,1648,32.72718258,-103.0155306,US,62,,131.556,US0062,,294,1,3.868,224,0.867,,,,,,,,,Y,Y,Y,2,0,Y,SAT,3,0,6,6,76,2,4,236,80,48,2,0,0,2,12,5,2,16,5,3,64,1,2,6805,2014,6805,4.6,20,24.5,,,,,,,,,,,,,,,,,,,,,,,,,,,0,1,0,1,0,1,0,,,,
13569779,N,N,N,N,N,N,N,11/24/2013,9:30 PM,0147635813N,FSGI,101,208,N,Y,,,19,,,1,8650,,PITNER,,Y,N,15,N,N,,N,19,,,,3700,,ROMA,,,,,,,,11,1,0,,1,2,1,3:59 PM,BY DISPATCH,4:03 PM,11/25/2013,Y,TXHPD0000,2469,24,106,87,8,4,4,5,64,54,7,9,5,33,21,101,208,,,,,,,PITNER,,,,,,,,,,,,,,,N,N,N,5,9,N,SUN,,,,,,,,,,,,,,,,,,,,,,,,,,,,,,,,,,,,,,,,,,,,,,,,,,,,,,,,0,0,0,1,1,0,0,,,,
13569789,N,N,N,N,N,N,N,11/23/2013,12:10 PM,0146778413T,,101,208,N,Y,,,19,,,1,6000,,HILLCROFT,,N,N,35,N,N,CONCRETE,Y,2,59,,1,6600,S,SOUTHWEST,FWY,,,,,,,11,1,0,,1,1,5,12:10 PM,DISPATCH,12:10 PM,11/27/2013,Y,TXHPD0000,2469,14,106,54,8,2,1,10,64,54,2,2,1,21,21,101,208,29.71643481,-95.49897305,,,,,HILLCROFT ST,6000,,,,,,,,,UNKNOWN,,,,,Y,N,N,5,9,Y,SAT,,,,,,,,,,,,,,,,,,,,,,,,,,,,,,,,,,,,,,,,,,,,,,,,,,,,,,,,0,0,0,3,0,0,0,15,,,