Crash_ID,Crash_Fatal_Fl,Cmv_Involv_Fl,Schl_Bus_Fl,Rr_Relat_Fl,Medical_Advisory_Fl,Amend_Supp_Fl,Active_School_Zone_Fl,Crash_Date,Crash_Time,Case_ID,Local_Use,Rpt_CRIS_Cnty_ID,Rpt_City_ID,Rpt_Outside_City_Limit_Fl,Thousand_Damage_Fl,Rpt_Latitude,Rpt_Longitude,Rpt_Rdwy_Sys_ID,Rpt_Hwy_Num,Rpt_Hwy_Sfx,Rpt_Road_Part_ID,Rpt_Block_Num,Rpt_Street_Pfx,Rpt_Street_Name,Rpt_Street_Sfx,Private_Dr_Fl,Toll_Road_Fl,Crash_Speed_Limit,Road_Constr_Zone_Fl,Road_Constr_Zone_Wrkr_Fl,Rpt_Street_Desc,At_Intrsct_Fl,Rpt_Sec_Rdwy_Sys_ID,Rpt_Sec_Hwy_Num,Rpt_Sec_Hwy_Sfx,Rpt_Sec_Road_Part_ID,Rpt_Sec_Block_Num,Rpt_Sec_Street_Pfx,Rpt_Sec_Street_Name,Rpt_Sec_Street_Sfx,Rpt_Ref_Mark_Offset_Amt,Rpt_Ref_Mark_Dist_Uom,Rpt_Ref_Mark_Dir,Rpt_Ref_Mark_Nbr,Rpt_Sec_Street_Desc,Rpt_CrossingNumber,Wthr_Cond_ID,Light_Cond_ID,Entr_Road_ID,Road_Type_ID,Road_Algn_ID,Surf_Cond_ID,Traffic_Cntl_ID,Investigat_Notify_Time,Investigat_Notify_Meth,Investigat_Arrv_Time,Report_Date,Investigat_Comp_Fl,ORI_Number,Investigat_Agency_ID,Investigat_Area_ID,Investigat_District_ID,Investigat_Region_ID,Bridge_Detail_ID,Harm_Evnt_ID,Intrsct_Relat_ID,FHE_Collsn_ID,Obj_Struck_ID,Othr_Factr_ID,Road_Part_Adj_ID,Road_Cls_ID,Road_Relat_ID,Phys_Featr_1_ID,Phys_Featr_2_ID,Cnty_ID,City_ID,Latitude,Longitude,Hwy_Sys,Hwy_Nbr,Hwy_Sfx,Dfo,Street_Name,Street_Nbr,Control,Section,Milepoint,Ref_Mark_Nbr,Ref_Mark_Displ,Hwy_Sys_2,Hwy_Nbr_2,Hwy_Sfx_2,Street_Name_2,Street_Nbr_2,Control_2,Section_2,Milepoint_2,Txdot_Rptable_Fl,Onsys_Fl,Rural_Fl,Crash_Sev_ID,Pop_Group_ID,Located_Fl,Day_of_Week,Hwy_Dsgn_Lane_ID,Hwy_Dsgn_Hrt_ID,Hp_Shldr_Left,Hp_Shldr_Right,Hp_Median_Width,Base_Type_ID,Nbr_Of_Lane,Row_Width_Usual,Roadbed_Width,Surf_Width,Surf_Type_ID,Curb_Type_Left_ID,Curb_Type_Right_ID,Shldr_Type_Left_ID,Shldr_Width_Left,Shldr_Use_Left_ID,Shldr_Type_Right_ID,Shldr_Width_Right,Shldr_Use_Right_ID,Median_Type_ID,Median_Width,Rural_Urban_Type_ID,Func_Sys_ID,Adt_Curnt_Amt,Adt_Curnt_Year,Adt_Adj_Curnt_Amt,Pct_Single_Trk_Adt,Pct_Combo_Trk_Adt,Trk_Aadt_Pct,Curve_Type_ID,Curve_Lngth,Cd_Degr,Delta_Left_Right_ID,Dd_Degr,Feature_Crossed,Structure_Number,I_R_Min_Vert_Clear,Approach_Width,Bridge_Median_ID,Bridge_Loading_Type_ID,Bridge_Loading_In_1000_Lbs,Bridge_Srvc_Type_On_ID,Bridge_Srvc_Type_Under_ID,Culvert_Type_ID,Roadway_Width,Deck_Width,Bridge_Dir_Of_Traffic_ID,Bridge_Rte_Struct_Func_ID,Bridge_IR_Struct_Func_ID,CrossingNumber,RRCo,Poscrossing_ID,WDCode_ID,Standstop,Yield,Incap_Injry_Cnt,Nonincap_Injry_Cnt,Poss_Injry_Cnt,Non_Injry_Cnt,Unkn_Injry_Cnt,Tot_Injry_Cnt,Death_Cnt,MPO_ID,Investigat_Service_ID,Investigat_DA_ID,Investigator_Narrative
13569905,N,Y,N,N,N,N,N,11/22/2013,5:23 AM,,,175,1740,Y,Y,31.14527,-96.46368,1,45,,1,,,NOT REPORTED,,N,N,75,N,N,,N,,,,,,,NOT REPORTED,,0.3,M,N,235,,,2,3,0,2,2,2,11,5:45 AM,DISPATCHED,6:30 AM,11/22/2013,Y,,10000,8,107,1,8,7,4,1,39,54,1,1,4,21,21,175,1740,32.15056518,-96.46656152,IH,45,,235.21,IH0045,,92,6,25.043,235,0.3,,,,NOT REPORTED,,,,,Y,Y,Y,5,0,Y,FRI,5,0,2,10,134,3,4,300,72,48,6,0,0,2,4,5,2,20,5,3,130,1,1,36094,2014,36094,4.4,23.9,28.3,,,,,,,,,,,,,,,,,,,,,,,,,,,0,0,0,1,0,0,0,,,,
13569971,N,N,N,N,N,N,N,11/27/2013,2:40 PM,0148403413T,,101,208,N,Y,,,1,45,,1,7500,N,NORTH,FWY,N,N,60,N,N,CONCRETE DRY,N,19,,,,,W,LITTLE YORK,RD,,,,,,,11,1,0,,2,1,20,2:53 PM,DISPATCHED,2:57 PM,11/27/2013,Y,TXHPD0000,2469,16,152,59,8,2,4,22,64,42,1,1,1,21,21,101,208,,,IH,45,,,IH0045,,,,,,,,,,,,,,,Y,Y,N,5,9,N,WED,,,,,,,,,,,,,,,,,,,,,,,,,,,,,,,,,,,,,,,,,,,,,,,,,,,,,,,,0,0,0,2,0,0,0,,,,
13569991,N,N,N,N,N,N,N,11/25/2013,3:45 PM,131125025,,165,291,N,Y,,,19,,,1,1400,N,LORAINE,ST,N,N,30,N,N,,N,19,,,,100,W,PARKER,AVE,,,,,,,12,1,0,,1,1,1,3:48 PM,DISPATCHED,3:57 PM,11/25/2013,Y,TX1650100,1782,,,127,8,4,3,2,64,13,1,5,1,32,21,165,291,32.01209209,-102.0768285,,,,,N LORAINE ST,1473,,,,,,,,,,,,,,Y,N,N,5,8,Y,MON,,,,,,,,,,,,,,,,,,,,,,,,,,,,,,,,,,,,,,,,,,,,,,,,,,,,,,,,0,0,0,1,0,0,0,174,,,
13570102,N,N,N,N,N,N,N,11/24/2013,12:39 AM,,,195,1760,Y,Y,31.39937,-103.52103,1,20,,1,,,NOT REPORTED,,N,N,80,N,N,,N,,,,,,,NOT REPORTED,,250,F,W,40,,,3,3,0,2,3,6,20,12:44 AM,COMMUNICATIONS,12:47 AM,11/24/2013,Y,,10000,3,32,1,1,7,4,1,41,1,1,1,4,21,21,195,328,31.39869037,-103.5171276,IH,20,,40.018,IH0020,,3,7,46.799,40,-250,,,,NOT REPORTED,,,,,Y,Y,N,5,4,Y,SUN,5,0,4,10,54,2,4,310,76,48,2,0,0,2,14,5,2,14,5,3,40,2,11,6568,2014,6568,3.4,39.3,42.7,,,,,,,,,,,,,,,,,,,,,,,,,,,0,0,0,1,0,0,0,,,,
13570123,N,N,N,N,N,N,N,11/26/2013,8:00 PM,SAPD13260611,,15,379,N,Y,,,19,,,1,14700,,JONES MALTSBERGER,,N,N,-1,N,N,FOUR LANE TWO WAY,N,19,,,,2900,,OLD THOUSAND OAKS,,,,,,TWO WAY,,11,4,0,,1,1,1,7:47 PM,DISPATCHER,7:58 PM,11/26/2013,Y,TXSPD0000,2473,,29,131,8,2,4,22,64,47,1,5,1,21,21,15,379,29.57693783,-98.44316943,,,,,JONES MALTSBERGER RD,14836,,,,,,,,,,,,,,Y,N,N,5,9,Y,TUE,,,,,,,,,,,,,,,,,,,,,,,,,,,,,,,,,,,,,,,,,,,,,,,,,,,,,,,,0,0,0,5,0,0,0,28,,,
13570139,N,Y,N,N,N,N,N,11/20/2013,6:55 PM,,,182,1747,Y,Y,33.0028,-98.40701,3,16,,1,,,NOT REPORTED,,N,N,75,N,N,,N,3,337,,,,,NOT REPORTED,,,,,,,,12,3,0,1,5,1,12,7:00 PM,DPS COMMUNICATIONS,7:22 PM,11/22/2013,Y,TXDPS1900,10000,17,118,1,8,10,4,1,1,54,1,2,2,21,21,182,1747,33.00202205,-98.40538694,SH,16,,43.703,SH0016,8116,362,4,11.315,268,-0.678,,,,,,,,,Y,Y,Y,5,0,Y,WED,2,0,9,9,0,2,2,140,44,26,4,0,0,2,9,5,2,9,5,0,0,1,6,2665,2014,2665,13.9,7.6,21.5,,,,,,,,,,,,,,,,,,,,,,,,,,,0,0,0,1,0,0,0,,,,
13570241,N,N,N,N,N,N,N,11/22/2013,5:49 PM,1300032146,,3,272,N,Y,,,8,59,,1,409,N,TIMBERLAND,DR,N,N,40,N,N,,N,19,,,,1000,,PAUL,AVE,,,,,,,12,4,0,3,1,2,20,6:06 PM,DISPATCHED,6:12 PM,11/22/2013,Y,TX0030400,1708,17,53,166,8,2,3,14,64,14,1,2,1,32,21,3,272,31.34175054,-94.71801578,BU,59,G,2.134,BU0059G,492,176,2,8.159,388,0.163,,,,,,,,,Y,Y,N,2,6,Y,FRI,2,0,2,2,0,9,4,120,65,60,6,2,2,2,2,5,2,2,5,0,0,2,14,17448,2014,17448,2.9,18.5,21.4,,,,,,,,,,,,,,,,,,,,,,,,,,,0,2,0,5,0,2,0,,,,
13570555,N,N,N,N,N,N,N,11/28/2013,9:49 PM,13005049,,57,124,N,Y,,,19,,,1,400,E,DANIELDALE,RD,N,N,40,N,N,,Y,19,,,2,500,E,67,HWY,,,,,,,11,4,4,,1,1,21,9:59 PM,POLICE DISPATCH,9:50 PM,11/28/2013,Y,TX0570900,1223,,,27,8,2,2,25,64,54,1,5,1,21,21,57,124,32.63290429,-96.90086255,,,,,E DANIELDALE RD,499,,,,,,,,,E HIGHWAY 67,,,,,Y,N,N,5,6,Y,THU,,,,,,,,,,,,,,,,,,,,,,,,,,,,,,,,,,,,,,,,,,,,,,,,,,,,,,,,0,0,0,2,0,0,0,282,,,
13570747,N,N,N,N,N,N,N,11/22/2013,6:29 AM,0146227613X,,101,208,N,Y,,,19,,,1,10100,,BELLAIRE,BLVD,N,N,30,N,N,WET,Y,19,,,1,6600,,ROGERDALE,RD,,,,,,,2,1,0,,1,2,5,6:35 AM,DISPATCH,6:36 AM,11/22/2013,Y,TXHPD0000,2469,16,128,39,8,2,1,34,64,54,1,5,1,21,21,101,208,29.70442482,-95.56026304,,,,,BELLAIRE BLVD,,,,,,,,,,ROGERDALE RD,,,,,Y,N,N,3,9,Y,FRI,,,,,,,,,,,,,,,,,,,,,,,,,,,,,,,,,,,,,,,,,,,,,,,,,,,,,,,,0,0,1,1,0,1,0,15,,,
13570768,N,N,N,N,N,N,N,11/21/2013,12:34 PM,13-009990,District 6,84,428,N,Y,,,4,1764,,2,10200,,EMMETT F LOWRY,FWY,N,N,50,N,N,EAST BOUND FEEDER,N,19,,,,2000,,CENTURY,BLVD,,,,,,,11,1,0,2,1,1,20,12:34 PM,DISPATCHED,12:49 PM,11/23/2013,Y,TX0840900,2239,,,35,8,2,4,22,64,42,2,3,1,21,21,84,428,29.40231297,-95.02334668,FM,1764,,6.832,FM1764,,1607,1,5.833,704,-0.055,,,,,,,,,Y,Y,N,3,6,Y,THU,5,0,6,12,14,9,4,380,108,48,5,0,0,2,12,5,2,24,5,2,2,3,12,20903,2014,20903,3.9,1.4,5.2,1,350,0,1,9,,,,,,,,,,,,,,,,,,,,,,0,0,1,1,0,1,0,15,,,
13570859,N,N,N,N,N,N,N,11/26/2013,6:45 AM,,,165,1730,Y,Y,31.91339,-102.21216,1,20,,1,,,NOT REPORTED,,N,N,75,N,N,,N,,,,,,,NOT REPORTED,,0.1,M,E,126,,,11,1,0,2,1,1,20,6:57 AM,DPS COMMUNICATIONS,7:10 AM,11/26/2013,Y,,10000,17,32,1,8,2,4,20,64,3,1,1,1,21,21,165,1730,31.90925843,-102.2197792,IH,20,,126.414,IH0020,,5,14,4.618,126,0.1,,,,NOT REPORTED,,,,,Y,Y,Y,2,0,Y,TUE,5,0,3,10,43,1,4,300,74,48,4,0,0,2,6,5,2,20,5,3,37,3,11,39177,2014,39177,14.3,20.1,34.4,,,,,,,,,,,,,,,,,,,,,,,,,,,0,1,0,1,0,1,0,174,,,
13570896,N,N,N,N,N,N,N,11/29/2013,5:30 PM,303868A,SEE REALTED 303867A,57,107,N,Y,,,19,,,1,11300,,DENTON,DR,N,N,30,N,N,,N,19,,,,2600,,ROYAL,LN,,,,,,,11,4,0,,1,1,5,6:20 PM,DISPATCHED,6:30 PM,11/29/2013,N,TX0000006,2471,,,87,8,2,2,22,64,38,1,5,1,21,21,57,107,32.89530076,-96.88825077,,,,,DENTON DR,11311,,,,,,,,,ROYAL LN,,,,,Y,N,N,3,9,Y,FRI,,,,,,,,,,,,,,,,,,,,,,,,,,,,,,,,,,,,,,,,,,,,,,,,,,,,,,,,0,0,2,0,1,2,0,282,,,
13571097,N,N,N,N,N,N,N,11/23/2013,8:42 PM,304256A,FLID# 299366A,57,107,N,Y,,,19,,,1,11600,,WEBB CHAPEL,RD,N,N,35,N,N,,N,19,,,,3100,,MODELLA,RD,,,,,,,11,4,0,,1,1,20,8:46 PM,DISPATCHED,8:48 PM,11/30/2013,N,TX0000006,2471,,,87,8,2,4,35,64,54,1,5,1,21,21,57,107,32.90707836,-96.87239063,,,,,WEBB CHAPEL RD,,,,,,,,,,,,,,,Y,N,N,5,9,Y,SAT,,,,,,,,,,,,,,,,,,,,,,,,,,,,,,,,,,,,,,,,,,,,,,,,,,,,,,,,0,0,0,1,1,0,0,282,,,
13571191,N,N,N,N,N,N,N,11/23/2013,7:20 PM,,,68,1633,Y,Y,31.91123,-102.7786,3,302,,1,,,NOT REPORTED,,N,N,75,N,N,,N,15,307,,,,,NOT REPORTED,,,,,,,,3,3,0,1,1,6,11,7:34 PM,COMMUNICATIONS,10:28 PM,11/24/2013,Y,,10000,22,32,1,8,7,4,1,33,54,1,2,2,21,21,68,1633,31.91127043,-102.7786145,SH,302,,56.397,SH0302,,463,7,2.349,244,-0.714,,,,,,,,,Y,Y,Y,2,0,Y,SAT,2,0,8,8,0,2,2,120,42,26,4,0,0,2,8,5,2,8,5,0,0,1,6,6396,2014,6396,4.3,13.1,17.4,,,,,,,,,,,,,,,,,,,,,,,,,,,0,2,0,0,0,2,0,,,,
13571212,N,N,N,N,N,N,N,11/29/2013,7:04 PM,13-029043,,212,434,N,Y,,,3,64,,1,3600,W,ERWIN,ST,N,N,45,N,N,,Y,11,323,,1,100,,NOT REPORTED,,,,,,S SW,,11,4,4,3,1,1,5,7:04 PM,DISPATCHED,7:07 PM,11/29/2013,Y,TX2120400,2316,,,170,8,2,1,36,64,54,1,2,1,21,21,212,434,32.35340311,-95.34355879,SH,64,,47.168,SH0064,103,245,5,7.859,682,-0.151,SL,323,,SL0323,,,,,Y,Y,N,5,8,Y,FRI,2,0,0,0,0,2,4,120,66,66,4,2,2,1,0,0,1,0,0,0,0,3,14,15745,2014,15745,5.3,7.8,13.1,,,,,,,,,,,,,,,,,,,,,,,,,,,0,0,0,2,0,0,0,213,,,
13571382,N,Y,N,N,N,N,N,11/27/2013,1:45 PM,13-26918,4unit c major,57,218,N,Y,,,19,,,1,1300,N,MACARTHUR,BLVD,N,N,35,N,N,PUBLIC ROADWAY,N,19,,,,1000,W,GRAUYWLER,RD,,,,,PUBLIC ROADWAY,,11,1,4,,1,1,5,1:44 PM,DISPATCHED,1:48 PM,11/27/2013,Y,TX0571500,1518,,,35,8,2,2,22,64,38,1,5,1,21,21,57,218,32.82899685,-96.95926167,,,,,N MACARTHUR BLVD,,,,,,,,,,W GRAUWYLER RD,,,,,Y,N,N,3,8,Y,WED,,,,,,,,,,,,,,,,,,,,,,,,,,,,,,,,,,,,,,,,,,,,,,,,,,,,,,,,0,0,1,4,0,1,0,282,,,
13571542,N,N,N,N,N,N,N,11/27/2013,1:45 PM,0148384513M,,101,208,N,Y,,,19,,,1,4300,,SAN FELIPE,ST,N,N,30,Y,Y,CONCRETE,Y,19,,,1,2000,,BANCROFT,ST,,,,,,,11,1,2,,1,1,8,1:50 PM,DISPATCH,2:05 PM,11/27/2013,Y,TXHPD0000,2469,14,121,35,8,2,1,14,64,49,1,5,1,21,21,101,208,29.74661481,-95.45181307,,,,,SAN FELIPE ST,,,,,,,,,,BANCROFT LN,,,,,Y,N,N,5,9,Y,WED,,,,,,,,,,,,,,,,,,,,,,,,,,,,,,,,,,,,,,,,,,,,,,,,,,,,,,,,0,0,0,3,0,0,0,15,,,
13571725,N,N,N,N,N,N,N,11/29/2013,10:19 PM,13-013512,,21,85,N,Y,,,19,,,1,300,,GRAHAM,RD,N,N,45,N,N,,N,19,,,,3700,,BRANDENBURG,LN,,,,,,,11,4,0,,1,1,20,10:20 PM,DISPATCH,10:23 PM,11/29/2013,Y,TX0210200,301,,,35,8,7,2,3,21,54,1,5,2,21,21,21,85,30.56509576,-96.30064961,,,,,GRAHAM RD,184,,,,,,,,,BRANDENBURG LN,,,,,Y,N,N,2,7,Y,FRI,,,,,,,,,,,,,,,,,,,,,,,,,,,,,,,,,,,,,,,,,,,,,,,,,,,,,,,,0,2,0,1,0,2,0,249,,,
13571735,N,N,N,N,N,N,N,11/27/2013,9:09 PM,SAPD13261460,5270,15,379,N,Y,,,19,,,1,1100,,CALLAGHNA,RD,N,N,40,N,N,,N,19,,,,,,CULEBRA,RD,,,,,,,11,4,0,,1,1,20,9:10 PM,DISPATCH,9:20 PM,11/27/2013,Y,TXSPD0000,2473,,19,148,8,2,4,30,64,54,1,5,1,21,21,15,379,,,,,,,CALLAGHNA RD,,,,,,,,,,,,,,,Y,N,N,5,9,N,WED,,,,,,,,,,,,,,,,,,,,,,,,,,,,,,,,,,,,,,,,,,,,,,,,,,,,,,,,0,0,0,4,0,0,0,,,,
13571813,N,N,N,N,N,N,N,11/28/2013,3:20 PM,0148773313A,,101,208,N,Y,,,1,610,,2,1300,W,WEST LP S SER W,,N,N,30,N,N,CONCRETE,N,19,,,,700,,POST OAK,BLVD,,,,,,,11,1,0,,1,1,20,3:24 PM,DISPATCH,3:34 PM,11/28/2013,Y,TXHPD0000,2469,24,106,54,4,7,4,1,42,54,2,1,2,21,21,101,208,,,IH,610,,,IH0610,,,,,,,,,,,,,,,Y,Y,N,3,9,N,THU,,,,,,,,,,,,,,,,,,,,,,,,,,,,,,,,,,,,,,,,,,,,,,,,,,,,,,,,0,0,1,0,0,1,0,,,,
13572024,N,N,N,N,N,N,N,11/27/2013,10:20 PM,0148580813Z,,101,208,N,Y,,,19,,,1,6000,W,HARDY,RD,N,N,40,N,N,,Y,1,610,,1,1800,N,NORTH LP E SER N,,,,,,,,11,4,4,,1,1,5,10:44 PM,HPD DISPATCH,10:46 PM,11/28/2013,Y,TXHPD0000,2469,14,152,27,8,2,1,10,64,54,2,1,1,21,21,101,208,,,,,,,W HARDY RD,,,,,,,IH,610,,IH0610,,,,,Y,N,N,5,9,N,WED,,,,,,,,,,,,,,,,,,,,,,,,,,,,,,,,,,,,,,,,,,,,,,,,,,,,,,,,0,0,0,2,0,0,0,,,,
13572362,N,N,N,N,N,N,N,11/9/2013,5:52 AM,A-2013-34798,,108,295,N,Y,,,19,,,7,4500,S,GLASSCOCK,RD,Y,N,0,N,N,POLICE DEPARTMENT PARKING LOT,N,4,1016,,,,,MILITARY,RD,,,,,,,11,4,98,,1,1,1,5:53 AM,DISPATCH,5:55 AM,11/9/2013,Y,TX1081000,1791,,,,8,4,4,4,64,12,7,9,5,33,21,108,295,,,,,,,S GLASSCOCK RD,,,,,,,,,,,,,,,N,N,N,5,7,N,SAT,,,,,,,,,,,,,,,,,,,,,,,,,,,,,,,,,,,,,,,,,,,,,,,,,,,,,,,,0,0,0,1,0,0,0,,,,
13572511,N,N,N,N,N,N,N,11/6/2013,9:24 PM,13-310270,,71,136,N,Y,31.7776,-106.43642,3,10,,1,23,W,I10WEST,HWY,N,N,60,N,N,STRAIGHT LEVEL,N,3,10,,1,24,W,I10 WEST,HWY,,,,,STRAIGHT LEVEL,,11,4,0,2,1,1,17,9:45 PM,DISPATCH,9:52 PM,11/6/2013,Y,TX0710200,1259,,,,8,2,4,22,64,42,1,1,1,21,21,71,136,31.77747124,-106.4364206,IH,10,,22.869,IH0010,,2121,2,23.582,23,-0.193,,,,,,,,,Y,Y,N,5,9,Y,WED,5,0,10,10,41,2,9,300,151,108,5,0,1,2,20,5,2,23,5,2,21,4,11,152961,2014,152961,3.2,4.6,7.8,,,,,,,,,,,,,,,,,,,,,,,,,,,0,0,0,2,0,0,0,66,,,
13572637,N,Y,N,N,N,N,N,11/15/2013,1:46 PM,291854A,,57,107,N,Y,,,1,635,,1,5700,,LBJ,FWY,N,N,65,Y,N,,N,12,,,,13000,,DALLAS NORTH TOLLWAY,,,,,,,,11,1,0,2,1,1,1,1:52 PM,DISPATCHED,1:56 PM,11/17/2013,Y,TX0000006,2471,,,59,8,2,4,20,64,49,1,1,1,21,21,57,107,32.92594854,-96.81590781,IH,635,,22.808,IH0635,,2374,1,9.343,22,0.23,,,,,,,,,Y,Y,N,5,9,Y,FRI,5,1,2,10,12,2,8,800,140,88,5,0,0,2,4,5,2,20,5,2,8,4,11,201443,2014,201443,5.2,8.7,14,,,,,,,,,,,,,,,,,,,,,,,,,,,0,0,0,3,0,0,0,282,,,
13572641,N,N,N,N,N,N,N,11/29/2013,12:10 PM,20137976,,11,138,N,Y,,,3,95,,1,200,N,HIGHWAY 95,,N,N,50,N,N,,Y,19,,,1,1300,N,MAIN,ST,,,,,,,11,1,2,3,1,1,8,12:11 PM,EPD COMMUNICATIONS,12:21 PM,11/29/2013,Y,TX0110200,1263,,,35,8,2,1,10,64,3,1,2,1,21,21,11,138,30.35559845,-97.38379669,SH,95,,51.432,SH0095,,321,3,4.117,440,0.141,FM,1100,,FM1100,,1234,2,1.262,Y,Y,N,5,4,Y,FRI,2,0,0,0,0,2,4,120,44,44,4,0,0,1,0,0,1,0,0,0,0,2,16,5901,2014,5901,2.6,8,10.5,,,,,,,,,,,,,,,,,,,,,,,,,,,0,0,0,2,0,0,0,90,,,
13572647,N,N,N,N,N,N,N,11/29/2013,11:33 AM,2.01E+11,,233,112,N,Y,,,19,,,1,106,E,CORTINAS,ST,N,N,25,N,N,,N,19,,,,200,,DR FERMIN CALDERON,ST,,,,,,,11,1,4,,1,1,20,11:33 AM,DISPATCH,11:40 AM,11/30/2013,N,TX2330100,1191,,,23,8,2,3,46,64,13,1,5,1,32,21,233,112,29.36475282,-100.8825029,,,,,E CORTINAS ST,106,,,,,,,,,,,,,,Y,N,N,5,6,Y,FRI,,,,,,,,,,,,,,,,,,,,,,,,,,,,,,,,,,,,,,,,,,,,,,,,,,,,,,,,0,0,0,6,0,0,0,,,,
13572671,N,N,N,N,N,N,N,10/30/2013,5:45 AM,284960,,237,1802,Y,Y,,,4,529,,1,30300,,NOT REPORTED,,N,N,60,N,N,,N,4,2855,,,,,NOT REPORTED,,,,,,,,2,3,2,1,1,2,11,6:26 AM,WALLER CO. SO COMMUN,6:50 AM,10/30/2013,Y,,2378,,,,8,2,3,24,64,13,1,3,1,32,21,237,1802,29.87431063,-95.89394362,FM,529,,25.455,FM0529,30166,1006,2,3.967,654,-0.422,,,,,,,,,Y,Y,Y,5,0,Y,WED,2,0,4,4,0,2,2,120,32,24,4,0,0,2,4,5,2,4,5,0,0,1,7,3001,2014,3001,2.8,8,10.7,,,,,,,,,,,,,,,,,,,,,,,,,,,0,0,0,2,0,0,0,15,,,
13572787,N,N,N,N,N,N,N,11/19/2013,1:59 PM,2013014769,,125,6,N,Y,,,19,,,1,700,W,THIRD,ST,N,N,30,N,N,,Y,19,,,1,300,N,GOLIAD,ST,,,,,,,11,1,0,,1,1,8,1:59 PM,DISPATCHED,2:08 PM,11/19/2013,Y,TX1250100,20,,,,8,2,1,10,64,54,1,5,1,21,21,125,6,27.7530453,-98.08625248,,,,,W 3RD ST,899,,,,,,,,,N GOLIAD ST,,,,,Y,N,N,2,5,Y,TUE,,,,,,,,,,,,,,,,,,,,,,,,,,,,,,,,,,,,,,,,,,,,,,,,,,,,,,,,0,1,1,1,0,2,0,,,,
13572851,N,N,N,N,N,N,N,11/12/2013,1:38 AM,13097321,,43,162,N,Y,33.1898,-96.8387,19,,,1,13400,,DALLAS,PKWY,N,N,50,N,N,,Y,19,,,1,5500,,PANTHER CREEK,PKWY,,,,,,,11,4,4,,1,1,5,1:39 AM,DISPATCHED,1:44 AM,11/13/2013,Y,TX0430400,1331,,,,2,7,2,3,41,54,1,5,2,21,21,43,162,33.18960418,-96.83948254,,,,,DALLAS PKWY,,,,,,,,,,PANTHER CREEK PKWY,,,,,Y,N,N,5,8,Y,TUE,,,,,,,,,,,,,,,,,,,,,,,,,,,,,,,,,,,,,,,,,,,,,,,,,,,,,,,,0,0,0,1,0,0,0,282,,,
13573163,N,N,N,N,N,N,N,11/22/2013,5:51 PM,2013-212210,,43,336,N,Y,,,19,,,1,6000,,ALMA,DR,N,N,35,N,N,,N,19,,,,,W,SPRING CREEK,PKWY,,,,,,,2,4,0,,1,2,1,5:51 PM,DISPATCHED,6:14 PM,11/22/2013,Y,TX0430600,1938,,,125,8,2,3,10,64,14,1,5,1,32,21,43,336,33.05608024,-96.71016392,,,,,ALMA DR,,,,,,,,,,,,,,,Y,N,N,5,9,Y,FRI,,,,,,,,,,,,,,,,,,,,,,,,,,,,,,,,,,,,,,,,,,,,,,,,,,,,,,,,0,0,0,2,0,0,0,282,,,
13573214,N,N,N,N,N,N,N,11/16/2013,12:44 PM,13-320113,,71,136,N,Y,,,19,,,1,1300,,GEORGE DIETER,DR,N,N,45,N,N,,N,19,,,1,11900,,GATEWAY WEST,AVE,,,,,,,11,1,0,,4,1,9,1:18 PM,DISPATCHED,1:34 PM,11/16/2013,Y,TX0710200,1259,,,184,8,2,2,20,64,42,1,5,1,21,21,71,136,31.72087862,-106.3046043,,,,,GEORGE DIETER DR,,,,,,,,,,GATEWAY BLVD W,,,,,Y,N,N,5,9,Y,SAT,,,,,,,,,,,,,,,,,,,,,,,,,,,,,,,,,,,,,,,,,,,,,,,,,,,,,,,,0,0,0,2,0,0,0,66,,,
13573296,N,N,N,N,N,N,N,11/14/2013,6:24 PM,13-318195,,71,136,N,N,,,19,,,1,5860,N,MESA,ST,N,N,45,N,N,,N,19,,,1,5860,N,MESA,,,,,,,,11,4,0,2,1,1,20,6:24 PM,DISPATCH,6:26 PM,11/14/2013,Y,TX0710200,1259,,,103,8,2,4,22,64,42,1,2,1,21,21,71,136,31.84060789,-106.57643,SH,20,,11.35,SH0020,8003,1,2,11.382,320,-0.596,,,,,,,,,N,Y,N,5,9,Y,THU,3,0,0,0,21,2,6,150,72,72,4,1,1,1,0,0,1,0,0,1,21,4,14,31621,2014,31621,5.2,3.8,9.1,,,,,,,,,,,,,,,,,,,,,,,,,,,0,0,0,1,1,0,0,66,,,
13573317,N,N,N,N,N,N,N,11/27/2013,11:28 AM,0148336713C,,101,208,N,Y,,,1,45,,2,5900,S,GULF SER E,FWY,N,N,35,N,N,CONCRETE,Y,19,,,1,2400,S,WAYSIDE,,,,,,,,11,1,4,2,1,1,5,11:29 AM,HOUSTON POLICE DISP,11:45 AM,12/1/2013,Y,TXHPD0000,2469,16,113,65,8,2,1,10,64,54,2,1,1,21,21,101,208,29.71513857,-95.31538321,IH,45,,42.68,IH0045,,500,3,18.857,43,-0.231,UA,90,,UA0090,,,,,Y,Y,N,5,9,Y,WED,5,1,0,12,20,9,8,300,144,120,2,0,0,1,0,0,2,24,5,2,20,4,11,183648,2014,183648,5.5,4.6,10.1,,,,,,,,,,,,,,,,,,,,,,,,,,,0,0,0,4,0,0,0,15,,,