Crash_ID,Crash_Fatal_Fl,Cmv_Involv_Fl,Schl_Bus_Fl,Rr_Relat_Fl,Medical_Advisory_Fl,Amend_Supp_Fl,Active_School_Zone_Fl,Crash_Date,Crash_Time,Case_ID,Local_Use,Rpt_CRIS_Cnty_ID,Rpt_City_ID,Rpt_Outside_City_Limit_Fl,Thousand_Damage_Fl,Rpt_Latitude,Rpt_Longitude,Rpt_Rdwy_Sys_ID,Rpt_Hwy_Num,Rpt_Hwy_Sfx,Rpt_Road_Part_ID,Rpt_Block_Num,Rpt_Street_Pfx,Rpt_Street_Name,Rpt_Street_Sfx,Private_Dr_Fl,Toll_Road_Fl,Crash_Speed_Limit,Road_Constr_Zone_Fl,Road_Constr_Zone_Wrkr_Fl,Rpt_Street_Desc,At_Intrsct_Fl,Rpt_Sec_Rdwy_Sys_ID,Rpt_Sec_Hwy_Num,Rpt_Sec_Hwy_Sfx,Rpt_Sec_Road_Part_ID,Rpt_Sec_Block_Num,Rpt_Sec_Street_Pfx,Rpt_Sec_Street_Name,Rpt_Sec_Street_Sfx,Rpt_Ref_Mark_Offset_Amt,Rpt_Ref_Mark_Dist_Uom,Rpt_Ref_Mark_Dir,Rpt_Ref_Mark_Nbr,Rpt_Sec_Street_Desc,Rpt_CrossingNumber,Wthr_Cond_ID,Light_Cond_ID,Entr_Road_ID,Road_Type_ID,Road_Algn_ID,Surf_Cond_ID,Traffic_Cntl_ID,Investigat_Notify_Time,Investigat_Notify_Meth,Investigat_Arrv_Time,Report_Date,Investigat_Comp_Fl,ORI_Number,Investigat_Agency_ID,Investigat_Area_ID,Investigat_District_ID,Investigat_Region_ID,Bridge_Detail_ID,Harm_Evnt_ID,Intrsct_Relat_ID,FHE_Collsn_ID,Obj_Struck_ID,Othr_Factr_ID,Road_Part_Adj_ID,Road_Cls_ID,Road_Relat_ID,Phys_Featr_1_ID,Phys_Featr_2_ID,Cnty_ID,City_ID,Latitude,Longitude,Hwy_Sys,Hwy_Nbr,Hwy_Sfx,Dfo,Street_Name,Street_Nbr,Control,Section,Milepoint,Ref_Mark_Nbr,Ref_Mark_Displ,Hwy_Sys_2,Hwy_Nbr_2,Hwy_Sfx_2,Street_Name_2,Street_Nbr_2,Control_2,Section_2,Milepoint_2,Txdot_Rptable_Fl,Onsys_Fl,Rural_Fl,Crash_Sev_ID,Pop_Group_ID,Located_Fl,Day_of_Week,Hwy_Dsgn_Lane_ID,Hwy_Dsgn_Hrt_ID,Hp_Shldr_Left,Hp_Shldr_Right,Hp_Median_Width,Base_Type_ID,Nbr_Of_Lane,Row_Width_Usual,Roadbed_Width,Surf_Width,Surf_Type_ID,Curb_Type_Left_ID,Curb_Type_Right_ID,Shldr_Type_Left_ID,Shldr_Width_Left,Shldr_Use_Left_ID,Shldr_Type_Right_ID,Shldr_Width_Right,Shldr_Use_Right_ID,Median_Type_ID,Median_Width,Rural_Urban_Type_ID,Func_Sys_ID,Adt_Curnt_Amt,Adt_Curnt_Year,Adt_Adj_Curnt_Amt,Pct_Single_Trk_Adt,Pct_Combo_Trk_Adt,Trk_Aadt_Pct,Curve_Type_ID,Curve_Lngth,Cd_Degr,Delta_Left_Right_ID,Dd_Degr,Feature_Crossed,Structure_Number,I_R_Min_Vert_Clear,Approach_Width,Bridge_Median_ID,Bridge_Loading_Type_ID,Bridge_Loading_In_1000_Lbs,Bridge_Srvc_Type_On_ID,Bridge_Srvc_Type_Under_ID,Culvert_Type_ID,Roadway_Width,Deck_Width,Bridge_Dir_Of_Traffic_ID,Bridge_Rte_Struct_Func_ID,Bridge_IR_Struct_Func_ID,CrossingNumber,RRCo,Poscrossing_ID,WDCode_ID,Standstop,Yield,Incap_Injry_Cnt,Nonincap_Injry_Cnt,Poss_Injry_Cnt,Non_Injry_Cnt,Unkn_Injry_Cnt,Tot_Injry_Cnt,Death_Cnt,MPO_ID,Investigat_Service_ID,Investigat_DA_ID,Investigator_Narrative
13573330,N,Y,N,N,N,N,N,11/21/2013,5:11 PM,13-11-210,,227,1088,N,Y,,,12,130,,1,11000,S,SH 130,,N,Y,85,N,N,,N,2,183,,1,11000,S,U S HIGHWAY 183,,,,,,,,11,1,0,,1,1,1,5:12 PM,POLICE DISPATCH,6:10 PM,11/21/2013,Y,TX2272300,1821,,,,8,2,4,21,64,9,1,2,1,21,21,227,1088,,,,,,,TL0130,,,,,,,,,,,,,,,Y,N,Y,5,1,N,THU,,,,,,,,,,,,,,,,,,,,,,,,,,,,,,,,,,,,,,,,,,,,,,,,,,,,,,,,0,0,0,1,1,0,0,,,,
13573344,N,N,N,N,N,N,N,11/19/2013,6:39 AM,1300022243,,49,163,N,N,,,2,82,,1,1100,W,W US HIGHWAY 82,HWY,N,N,45,N,N,DRY PAVEMENT,Y,1,35,,1,1600,N,35,HWY,,,,,,,11,1,0,2,1,1,5,6:41 AM,DISPATCHED,6:47 AM,11/23/2013,Y,TX0490100,1337,,8,230,8,2,2,20,64,38,1,1,1,21,21,49,163,33.6405983,-97.15569305,IH,35,,497.467,IH0035,,194,2,15.43,498,0.21,US,82,,US0082,,44,8,39.374,N,Y,N,5,5,Y,TUE,5,0,4,10,44,9,4,250,86,48,5,0,0,2,8,5,2,20,5,2,36,2,11,25181,2014,25181,1.7,16.9,18.6,,,,,,,,,,,,,,,,,,,,,,,,,,,0,0,0,3,0,0,0,,,,
13573406,N,N,N,N,N,N,N,11/27/2013,11:10 AM,0148331113Y,,101,208,N,Y,,,19,,,1,6400,,SLOAN,,N,N,35,N,N,,Y,19,,,1,3700,,BROAD,ST,,,,,,,11,1,0,,1,1,8,11:13 AM,ON VIEW,11:13 AM,11/27/2013,Y,TXHPD0000,2469,16,104,28,8,2,1,10,64,54,1,5,1,21,21,101,208,29.69471481,-95.31174311,,,,,SLOAN ST,6501,,,,,,,,,BROAD ST,,,,,Y,N,N,3,9,Y,WED,,,,,,,,,,,,,,,,,,,,,,,,,,,,,,,,,,,,,,,,,,,,,,,,,,,,,,,,0,0,1,2,0,1,0,15,,,
13573513,N,N,N,N,N,N,N,12/1/2013,1:40 AM,13-118490,,220,156,N,Y,32.82427,-97.29521,19,,,1,3800,,MEACHAM,BLVD,N,N,40,N,N,,N,19,,,,4500,N,BEACH,TRL,,,,,,,12,4,0,,1,1,5,1:46 AM,POLICE DISPATCHER,1:56 AM,12/1/2013,Y,TX2201200,1318,4,29,23,8,2,2,20,64,38,1,5,1,21,21,220,156,32.8243343,-97.29098843,,,,,MEACHAM BLVD,3899,,,,,,,,,N BEACH ST,,,,,Y,N,N,5,9,Y,SUN,,,,,,,,,,,,,,,,,,,,,,,,,,,,,,,,,,,,,,,,,,,,,,,,,,,,,,,,0,0,0,3,0,0,0,282,,,
13573521,N,N,N,N,N,Y,N,12/1/2013,1:41 AM,13-118492,,220,156,N,Y,32.79844,-97.35009,19,,,1,2900,N,MAIN,ST,N,N,40,N,N,,N,19,,,,100,NE,29TH,ST,,,,,,,11,4,2,3,2,1,1,1:43 AM,DISPATCHED,1:49 AM,12/6/2013,Y,TX2201200,1318,4,29,23,8,1,2,1,64,54,1,2,1,21,21,220,156,32.79756637,-97.34980196,BU,287,P,13.299,BU0287P,2903,14,1,14.668,268,-0.44,,,,NW 29TH ST,,,,,Y,Y,N,2,9,Y,SUN,2,0,0,0,0,3,4,80,54,54,4,0,0,1,0,0,1,0,0,0,0,4,14,21823,2014,21823,5.3,6.8,12.1,,,,,,,,,,,,,,,,,,,,,,,,,,,0,1,0,1,0,1,0,282,,,
13573801,N,N,N,N,N,N,N,11/26/2013,10:40 AM,,MW,1,1566,Y,Y,32.0479,-95.45708,2,175,,1,,,NOT REPORTED,,N,N,70,N,N,,N,4,1892,,,,,NOT REPORTED,,,,,,,,2,1,0,1,2,2,11,10:45 AM,ACSO DISPATCH,10:55 AM,11/26/2013,Y,,10000,46,28,1,8,7,4,1,32,1,1,2,2,21,21,1,1566,32.0482474,-95.45823784,US,175,,98.766,US0175,,198,3,6.746,688,0.762,,,,,,,,,Y,Y,Y,5,0,Y,TUE,2,0,8,8,0,2,2,120,44,26,4,0,0,2,8,5,2,8,5,0,0,1,2,4268,2014,4268,7,11.4,18.3,,,,,,,,,,,,,,,,,,,,,,,,,,,0,0,0,1,0,0,0,,,,
13573815,N,N,N,N,N,N,N,11/23/2013,10:58 PM,,,171,1736,Y,Y,35.95292,-101.98758,2,287,,1,,,NOT REPORTED,,N,N,75,N,N,,N,,,,,,,NOT REPORTED,,0.7,M,N,58,,,4,3,0,2,1,9,11,11:08 PM,DUMAS COMMUNICATIONS,11:44 PM,11/23/2013,Y,,10000,12,130,1,8,10,4,1,1,1,1,2,2,21,21,171,1736,35.95256908,-101.9877714,US,287,,41.97,US0287,,66,4,7.28,58,-0.7,,,,NOT REPORTED,,,,,Y,Y,Y,2,0,Y,SAT,3,0,4,10,84,2,4,225,82,48,5,0,0,2,8,5,2,20,5,3,76,1,2,7602,2014,7602,2.9,61.7,64.7,,,,,,,,,,,,,,,,,,,,,,,,,,,0,1,0,1,0,1,0,,,,
13574064,N,N,N,N,N,N,N,11/30/2013,2:30 PM,20131818,201328484,79,228,N,Y,,,19,,,1,,,PIN OAK,RD,N,N,30,N,N,,Y,19,,,1,,,NELSON,WAY,,,,,,,11,1,3,,1,1,8,2:30 PM,RADIO,2:44 PM,11/30/2013,Y,TX1012700,1559,,,35,8,2,1,14,64,54,1,5,1,21,21,79,228,29.77454481,-95.81885297,,,,,PIN OAK RD,,,,,,,,,,NELSON WAY,,,,,Y,N,N,2,5,Y,SAT,,,,,,,,,,,,,,,,,,,,,,,,,,,,,,,,,,,,,,,,,,,,,,,,,,,,,,,,0,1,1,0,1,2,0,15,,,
13574125,N,N,N,N,N,N,N,12/2/2013,9:00 AM,,,170,1735,Y,Y,30.3775,-95.64206,3,105,,1,,,NOT REPORTED,,N,N,55,N,N,,N,19,,,,,,OLD RIVER,RD,,,,,,,11,1,0,3,1,1,5,9:15 AM,DPS COMMUNICATIONS,9:34 AM,12/2/2013,Y,,10000,17,52,1,8,2,4,20,64,54,1,2,1,21,21,170,1735,30.37691763,-95.64153525,SH,105,,55.408,SH0105,18120,338,3,10.858,678,0.939,,,,,,,,,Y,Y,Y,5,0,Y,MON,2,0,10,10,0,3,6,200,92,72,5,0,0,3,10,5,2,10,5,0,0,2,14,31043,2014,31043,5.8,8.1,13.9,,,,,,,,,,,,,,,,,,,,,,,,,,,0,0,0,6,0,0,0,15,,,
13574233,N,N,N,N,N,N,N,12/1/2013,5:46 PM,,,85,1650,Y,Y,32.98145,-101.1128,2,84,,1,,,NOT REPORTED,,N,N,75,N,N,,N,,,,,,,NOT REPORTED,,0.1,M,E,382,,,11,5,0,2,1,1,11,5:50 PM,DISPATCHED,6:25 PM,12/2/2013,Y,,10000,22,17,1,8,6,4,1,64,54,1,2,1,21,21,85,1650,32.97965169,-101.1067566,US,84,,131.5,US0084,,53,6,38.216,382,0.1,,,,NOT REPORTED,,,,,Y,Y,Y,5,0,Y,SUN,3,0,4,10,52,2,4,170,76,48,4,0,0,2,8,5,2,20,5,3,44,1,2,8055,2014,8055,6.7,21.4,28.2,,,,,,,,,,,,,,,,,,,,,,,,,,,0,0,0,2,0,0,0,,,,
13574265,N,N,N,N,N,N,N,12/1/2013,12:01 AM,133350006,,227,22,N,Y,,,19,,,1,1600,E,WILLIAM CANNON,DR,N,N,-1,N,N,,N,1,35,,,,,NOT REPORTED,,,,,,,,11,4,0,,1,1,1,12:01 AM,ON SIGHT,12:01 AM,12/1/2013,N,TX2270100,74,1042,99,130,8,2,4,20,64,36,1,5,1,21,21,227,22,30.1901991,-97.77018106,,,,,E WILLIAM CANNON DR,,,,,,,,,,,,,,,Y,N,N,5,9,Y,SUN,,,,,,,,,,,,,,,,,,,,,,,,,,,,,,,,,,,,,,,,,,,,,,,,,,,,,,,,0,0,0,3,1,0,0,90,,,
13574284,N,N,N,N,N,N,N,11/30/2013,6:21 PM,SAPD13263337,3360,15,379,N,N,,,19,,,1,5711,,INDUSTRY PARK,DR,Y,N,5,N,N,,N,19,,,,4600,,RITTIMAN,RD,,,,,,,12,4,0,,1,1,1,6:21 PM,DISPATCH,6:30 PM,11/30/2013,Y,TXSPD0000,2473,,29,131,8,7,4,4,33,3,7,9,5,1,21,15,379,,,,,,,INDUSTRY PARK DR,,,,,,,,,,,,,,,N,N,N,5,9,N,SAT,,,,,,,,,,,,,,,,,,,,,,,,,,,,,,,,,,,,,,,,,,,,,,,,,,,,,,,,0,0,0,1,0,0,0,,,,
13574308,N,N,N,N,N,N,N,11/25/2013,7:30 AM,,,28,1593,Y,Y,30.01147,-97.64775,4,1854,,1,,,NOT REPORTED,,N,N,55,N,N,,N,19,,,,,,BAVARIAN,TRL,,,,,,,2,1,0,1,2,2,10,7:41 AM,CALDWELL COUNTY SO,8:15 AM,11/25/2013,Y,,10000,19,22,1,8,2,4,30,32,3,1,3,1,21,21,28,1593,30.01172106,-97.64793549,FM,1854,,2.107,FM1854,11624,384,4,2.146,458,0.119,,,,,,,,,Y,Y,Y,5,0,Y,MON,2,0,1,2,0,2,2,79,30,24,4,0,0,2,1,5,2,2,5,0,0,1,7,2576,2014,2576,11.6,5.9,17.5,,,,,,,,,,,,,,,,,,,,,,,,,,,0,0,0,1,1,0,0,90,,,
13574444,N,Y,N,N,N,N,N,11/23/2013,8:40 PM,,,55,1620,Y,Y,31.07088,-104.43888,1,10,,1,,,NOT REPORTED,,N,N,80,N,N,,N,,,,,,,NOT REPORTED,,0.3,M,E,164,,,3,3,0,2,1,6,11,8:40 PM,DROVE UPON,8:40 PM,12/2/2013,Y,,10000,19,163,1,8,9,4,1,3,54,1,1,2,21,21,55,1620,31.07350619,-104.4157987,IH,10,,164.362,IH0010,,3,2,11.343,164,0.3,,,,NOT REPORTED,,,,,Y,Y,Y,5,0,Y,SAT,5,0,6,10,106,9,4,400,80,48,6,0,0,2,12,5,2,20,5,3,96,1,1,10362,2014,10362,3.5,47.3,50.7,,,,,,,,,,,,,,,,,,,,,,,,,,,0,0,0,1,0,0,0,,,,
13574532,N,N,N,N,N,N,N,11/30/2013,8:10 PM,0149582813J,,101,208,N,N,,,19,,,1,6500,,SUNLIT ORCHARD,DR,N,N,30,N,N,DRY CONCRETE,N,19,,,,12700,,WISTERIA,,,,,,,,11,4,0,,1,1,1,8:25 PM,DISPATCHED,8:55 PM,12/1/2013,Y,TXHPD0000,2469,18,128,39,8,1,3,4,64,14,7,9,5,1,21,101,208,,,,,,,SUNLIT ORCHARD DR,,,,,,,,,,,,,,,N,N,N,3,9,N,SAT,,,,,,,,,,,,,,,,,,,,,,,,,,,,,,,,,,,,,,,,,,,,,,,,,,,,,,,,0,0,1,1,0,1,0,,,,
13574578,N,N,N,N,N,N,N,12/2/2013,6:55 AM,SAPD13264403,6170,15,379,N,Y,,,1,410,,1,3400,SW,NOT REPORTED,,N,N,70,N,N,WESTBOUND SW LOOP 410,N,3,16,,,10000,S,NOT REPORTED,,,,,,POTEET JOURDANTON FWY,,12,2,0,2,1,1,20,7:00 AM,DISPATCHED,7:05 AM,12/2/2013,Y,TXSPD0000,2473,,11,175,8,7,4,1,39,54,1,1,4,21,21,15,379,29.31979134,-98.56934744,IH,410,,50.765,IH0410,,521,5,50.751,51,-0.393,,,,,,,,,Y,Y,N,5,9,Y,MON,5,0,4,10,0,2,4,300,82,60,2,0,0,2,8,5,2,14,5,3,41,4,11,37425,2014,37425,2.4,3,5.4,1,261,1,1,13,,,,,,,,,,,,,,,,,,,,,,0,0,0,1,0,0,0,28,,,
13574836,N,N,N,N,N,N,N,11/18/2013,1:16 PM,13-25214,,68,315,N,Y,,,19,,,1,600,E,UNIVERSITY,BLVD,N,N,35,N,N,BLACKTOP,N,19,,,1,2200,N,MUSKINGHAM,AVE,25,F,E,NCL,BLACKTOP,,11,1,2,,1,1,1,1:16 PM,DISPATCH,1:37 PM,11/18/2013,Y,TX0680200,1873,,,,8,2,2,20,64,46,1,5,1,21,21,68,315,31.86951466,-102.3750513,,,,,E UNIVERSITY BLVD,600,,,,,,,,,N MUSKINGUM AVE,,,,,Y,N,N,3,8,Y,MON,,,,,,,,,,,,,,,,,,,,,,,,,,,,,,,,,,,,,,,,,,,,,,,,,,,,,,,,0,0,1,1,0,1,0,174,,,
13574862,N,N,N,N,N,N,N,11/14/2013,7:30 AM,0142670413T,,101,208,N,Y,,,19,,,1,12819,,WISTERIA PARK,DR,N,N,10,N,N,,N,19,,,,,,SOUTH DAIRY ASHFORD,,,,,,,,11,1,0,,1,1,1,7:30 AM,DISPATCHER,7:48 AM,11/14/2013,Y,TXHPD0000,2469,18,128,39,8,4,4,3,64,10,1,5,1,21,21,101,208,29.70821093,-95.6055997,,,,,WISTERIA PARK DR,12723,,,,,,,,,,,,,,Y,N,N,5,9,Y,THU,,,,,,,,,,,,,,,,,,,,,,,,,,,,,,,,,,,,,,,,,,,,,,,,,,,,,,,,0,0,0,1,0,0,0,15,,,
13574995,N,N,N,N,N,N,N,11/20/2013,6:20 AM,0145334013F,,101,208,N,Y,,,11,8,,2,4400,W,WEST SAM HOUSTON N,PKWY,N,N,50,N,N,CONCREETE S/R,Y,19,,,1,,,CLAY,RD,,,,,,,11,1,0,1,1,1,5,6:23 AM,FLAG DOWN,6:23 AM,11/20/2013,Y,TXHPD0000,2469,24,106,44,8,2,1,10,64,54,2,2,1,21,21,101,208,29.83203747,-95.56378931,SL,8,,23.698,SL0008,,3256,1,14.429,704,-0.28,,,,CLAY RD,,,,,Y,Y,N,3,9,Y,WED,1,0,0,0,0,9,3,300,36,36,5,1,1,1,0,0,1,0,0,0,0,4,14,33754,2014,33754,1.8,1.4,3.2,,,,,,,,,,,,,,,,,,,,,,,,,,,0,0,2,0,0,2,0,15,,,
13575089,N,Y,N,N,N,N,N,11/12/2013,9:47 AM,13-316070,,71,136,N,N,31.81689,-106.54699,19,,,1,800,,SUNLAND PARK,DR,N,N,40,N,N,,Y,19,,,1,,,I 10 WEST ON RAMP,,,,,,,,11,1,4,,1,1,20,9:49 AM,DISPATCHED,10:00 AM,11/12/2013,Y,TX0710200,1259,,,103,8,2,2,31,64,54,1,5,1,21,21,71,136,31.8169223,-106.546934,,,,,SUNLAND PARK DR,800,,,,,,,,,UNKNOWN,,,,,N,N,N,5,9,Y,TUE,,,,,,,,,,,,,,,,,,,,,,,,,,,,,,,,,,,,,,,,,,,,,,,,,,,,,,,,0,0,0,2,0,0,0,66,,,
13575130,N,N,N,N,N,N,N,11/28/2013,9:49 AM,302932A,,57,107,N,Y,,,19,,,1,4000,S,HAMPTON,RD,N,N,35,N,N,,N,19,,,,2300,,VATICAN,LN,,,,,,,11,1,0,,1,1,20,9:50 AM,DISPATCHED,9:58 AM,11/28/2013,Y,TX0000006,2471,,,44,8,2,3,34,64,13,1,5,1,32,21,57,107,32.69339721,-96.85712256,,,,,S HAMPTON RD,,,,,,,,,,,,,,,Y,N,N,5,9,Y,THU,,,,,,,,,,,,,,,,,,,,,,,,,,,,,,,,,,,,,,,,,,,,,,,,,,,,,,,,0,0,0,2,0,0,0,282,,,
13575161,N,N,N,N,N,N,N,11/19/2013,9:57 PM,13-003745,13-0647,126,59,N,Y,,,19,,,1,500,W,HIDDEN CREEK,PKWY,N,N,35,N,N,,N,19,,,1,800,,PLEASANT MANOR,AVE,,,,,,,11,4,0,,1,1,11,9:57 PM,OFFICERS HEARD CRASH,9:58 PM,11/20/2013,Y,TX1260200,185,,,,8,7,4,1,32,54,1,5,2,21,21,126,59,32.52563379,-97.32868974,,,,,W HIDDEN CREEK PKWY,476,,,,,,,,,,,,,,Y,N,N,5,6,Y,TUE,,,,,,,,,,,,,,,,,,,,,,,,,,,,,,,,,,,,,,,,,,,,,,,,,,,,,,,,0,0,0,3,0,0,0,282,,,
13575190,N,N,N,N,N,N,N,11/21/2013,5:18 AM,13NP07B971,,220,312,N,Y,,,19,,,1,7700,,BEDFORD EULESS,RD,N,N,35,N,N,ROADWAY,Y,11,26,,1,7700,,BOULEVARD 26,,,,,,ROADWAY,,5,4,4,2,4,2,5,5:19 AM,DISPATCH,5:25 AM,11/21/2013,Y,TX2202100,1860,,,,8,2,1,14,64,54,1,2,1,21,21,220,312,32.83429571,-97.21384477,SH,26,,2.71,SH0026,,363,1,5.224,562,0.695,,,,BEDFORD EULESS RD,,,,,Y,Y,N,3,7,Y,THU,3,0,0,4,10,9,4,100,58,50,6,1,1,1,0,0,2,8,5,3,10,4,14,21351,2014,21351,2.5,0.4,2.9,,,,,,,,,,,,,,,,,,,,,,,,,,,0,0,1,1,0,1,0,282,,,
13575313,N,N,N,N,N,N,N,11/15/2013,7:22 PM,13-0239,,146,79,N,Y,,,2,59,,3,600,,US HWY 59,,N,N,0,N,N,,N,2,59,,4,400,,W SOUTHLINE,,,,,,,,11,4,2,,1,1,1,7:22 PM,RADIO,7:42 PM,11/15/2013,Y,TX1460100,286,,,,8,2,2,22,64,42,2,2,1,21,21,146,79,,,US,59,,,US0059,,,,,,,US,59,,US0059,,,,,Y,Y,N,3,4,N,FRI,,,,,,,,,,,,,,,,,,,,,,,,,,,,,,,,,,,,,,,,,,,,,,,,,,,,,,,,0,0,3,5,0,3,0,,,,
13575347,N,N,N,N,N,N,N,12/1/2013,8:04 PM,1300022111,1300022111,182,294,N,Y,,,17,,,7,101,SE,17,AVE,Y,N,5,N,N,PARKING LOT,N,19,,,,100,SE,17TH,AVE,,,,,PAVED,,11,4,98,,1,1,1,8:04 PM,DISPATCH,8:13 PM,12/1/2013,Y,TX1820200,1790,,,35,8,4,4,5,64,54,7,9,5,33,21,182,294,,,,,,,SE 17 AVE,,,,,,,,,,,,,,,N,N,N,0,5,N,SUN,,,,,,,,,,,,,,,,,,,,,,,,,,,,,,,,,,,,,,,,,,,,,,,,,,,,,,,,0,0,0,0,1,0,0,,,,
13575437,N,N,N,N,N,N,N,11/11/2013,5:50 PM,A13001992,,14,424,N,Y,,,2,190,,2,600,SW,HK DODGEN,LOOP,N,N,45,N,N,,Y,19,,,,2900,,LOWES,BLVD,,,,,,,11,4,98,,2,1,8,6:07 PM,POLICE DISPATCH,6:17 PM,11/11/2013,Y,140700,2221,,,271,8,2,1,13,64,54,2,2,1,21,21,14,424,,,US,190,,,US0190,,,,,,,,,,LOWES BLVD,,,,,Y,Y,N,5,7,N,MON,,,,,,,,,,,,,,,,,,,,,,,,,,,,,,,,,,,,,,,,,,,,,,,,,,,,,,,,0,0,0,3,0,0,0,,,,
13575557,N,N,N,N,N,N,N,11/21/2013,3:55 PM,13-53838,,46,309,N,Y,,,1,35,,2,100,S,35,HWY,N,N,45,N,N,SB FR,Y,19,,,1,1200,S,SEGUIN,AVE,,,,,,,12,1,4,2,1,1,5,3:57 PM,DISPATCHED,4:00 PM,11/22/2013,Y,TX0460100,1841,,73,93,8,2,1,34,64,54,2,1,1,21,21,46,309,29.69182967,-98.1100769,IH,35,,187.444,IH0035,,16,5,10.664,188,-0.109,FM,725,,FM0725,,215,8,0.155,Y,Y,N,5,7,Y,THU,5,0,12,10,26,2,8,350,140,96,4,0,0,2,24,5,2,20,5,2,2,4,11,89924,2014,89924,3.4,11.2,14.6,,,,,,,,,,,,,,,,,,,,,,,,,,,0,0,0,5,0,0,0,28,,,
13575974,N,N,N,N,N,N,N,11/23/2013,2:46 AM,,,169,44,N,Y,,,19,,,1,,,ROACH,ST,N,N,30,N,N,,N,19,,,1,,,PATTERSON,ST,,,,,PATTERSON,,2,4,2,,1,2,1,2:46 AM,BPD COMMUNICATIONS,2:48 AM,11/23/2013,Y,TX1690100,144,76,102,137,8,7,2,3,30,3,1,5,2,21,21,169,44,33.56034023,-97.82721957,,,,,E ROACH ST,1189,,,,,,,,,PATTERSON ST,,,,,Y,N,N,2,4,Y,SAT,,,,,,,,,,,,,,,,,,,,,,,,,,,,,,,,,,,,,,,,,,,,,,,,,,,,,,,,0,2,0,0,0,2,0,,,,
13576110,N,N,N,N,N,N,N,11/20/2013,7:41 AM,2013-15575,,91,113,N,Y,,,3,91,,1,300,S,ARMSTRONG,AVE,N,N,30,N,N,,Y,19,,,1,700,W,CRAWFORD,ST,,,,,,,11,1,98,1,1,1,5,7:41 AM,DISPATCH,7:43 AM,11/20/2013,Y,TX0910200,1193,,,,8,2,1,10,64,54,1,2,1,21,21,91,113,33.75378458,-96.54626301,SH,91,,5.302,SH0091,298,47,12,0.117,200,-0.714,,,,W CRAWFORD ST,,,,,Y,Y,N,5,5,Y,WED,2,0,10,0,0,9,2,80,35,25,6,0,0,2,10,5,1,0,0,0,0,3,16,7644,2014,7644,7.9,4.9,12.9,,,,,,,,,,,,,,,,,,,,,,,,,,,0,0,0,9,0,0,0,232,,,
13576455,N,N,N,N,N,N,N,12/2/2013,10:43 AM,13-118925,,220,156,N,Y,32.76131,-97.23423,19,,,1,1200,,COUNTRY CLUB,LN,N,N,30,N,N,ROAD,N,19,,,,5700,,BRIDGE,ST,,,,,ROAD,,11,1,0,,1,1,20,10:51 AM,DISPATCHED,11:01 AM,12/2/2013,Y,TX2201200,1318,4,9,23,8,2,3,14,64,14,1,5,1,32,21,220,156,32.76132557,-97.23421615,,,,,COUNTRY CLUB LN,1285,,,,,,,,,,,,,,Y,N,N,5,9,Y,MON,,,,,,,,,,,,,,,,,,,,,,,,,,,,,,,,,,,,,,,,,,,,,,,,,,,,,,,,0,0,0,3,0,0,0,282,,,
13576548,N,N,N,N,N,N,N,11/23/2013,8:15 PM,,,68,1633,Y,Y,31.8831,-102.42295,11,338,,1,,,NOT REPORTED,,N,N,55,N,N,,N,3,302,,,,,NOT REPORTED,,,,,,,,3,1,0,1,1,6,11,8:46 PM,DISPATCHED,9:17 PM,11/23/2013,Y,,10000,1,32,1,8,10,4,1,33,1,1,2,2,21,21,68,1633,31.8064315,-102.4065841,SL,338,,3.123,SL0338,,2224,1,9.16,256,-0.391,,,,,,,,,Y,Y,Y,2,0,Y,SAT,2,0,10,10,0,2,2,200,44,24,2,0,0,2,10,5,2,10,5,0,0,3,14,5251,2014,5251,4.9,16.5,21.4,1,173,2,2,18,,,,,,,,,,,,,,,,,,,,,,0,1,0,0,0,1,0,174,,,
13576555,N,N,N,N,N,N,N,11/28/2013,5:10 PM,13-117764,,220,156,N,Y,32.86109,-97.29168,19,,,1,4300,,WESTERN CENTER,BLVD,N,N,40,N,N,CONCRETE ROADWAY,N,19,,,,6600,,SPOONWOOD,LN,,,,,CONCRETE ROADWAY,,11,1,0,,1,1,6,5:18 PM,DISPATCHED,5:32 PM,11/28/2013,Y,TX2201200,1318,4,29,23,8,2,2,22,64,38,1,5,1,21,21,220,156,32.86098426,-97.29318927,,,,,WESTERN CENTER BLVD,4227,,,,,,,,,SPOONWOOD LN,,,,,Y,N,N,3,9,Y,THU,,,,,,,,,,,,,,,,,,,,,,,,,,,,,,,,,,,,,,,,,,,,,,,,,,,,,,,,0,0,1,1,0,1,0,282,,,
13576588,N,N,N,N,N,N,N,11/29/2013,6:15 PM,13-118052,,220,156,N,Y,32.88299,-97.41602,19,,,1,6013,,DECK HOUSE,RD,N,N,30,N,N,,N,19,,,,8700,,EAGLES LANDING,DR,,,,,,,11,3,0,,1,1,1,6:23 PM,DISPATCHED,6:36 PM,11/29/2013,Y,TX2201200,1318,4,29,23,8,4,4,1,64,3,1,5,1,21,21,220,156,32.88295426,-97.41513955,,,,,DECK HOUSE RD,6013,,,,,,,,,,,,,,Y,N,N,2,9,Y,FRI,,,,,,,,,,,,,,,,,,,,,,,,,,,,,,,,,,,,,,,,,,,,,,,,,,,,,,,,0,1,0,0,0,1,0,282,,,