Crash_ID,Crash_Fatal_Fl,Cmv_Involv_Fl,Schl_Bus_Fl,Rr_Relat_Fl,Medical_Advisory_Fl,Amend_Supp_Fl,Active_School_Zone_Fl,Crash_Date,Crash_Time,Case_ID,Local_Use,Rpt_CRIS_Cnty_ID,Rpt_City_ID,Rpt_Outside_City_Limit_Fl,Thousand_Damage_Fl,Rpt_Latitude,Rpt_Longitude,Rpt_Rdwy_Sys_ID,Rpt_Hwy_Num,Rpt_Hwy_Sfx,Rpt_Road_Part_ID,Rpt_Block_Num,Rpt_Street_Pfx,Rpt_Street_Name,Rpt_Street_Sfx,Private_Dr_Fl,Toll_Road_Fl,Crash_Speed_Limit,Road_Constr_Zone_Fl,Road_Constr_Zone_Wrkr_Fl,Rpt_Street_Desc,At_Intrsct_Fl,Rpt_Sec_Rdwy_Sys_ID,Rpt_Sec_Hwy_Num,Rpt_Sec_Hwy_Sfx,Rpt_Sec_Road_Part_ID,Rpt_Sec_Block_Num,Rpt_Sec_Street_Pfx,Rpt_Sec_Street_Name,Rpt_Sec_Street_Sfx,Rpt_Ref_Mark_Offset_Amt,Rpt_Ref_Mark_Dist_Uom,Rpt_Ref_Mark_Dir,Rpt_Ref_Mark_Nbr,Rpt_Sec_Street_Desc,Rpt_CrossingNumber,Wthr_Cond_ID,Light_Cond_ID,Entr_Road_ID,Road_Type_ID,Road_Algn_ID,Surf_Cond_ID,Traffic_Cntl_ID,Investigat_Notify_Time,Investigat_Notify_Meth,Investigat_Arrv_Time,Report_Date,Investigat_Comp_Fl,ORI_Number,Investigat_Agency_ID,Investigat_Area_ID,Investigat_District_ID,Investigat_Region_ID,Bridge_Detail_ID,Harm_Evnt_ID,Intrsct_Relat_ID,FHE_Collsn_ID,Obj_Struck_ID,Othr_Factr_ID,Road_Part_Adj_ID,Road_Cls_ID,Road_Relat_ID,Phys_Featr_1_ID,Phys_Featr_2_ID,Cnty_ID,City_ID,Latitude,Longitude,Hwy_Sys,Hwy_Nbr,Hwy_Sfx,Dfo,Street_Name,Street_Nbr,Control,Section,Milepoint,Ref_Mark_Nbr,Ref_Mark_Displ,Hwy_Sys_2,Hwy_Nbr_2,Hwy_Sfx_2,Street_Name_2,Street_Nbr_2,Control_2,Section_2,Milepoint_2,Txdot_Rptable_Fl,Onsys_Fl,Rural_Fl,Crash_Sev_ID,Pop_Group_ID,Located_Fl,Day_of_Week,Hwy_Dsgn_Lane_ID,Hwy_Dsgn_Hrt_ID,Hp_Shldr_Left,Hp_Shldr_Right,Hp_Median_Width,Base_Type_ID,Nbr_Of_Lane,Row_Width_Usual,Roadbed_Width,Surf_Width,Surf_Type_ID,Curb_Type_Left_ID,Curb_Type_Right_ID,Shldr_Type_Left_ID,Shldr_Width_Left,Shldr_Use_Left_ID,Shldr_Type_Right_ID,Shldr_Width_Right,Shldr_Use_Right_ID,Median_Type_ID,Median_Width,Rural_Urban_Type_ID,Func_Sys_ID,Adt_Curnt_Amt,Adt_Curnt_Year,Adt_Adj_Curnt_Amt,Pct_Single_Trk_Adt,Pct_Combo_Trk_Adt,Trk_Aadt_Pct,Curve_Type_ID,Curve_Lngth,Cd_Degr,Delta_Left_Right_ID,Dd_Degr,Feature_Crossed,Structure_Number,I_R_Min_Vert_Clear,Approach_Width,Bridge_Median_ID,Bridge_Loading_Type_ID,Bridge_Loading_In_1000_Lbs,Bridge_Srvc_Type_On_ID,Bridge_Srvc_Type_Under_ID,Culvert_Type_ID,Roadway_Width,Deck_Width,Bridge_Dir_Of_Traffic_ID,Bridge_Rte_Struct_Func_ID,Bridge_IR_Struct_Func_ID,CrossingNumber,RRCo,Poscrossing_ID,WDCode_ID,Standstop,Yield,Incap_Injry_Cnt,Nonincap_Injry_Cnt,Poss_Injry_Cnt,Non_Injry_Cnt,Unkn_Injry_Cnt,Tot_Injry_Cnt,Death_Cnt,MPO_ID,Investigat_Service_ID,Investigat_DA_ID,Investigator_Narrative
13586120,N,N,N,N,N,N,N,11/20/2013,12:57 PM,13-324129,,71,136,N,Y,,,19,,,1,100,W,YANDELL,,N,N,30,N,N,PUBLIC ROADWAY,Y,19,,,1,700,N,EL PASO,,,,,,PUBLIC ROADWAY,,11,1,4,2,1,1,5,12:58 PM,DISPATCHED,1:13 PM,11/20/2013,Y,TX0710200,1259,,,,8,2,1,10,64,3,1,2,1,21,21,71,136,31.78018887,-106.4208955,US,62,,5.038,US0062,,2,12,10.506,23,0.218,,,,E YANDELL DR,,,,,Y,Y,N,3,9,Y,WED,3,0,0,0,24,2,6,168,72,72,4,1,1,1,0,0,1,0,0,1,24,4,14,11250,2014,11250,2.3,1.2,3.4,1,151,3,2,26,,,,,,,,,,,,,,,,,,,,,,0,0,1,3,0,1,0,66,,,
13586263,N,N,N,N,N,N,N,10/26/2013,7:46 AM,1303659,,15,93,N,Y,,,19,,,1,8700,,CIVIL CROSSING,,N,N,20,N,N,,N,19,,,1,9800,,DISCOVERY DRIVE,DR,,,,,,,12,1,98,,1,1,1,7:50 AM,RADIO,7:53 AM,10/26/2013,Y,TX0150500,1105,,,27,8,7,4,1,23,3,1,5,2,21,21,15,93,29.51420079,-98.29401489,,,,,CIVIL XING,8787,,,,,,,,,,,,,,Y,N,N,5,5,Y,SAT,,,,,,,,,,,,,,,,,,,,,,,,,,,,,,,,,,,,,,,,,,,,,,,,,,,,,,,,0,0,0,1,0,0,0,28,,,
13586333,N,N,N,N,N,N,N,12/1/2013,5:55 PM,13AP013875,,184,23,N,Y,,,19,,,1,1100,S,S STEWART ST,ST,N,N,30,N,N,,N,19,,,1,,,TIMBER CROSS,CT,,,,,,,11,3,0,,1,1,1,5:58 PM,DISPATCHED,6:06 PM,12/1/2013,Y,TX2200200,76,,8,11,8,2,3,10,33,14,1,5,1,32,21,184,23,32.88479522,-97.5673643,,,,,S STEWART ST,1260,,,,,,,,,,,,,,Y,N,N,2,5,Y,SUN,,,,,,,,,,,,,,,,,,,,,,,,,,,,,,,,,,,,,,,,,,,,,,,,,,,,,,,,0,1,0,2,0,1,0,282,,,
13586356,N,N,N,N,N,N,N,11/22/2013,1:19 PM,133261299,,43,620,N,Y,,,19,,,1,100,N,OKLAHOMA,DR,N,N,30,N,N,,Y,19,,,1,200,E,BEECH,ST,,,,,,,2,1,0,1,1,2,8,1:25 PM,DISPATCH,1:26 PM,11/23/2013,Y,TX0430200,227,,2,3,8,2,1,10,31,54,1,2,1,21,21,43,620,33.32571178,-96.7847333,BS,289,C,4.009,BS0289C,299,91,9,4.033,228,0.088,,,,W BEECH ST,,,,,Y,Y,N,5,4,Y,FRI,2,0,0,0,0,2,2,60,20,20,4,0,0,1,0,0,1,0,0,0,0,3,17,1695,2014,1695,7.5,6,13.4,,,,,,,,,,,,,,,,,,,,,,,,,,,0,0,0,5,0,0,0,282,,,
13586564,N,N,N,N,N,N,N,12/6/2013,8:02 AM,P133400136,,79,1644,Y,Y,,,19,,,1,9999,S,MASON,RD,N,N,35,N,N,,Y,19,,,1,1999,,LEWISVILLE,,,,,,,,12,1,2,,1,2,8,8:05 AM,DISPATCH,8:23 AM,12/6/2013,Y,TX0790000,1312,,,35,8,2,1,14,64,17,1,4,1,21,21,79,1644,29.65881483,-95.736493,,,,,MASON RD,,,,,,,,,,LEWISVILLE DR,,,,,Y,N,Y,5,0,Y,FRI,,,,,,,,,,,,,,,,,,,,,,,,,,,,,,,,,,,,,,,,,,,,,,,,,,,,,,,,0,0,0,2,0,0,0,15,,,
13586581,N,N,N,N,N,N,N,12/7/2013,8:14 PM,24268,,175,98,N,Y,,,4,2555,,1,600,S,FM 2555,,N,N,45,N,N,,N,19,,,,3500,W,PARK ROW,BLVD,,,,,,,8,3,0,,4,6,1,8:14 PM,DISPATCH RADIO,8:21 PM,12/7/2013,Y,TX1750100,1119,,,35,8,7,4,1,32,1,1,3,2,21,21,175,98,,,FM,2555,,,FM2555,,,,,,,,,,,,,,,Y,Y,N,1,5,N,SAT,,,,,,,,,,,,,,,,,,,,,,,,,,,,,,,,,,,,,,,,,,,,,,,,,,,,,,,,1,0,0,0,0,1,0,,,,
13586785,N,N,N,N,N,N,N,12/7/2013,7:35 PM,,,62,1627,Y,Y,29.26007,-97.29395,2,183,,1,,,NOT REPORTED,,N,N,70,N,N,,N,15,,,,,,HERMAN,RD,,,,,,,2,3,0,1,2,6,20,7:35 PM,DEWITT CO DISPATCH,8:17 PM,12/8/2013,Y,,10000,46,92,1,1,7,4,1,41,1,1,2,2,21,21,62,1627,29.26004363,-97.29402237,US,183,,405.393,US0183,10255,154,4,5.215,598,-0.788,,,,,,,,,Y,Y,Y,5,0,Y,SAT,2,0,10,10,0,2,2,120,44,24,2,0,0,2,10,5,2,10,5,0,0,1,2,3900,2014,3900,4.9,15.1,20,1,306,0,2,8,,,,,,,,,,,,,,,,,,,,,,0,0,0,2,0,0,0,,,,
13587014,N,N,N,N,N,N,N,12/7/2013,4:23 AM,,,204,1324,N,Y,30.51286,-94.98628,2,59,,2,,,NOT REPORTED,,N,N,35,N,N,,N,19,,,,,,LAKE POOL,RD,,,,,,,11,3,0,2,4,2,12,4:57 AM,SAN JACINTO COUNTY,5:30 AM,12/8/2013,Y,,10000,12,58,1,8,7,4,1,20,1,2,2,2,21,21,204,1769,30.51294043,-94.98708821,US,59,,244.437,US0059,,177,2,4.312,450,-0.167,,,,,,,,,Y,Y,Y,5,0,Y,SAT,4,0,4,10,66,2,4,200,76,48,4,0,0,2,8,5,2,20,5,3,58,1,2,20163,2014,20163,3.5,28,31.5,1,667,1,1,26,,,,,,,,,,,,,,,,,,,,,,0,0,0,3,0,0,0,,,,
13587060,N,N,N,N,N,N,N,12/7/2013,11:54 AM,2013-143025,NORTHWEST AM,57,67,N,Y,,,19,,,1,2300,N,BROADWAY,ST,N,N,35,N,N,,N,19,,,,1200,W,JACKSON,RD,,,,,,,12,1,0,,1,6,11,11:54 AM,DISPATCHED,12:34 PM,12/8/2013,Y,TX0575300,1179,,,17,8,7,4,1,32,54,1,5,2,21,21,57,67,32.97527639,-96.92138385,,,,,N BROADWAY ST,2279,,,,,,,,,,,,,,Y,N,N,5,8,Y,SAT,,,,,,,,,,,,,,,,,,,,,,,,,,,,,,,,,,,,,,,,,,,,,,,,,,,,,,,,0,0,0,2,0,0,0,282,,,
13587136,N,N,N,N,N,N,N,12/2/2013,9:15 AM,0150161313W,,101,208,N,Y,,,19,,,1,6809,,FULTON,ST,Y,N,10,N,N,"LEVEL, CONCRETE, DRY",N,19,,,,200,,STOKES,,,,,,,,12,1,0,,1,1,1,10:05 AM,DISPATCHED,10:05 AM,12/2/2013,Y,TXHPD0000,2469,14,152,27,8,7,4,1,33,3,7,9,5,33,21,101,208,,,,,,,FULTON ST,,,,,,,,,,,,,,,N,N,N,5,9,N,MON,,,,,,,,,,,,,,,,,,,,,,,,,,,,,,,,,,,,,,,,,,,,,,,,,,,,,,,,0,0,0,1,0,0,0,,,,
13587227,N,N,N,N,N,N,N,12/6/2013,12:50 PM,1300089954,,220,179,N,Y,,,3,114,,4,2900,E,NOT REPORTED,,N,N,60,Y,N,EB EXIT RAMP TO EB IH635,N,1,635,,,3000,,NOT REPORTED,,,,,,,,12,1,0,,5,6,20,12:51 PM,DISPATCHED,1:00 PM,12/6/2013,Y,TX2201300,1379,,,35,8,7,4,1,23,49,4,2,2,21,21,220,179,,,SH,114,,,SH0114,,,,,,,,,,,,,,,Y,Y,N,5,6,N,FRI,,,,,,,,,,,,,,,,,,,,,,,,,,,,,,,,,,,,,,,,,,,,,,,,,,,,,,,,0,0,0,1,0,0,0,,,,
13587229,N,N,N,N,N,N,N,12/5/2013,2:40 PM,,,104,1669,Y,Y,33.06948,-99.68468,4,600,,1,,,NOT REPORTED,,N,N,60,N,N,,N,19,,,,,,MULE CREEK,RD,,,,,,,3,1,0,1,1,5,11,3:06 PM,DISPATCHED,3:17 PM,12/7/2013,Y,,10000,15,1,1,8,7,4,1,33,1,1,3,2,21,21,104,1669,33.06273038,-99.67324309,FM,600,,8.356,FM0600,4528,985,2,8.298,250,0.158,,,,,,,,,Y,Y,Y,5,0,Y,THU,2,0,0,0,0,2,2,80,20,20,2,0,0,1,0,0,1,0,0,0,0,1,7,172,2014,172,2.4,4,6.3,,,,,,,,,,,,,,,,,,,,,,,,,,,0,0,0,1,0,0,0,,,,
13587235,N,N,N,N,N,N,N,12/6/2013,12:11 AM,,,217,1782,Y,Y,33.24977,-100.24862,2,83,,1,,,NOT REPORTED,,N,N,-1,N,N,,N,15,210,,,,,NOT REPORTED,,,,,,,,3,3,0,1,3,6,12,12:13 AM,DISPATCHED,1:37 AM,12/6/2013,Y,,10000,15,1,1,8,10,4,1,1,1,1,2,4,21,21,217,1782,33.24834042,-100.2485854,US,83,,244.394,US0083,5384,32,7,11.765,258,0.541,,,,,,,,,Y,Y,Y,5,0,Y,FRI,2,0,8,8,0,2,2,120,42,26,4,0,0,2,8,5,2,8,5,0,0,1,6,874,2014,874,12.1,20.3,32.4,,,,,,,,,,,,,,,,,,,,,,,,,,,0,0,0,1,0,0,0,,,,
13587335,N,N,N,N,N,N,N,11/24/2013,6:00 AM,24 BUELL,,183,1748,Y,Y,32.12748,-94.1873,4,2517,,1,,,NOT REPORTED,,N,N,70,N,N,,N,15,448,,,,,NOT REPORTED,,,,,,,,12,2,0,1,1,6,12,6:05 AM,PCSO DISPATCH,6:59 AM,11/24/2013,Y,TXDPS3100,10000,8,28,1,6,7,4,1,32,1,1,3,2,21,21,183,1748,32.12762164,-94.18661014,FM,2517,,9.469,FM2517,4371,2239,1,15.449,744,-2.509,,,,,,,,,Y,Y,Y,5,0,Y,SUN,2,0,10,10,0,2,2,150,44,24,2,0,0,2,10,5,2,10,5,0,0,1,7,2507,2014,2507,3.3,10.2,13.5,,,,,,,,,,,,,,,,,,,,,,,,,,,0,0,0,1,0,0,0,,,,
13587338,N,N,N,N,N,N,N,12/4/2013,9:30 AM,282869,,108,1673,Y,Y,26.16357,-98.11487,15,,,1,,,TOWER,RD,N,N,30,N,N,,Y,15,,,1,,,MOORE,RD,,,,,,,12,1,4,,1,1,8,9:37 AM,DPS WESLACO COMM,9:51 AM,12/4/2013,Y,,10000,17,127,1,8,2,1,10,64,54,1,4,1,21,21,108,4,26.16340563,-98.11445252,,,,,S TOWER RD,1473,,,,,,,,,MOORE RD,,,,,Y,N,N,5,5,Y,WED,,,,,,,,,,,,,,,,,,,,,,,,,,,,,,,,,,,,,,,,,,,,,,,,,,,,,,,,0,0,0,4,0,0,0,230,,,
13587417,N,N,N,N,N,N,N,11/21/2013,5:35 PM,2.01E+11,B/B,57,357,N,N,,,19,,,1,300,N,COIT,RD,N,N,40,N,N,,N,19,,,,1400,W,BELT LINE,RD,,,,,,,11,5,0,,1,1,20,5:39 PM,RADIO DISPATCH,5:51 PM,11/21/2013,Y,TX0572000,2011,16,6,23,8,2,4,20,64,3,1,5,1,21,21,57,357,32.96540354,-96.76879166,,,,,N COIT RD,1209,,,,,,,,,,,,,,Y,N,N,3,8,Y,THU,,,,,,,,,,,,,,,,,,,,,,,,,,,,,,,,,,,,,,,,,,,,,,,,,,,,,,,,0,0,1,1,0,1,0,282,,,
13587446,N,N,N,N,N,N,N,12/8/2013,7:40 AM,,,250,1815,Y,Y,32.76457,-95.46195,3,37,,1,,,NOT REPORTED,,N,N,70,N,N,,N,,,,,,,NOT REPORTED,,0.3,M,S,274,,,2,1,0,1,1,6,11,7:44 AM,DISPATCHED,8:05 AM,12/8/2013,Y,,10000,91,28,1,1,7,4,1,41,1,1,2,2,21,21,250,1815,32.76753085,-95.46043657,SH,37,,87.397,SH0037,,190,3,4.029,274,0.3,,,,NOT REPORTED,,,,,Y,Y,Y,5,0,Y,SUN,2,0,9,9,0,2,2,140,44,26,4,0,0,2,9,5,2,9,5,0,0,1,6,8535,2014,8535,11.4,1.9,13.3,,,,,,,,,,,,,,,,,,,,,,,,,,,0,0,0,1,0,0,0,,,,
13587500,N,N,N,N,N,N,N,10/30/2013,6:46 PM,0151740313E,FSGI,101,208,N,Y,,,19,,,1,3400,,YELLOWSTONE,BLVD,N,N,45,N,N,,Y,19,,,1,7000,,PEERLESS,,,,,,,,0,0,4,,1,0,8,6:46 PM,WALK IN,6:46 PM,12/5/2013,Y,TXHPD0000,2469,16,104,49,8,2,1,10,64,54,1,5,1,21,21,101,208,29.69689481,-95.37256309,,,,,YELLOWSTONE BLVD,3355,,,,,,,,,PEERLESS ST,,,,,Y,N,N,5,9,Y,WED,,,,,,,,,,,,,,,,,,,,,,,,,,,,,,,,,,,,,,,,,,,,,,,,,,,,,,,,0,0,0,3,1,0,0,15,,,
13587511,N,N,N,N,N,N,N,12/4/2013,3:00 AM,,,235,1800,Y,Y,28.8136,-97.07747,2,77,,2,,,NOT REPORTED,,N,N,55,N,N,,N,4,236,,,,,NOT REPORTED,,,,,,,,11,3,0,2,1,1,11,3:12 AM,DPS COMMUNICATIONS,3:33 AM,12/4/2013,Y,,10000,91,92,1,8,10,2,1,1,54,2,2,2,21,21,235,1800,28.81166565,-97.07852098,US,77,,338.849,US0077,,2350,1,6.478,580,0.076,FM,236,,FM0236,,,,,Y,Y,Y,2,0,Y,WED,5,0,4,10,22,2,4,620,78,48,4,0,0,2,14,5,2,14,5,2,8,3,14,7085,2014,7085,5.8,12.2,18,,,,,,,,,,,,,,,,,,,,,,,,,,,0,1,0,0,0,1,0,363,,,
13587561,N,N,N,N,N,N,N,12/9/2013,9:19 PM,13-029748,,212,434,N,Y,,,19,,,1,600,,RICE,RD,N,N,35,N,N,,N,19,,,,5000,,HALEY,LN,,,,,,,12,3,0,,1,1,1,9:19 PM,DISPATCH,9:30 PM,12/9/2013,N,TX2120400,2316,,,170,8,1,4,1,64,54,1,5,1,21,21,212,434,32.29479429,-95.30764299,,,,,RICE RD,600,,,,,,,,,,,,,,Y,N,N,2,8,Y,MON,,,,,,,,,,,,,,,,,,,,,,,,,,,,,,,,,,,,,,,,,,,,,,,,,,,,,,,,0,1,0,0,1,1,0,213,,,
13587631,N,N,N,N,N,N,N,11/30/2013,6:00 PM,304683A,,57,107,N,Y,,,19,,,1,3300,W,WHEATLAND,RD,N,N,40,N,N,PUBLIC STREET,Y,19,,,1,8400,,WESTMORELAND,RD,,,,,PUBLIC STREET,,11,4,4,,1,1,5,6:17 PM,DISPATCHED,6:20 PM,11/30/2013,Y,TX0000006,2471,,,113,8,2,1,10,64,54,1,5,1,21,21,57,107,32.64758428,-96.88761256,,,,,W WHEATLAND RD,,,,,,,,,,S WESTMORELAND RD,,,,,Y,N,N,3,9,Y,SAT,,,,,,,,,,,,,,,,,,,,,,,,,,,,,,,,,,,,,,,,,,,,,,,,,,,,,,,,0,0,1,0,2,1,0,282,,,
13587635,N,N,N,N,N,Y,N,12/7/2013,3:33 AM,SAPD13268268,4220,15,379,N,Y,,,1,10,,1,3300,E,NOT REPORTED,,N,N,65,N,N,EASTBOUND MAINLANES,N,19,,,,400,,PECAN VALLEY,RD,,,,,LOCAL ROAD,,12,4,0,,2,1,20,3:33 AM,DISPATCHED,3:38 AM,3/6/2014,Y,TXSPD0000,2473,,109,138,8,7,4,1,23,54,1,1,2,21,21,15,379,,,IH,10,,,IH0010,,,,,,,,,,,,,,,Y,Y,N,1,9,N,SAT,,,,,,,,,,,,,,,,,,,,,,,,,,,,,,,,,,,,,,,,,,,,,,,,,,,,,,,,1,1,0,0,0,2,0,,,,
13587645,N,N,N,N,N,N,N,11/30/2013,12:40 PM,304451A,,57,107,N,Y,,,3,342,,1,4000,S,LANCASTER,RD,N,N,35,N,N,,Y,19,,,1,1800,,FORDHAM,RD,,,,,,,11,1,2,,1,1,5,12:42 PM,DISPATCHED,12:43 PM,11/30/2013,Y,TX0000006,2471,,,113,8,2,1,34,64,54,1,2,1,21,21,57,107,,,SH,342,,,SH0342,,,,,,,,,,FORDHAM RD,,,,,Y,Y,N,3,9,N,SAT,,,,,,,,,,,,,,,,,,,,,,,,,,,,,,,,,,,,,,,,,,,,,,,,,,,,,,,,0,0,1,1,0,1,0,,,,
13588054,N,N,N,N,N,N,N,11/22/2013,9:42 PM,2013A002987,29C,57,166,N,Y,32.94445,-96.64504,19,,,1,1200,,BELT LINE,RD,N,N,40,N,N,,Y,19,,,1,2800,W,BRAND,RD,,,,,,,11,4,0,,1,1,5,9:42 PM,RADIO DISPATCH,9:49 PM,11/22/2013,Y,TX0571100,1344,,,17,8,2,2,22,64,38,1,5,1,21,21,57,166,32.94441422,-96.6450426,,,,,BELT LINE RD,,,,,,,,,,W BRAND RD,,,,,Y,N,N,0,8,Y,FRI,,,,,,,,,,,,,,,,,,,,,,,,,,,,,,,,,,,,,,,,,,,,,,,,,,,,,,,,0,0,0,0,1,0,0,282,,,
13588196,N,N,N,N,N,N,N,11/11/2013,4:45 PM,2013014422,,125,6,N,N,,,3,44,,1,1300,E,MAIN,ST,N,N,35,N,N,,N,19,,,1,60,N,HIGHLAND,ST,,,,,,,11,1,2,3,1,1,1,5:13 PM,DISPATCH,5:17 PM,11/11/2013,Y,TX1250100,20,,,,8,2,4,20,64,54,1,2,1,21,21,125,6,27.75473139,-98.05902869,SH,44,,95.449,SH0044,1298,87,1,11.01,524,-0.885,,,,,,,,,N,Y,N,5,5,Y,MON,2,0,0,0,0,2,4,80,60,60,4,2,2,1,0,0,1,0,0,0,0,2,14,17269,2014,17269,6.3,3.4,9.7,,,,,,,,,,,,,,,,,,,,,,,,,,,0,0,0,1,1,0,0,,,,
13588237,N,Y,N,N,N,N,N,11/26/2013,8:20 AM,A13-36687,,108,295,N,Y,,,19,,,1,230,E,25TH,ST,N,N,30,N,N,,N,19,,,,2300,N,MAY,DR,,,,,,,12,1,0,,1,2,1,8:22 AM,DISPATCH,8:35 AM,11/26/2013,Y,TX1081000,1791,,,,8,4,4,1,64,24,1,5,1,21,21,108,295,26.22856957,-98.28635405,,,,,E 25TH ST,2301,,,,,,,,,,,,,,Y,N,N,3,7,Y,TUE,,,,,,,,,,,,,,,,,,,,,,,,,,,,,,,,,,,,,,,,,,,,,,,,,,,,,,,,0,0,1,0,0,1,0,230,,,
13588462,N,N,N,N,N,N,N,11/21/2013,5:19 PM,2013-7476,FM 3338 & FM 1472,240,254,N,Y,27.65724,-99.56577,4,3338,,1,,W,FM 3338,HWY,N,N,65,N,N,,N,4,1472,,1,,N,FM 1472,HWY,,,,,,,11,1,2,1,2,1,7,5:19 PM,RADIO DISPATCH,5:27 PM,11/21/2013,Y,TX2400000,2389,,,45,8,10,4,1,1,54,1,3,2,21,21,240,254,27.65736381,-99.56580148,FM,3338,,8.095,FM3338,109,3532,2,18.097,622,1.929,,,,,,,,,Y,Y,N,1,8,Y,THU,2,0,4,4,0,3,2,120,33,24,4,0,0,2,4,5,2,4,5,0,0,1,8,2562,2014,2562,5,10.7,15.7,,,,,,,,,,,,,,,,,,,,,,,,,,,1,0,0,0,0,1,0,205,,,
13588564,N,N,N,N,N,N,N,10/13/2013,9:13 AM,2013-4048,,199,192,N,Y,,,4,1140,,1,1300,,SMIRL,,N,N,45,N,N,,Y,19,,,1,,,HALFORD,,,,,,,,12,1,0,1,1,1,12,9:16 AM,DISPATCH,9:24 AM,10/13/2013,Y,,2756,,,,8,2,1,24,64,54,1,3,1,21,21,199,192,32.85839241,-96.47972337,FM,1140,,0.467,FM1140,,1091,3,1.491,258,0.428,,,,HALFORD DR,,,,,Y,Y,N,5,4,Y,SUN,2,0,1,1,0,2,2,80,24,22,4,0,0,2,1,5,2,1,5,0,0,4,17,4539,2014,4539,1.6,4.2,5.9,1,79,10,1,41,,,,,,,,,,,,,,,,,,,,,,0,0,0,2,0,0,0,282,,,
13588647,N,N,N,N,N,N,N,11/21/2013,6:45 AM,1311-1214,30890,92,235,N,Y,,,1,20,,4,588,E,NOT REPORTED,,N,N,45,N,N,,N,3,42,,,4500,N,NOT REPORTED,,,,,,,,2,1,98,2,2,2,20,7:02 AM,DISPATCHED,7:13 AM,11/21/2013,Y,TX0920400,1585,,,29,8,10,4,1,1,1,4,1,2,21,21,92,235,32.43296819,-94.85846809,IH,20,,586.212,IH0020,,495,7,7.511,587,0.484,,,,,,,,,Y,Y,N,3,5,Y,THU,5,0,4,10,40,9,4,500,76,48,6,0,0,2,8,5,2,20,5,2,32,1,1,37175,2014,37175,3.4,35.2,38.5,,,,,,,,,,,,,,,,,,,,,,,,,,,0,0,1,0,0,1,0,,,,
13588689,N,N,N,N,N,N,N,10/30/2013,4:05 PM,13SP099770,,220,406,N,Y,32.93434,-97.2033,4,1709,,1,3200,W,SOUTHLAKE,BLVD,N,N,45,N,N,,Y,19,,,1,100,N,PEARSON,LN,,,,,,,2,1,2,2,1,2,5,5:04 PM,FLAGGED DOWN,5:04 PM,10/30/2013,Y,TX2203200,2154,,8,11,8,2,1,34,64,54,1,3,1,21,21,220,231,32.93427561,-97.20330041,FM,1709,,2.917,FM1709,2087,1603,3,7.934,562,0.929,FM,1938,,FM1938,,,,,Y,Y,N,5,6,Y,WED,3,0,0,0,20,2,6,130,72,72,4,1,1,1,0,0,1,0,0,1,20,4,14,36612,2014,36612,0.8,0.1,0.9,,,,,,,,,,,,,,,,,,,,,,,,,,,0,0,0,2,0,0,0,282,,,
13588877,N,N,N,N,N,Y,N,10/15/2013,6:31 PM,130056835,,220,19,N,N,,,19,,,1,4600,,LITTLE,RD,N,N,35,N,N,,N,1,20,,,,W,NOT REPORTED,HWY,,,,,,,2,4,0,,1,2,5,6:51 PM,DISPATCH,6:58 PM,11/20/2013,N,TX220100,59,,8,93,8,2,2,22,64,38,1,1,1,21,21,220,19,32.66706393,-97.20515036,,,,,LITTLE RD,,,,,,,IH,20,,IH0020,,,,,N,N,N,5,9,Y,TUE,,,,,,,,,,,,,,,,,,,,,,,,,,,,,,,,,,,,,,,,,,,,,,,,,,,,,,,,0,0,0,1,1,0,0,282,,,
13588906,N,N,N,N,N,N,N,10/15/2013,11:00 AM,13-000195,,91,1472,N,Y,,,4,898,,1,100,E,COLLEGE,ST,N,N,30,N,N,,Y,4,898,,1,400,N,BOND,ST,,,,,,,2,1,3,,4,2,1,10:55 AM,RADIO DISPATCH,11:00 AM,10/15/2013,Y,910700,2422,,,,8,7,2,2,32,54,1,3,2,21,21,91,1472,,,FM,898,,,FM0898,,,,,,,FM,898,,FM0898,,,,,Y,Y,Y,3,1,N,TUE,,,,,,,,,,,,,,,,,,,,,,,,,,,,,,,,,,,,,,,,,,,,,,,,,,,,,,,,0,0,2,0,0,2,0,,,,
13588918,N,N,N,N,N,N,N,11/27/2013,7:43 AM,13002105,,14,424,N,Y,,,19,,,1,1800,S,PEA RIDGE,RD,N,N,45,N,N,N,N,19,,,1,5700,,HOGAN,RD,,,,,,,11,1,0,,5,1,1,7:43 AM,DISPATCH,7:56 AM,11/27/2013,Y,TX0140700,2221,,,169,8,2,4,30,64,54,1,5,1,21,21,14,424,31.10526551,-97.43128672,,,,,S PEA RIDGE RD,1587,,,,,,,,,,,,,,Y,N,N,5,7,Y,WED,,,,,,,,,,,,,,,,,,,,,,,,,,,,,,,,,,,,,,,,,,,,,,,,,,,,,,,,0,0,0,2,0,0,0,277,,,