Crash_ID,Crash_Fatal_Fl,Cmv_Involv_Fl,Schl_Bus_Fl,Rr_Relat_Fl,Medical_Advisory_Fl,Amend_Supp_Fl,Active_School_Zone_Fl,Crash_Date,Crash_Time,Case_ID,Local_Use,Rpt_CRIS_Cnty_ID,Rpt_City_ID,Rpt_Outside_City_Limit_Fl,Thousand_Damage_Fl,Rpt_Latitude,Rpt_Longitude,Rpt_Rdwy_Sys_ID,Rpt_Hwy_Num,Rpt_Hwy_Sfx,Rpt_Road_Part_ID,Rpt_Block_Num,Rpt_Street_Pfx,Rpt_Street_Name,Rpt_Street_Sfx,Private_Dr_Fl,Toll_Road_Fl,Crash_Speed_Limit,Road_Constr_Zone_Fl,Road_Constr_Zone_Wrkr_Fl,Rpt_Street_Desc,At_Intrsct_Fl,Rpt_Sec_Rdwy_Sys_ID,Rpt_Sec_Hwy_Num,Rpt_Sec_Hwy_Sfx,Rpt_Sec_Road_Part_ID,Rpt_Sec_Block_Num,Rpt_Sec_Street_Pfx,Rpt_Sec_Street_Name,Rpt_Sec_Street_Sfx,Rpt_Ref_Mark_Offset_Amt,Rpt_Ref_Mark_Dist_Uom,Rpt_Ref_Mark_Dir,Rpt_Ref_Mark_Nbr,Rpt_Sec_Street_Desc,Rpt_CrossingNumber,Wthr_Cond_ID,Light_Cond_ID,Entr_Road_ID,Road_Type_ID,Road_Algn_ID,Surf_Cond_ID,Traffic_Cntl_ID,Investigat_Notify_Time,Investigat_Notify_Meth,Investigat_Arrv_Time,Report_Date,Investigat_Comp_Fl,ORI_Number,Investigat_Agency_ID,Investigat_Area_ID,Investigat_District_ID,Investigat_Region_ID,Bridge_Detail_ID,Harm_Evnt_ID,Intrsct_Relat_ID,FHE_Collsn_ID,Obj_Struck_ID,Othr_Factr_ID,Road_Part_Adj_ID,Road_Cls_ID,Road_Relat_ID,Phys_Featr_1_ID,Phys_Featr_2_ID,Cnty_ID,City_ID,Latitude,Longitude,Hwy_Sys,Hwy_Nbr,Hwy_Sfx,Dfo,Street_Name,Street_Nbr,Control,Section,Milepoint,Ref_Mark_Nbr,Ref_Mark_Displ,Hwy_Sys_2,Hwy_Nbr_2,Hwy_Sfx_2,Street_Name_2,Street_Nbr_2,Control_2,Section_2,Milepoint_2,Txdot_Rptable_Fl,Onsys_Fl,Rural_Fl,Crash_Sev_ID,Pop_Group_ID,Located_Fl,Day_of_Week,Hwy_Dsgn_Lane_ID,Hwy_Dsgn_Hrt_ID,Hp_Shldr_Left,Hp_Shldr_Right,Hp_Median_Width,Base_Type_ID,Nbr_Of_Lane,Row_Width_Usual,Roadbed_Width,Surf_Width,Surf_Type_ID,Curb_Type_Left_ID,Curb_Type_Right_ID,Shldr_Type_Left_ID,Shldr_Width_Left,Shldr_Use_Left_ID,Shldr_Type_Right_ID,Shldr_Width_Right,Shldr_Use_Right_ID,Median_Type_ID,Median_Width,Rural_Urban_Type_ID,Func_Sys_ID,Adt_Curnt_Amt,Adt_Curnt_Year,Adt_Adj_Curnt_Amt,Pct_Single_Trk_Adt,Pct_Combo_Trk_Adt,Trk_Aadt_Pct,Curve_Type_ID,Curve_Lngth,Cd_Degr,Delta_Left_Right_ID,Dd_Degr,Feature_Crossed,Structure_Number,I_R_Min_Vert_Clear,Approach_Width,Bridge_Median_ID,Bridge_Loading_Type_ID,Bridge_Loading_In_1000_Lbs,Bridge_Srvc_Type_On_ID,Bridge_Srvc_Type_Under_ID,Culvert_Type_ID,Roadway_Width,Deck_Width,Bridge_Dir_Of_Traffic_ID,Bridge_Rte_Struct_Func_ID,Bridge_IR_Struct_Func_ID,CrossingNumber,RRCo,Poscrossing_ID,WDCode_ID,Standstop,Yield,Incap_Injry_Cnt,Nonincap_Injry_Cnt,Poss_Injry_Cnt,Non_Injry_Cnt,Unkn_Injry_Cnt,Tot_Injry_Cnt,Death_Cnt,MPO_ID,Investigat_Service_ID,Investigat_DA_ID,Investigator_Narrative
13589040,N,N,N,N,N,N,N,12/3/2013,6:40 AM,13SP111533,,220,406,N,Y,32.93618999,-97.18359,4,1709,,1,2200,W,W SOUTHLAKE,BLVD,N,N,45,N,N,STRAIGHT AND LEVEL CONCRETE,N,19,,,1,100,,RANDOL MILL,AVE,,,,,STRAIGHT AND LEVEL CONCRETE,,11,4,0,2,1,1,20,6:45 PM,DISPATCHED,6:43 PM,12/3/2013,Y,TX2203200,2154,,8,11,8,2,2,22,64,42,1,3,1,21,21,220,406,32.93759078,-97.18586148,FM,1709,,3.98,FM1709,,1603,3,8.989,562,1.992,,,,RANDOL MILL AVE,,,,,Y,Y,N,5,6,Y,TUE,3,0,0,0,20,2,6,100,72,72,4,1,1,1,0,0,1,0,0,1,20,4,14,40524,2014,40524,0.8,0.1,0.9,,,,,,,,,,,,,,,,,,,,,,,,,,,0,0,0,3,0,0,0,282,,,
13589048,N,N,N,N,N,N,N,11/4/2013,6:09 PM,13SP101514,,220,406,N,Y,32.95949,-97.15097,19,,,1,1300,N,N WHITE CHAPEL BLVD,BLVD,N,N,40,N,N,,N,19,,,,,,COUNTRY SIDE,CT,,,,,COUNTRY SIDE CT.,,2,3,0,,1,2,1,6:19 PM,DISPATCHED,6:24 PM,11/11/2013,Y,TX2203200,2154,,8,34,8,2,2,22,64,38,1,5,1,21,21,220,406,32.95949,-97.15099247,,,,,N WHITE CHAPEL BLVD,1342,,,,,,,,,UNKNOWN,,,,,Y,N,N,5,6,Y,MON,,,,,,,,,,,,,,,,,,,,,,,,,,,,,,,,,,,,,,,,,,,,,,,,,,,,,,,,0,0,0,3,0,0,0,282,,,
13589073,N,N,N,N,N,N,N,12/7/2013,3:00 AM,310522A,310521A,57,107,N,Y,,,19,,,1,300,,OAKENWALD,ST,N,N,30,N,N,,N,19,,,,1300,N,ZANG,BLVD,,,,,,,11,4,0,,1,6,1,10:12 PM,DISPATCHED,10:22 PM,12/7/2013,Y,TXDPD0000,2471,,,44,8,4,4,1,64,25,1,5,1,21,21,57,107,32.76050688,-96.8190802,,,,,E OAKENWALD ST,356,,,,,,,,,,,,,,Y,N,N,0,9,Y,SAT,,,,,,,,,,,,,,,,,,,,,,,,,,,,,,,,,,,,,,,,,,,,,,,,,,,,,,,,0,0,0,0,1,0,0,282,,,
13589115,N,Y,N,N,N,N,N,12/3/2013,5:15 PM,,,114,1679,Y,Y,32.27138,-101.3796,1,20,,2,,,NOT REPORTED,,N,N,45,N,N,,N,15,,,,,,TUBB RD,,,,,,,,11,5,0,2,1,1,11,5:21 PM,DPS COMMUNICATIONS,5:34 PM,12/7/2013,Y,TXDPS1800,10000,19,32,1,8,2,3,13,64,14,2,1,1,32,21,114,1679,32.27109118,-101.3794847,IH,20,,183.845,IH0020,,5,6,30.953,184,-0.209,,,,,,,,,Y,Y,Y,5,0,Y,TUE,5,0,4,10,40,3,4,272,76,48,4,0,0,2,8,5,2,20,5,3,32,2,11,21031,2014,21031,4.2,37.3,41.5,,,,,,,,,,,,,,,,,,,,,,,,,,,0,0,0,2,0,0,0,,,,
13589156,Y,N,N,Y,N,Y,N,12/6/2013,2:25 AM,13-21278,,92,268,N,Y,,,3,149,,1,4200,,ESTES,PKWY,N,N,55,N,N,,N,19,,,,,,KODAK,BLVD,,,,,,426542N,2,3,0,3,1,2,13,2:26 AM,DISPATCHED,3:15 AM,2/10/2014,Y,TX0920500,1691,,,87,8,3,4,1,10,54,1,2,1,17,21,92,268,32.43554535,-94.71648555,SH,149,,1.089,SH0149,4159,393,1,24.776,282,0.836,,,,,,,,,Y,Y,N,4,7,Y,FRI,2,0,5,0,0,3,4,150,84,48,2,2,2,2,5,5,1,0,0,0,0,3,14,10808,2014,10808,2,3.6,5.6,,,,,,,,,,,,,,,,,,,,,426542N,UP,,7,,,0,0,0,0,0,0,1,361,,,
13589295,Y,N,N,N,N,Y,N,11/29/2013,1:28 AM,,,67,1632,Y,Y,32.43533,-98.75192,15,454,,1,,,NOT REPORTED,,N,N,60,N,N,,N,15,451,,,,,NOT REPORTED,,,,,,,,11,3,0,,5,10,10,1:37 AM,DISPATCHED,1:53 AM,2/3/2014,Y,,10000,22,1,1,8,10,4,1,1,54,1,4,2,21,21,67,1632,32.43535372,-98.75194268,,,,,OLD COLONY RD,373,,,,,,,,,,,,,,Y,N,Y,4,0,Y,FRI,,,,,,,,,,,,,,,,,,,,,,,,,,,,,,,,,,,,,,,,,,,,,,,,,,,,,,,,0,0,0,2,0,0,1,,,,
13589305,N,N,N,N,N,N,N,12/9/2013,2:42 PM,1300017427,,225,300,N,Y,,,19,,,7,101,E,CEDAR,ST,Y,N,5,N,N,2 LANE/ 2 WAY,N,19,,,,1800,S,JEFFERSON,AVE,,,,,2 WAY/ 4 LANE,,12,1,98,,1,2,1,2:48 PM,DISPATCH,2:51 PM,12/9/2013,Y,TX2250100,1813,,,35,8,2,4,40,64,12,7,9,5,33,21,225,300,,,,,,,E CEDAR ST,,,,,,,,,,,,,,,N,N,N,5,5,N,MON,,,,,,,,,,,,,,,,,,,,,,,,,,,,,,,,,,,,,,,,,,,,,,,,,,,,,,,,0,0,0,4,0,0,0,,,,
13589347,N,N,N,N,N,N,N,11/26/2013,9:10 PM,,,175,1243,N,Y,32.26473,-96.50745,1,45,,1,,,NOT REPORTED,,N,N,75,N,N,,N,,,,,,,NOT REPORTED,,0.4,M,S,244,,,11,6,0,2,1,1,11,9:13 PM,DISPATCHED,9:26 PM,11/28/2013,Y,,10000,8,107,1,8,7,4,1,39,29,1,1,4,21,21,70,1636,32.26593474,-96.50826459,IH,45,,243.615,IH0045,,92,6,33.428,244,-0.4,,,,NOT REPORTED,,,,,Y,Y,Y,5,0,Y,TUE,5,0,10,2,52,3,4,300,72,48,6,0,3,2,12,5,2,12,5,3,40,1,1,45694,2014,45694,4.4,23.9,28.3,,,,,,,,,,,,,,,,,,,,,,,,,,,0,0,0,1,0,0,0,282,,,
13589864,N,N,N,N,N,N,N,12/10/2013,3:39 PM,13-010580,District 3,84,428,N,N,,,17,,,1,2902,,PALMER HIGHWAY,,Y,N,5,N,N,2902 PALMER HIGHWAY,N,19,,,,1300,,25TH STREET NORTH,,,,,,1300 25TH STREET NORTH,,11,1,0,,1,1,1,3:39 PM,DISPATCHED,3:51 PM,12/10/2013,Y,TX0804900,2239,,,35,8,4,4,1,64,3,7,9,5,33,21,84,428,,,,,,,PALMER HIGHWAY,,,,,,,,,,,,,,,N,N,N,5,6,N,TUE,,,,,,,,,,,,,,,,,,,,,,,,,,,,,,,,,,,,,,,,,,,,,,,,,,,,,,,,0,0,0,1,1,0,0,,,,
13589884,N,Y,N,N,N,N,N,11/30/2013,1:20 PM,,,161,1726,Y,Y,31.72938,-97.10338,1,35,,1,,,NOT REPORTED,,N,N,60,Y,Y,IH 35 N/B,N,,,,,,,NOT REPORTED,,0.3,M,N,348,,,11,1,0,2,1,1,20,1:24 PM,DPS WACO,1:36 PM,12/1/2013,Y,,10000,17,119,1,8,2,4,20,64,49,1,1,1,21,21,161,1268,31.73835599,-97.10357845,IH,35,,347.785,IH0035,,14,8,3.402,348,0.3,,,,NOT REPORTED,,,,,Y,Y,Y,5,1,Y,SAT,5,0,6,10,48,9,4,274,80,48,6,0,0,2,12,5,2,20,5,2,36,1,1,51179,2014,51179,2.9,29.5,32.4,,,,,,,,,,,,,,,,,,,,,,,,,,,0,0,0,3,0,0,0,140,,,
13589906,N,N,N,N,N,N,N,12/10/2013,6:20 PM,2013-BCSO-051147,A40,15,1580,Y,Y,29.48847,-98.34012,19,,,1,7500,,FM 78,,N,N,50,N,N,ASPHAULT,N,19,,,,6400,,MISSION HILLS,RD,,,,,ASPHAULT,,11,3,0,,1,1,5,6:22 PM,DISPATCHED,6:24 PM,12/10/2013,Y,TX0150000,120,,,162,8,2,4,20,64,3,1,3,1,21,21,15,1580,29.48887807,-98.33953026,,,,,FM 78,7522,,,,,,,,,,,,,,Y,N,Y,0,0,Y,TUE,,,,,,,,,,,,,,,,,,,,,,,,,,,,,,,,,,,,,,,,,,,,,,,,,,,,,,,,0,0,0,0,2,0,0,28,,,
13589930,N,N,N,N,N,N,N,12/7/2013,2:51 PM,310275A,CITY EQUIP (RENTAL),57,107,N,Y,,,19,,,1,100,,CONTINENTAL,AVE,Y,N,30,N,N,BUSINESS PARKING LOT,N,19,,,,500,N,RIVERFRONT,BLVD,,,,,,,12,1,0,,1,1,1,2:56 PM,DISPATCHED,3:11 PM,12/7/2013,Y,tx0000006,2471,,,65,8,7,4,4,29,54,7,9,5,33,21,57,107,,,,,,,CONTINENTAL AVE,,,,,,,,,,,,,,,N,N,N,5,9,N,SAT,,,,,,,,,,,,,,,,,,,,,,,,,,,,,,,,,,,,,,,,,,,,,,,,,,,,,,,,0,0,0,1,0,0,0,,,,
13589943,N,Y,N,N,N,N,N,12/10/2013,7:50 PM,SAPD13270767,4230,15,379,N,N,,,19,,,1,5200,,RIGSBY,AVE,N,N,40,N,N,,Y,1,410,,2,2200,,SE LOOP 410,,,,,,,,11,6,4,2,1,1,5,7:51 PM,DISPATCHED,8:02 PM,12/10/2013,N,TXSPD0000,2473,,7,147,8,2,1,28,64,54,2,1,1,21,21,15,379,29.39825249,-98.38929749,IH,410,,36.202,IH0410,,521,6,35.953,36,-0.354,US,87,,US0087,,143,1,3.468,N,Y,N,5,9,Y,TUE,5,0,4,10,55,2,4,300,76,48,2,0,0,2,14,5,2,14,5,3,41,4,11,65950,2014,65950,4.2,13.6,17.8,,,,,,,,,,,,,,,,,,,,,,,,,,,0,0,0,2,1,0,0,28,,,
13589980,N,Y,N,N,N,N,N,12/10/2013,11:12 PM,,,166,1731,Y,Y,30.69458,-96.83832,3,36,,1,,,NOT REPORTED,,N,N,70,N,N,SOUTH OF MILANO,N,15,340,,,,,NOT REPORTED,,,,,,,,12,3,0,1,1,1,11,11:12 PM,DISPATCHED,11:29 PM,12/10/2013,Y,,10000,19,119,1,8,6,4,1,64,54,1,2,1,21,21,166,1731,30.70057878,-96.84264057,SH,36,,227.037,SH0036,1219,186,1,1.1,524,0.104,,,,,,,,,Y,Y,Y,5,0,Y,TUE,2,0,2,2,0,8,2,100,50,26,4,0,0,2,2,5,2,2,5,0,0,1,2,5752,2014,5752,10.3,25,35.2,,,,,,,,,,,,,,,,,,,,,,,,,,,0,0,0,1,0,0,0,,,,
13590050,N,N,N,N,N,N,N,12/8/2013,3:17 AM,13268871,3260,15,379,N,Y,,,1,35,,1,100,,IH 35,,N,N,65,N,N,MAIN ROAD,N,19,,,,12000,,JUDSON,,,,,,MAIN ROAD,,11,4,2,2,1,1,1,3:20 AM,DISPATCHED,3:22 AM,12/8/2013,Y,TXSPD0000,2473,,29,131,8,2,4,20,64,3,1,1,1,21,21,15,379,29.55195735,-98.35618003,IH,35,,169.583,IH0035,,16,7,36.593,170,0.095,,,,,,,,,Y,Y,N,5,9,Y,SUN,5,0,10,10,20,9,8,300,134,96,5,0,0,2,18,5,2,20,5,,2,4,11,179088,2014,179088,3.4,11.2,14.6,,,,,,,,,,,,,,,,,,,,,,,,,,,0,0,0,2,0,0,0,28,,,
13590066,N,N,N,N,N,N,N,12/10/2013,4:34 PM,13-029895,,212,434,N,Y,,,19,,,1,500,S,BROADWAY,AVE,N,N,35,N,N,,N,19,,,,100,W,HOUSTON,ST,,,,,,,12,1,0,3,1,1,20,4:35 PM,DISPATCHED,4:39 PM,12/10/2013,Y,TX2120400,2316,,,170,8,2,3,20,64,43,1,2,1,32,21,212,434,32.34375427,-95.3124371,US,69,,134.703,US0069,,245,6,13.724,332,-0.156,,,,,,,,,Y,Y,N,2,8,Y,TUE,2,0,8,8,0,2,4,110,56,40,4,2,2,2,8,2,2,8,2,0,0,3,14,10796,2014,10796,1.5,2.7,4.2,1,79,8,2,37,,,,,,,,,,,,,,,,,,,,,,0,1,0,1,0,1,0,213,,,
13590382,N,N,N,N,N,N,N,11/19/2013,9:51 AM,13-036356,,240,254,N,Y,,,19,,,1,200,,VILLAGE,BLVD,N,N,30,N,N,,N,19,,,1,6900,,SPRINGFIELD,,,,,,,,11,1,2,,1,1,1,9:58 AM,MCT DISPATC,10:09 AM,11/19/2013,Y,TX2400100,1644,,,29,8,2,3,14,64,14,1,5,1,32,21,240,254,27.56582204,-99.49843213,,,,,W VILLAGE BLVD,201,,,,,,,,,,,,,,Y,N,N,5,8,Y,TUE,,,,,,,,,,,,,,,,,,,,,,,,,,,,,,,,,,,,,,,,,,,,,,,,,,,,,,,,0,0,0,3,0,0,0,205,,,
13590479,N,N,N,N,N,N,N,11/24/2013,6:26 PM,13-036895,,240,254,N,Y,,,11,20,,1,2900,,JAIME ZAPATA MEMORIAL,HWY,N,N,35,N,N,,Y,19,,,1,900,S,NEW YORK,,,,,,,,2,4,4,,1,2,5,6:28 PM,MCT DISPATCH,6:31 PM,11/24/2013,Y,TX2400100,1644,,,40,8,2,1,34,64,54,1,2,1,21,21,240,254,27.48976539,-99.46652215,,,,,STATE SPUR 260,2901,,,,,,,,,S NEW YORK AVE,,,,,Y,N,N,2,8,Y,SUN,,,,,,,,,,,,,,,,,,,,,,,,,,,,,,,,,,,,,,,,,,,,,,,,,,,,,,,,0,4,0,2,0,4,0,205,,,
13590480,N,N,N,N,N,N,N,11/24/2013,5:58 PM,13-036892,,240,254,N,N,,,19,,,1,2300,,GUADALUPE,ST,N,N,30,N,N,,N,19,,,1,1100,,GUADALUPE,,,,,,,,2,4,0,3,1,2,20,6:01 PM,MCT DISPATCHED,6:05 PM,11/24/2013,Y,TX2400100,1644,,,27,8,2,4,22,64,42,1,2,1,21,21,240,254,27.50611386,-99.48951981,US,83,,688.897,US0083,715,86,1,0.976,718,-0.188,,,,,,,,,Y,Y,N,3,8,Y,SUN,0,0,0,0,0,2,4,100,80,48,4,0,0,1,0,0,1,0,0,4,0,4,14,32584,2014,32584,3.3,6.2,9.4,,,,,,,,,,,,,,,,,,,,,,,,,,,0,0,1,3,0,1,0,205,,,
13590647,N,N,N,N,N,N,N,12/10/2013,12:12 PM,1300090664,,220,179,N,Y,,,3,26,,1,1800,N,NOT REPORTED,,N,N,55,N,N,,Y,19,,,1,2100,S,GRAPEVINE MILLS,BLVD,,,,,,,11,1,4,2,1,1,5,12:13 PM,DISPATCHED,12:23 PM,12/10/2013,Y,TX2201300,1379,,,35,8,2,1,10,64,54,1,2,1,21,21,220,179,32.96006761,-97.04290008,SH,26,,18.005,SH0026,,364,6,2.259,578,0.356,,,,GRAPEVINE MILLS BLVD S,,,,,Y,Y,N,3,6,Y,TUE,3,0,0,0,10,3,6,150,72,72,5,1,1,1,0,0,1,0,0,3,10,4,14,22084,2014,22084,2.5,0.4,2.9,,,,,,,,,,,,,,,,,,,,,,,,,,,0,0,2,1,0,2,0,282,,,
13590651,N,N,N,N,N,N,N,11/3/2013,9:37 AM,13A11736,,24,146,N,Y,,,8,281,,1,1400,S,SAINT MARYS,ST,N,N,30,Y,Y,1400 S. SAINT MARY'S ST,N,2,281,,1,1300,S,US 281,HWY,,,,,1300 S. US HWY 281,,11,1,2,3,1,1,8,9:37 AM,DISPATCH,9:37 AM,11/3/2013,Y,TX0240100,1287,,101,135,8,2,2,19,64,49,1,2,1,21,21,24,146,27.21279473,-98.14246833,BU,281,T,1.976,BU0281T,,255,4,3.58,710,1.565,US,281,,US0281,,,,,Y,Y,Y,5,3,Y,SUN,2,0,8,8,0,2,4,100,64,48,4,2,2,2,8,5,2,8,5,0,0,1,2,5413,2014,5413,5,37.1,42.1,,,,,,,,,,,,,,,,,,,,,,,,,,,0,0,0,3,0,0,0,,,,
13590789,N,N,N,N,N,N,N,11/30/2013,1:59 PM,13-002108,,14,236,N,Y,,,2,190,,2,1984,E,CENTRAL TEXAS,EXPY,N,N,45,N,N,,N,19,,,1,2100,S,WS YOUNG,DR,,,,,,,11,1,0,2,1,1,20,2:04 PM,DISPATCHED,2:11 PM,11/30/2013,N,TX0140400,1587,,,,8,2,2,20,64,54,2,2,1,21,21,14,236,31.09102443,-97.72009003,US,190,,285.932,US0190,,231,3,6.727,568,-0.281,,,,S WS YOUNG DR,,,,,Y,Y,N,3,8,Y,SAT,5,0,6,10,86,2,4,440,80,48,4,0,0,2,12,5,2,20,5,3,74,4,12,66577,2014,66577,5,2.6,7.6,,,,,,,,,,,,,,,,,,,,,,,,,,,0,0,1,1,0,1,0,277,,,
13590820,N,N,N,N,N,N,N,11/14/2013,12:51 PM,1311-0009,,89,174,N,Y,,,19,,,1,500,,ST ANDREW,,N,N,30,N,N,,N,19,,,1,700,,ST PAUL,ST,,,,,,,11,1,4,,1,1,8,12:51 PM,RADIO,12:52 PM,11/14/2013,Y,TX0890100,1366,79,2,102,8,2,2,22,64,38,1,5,1,21,21,89,174,29.50486963,-97.45289845,,,,,SAINT ANDREW ST,504,,,,,,,,,SAINT PAUL ST,,,,,Y,N,N,5,4,Y,THU,,,,,,,,,,,,,,,,,,,,,,,,,,,,,,,,,,,,,,,,,,,,,,,,,,,,,,,,0,0,0,5,0,0,0,,,,
13590879,N,N,N,N,N,N,N,12/2/2013,5:50 PM,13-217127,,43,336,N,Y,,,19,,,1,5400,,ALMA,DR,N,N,35,N,N,,N,19,,,,,W,SPRING CREEK,PKWY,,,,,,,11,4,0,,1,1,20,6:01 PM,RADIO DISPATCHED,6:15 PM,12/2/2013,Y,TX0430600,1938,,,125,8,2,3,34,64,13,1,5,1,32,21,43,336,33.05608024,-96.71016392,,,,,ALMA DR,,,,,,,,,,,,,,,Y,N,N,5,9,Y,MON,,,,,,,,,,,,,,,,,,,,,,,,,,,,,,,,,,,,,,,,,,,,,,,,,,,,,,,,0,0,0,3,0,0,0,282,,,
13590911,N,N,N,N,N,N,N,12/8/2013,7:40 AM,2013-342-005,,246,169,N,N,,,19,,,1,3202,,BUFFALO SPRINGS,TRL,N,N,30,N,N,,N,19,,,,,,LAKEWAY,DR,,,,,,,12,4,0,,1,2,8,7:43 AM,DUSPATCH,7:45 AM,12/8/2013,Y,TX2460200,1351,,,,8,4,4,5,64,54,1,5,1,21,21,246,169,30.66746452,-97.69010636,,,,,BUFFALO SPRINGS TRL,3232,,,,,,,,,,,,,,N,N,N,0,7,Y,SUN,,,,,,,,,,,,,,,,,,,,,,,,,,,,,,,,,,,,,,,,,,,,,,,,,,,,,,,,0,0,0,0,1,0,0,90,,,
13591396,N,N,N,N,N,N,N,12/9/2013,8:28 AM,,,230,1795,Y,Y,32.66052,-94.8736,3,300,,1,,,NOT REPORTED,,N,N,70,N,N,,N,15,,,,,,GROUSE,RD,,,,,,,11,1,0,3,1,1,20,8:31 AM,UPSHUR COUNTY COMM,8:37 AM,12/9/2013,Y,TXDPS5500,10000,12,28,1,8,7,4,1,63,35,1,2,2,21,21,230,1795,32.66057095,-94.87354142,SH,300,,5.827,SH0300,6489,1385,1,15.926,272,0.206,,,,,,,,,Y,Y,Y,5,0,Y,MON,2,0,0,10,0,2,4,120,84,48,3,0,0,1,0,0,2,10,5,0,0,1,2,7306,2014,7306,2.9,7.1,10,,,,,,,,,,,,,,,,,,,,,,,,,,,0,0,0,1,0,0,0,,,,
13591408,N,Y,N,N,N,N,N,12/6/2013,10:36 PM,1300082456,,220,141,N,Y,,,3,183,,1,500,W,AIRPORT,FWY,N,N,60,N,N,,N,19,,,,100,N,ECTOR,DR,,,,,ECTOR OVERPASS BRIDGE,,3,4,0,,1,6,1,10:36 PM,RADIO DISPATCHED,10:51 PM,12/7/2013,Y,TX2200900,1279,,190,24,8,7,4,1,56,31,1,2,2,21,21,220,141,,,SH,183,,,SH0183,,,,,,,,,,,,,,,Y,Y,N,5,7,N,FRI,,,,,,,,,,,,,,,,,,,,,,,,,,,,,,,,,,,,,,,,,,,,,,,,,,,,,,,,0,0,0,2,0,0,0,,,,
13591483,N,N,N,N,N,N,N,12/9/2013,5:45 PM,0153312713Y,,101,208,N,Y,,,1,10,,1,13000,E,EAST,FWY,N,N,60,N,N,WET ROADWAY,N,19,,,,,,MARKET,,,,,,,,2,4,98,2,2,2,20,5:55 PM,HOUSTON DISPATCHER,6:00 PM,12/9/2013,Y,TXHPD0000,2469,6,124,71,8,2,4,20,64,54,1,1,1,21,21,101,208,29.77076805,-95.18821087,IH,10,,778.543,IH0010,,508,1,38.584,780,-0.155,,,,,,,,,Y,Y,N,5,9,Y,MON,5,0,12,12,26,9,10,336,168,120,5,0,0,2,24,5,2,24,5,2,2,4,11,140595,2014,140595,4.1,7.6,11.8,,,,,,,,,,,,,,,,,,,,,,,,,,,0,0,0,3,0,0,0,15,,,
13591551,N,N,N,N,N,N,N,12/11/2013,10:00 AM,13-121247,,220,156,N,Y,,,19,,,1,100,,THORNHILL,,N,N,30,N,N,,Y,19,,,1,4350,S,MAIN,,,,,,,,11,1,2,,1,2,8,10:05 AM,DISPATCHED,10:20 AM,12/11/2013,N,TX2201200,1318,4,11,23,8,4,2,3,64,54,1,5,1,21,21,220,156,32.6833743,-97.32586244,,,,,E THORNHILL DR,101,,,,,,,,,S MAIN ST,,,,,Y,N,N,5,9,Y,WED,,,,,,,,,,,,,,,,,,,,,,,,,,,,,,,,,,,,,,,,,,,,,,,,,,,,,,,,0,0,0,1,1,0,0,282,,,
13591647,N,N,N,N,N,N,N,12/6/2013,8:10 PM,,,30,1595,Y,Y,32.37083,-99.20423,1,20,,1,,,NOT REPORTED,,N,N,75,N,N,,N,,,,,,,NOT REPORTED,,0.3,M,W,319,,,12,3,0,2,1,6,11,8:12 PM,DISPATCHED,8:31 PM,12/9/2013,Y,,10000,12,1,1,8,7,4,1,39,1,1,1,4,21,21,30,1207,32.37151971,-99.1958794,IH,20,,318.637,IH0020,,7,2,25.952,319,-0.3,,,,NOT REPORTED,,,,,Y,Y,Y,5,1,Y,FRI,5,0,4,10,48,2,4,440,76,48,4,0,0,2,8,5,2,20,5,3,40,1,1,21423,2014,21423,5,25,30,,,,,,,,,,,,,,,,,,,,,,,,,,,0,0,0,2,0,0,0,,,,
13591691,N,N,N,N,N,N,N,12/6/2013,6:36 AM,,,50,1615,Y,Y,31.28194,-97.59773,2,84,,1,,,NOT REPORTED,,N,N,75,N,N,,N,,,,,,,NOT REPORTED,,0.9,M,W,632,,,2,3,0,1,1,6,11,6:38 AM,CORYELL SO,7:07 AM,12/7/2013,Y,,10000,8,119,1,1,7,4,1,41,1,1,2,2,21,21,50,1615,31.46995574,-97.9960523,US,84,,378.186,US0084,,55,3,9.105,632,-0.9,,,,NOT REPORTED,,,,,Y,Y,Y,5,0,Y,FRI,2,0,6,6,0,2,2,100,34,22,2,0,0,2,6,5,3,6,5,0,0,1,6,2289,2014,2289,3.5,8,11.4,,,,,,,,,,,,,,,,,,,,,,,,,,,0,0,0,2,0,0,0,,,,
13591727,N,N,N,N,N,N,N,12/11/2013,1:32 PM,130032309,,57,177,N,Y,,,19,,,1,500,S,CARRIER,PKWY,N,N,40,N,N,,N,19,,,,,W,JEFFERSON,ST,,,,,,,11,1,4,,1,1,20,1:46 PM,DISPATCHED,1:46 PM,12/11/2013,Y,TX0571200,1372,,,42,8,2,3,10,64,14,1,5,1,32,21,57,177,32.74069538,-97.01511307,,,,,S CARRIER PKWY,,,,,,,,,,,,,,,Y,N,N,5,8,Y,WED,,,,,,,,,,,,,,,,,,,,,,,,,,,,,,,,,,,,,,,,,,,,,,,,,,,,,,,,0,0,0,3,0,0,0,282,,,
13591744,N,N,N,N,N,N,N,11/18/2013,6:55 PM,2013-46054,,101,29,N,N,,,19,,,1,4400,,GARTH,RD,N,N,45,N,N,,Y,19,,,1,1200,W,BAKER,RD,,,,,,,11,4,4,,1,1,5,6:55 PM,DISPATCH,6:59 PM,11/18/2013,N,TX1010100,100,,,27,8,2,1,34,64,54,1,5,1,21,21,101,29,29.76958479,-94.97757319,,,,,GARTH RD,4498,,,,,,,,,W BAKER RD,,,,,N,N,N,5,7,Y,MON,,,,,,,,,,,,,,,,,,,,,,,,,,,,,,,,,,,,,,,,,,,,,,,,,,,,,,,,0,0,0,1,1,0,0,15,,,