Crash_ID,Crash_Fatal_Fl,Cmv_Involv_Fl,Schl_Bus_Fl,Rr_Relat_Fl,Medical_Advisory_Fl,Amend_Supp_Fl,Active_School_Zone_Fl,Crash_Date,Crash_Time,Case_ID,Local_Use,Rpt_CRIS_Cnty_ID,Rpt_City_ID,Rpt_Outside_City_Limit_Fl,Thousand_Damage_Fl,Rpt_Latitude,Rpt_Longitude,Rpt_Rdwy_Sys_ID,Rpt_Hwy_Num,Rpt_Hwy_Sfx,Rpt_Road_Part_ID,Rpt_Block_Num,Rpt_Street_Pfx,Rpt_Street_Name,Rpt_Street_Sfx,Private_Dr_Fl,Toll_Road_Fl,Crash_Speed_Limit,Road_Constr_Zone_Fl,Road_Constr_Zone_Wrkr_Fl,Rpt_Street_Desc,At_Intrsct_Fl,Rpt_Sec_Rdwy_Sys_ID,Rpt_Sec_Hwy_Num,Rpt_Sec_Hwy_Sfx,Rpt_Sec_Road_Part_ID,Rpt_Sec_Block_Num,Rpt_Sec_Street_Pfx,Rpt_Sec_Street_Name,Rpt_Sec_Street_Sfx,Rpt_Ref_Mark_Offset_Amt,Rpt_Ref_Mark_Dist_Uom,Rpt_Ref_Mark_Dir,Rpt_Ref_Mark_Nbr,Rpt_Sec_Street_Desc,Rpt_CrossingNumber,Wthr_Cond_ID,Light_Cond_ID,Entr_Road_ID,Road_Type_ID,Road_Algn_ID,Surf_Cond_ID,Traffic_Cntl_ID,Investigat_Notify_Time,Investigat_Notify_Meth,Investigat_Arrv_Time,Report_Date,Investigat_Comp_Fl,ORI_Number,Investigat_Agency_ID,Investigat_Area_ID,Investigat_District_ID,Investigat_Region_ID,Bridge_Detail_ID,Harm_Evnt_ID,Intrsct_Relat_ID,FHE_Collsn_ID,Obj_Struck_ID,Othr_Factr_ID,Road_Part_Adj_ID,Road_Cls_ID,Road_Relat_ID,Phys_Featr_1_ID,Phys_Featr_2_ID,Cnty_ID,City_ID,Latitude,Longitude,Hwy_Sys,Hwy_Nbr,Hwy_Sfx,Dfo,Street_Name,Street_Nbr,Control,Section,Milepoint,Ref_Mark_Nbr,Ref_Mark_Displ,Hwy_Sys_2,Hwy_Nbr_2,Hwy_Sfx_2,Street_Name_2,Street_Nbr_2,Control_2,Section_2,Milepoint_2,Txdot_Rptable_Fl,Onsys_Fl,Rural_Fl,Crash_Sev_ID,Pop_Group_ID,Located_Fl,Day_of_Week,Hwy_Dsgn_Lane_ID,Hwy_Dsgn_Hrt_ID,Hp_Shldr_Left,Hp_Shldr_Right,Hp_Median_Width,Base_Type_ID,Nbr_Of_Lane,Row_Width_Usual,Roadbed_Width,Surf_Width,Surf_Type_ID,Curb_Type_Left_ID,Curb_Type_Right_ID,Shldr_Type_Left_ID,Shldr_Width_Left,Shldr_Use_Left_ID,Shldr_Type_Right_ID,Shldr_Width_Right,Shldr_Use_Right_ID,Median_Type_ID,Median_Width,Rural_Urban_Type_ID,Func_Sys_ID,Adt_Curnt_Amt,Adt_Curnt_Year,Adt_Adj_Curnt_Amt,Pct_Single_Trk_Adt,Pct_Combo_Trk_Adt,Trk_Aadt_Pct,Curve_Type_ID,Curve_Lngth,Cd_Degr,Delta_Left_Right_ID,Dd_Degr,Feature_Crossed,Structure_Number,I_R_Min_Vert_Clear,Approach_Width,Bridge_Median_ID,Bridge_Loading_Type_ID,Bridge_Loading_In_1000_Lbs,Bridge_Srvc_Type_On_ID,Bridge_Srvc_Type_Under_ID,Culvert_Type_ID,Roadway_Width,Deck_Width,Bridge_Dir_Of_Traffic_ID,Bridge_Rte_Struct_Func_ID,Bridge_IR_Struct_Func_ID,CrossingNumber,RRCo,Poscrossing_ID,WDCode_ID,Standstop,Yield,Incap_Injry_Cnt,Nonincap_Injry_Cnt,Poss_Injry_Cnt,Non_Injry_Cnt,Unkn_Injry_Cnt,Tot_Injry_Cnt,Death_Cnt,MPO_ID,Investigat_Service_ID,Investigat_DA_ID,Investigator_Narrative
13591795,N,N,N,N,N,N,N,12/10/2013,3:30 PM,,,91,1656,Y,Y,33.6944,-96.66303,15,,,1,,,PLAINVIEW,RD,N,N,45,N,N,,N,4,1417,,,,,NOT REPORTED,,,,,,,,11,1,0,,2,6,1,3:39 PM,DPS DISPATCH,3:49 PM,12/10/2013,Y,,10000,12,103,1,8,7,4,1,31,1,1,4,2,21,21,91,1656,33.69436969,-96.66303076,,,,,PLAINVIEW RD,3452,,,,,,,,,,,,,,Y,N,Y,5,0,Y,TUE,,,,,,,,,,,,,,,,,,,,,,,,,,,,,,,,,,,,,,,,,,,,,,,,,,,,,,,,0,0,0,1,0,0,0,232,,,
13591931,N,N,N,N,N,N,N,12/10/2013,5:15 PM,312339A,,57,107,N,Y,,,19,,,1,7500,,COLGATE,AVE,N,N,30,N,N,,N,19,,,,,,BOEDEKER,DR,,,,,,,11,1,0,,1,1,1,7:10 PM,DISPATCHED,7:15 PM,12/11/2013,N,TX0000006,2471,,,59,8,4,4,1,64,54,1,5,1,21,21,57,107,32.86037397,-96.77681047,,,,,COLGATE AVE,7593,,,,,,,,,,,,,,Y,N,N,0,9,Y,TUE,,,,,,,,,,,,,,,,,,,,,,,,,,,,,,,,,,,,,,,,,,,,,,,,,,,,,,,,0,0,0,0,1,0,0,282,,,
13591966,N,N,N,N,N,N,N,12/7/2013,2:20 PM,310381A,310384A,57,107,N,N,,,19,,,1,300,W,CHERRY POINT,DR,N,N,30,N,N,,N,19,,,,6600,,EMHOUSE,ST,,,,,,,3,1,0,,1,6,20,6:25 PM,DISPATCHED,6:28 PM,12/7/2013,N,TX0000006,2471,,,113,8,4,4,1,64,54,1,5,1,21,21,57,107,32.66581917,-96.82799938,,,,,W CHERRY POINT DR,347,,,,,,,,,,,,,,N,N,N,0,9,Y,SAT,,,,,,,,,,,,,,,,,,,,,,,,,,,,,,,,,,,,,,,,,,,,,,,,,,,,,,,,0,0,0,0,1,0,0,282,,,
13591992,N,N,N,N,N,N,N,12/9/2013,12:30 AM,311109A,,57,107,N,Y,,,11,12,,1,1300,W,LEDBETTER,DR,N,N,45,N,N,,Y,2,67,,1,4300,,MARVIN D LOVE,FWY,,,,,,,5,4,0,2,2,6,11,12:34 AM,DISPATCHED,12:41 AM,12/9/2013,Y,TX0000006,2471,,,113,8,7,4,1,39,1,1,2,4,21,21,57,107,32.69128418,-96.84612274,SL,12,,1.406,SL0012,,581,2,6.295,588,-0.613,,,,,,,,,Y,Y,N,5,9,Y,MON,3,0,0,0,3,3,6,250,72,72,5,1,1,1,0,0,1,0,0,1,3,4,14,22450,2014,22450,2.3,0.4,2.7,,,,,,,,,,,,,,,,,,,,,,,,,,,0,0,0,1,0,0,0,282,,,
13592078,N,N,N,N,N,N,N,12/12/2013,12:00 AM,0154286913Q,,101,208,N,Y,,,1,45,,1,11000,N,NORTH,FWY,N,N,60,N,N,CONCRETE,N,19,,,,100,,ALDINE BENDER,RD,,,,,,,11,3,0,2,1,1,20,12:04 AM,HPD DISPATCHER,12:17 AM,12/12/2013,Y,TXHPD0000,2469,14,152,59,8,7,4,1,39,54,1,1,4,21,21,101,208,29.92886719,-95.41190519,IH,45,,60.122,IH0045,,110,6,36.139,60,0.072,,,,,,,,,Y,Y,N,5,9,Y,THU,5,1,0,10,28,8,8,300,192,120,5,0,0,1,0,0,2,20,5,2,28,4,11,215390,2014,215390,5.5,4.6,10.1,,,,,,,,,,,,,,,,,,,,,,,,,,,0,0,0,1,0,0,0,15,,,
13592116,N,N,N,N,N,N,N,12/4/2013,6:16 PM,13-1204-0032,13A940,246,372,N,Y,,,19,,,1,300,,LOUIS HENNA,BLVD,N,N,45,N,N,,N,1,35,,,,S,EAST FRONTAGE,,,,,,,,11,3,0,2,3,1,1,6:19 PM,DISPATCHED,6:40 PM,12/4/2013,Y,TX2460500,2047,,,153,8,2,4,20,64,9,1,2,1,21,21,246,372,30.48102298,-97.66894246,SH,45,,10.937,SH0045,,683,6,4.548,578,-0.606,,,,,,,,,Y,Y,N,5,8,Y,WED,5,3,6,10,114,2,6,400,117,72,5,1,0,2,14,5,2,16,5,1,100,4,12,33587,2014,33587,11.4,5.9,17.3,1,278,0,1,10,,,,,,,,,,,,,,,,,,,,,,0,0,0,2,0,0,0,90,,,
13592223,N,N,N,N,N,N,N,11/26/2013,7:58 AM,13-330040,,71,136,N,Y,31.89919,-106.3817,3,4300,,1,4300,S,PURPLE HEART MEMORIAL,HWY,N,N,65,N,N,NORMAL,N,3,30,,1,30,S,EXIT 30 LIBERTY RAMP,HWY,,,,,NORMAL,,11,1,0,,1,1,1,8:25 AM,DISPATCHED,8:40 AM,11/26/2013,Y,TX0710200,1259,,,185,8,2,4,20,64,42,1,2,1,21,21,71,136,,,,,,,SH4300,,,,,,,,,,,,,,,Y,Y,N,3,9,N,TUE,,,,,,,,,,,,,,,,,,,,,,,,,,,,,,,,,,,,,,,,,,,,,,,,,,,,,,,,0,0,1,1,0,1,0,,,,
13592381,N,N,N,N,N,N,N,12/3/2013,7:50 AM,13-011585,,20,326,N,Y,,,19,,,1,11500,,SAPPHIRE BAY,DR,N,N,30,N,N,SUBDIVISION,N,19,,,1,,,BAY CREST,DR,,,,,,,11,1,0,,1,1,20,7:59 AM,DISPATCHED,8:05 AM,12/3/2013,Y,TX0201000,1917,,,,8,4,4,1,64,10,1,5,1,21,21,20,326,29.56519158,-95.39981601,,,,,SAPPHIRE BAY DR,,,,,,,,,,,,,,,Y,N,N,5,7,Y,TUE,,,,,,,,,,,,,,,,,,,,,,,,,,,,,,,,,,,,,,,,,,,,,,,,,,,,,,,,0,0,0,1,0,0,0,15,,,
13592924,N,N,N,N,N,N,N,11/24/2013,2:45 AM,13-328048,,71,136,N,Y,31.90604,-106.44165,2,54,,1,,,NOT REPORTED,,N,N,60,N,N,,N,2,54,,1,,,SUN VALLEY,FWY,,,,,,,3,4,0,2,3,5,20,2:45 AM,OBSERVED,2:45 AM,11/24/2013,Y,TX0710200,1259,,,194,8,7,4,1,39,1,1,2,4,21,21,71,136,31.84782797,-106.4401173,US,54,,6.189,US0054,,167,1,10.898,26,0.113,,,,,,,,,Y,Y,N,3,9,Y,SUN,5,0,4,10,56,8,7,500,160,84,5,0,1,2,8,5,2,20,5,3,48,4,12,64710,2014,64710,6.9,6.8,13.7,,,,,,,,,,,,,,,,,,,,,,,,,,,0,0,1,1,0,1,0,66,,,
13593167,N,N,N,N,N,N,N,12/1/2013,9:48 PM,13-120052,,243,459,N,Y,33.87003,-98.60766,2,277,,1,7000,,SEYMOUR,HWY,N,N,60,N,N,,N,19,,,1,4000,,ULEN,,,,,,,,11,4,0,2,5,1,1,9:50 PM,DISPATCH,9:54 PM,12/2/2013,Y,TX2430500,2426,,,,8,10,4,1,20,54,1,2,2,21,21,243,459,33.87124161,-98.60253918,US,82,,287.974,US0082,,156,4,24.739,516,0.112,,,,,,,,,Y,Y,N,5,8,Y,SUN,4,0,12,10,84,8,4,450,92,48,5,0,0,2,24,5,2,20,5,3,60,3,12,8140,2014,8140,2.4,26.6,29,1,0,1,2,23,,,,,,,,,,,,,,,,,,,,,,0,0,0,2,0,0,0,151,,,
13593723,N,N,N,N,N,N,N,12/8/2013,1:18 PM,13-50201,,108,331,N,Y,,,3,281,,1,2500,S,CAGE,BLVD,N,N,55,N,N,,N,19,,,,100,W,HALL ACRES,RD,,,,,,,12,1,0,3,1,1,5,1:18 PM,RADIO DISPATCHED,1:20 PM,12/8/2013,Y,TX1081100,1926,,,35,8,2,2,22,64,36,1,2,1,21,21,108,331,26.16632373,-98.18878448,US,281,,573.556,US0281,2602,255,9,43.377,786,-0.783,,,,W HALL ACRES RD,,,,,Y,Y,N,3,7,Y,SUN,2,0,8,8,0,2,4,100,84,64,4,2,2,2,8,5,2,8,5,0,0,4,14,22519,2014,22519,9.5,6.5,16,,,,,,,,,,,,,,,,,,,,,,,,,,,0,0,3,3,0,3,0,230,,,
13593738,N,N,N,N,N,N,N,12/10/2013,12:18 AM,13-27677,,57,218,N,Y,,,3,183,,4,900,W,AIRPORT,FWY,N,N,60,N,N,,N,19,,,,2400,N,MACARTHUR,BLVD,,,,,,,12,4,0,,2,6,20,12:18 AM,ON-VIEW,12:19 AM,12/10/2013,Y,TX0571500,1518,,,33,8,7,4,1,23,1,4,2,3,21,21,57,218,,,SH,183,,,SH0183,,,,,,,,,,,,,,,Y,Y,N,5,8,N,TUE,,,,,,,,,,,,,,,,,,,,,,,,,,,,,,,,,,,,,,,,,,,,,,,,,,,,,,,,0,0,0,1,0,0,0,,,,
13593830,N,N,N,N,N,N,N,12/9/2013,8:00 AM,0153344013Z,FSGI,101,208,N,Y,,,19,,,1,11700,,PENDER,LN,N,N,30,N,N,,N,19,,,,12100,W,BELLFORT,ST,,,,,,,12,1,0,,1,1,1,8:30 PM,DISPATCHED,8:35 PM,12/11/2013,Y,TXHPD0000,2469,6,128,39,8,4,3,4,64,54,1,5,1,32,21,101,208,29.65756563,-95.58874569,,,,,PENDER LN,11707,,,,,,,,,,,,,,Y,N,N,0,9,Y,MON,,,,,,,,,,,,,,,,,,,,,,,,,,,,,,,,,,,,,,,,,,,,,,,,,,,,,,,,0,0,0,0,1,0,0,15,,,
13594610,N,N,N,N,N,N,N,11/27/2013,6:45 PM,130164415,5500576,101,1666,Y,Y,29.72043,-95.14842,12,,,1,1515,E,SAM HOUSTON,PKWY,N,Y,50,N,N,,N,19,,,,,,JACINTO PORT,BLVD,,,,,,,11,4,0,1,1,1,20,6:53 PM,DISPATCHED,6:53 PM,11/27/2013,Y,TX1015300,2747,61,88,229,8,7,4,1,53,3,1,2,2,21,21,101,1666,29.75452939,-95.14593903,SL,8,,65.197,SL0008,,3256,3,13.746,744,2.598,,,,,,,,,Y,Y,Y,0,0,Y,WED,1,0,8,0,0,9,3,300,46,36,5,0,0,2,8,5,1,0,0,0,0,4,14,1283,2014,1283,1.8,1.4,3.2,,,,,,,,,,,,,,,,,,,,,,,,,,,0,0,0,0,1,0,0,15,,,
13594632,N,N,N,N,N,N,N,11/27/2013,3:54 PM,130164310,1035140,101,1666,Y,N,29.78641,-95.10195,1,10,,1,16800,,NOT REPORTED,,N,N,65,N,N,,N,15,,,,,,BAYOU,DR,,,,,,,11,1,0,2,1,1,20,3:57 PM,DISPATCHED,4:08 PM,11/27/2013,Y,TX1010000,1419,135,33,5,8,2,4,20,64,42,1,1,1,21,21,101,1666,29.78639819,-95.10258768,IH,10,,783.879,IH0010,,508,1,43.917,785,0.211,,,,,,,,,N,Y,Y,5,0,Y,WED,5,0,10,12,24,3,6,300,116,72,5,0,0,2,22,5,2,22,5,2,2,4,11,103734,2014,103734,2.9,18.5,21.4,,,,,,,,,,,,,,,,,,,,,,,,,,,0,0,0,7,0,0,0,15,,,
13594652,N,N,N,N,N,N,N,11/27/2013,5:15 PM,130164365,2001054,101,208,N,Y,29.86674,-95.41251,19,,,7,7300,N,SHEPHERD,DR,Y,N,15,N,N,,N,19,,,,600,W,LITTLE YORK,RD,,,,,,,11,1,0,,1,1,1,5:22 PM,BY CITIZEN,5:22 PM,11/27/2013,Y,TX1013100,2741,191,95,119,8,4,4,5,64,54,7,9,5,33,21,101,208,,,,,,,N SHEPHERD DR,,,,,,,,,,,,,,,N,N,N,5,9,N,WED,,,,,,,,,,,,,,,,,,,,,,,,,,,,,,,,,,,,,,,,,,,,,,,,,,,,,,,,0,0,0,1,1,0,0,,,,
13594656,N,N,N,N,N,N,N,11/27/2013,5:14 PM,130164366,2001171,101,1666,Y,Y,29.92384,-95.37755,12,,,1,14000,,HARDY TOLL,RD,N,Y,65,N,N,,N,15,1000,,,,,BELTWAY 8,,,,,,,,11,4,0,,1,1,1,5:15 PM,DISPATCHED,5:15 PM,11/27/2013,Y,TX1013100,2741,61,88,119,8,8,4,1,51,54,1,6,1,21,21,101,1666,29.92384211,-95.3775416,,,,,E HARDY ST RD,14170,,,,,,,,,,,,,,Y,N,Y,5,0,Y,WED,,,,,,,,,,,,,,,,,,,,,,,,,,,,,,,,,,,,,,,,,,,,,,,,,,,,,,,,0,0,0,2,0,0,0,15,,,
13594734,N,N,N,N,N,N,N,12/3/2013,6:20 AM,2013-11940,,71,1635,Y,Y,,,19,,,1,14700,W,GATEWAY WEST,BLVD,N,N,55,N,N,TWO LANE ROADWAY FOR WESTBOUND,N,19,,,1,1300,,HORIZON,BLVD,,,,,TWO LANE ROADWAY FOR,,11,1,0,,1,1,1,6:22 AM,DISPATCHED,6:33 AM,12/3/2013,Y,TX0710000,1260,,,,8,7,4,1,21,25,1,4,2,21,21,71,1635,31.65968731,-106.2390122,,,,,GATEWAY BLVD W,14612,,,,,,,,,,,,,,Y,N,Y,5,0,Y,TUE,,,,,,,,,,,,,,,,,,,,,,,,,,,,,,,,,,,,,,,,,,,,,,,,,,,,,,,,0,0,0,1,0,0,0,66,,,
13595022,N,N,N,N,N,N,N,12/4/2013,4:41 PM,130167578,1030765,101,1666,Y,Y,,,3,6,,1,7800,,NOT REPORTED,,N,N,40,N,N,,N,15,,,,,,LONGENBAUGH,DR,,,,,,,11,1,0,3,1,1,20,4:42 PM,DISPATCHED,4:49 PM,12/4/2013,Y,TX1010000,1419,110,4,5,8,2,3,23,64,13,1,2,1,32,21,101,1666,29.8902666,-95.64186618,SH,6,,483.677,SH0006,,1685,5,3.345,666,0.346,,,,,,,,,Y,Y,Y,5,0,Y,WED,2,0,8,8,0,2,6,120,76,60,4,2,2,2,8,2,2,8,2,0,0,4,14,41363,2014,41363,3.9,1.4,5.2,,,,,,,,,,,,,,,,,,,,,,,,,,,0,0,0,4,0,0,0,15,,,
13595111,N,N,N,N,N,N,N,12/3/2013,1:46 PM,131800,,243,58,N,N,34.09815,-98.57354,19,,,1,200,E,4TH,ST,N,N,30,N,N,LOCAL CITY STREET,N,19,,,1,400,N,AVE B,,,,,,LOCAL CITY STREET,,11,1,0,,1,1,1,1:46 PM,DISPATCHED,1:46 PM,12/3/2013,Y,TX2430100,183,,,,8,2,3,45,64,14,1,5,1,32,21,243,58,34.09808409,-98.57364204,,,,,E 4TH ST,200,,,,,,,,,,,,,,N,N,N,5,5,Y,TUE,,,,,,,,,,,,,,,,,,,,,,,,,,,,,,,,,,,,,,,,,,,,,,,,,,,,,,,,0,0,0,2,0,0,0,,,,
13595140,N,N,N,N,N,N,N,12/1/2013,12:20 AM,130165713,1035292,101,1666,Y,Y,29.84974,-94.99831,15,,,1,4500,,DANEK,RD,N,N,30,N,N,,N,15,,,,,,GLENWOOD,DR,,,,,,,5,3,0,,1,1,11,12:34 AM,DISPATCHED,12:56 AM,12/1/2013,N,TX1010000,1419,347,33,5,8,7,4,1,62,54,1,4,2,21,21,101,1666,29.8497014,-94.99970202,,,,,DANEK RD,4389,,,,,,,,,,,,,,Y,N,Y,0,0,Y,SUN,,,,,,,,,,,,,,,,,,,,,,,,,,,,,,,,,,,,,,,,,,,,,,,,,,,,,,,,0,0,0,0,1,0,0,15,,,
13595161,N,N,N,N,N,N,N,12/10/2013,7:10 AM,13AP014214,13AP014214,220,23,N,Y,32.886,-97.538,3,199,,1,400,E,SH 199,,N,N,60,N,N,,N,11,344,,1,100,,MAIN,ST,,,,,,,11,1,0,2,1,6,20,7:13 AM,DISPATCHED,7:18 AM,12/10/2013,Y,TX2200200,76,,,33,1,7,4,1,41,1,1,2,4,21,21,220,23,32.88737488,-97.53894043,SH,199,,37.038,SH0199,,171,4,0.927,554,0.957,,,,,,,,,Y,Y,N,5,5,Y,TUE,5,0,2,10,46,2,4,350,86,48,5,1,0,2,6,5,2,20,5,1,40,4,12,25667,2014,25667,2.1,1.6,3.7,,,,,,,,,,,,,,,,,,,,,,,,,,,0,0,0,1,0,0,0,282,,,
13595313,N,N,N,N,N,N,N,12/4/2013,6:55 PM,13-007247,,101,211,N,Y,,,2,59,,2,20500,S,NOT REPORTED,,N,N,40,N,N,,N,19,,,1,,,FIELDTREE,,,,,,,,11,4,0,2,2,1,20,7:01 PM,DISPATCH,7:07 PM,12/5/2013,Y,TX1010900,1496,,,,8,2,2,10,64,9,2,1,1,21,21,101,211,30.01493081,-95.26358597,IH,69,,43.795,IH0069,,177,6,2.155,135,15.1,FM,1960,,FM1960,,,,,Y,Y,N,5,5,Y,WED,5,1,10,6,44,3,8,360,152,120,5,0,0,2,16,5,2,16,5,2,28,4,11,83952,2014,83952,2.3,5.9,8.2,,,,,,,,,,,,,,,,,,,,,,,,,,,0,0,0,4,0,0,0,15,,,
13595340,N,N,N,N,N,N,N,11/30/2013,12:12 PM,13-2488,,7,275,N,N,,,19,,,1,19400,N,SOMERSET,ST,N,N,30,N,N,,Y,19,,,1,15200,,ADAMS,ST,,,,,,,12,1,4,,1,1,8,12:15 PM,DISPATCH,12:15 PM,12/1/2013,Y,TX0070100,1714,,,,8,2,1,14,64,3,1,5,1,21,21,7,275,29.23374502,-98.79756225,,,,,S SOMERSET ST,19000,,,,,,,,,ADAMS ST,,,,,N,N,Y,5,3,Y,SAT,,,,,,,,,,,,,,,,,,,,,,,,,,,,,,,,,,,,,,,,,,,,,,,,,,,,,,,,0,0,0,2,0,0,0,,,,
13595473,N,N,N,N,N,N,N,11/18/2013,3:25 PM,130159842,1032222,101,1666,Y,Y,29.90253,-95.3111,19,,,1,12000,,EASTEX,FWY,N,N,45,N,N,3 LANE FEEDER RD.,N,15,,,,,,ALDINE MAIL,RD,,,,,,,11,1,0,,1,1,5,3:31 PM,DISPATCHED,4:16 PM,11/18/2013,Y,TX1010000,1419,151,4,5,8,2,2,22,64,36,2,4,1,21,21,101,1666,29.90278826,-95.31209113,,,,,EASTEX FWY,,,,,,,,,,ALDINE MAIL RD,,,,,Y,N,Y,3,0,Y,MON,,,,,,,,,,,,,,,,,,,,,,,,,,,,,,,,,,,,,,,,,,,,,,,,,,,,,,,,0,0,1,5,0,1,0,15,,,
13595487,N,N,N,N,N,N,N,12/7/2013,5:48 AM,00942-2013,,66,381,N,Y,,,19,,,1,400,S,DUNLAP,,N,N,30,N,N,,N,19,,,,400,S,DUNLAP,,,,,,,,11,4,0,,1,1,1,5:48 AM,DUVAL DISPATCH,5:49 AM,12/7/2013,Y,,2076,22,81,106,8,7,4,1,30,3,1,5,2,21,21,66,381,27.7564853,-98.24136244,,,,,S DUNLAP ST,400,,,,,,,,,,,,,,Y,N,Y,5,3,Y,SAT,,,,,,,,,,,,,,,,,,,,,,,,,,,,,,,,,,,,,,,,,,,,,,,,,,,,,,,,0,0,0,1,0,0,0,,,,
13595754,N,N,N,N,N,N,N,11/30/2013,12:05 PM,130165428,4001647,101,1666,Y,Y,29.77468,-95.75182,19,,,1,600,S,MASON,RD,N,N,35,N,N,,N,19,,,,21900,,KINGSLAND,BLVD,,,,,,,11,1,98,,1,1,20,1:13 PM,ON SIGHT,1:13 PM,11/30/2013,Y,TX1015000,2745,25,38,53,8,2,4,22,64,42,1,4,1,21,21,101,1666,29.77448779,-95.75183929,,,,,S MASON RD,,,,,,,,,,,,,,,Y,N,Y,5,0,Y,SAT,,,,,,,,,,,,,,,,,,,,,,,,,,,,,,,,,,,,,,,,,,,,,,,,,,,,,,,,0,0,0,3,0,0,0,15,,,
13595834,N,N,N,N,N,N,N,12/6/2013,9:42 PM,13-29468,,101,325,N,Y,,,19,,,1,4400,,BURKE,RD,N,N,40,N,N,,Y,19,,,1,4100,,YELLOWSTONE,,,,,,,,11,4,0,,1,1,8,9:45 PM,DISPATCH,9:50 PM,12/6/2013,Y,TX1011500,1912,,,613,8,7,2,2,29,54,1,5,2,21,21,101,325,29.64418482,-95.18146314,,,,,BURKE RD,,,,,,,,,,YELLOWSTONE DR,,,,,Y,N,N,5,8,Y,FRI,,,,,,,,,,,,,,,,,,,,,,,,,,,,,,,,,,,,,,,,,,,,,,,,,,,,,,,,0,0,0,1,0,0,0,15,,,
13596080,N,N,N,N,N,N,N,12/4/2013,8:40 AM,,,234,1799,Y,Y,32.44627,-95.61775,4,314,,1,,,NOT REPORTED,,N,N,55,N,N,,N,,,,,,,NOT REPORTED,,50,F,N,286,,,12,1,0,1,6,2,12,8:42 AM,VZ SO DISPATCH,8:54 AM,12/4/2013,Y,,10000,7,28,1,8,7,4,1,32,54,1,3,2,21,21,234,1799,32.44583329,-95.61664932,FM,314,,6.005,FM0314,,745,1,5.985,286,-50,,,,NOT REPORTED,,,,,Y,Y,Y,3,0,Y,WED,2,0,1,1,0,2,2,100,24,21,2,0,0,5,1,5,5,1,5,0,0,1,7,1900,2014,1900,6.9,1.2,8.1,,,,,,,,,,,,,,,,,,,,,,,,,,,0,0,1,0,0,1,0,,,,
13596158,N,N,N,N,N,N,N,12/7/2013,1:32 AM,,,129,1694,Y,Y,32.77522,-96.076,2,80,,1,,,NOT REPORTED,,N,N,60,N,N,,N,19,,,,,,LAWSON,RD,,,,,,,3,3,0,,1,6,20,1:32 AM,HAPPENED UPON SCENE,1:32 AM,12/9/2013,Y,,10000,15,107,1,8,7,4,1,39,1,1,2,4,21,21,129,1694,,,US,80,,,US0080,,,,,,,,,,,,,,,Y,Y,Y,5,0,N,SAT,,,,,,,,,,,,,,,,,,,,,,,,,,,,,,,,,,,,,,,,,,,,,,,,,,,,,,,,0,0,0,1,0,0,0,,,,
13596323,N,N,N,N,N,N,N,12/5/2013,7:45 AM,,,19,1584,Y,Y,33.39743,-94.67332999,2,259,,1,,,NOT REPORTED,,N,N,75,N,N,,N,15,4306,,,,,NOT REPORTED,,,,,,,,12,2,0,1,1,1,20,7:51 AM,DPS COMMUNICATIONS,8:09 AM,12/5/2013,Y,,10000,1,103,1,8,7,4,1,23,3,1,2,2,21,21,19,1584,33.38499635,-94.68043252,US,259,,21.968,US0259,,85,2,21.929,218,-0.229,,,,,,,,,Y,Y,Y,5,0,Y,THU,2,0,3,3,0,2,2,100,30,24,2,0,0,5,3,5,5,3,5,0,0,1,2,1668,2014,1668,9.3,20.1,29.4,,,,,,,,,,,,,,,,,,,,,,,,,,,0,0,0,1,0,0,0,,,,
13596326,N,Y,N,N,N,N,N,12/12/2013,6:10 PM,SAPD13272296,2110,15,379,N,Y,,,19,,,1,700,,BROADWAY,,N,N,35,N,N,,N,19,,,,200,,8TH,ST,,,,,,,11,4,0,,1,1,20,6:15 PM,DISPATCHED,6:22 PM,12/12/2013,Y,TXSPD0000,2473,,3,122,8,4,4,1,64,54,1,5,1,21,21,15,379,29.43265333,-98.48260656,,,,,BROADWAY AVE,806,,,,,,,,,,,,,,Y,N,N,5,9,Y,THU,,,,,,,,,,,,,,,,,,,,,,,,,,,,,,,,,,,,,,,,,,,,,,,,,,,,,,,,0,0,0,1,0,0,0,28,,,
13596396,N,N,N,N,N,N,N,12/12/2013,7:54 AM,313470A,313489A,57,107,N,N,,,19,,,1,2800,,KINGSTON,ST,N,N,30,N,N,,N,19,,,,1100,,RAVINIA,DR,,,,,,,11,1,0,,1,1,1,7:54 AM,DISPATCHED,7:58 AM,12/12/2013,N,TX0000006,2471,,,44,8,1,4,1,64,54,1,5,1,21,21,57,107,32.73357146,-96.86892396,,,,,KINGSTON ST,2906,,,,,,,,,,,,,,Y,N,N,2,9,Y,THU,,,,,,,,,,,,,,,,,,,,,,,,,,,,,,,,,,,,,,,,,,,,,,,,,,,,,,,,0,1,0,0,1,1,0,282,,,