Crash_ID,Crash_Fatal_Fl,Cmv_Involv_Fl,Schl_Bus_Fl,Rr_Relat_Fl,Medical_Advisory_Fl,Amend_Supp_Fl,Active_School_Zone_Fl,Crash_Date,Crash_Time,Case_ID,Local_Use,Rpt_CRIS_Cnty_ID,Rpt_City_ID,Rpt_Outside_City_Limit_Fl,Thousand_Damage_Fl,Rpt_Latitude,Rpt_Longitude,Rpt_Rdwy_Sys_ID,Rpt_Hwy_Num,Rpt_Hwy_Sfx,Rpt_Road_Part_ID,Rpt_Block_Num,Rpt_Street_Pfx,Rpt_Street_Name,Rpt_Street_Sfx,Private_Dr_Fl,Toll_Road_Fl,Crash_Speed_Limit,Road_Constr_Zone_Fl,Road_Constr_Zone_Wrkr_Fl,Rpt_Street_Desc,At_Intrsct_Fl,Rpt_Sec_Rdwy_Sys_ID,Rpt_Sec_Hwy_Num,Rpt_Sec_Hwy_Sfx,Rpt_Sec_Road_Part_ID,Rpt_Sec_Block_Num,Rpt_Sec_Street_Pfx,Rpt_Sec_Street_Name,Rpt_Sec_Street_Sfx,Rpt_Ref_Mark_Offset_Amt,Rpt_Ref_Mark_Dist_Uom,Rpt_Ref_Mark_Dir,Rpt_Ref_Mark_Nbr,Rpt_Sec_Street_Desc,Rpt_CrossingNumber,Wthr_Cond_ID,Light_Cond_ID,Entr_Road_ID,Road_Type_ID,Road_Algn_ID,Surf_Cond_ID,Traffic_Cntl_ID,Investigat_Notify_Time,Investigat_Notify_Meth,Investigat_Arrv_Time,Report_Date,Investigat_Comp_Fl,ORI_Number,Investigat_Agency_ID,Investigat_Area_ID,Investigat_District_ID,Investigat_Region_ID,Bridge_Detail_ID,Harm_Evnt_ID,Intrsct_Relat_ID,FHE_Collsn_ID,Obj_Struck_ID,Othr_Factr_ID,Road_Part_Adj_ID,Road_Cls_ID,Road_Relat_ID,Phys_Featr_1_ID,Phys_Featr_2_ID,Cnty_ID,City_ID,Latitude,Longitude,Hwy_Sys,Hwy_Nbr,Hwy_Sfx,Dfo,Street_Name,Street_Nbr,Control,Section,Milepoint,Ref_Mark_Nbr,Ref_Mark_Displ,Hwy_Sys_2,Hwy_Nbr_2,Hwy_Sfx_2,Street_Name_2,Street_Nbr_2,Control_2,Section_2,Milepoint_2,Txdot_Rptable_Fl,Onsys_Fl,Rural_Fl,Crash_Sev_ID,Pop_Group_ID,Located_Fl,Day_of_Week,Hwy_Dsgn_Lane_ID,Hwy_Dsgn_Hrt_ID,Hp_Shldr_Left,Hp_Shldr_Right,Hp_Median_Width,Base_Type_ID,Nbr_Of_Lane,Row_Width_Usual,Roadbed_Width,Surf_Width,Surf_Type_ID,Curb_Type_Left_ID,Curb_Type_Right_ID,Shldr_Type_Left_ID,Shldr_Width_Left,Shldr_Use_Left_ID,Shldr_Type_Right_ID,Shldr_Width_Right,Shldr_Use_Right_ID,Median_Type_ID,Median_Width,Rural_Urban_Type_ID,Func_Sys_ID,Adt_Curnt_Amt,Adt_Curnt_Year,Adt_Adj_Curnt_Amt,Pct_Single_Trk_Adt,Pct_Combo_Trk_Adt,Trk_Aadt_Pct,Curve_Type_ID,Curve_Lngth,Cd_Degr,Delta_Left_Right_ID,Dd_Degr,Feature_Crossed,Structure_Number,I_R_Min_Vert_Clear,Approach_Width,Bridge_Median_ID,Bridge_Loading_Type_ID,Bridge_Loading_In_1000_Lbs,Bridge_Srvc_Type_On_ID,Bridge_Srvc_Type_Under_ID,Culvert_Type_ID,Roadway_Width,Deck_Width,Bridge_Dir_Of_Traffic_ID,Bridge_Rte_Struct_Func_ID,Bridge_IR_Struct_Func_ID,CrossingNumber,RRCo,Poscrossing_ID,WDCode_ID,Standstop,Yield,Incap_Injry_Cnt,Nonincap_Injry_Cnt,Poss_Injry_Cnt,Non_Injry_Cnt,Unkn_Injry_Cnt,Tot_Injry_Cnt,Death_Cnt,MPO_ID,Investigat_Service_ID,Investigat_DA_ID,Investigator_Narrative
13596598,N,N,N,N,N,N,N,12/6/2013,8:00 AM,,,212,1777,Y,Y,32.33605,-95.1816,4,850,,1,,,NOT REPORTED,,N,N,60,N,N,,N,15,228,,,,,NOT REPORTED,,,,,,,,3,1,0,1,6,5,11,8:13 AM,DPS COMMUNICATIONS,8:30 AM,12/6/2013,Y,,10000,3,28,1,8,7,4,1,32,1,1,3,2,21,21,212,1777,32.33561776,-95.17786534,FM,850,,5.513,FM0850,13734,1163,1,5.438,682,-0.585,,,,,,,,,Y,Y,Y,3,0,Y,FRI,2,0,2,2,0,2,2,80,32,24,2,0,0,2,2,5,2,2,5,0,0,1,7,993,2014,993,15.6,5.2,20.8,,,,,,,,,,,,,,,,,,,,,,,,,,,0,0,1,0,0,1,0,213,,,
13596699,N,N,N,N,N,N,N,12/10/2013,9:00 AM,311928A,,57,107,N,Y,,,19,,,1,9900,,SILVER MEADOW,DR,N,N,20,N,N,,Y,19,,,1,700,,APACHE,LN,,,,,PUBLIC STREET,,12,1,0,,1,2,8,9:11 AM,DISPATCHED,9:19 AM,12/10/2013,Y,TX0000006,2471,,,27,8,2,1,10,64,54,1,5,1,21,21,57,107,32.72363426,-96.65264261,,,,,SILVER MEADOW DR,9899,,,,,,,,,APACHE LN,,,,,Y,N,N,5,9,Y,TUE,,,,,,,,,,,,,,,,,,,,,,,,,,,,,,,,,,,,,,,,,,,,,,,,,,,,,,,,0,0,0,2,0,0,0,282,,,
13596729,N,N,N,N,N,N,N,11/29/2013,6:31 PM,2013-98755,,108,283,N,N,,,19,,,1,1800,W,NOLANA,AVE,N,N,40,N,N,BLACK TOP ROADWAY,N,19,,,,4000,N,BICENTENNIAL,BLVD,,,,,BLACK TOP ROADWAY,,11,4,98,,1,1,5,6:33 PM,DISPATCHED,6:38 PM,11/29/2013,Y,TX1080800,1753,,,35,8,2,4,22,64,42,1,5,1,21,21,108,283,26.24068781,-98.233706,,,,,W NOLANA AVE,1927,,,,,,,,,,,,,,Y,N,N,3,8,Y,FRI,,,,,,,,,,,,,,,,,,,,,,,,,,,,,,,,,,,,,,,,,,,,,,,,,,,,,,,,0,0,1,2,0,1,0,230,,,
13596881,N,N,N,N,N,N,N,12/10/2013,3:33 PM,0153688213J,,101,208,N,Y,,,19,,,1,9600,,MAIN,ST,N,N,40,N,N,,Y,19,,,1,9700,,BUFFALO SPEEDWAY,,,,,,,,11,1,0,2,1,1,5,4:01 PM,DISPATCHED,4:05 PM,12/10/2013,Y,TXHPD0000,2469,6,125,40,8,2,1,10,64,54,1,2,1,21,21,101,208,29.67976089,-95.42593221,UA,90,,165.05,UA0090,,27,9,8.151,694,-0.843,,,,BUFFALO SPEEDWAY,,,,,Y,Y,N,3,9,Y,TUE,3,0,0,0,4,3,8,200,96,96,5,2,2,1,0,0,1,0,0,1,4,4,14,54949,2014,54949,3.9,1.4,5.2,,,,,,,,,,,,,,,,,,,,,,,,,,,0,0,1,2,0,1,0,15,,,
13596888,N,N,N,N,N,N,N,12/8/2013,2:20 PM,,,247,1812,Y,Y,29.32118,-98.16295,4,775,,1,,,NOT REPORTED,,N,N,55,N,N,,N,15,321,,,,,NOT REPORTED,,,,,,,,11,1,0,1,1,1,11,2:22 PM,WILSON COUNTY SO,2:46 PM,12/9/2013,Y,,10000,12,92,1,8,6,4,1,64,54,1,3,1,21,21,247,930,29.35249987,-98.12094131,FM,775,,16.087,FM0775,175,850,4,1.378,508,0.125,,,,,,,,,Y,Y,Y,5,1,Y,SUN,2,0,10,10,0,2,2,70,44,24,4,1,1,2,10,5,2,10,5,0,0,1,7,4451,2014,4451,7.9,1.6,9.4,,,,,,,,,,,,,,,,,,,,,,,,,,,0,0,0,2,0,0,0,,,,
13597268,N,N,N,N,N,N,N,12/10/2013,10:15 AM,2013-BCSO-051213,AS,15,379,N,Y,29.5099,-98.3709,17,,,1,6030,,MONTGOMERY,DR,Y,N,15,Y,Y,,N,19,,,,5700,,WALZEM,RD,,,,,,,11,1,0,,1,1,1,9:45 AM,RADIO,9:52 AM,12/11/2013,Y,TX0150000,120,,,162,8,2,4,10,64,49,7,9,5,33,21,15,379,,,,,,,MONTGOMERY DR,,,,,,,,,,,,,,,N,N,N,5,9,N,TUE,,,,,,,,,,,,,,,,,,,,,,,,,,,,,,,,,,,,,,,,,,,,,,,,,,,,,,,,0,0,0,3,0,0,0,,,,
13597654,N,N,N,N,N,N,N,11/28/2013,9:15 PM,,,126,1691,Y,Y,32.29,-97.58442,2,67,,1,,,NOT REPORTED,,N,N,65,N,N,,N,15,1119,,,,,NOT REPORTED,,,,,,,,11,3,0,1,1,1,11,9:25 PM,JCSO,9:40 PM,11/28/2013,Y,,10000,19,118,1,8,7,4,1,33,54,1,2,2,21,21,126,1691,32.29005549,-97.58444649,US,67,,242.944,US0067,10681,259,4,6.513,466,-0.28,,,,,,,,,Y,Y,Y,0,0,Y,THU,2,0,9,9,0,2,2,120,44,26,4,0,0,2,9,5,2,9,5,0,0,1,2,5930,2014,5930,1.5,9.3,10.8,,,,,,,,,,,,,,,,,,,,,,,,,,,0,0,0,0,1,0,0,282,,,
13597698,N,N,N,N,N,N,N,12/11/2013,8:23 PM,13121451,,31,53,N,Y,,,3,48,,1,6100,,SOUTH PADRE ISLAND,HWY,N,N,55,N,N,,N,19,,,,1100,N,CENTRAL,AVE,,,,,,,12,4,0,3,1,2,20,8:25 PM,DISPATCHED,8:29 PM,12/11/2013,Y,TX0310100,172,,125,17,8,2,4,22,64,42,1,2,1,21,21,31,53,25.93334324,-97.4450008,SH,48,,4.522,SH0048,6209,220,5,4.551,562,0.621,,,,,,,,,Y,Y,N,5,8,Y,WED,2,0,8,8,0,8,4,100,76,60,5,0,0,2,8,5,2,8,5,0,0,4,14,21225,2014,21225,2.5,0.4,2.9,,,,,,,,,,,,,,,,,,,,,,,,,,,0,0,0,2,0,0,0,248,,,
13597785,N,N,N,N,N,N,N,12/11/2013,10:24 AM,13005186,Local Use,57,124,N,Y,,,19,,,1,200,E,WHEATLAND,RD,N,N,40,N,N,CONCRETE,N,19,,,,600,S,MAIN,ST,,,,,CONCRETE,,11,1,98,,4,2,1,10:24 AM,POLICE DISPATCH,10:29 AM,12/12/2013,Y,TX0570900,1223,,,33,8,2,4,21,64,9,1,5,1,21,21,57,124,32.64586428,-96.9066847,,,,,E WHEATLAND RD,200,,,,,,,,,,,,,,Y,N,N,5,6,Y,WED,,,,,,,,,,,,,,,,,,,,,,,,,,,,,,,,,,,,,,,,,,,,,,,,,,,,,,,,0,0,0,2,0,0,0,282,,,
13597909,N,Y,N,N,N,N,N,12/11/2013,3:58 AM,,,75,1640,Y,Y,29.69364999,-97.02085,1,10,,1,,,NOT REPORTED,,N,N,75,N,N,,N,,,,,,,NOT REPORTED,,0.1,M,E,667,,,12,3,0,2,1,1,20,4:05 AM,FAYETTE SO DISPATCH,4:38 AM,12/12/2013,Y,,10000,7,22,1,8,4,4,1,64,54,1,1,3,21,21,75,1640,29.69433312,-97.02363105,IH,10,,665.758,IH0010,,535,6,10.468,667,0.1,,,,NOT REPORTED,,,,,Y,Y,Y,5,0,Y,WED,5,0,4,10,76,9,4,420,76,47,6,0,0,2,8,5,2,21,5,2,68,1,1,27252,2014,27252,2.3,3.5,5.9,,,,,,,,,,,,,,,,,,,,,,,,,,,0,0,0,1,0,0,0,,,,
13598188,N,N,N,N,N,N,N,12/12/2013,9:03 AM,1300022535,,220,377,N,Y,,,19,,,7,1101,N,SAGINAW,BLVD,Y,N,10,N,N,PARKING LOT,N,19,,,,300,,PARK CENTER,BLVD,,,,,LOCAL STREET,,11,1,0,,1,1,1,9:03 AM,DISPATCHED,9:05 AM,12/12/2013,Y,TX2202400,2063,,,35,8,4,4,1,64,3,7,9,5,33,21,220,377,,,,,,,N SAGINAW BLVD,,,,,,,,,,,,,,,N,N,N,5,5,N,THU,,,,,,,,,,,,,,,,,,,,,,,,,,,,,,,,,,,,,,,,,,,,,,,,,,,,,,,,0,0,0,2,0,0,0,,,,
13598379,N,N,N,N,N,N,N,12/11/2013,10:26 AM,P133450232,,79,359,N,Y,,,17,,,1,1422,,EUGENE HEIMANN,CIR,Y,N,-1,N,N,,N,19,,,,1400,,WILLIAMS WAY,BLVD,,,,,,,12,1,0,,1,1,20,10:26 AM,DISPATCHER,10:32 AM,12/11/2013,Y,TX0790000,1312,,,35,8,4,4,5,64,54,7,9,5,33,21,79,359,,,,,,,EUGENE HEIMANN CIR,,,,,,,,,,,,,,,N,N,N,0,5,N,WED,,,,,,,,,,,,,,,,,,,,,,,,,,,,,,,,,,,,,,,,,,,,,,,,,,,,,,,,0,0,0,0,1,0,0,,,,
13598390,N,N,N,N,N,N,N,12/4/2013,6:00 PM,0151285413F,,101,208,N,Y,,,1,10,,1,10600,W,KATY,FWY,N,N,65,N,N,CONCRETE,N,12,8,,,,,BELTWAY 8,,,,,,,,11,3,0,2,1,1,20,6:08 PM,DISPATCHED,6:12 PM,12/15/2013,Y,TXHPD0000,2469,14,128,21,8,2,4,20,64,54,1,1,1,21,21,101,208,29.78457068,-95.56438206,IH,10,,755.177,IH0010,,271,7,15.217,757,-0.353,,,,,,,,,Y,Y,N,5,9,Y,WED,5,1,0,10,30,9,6,275,96,72,6,0,0,1,10,0,2,10,5,2,20,4,11,277883,2014,277883,2.8,3.6,6.4,,,,,,,,,,,,,,,,,,,,,,,,,,,0,0,0,3,0,0,0,15,,,
13598478,N,N,N,N,N,N,N,12/7/2013,1:30 AM,0152289413J,,101,208,N,Y,,,19,,,1,1800,,CHARTRES,,N,N,35,N,N,,Y,19,,,1,2000,,JEFFERSON,,,,,,,,11,4,2,,1,1,5,1:30 AM,DISPATCHED,1:30 AM,12/7/2013,Y,TXHPD0000,2469,18,113,29,8,2,1,10,64,54,1,5,1,21,21,101,208,29.7458048,-95.36108309,,,,,CHARTRES ST,1799,,,,,,,,,JEFFERSON ST,,,,,Y,N,N,5,9,Y,SAT,,,,,,,,,,,,,,,,,,,,,,,,,,,,,,,,,,,,,,,,,,,,,,,,,,,,,,,,0,0,0,6,0,0,0,15,,,
13598672,N,N,N,N,N,N,N,11/22/2013,9:30 PM,133261878,,227,22,N,N,,,19,,,1,8926,N,LAMAR BLVD,BLVD,N,N,-1,N,N,,N,19,,,,,,PAYTON GIN,,,,,,,,2,4,0,,7,2,1,9:30 PM,DISPATCH,9:30 PM,11/22/2013,Y,TX2270100,74,63,123,143,8,1,4,1,64,54,7,9,5,33,21,227,22,,,,,,,N LAMAR BLVD BLVD,,,,,,,,,,,,,,,N,N,N,3,9,N,FRI,,,,,,,,,,,,,,,,,,,,,,,,,,,,,,,,,,,,,,,,,,,,,,,,,,,,,,,,0,0,1,1,0,1,0,,,,
13598900,N,N,N,N,N,N,N,11/14/2013,11:22 PM,1300083643,,220,1785,Y,Y,,,3,121,,1,1000,,NOT REPORTED,HWY,N,N,50,Y,Y,,N,3,114,,1,2200,,NOT REPORTED,HWY,,,,,,,11,4,0,2,2,1,20,11:25 PM,DISPATCH,11:44 PM,11/14/2013,Y,TX2201300,1379,,,71,8,4,4,1,64,50,1,2,1,20,21,220,179,32.94325405,-97.04015676,SH,121,,74.489,SH0121,,364,1,3.007,282,0.219,,,,,,,,,Y,Y,N,2,6,Y,THU,5,0,10,10,60,3,6,330,112,72,6,0,0,2,20,5,2,20,5,3,40,4,12,109821,2014,109821,3.3,3.2,6.5,,,,,,,,,,,,,,,,,,,,,,,,,,,0,1,0,1,0,1,0,282,,,
13599103,N,N,N,N,N,N,N,12/4/2013,8:35 AM,T13-010621,,19,427,N,Y,,,2,71,,1,4900,N,STATELINE,AVE,N,N,40,N,N,,N,19,,,,,W,53RD,ST,,,,,,,11,1,0,2,2,1,20,8:36 AM,RADIO DISPATCH,8:41 AM,12/4/2013,Y,TX0190500,2230,,6,44,8,2,3,34,64,13,1,2,1,32,21,19,1584,33.47113974,-94.04311033,US,59,,5.41,US0059,,217,2,2.473,208,0.91,,,,,,,,,Y,Y,Y,3,0,Y,WED,3,0,0,0,3,9,7,200,128,104,5,2,2,1,0,0,1,0,0,,3,3,14,12051,2014,12051,2.9,20,22.9,,,,,,,,,,,,,,,,,,,,,,,,,,,0,0,2,0,0,2,0,211,,,
13599126,N,N,N,N,N,N,N,12/6/2013,8:16 AM,13-120348,,243,459,N,Y,33.88141,-98.49366,11,473,,1,1,,JACKSBORO,HWY,N,N,45,N,N,,N,19,,,1,1400,,32ND,ST,,,,,,,3,1,2,3,4,6,20,8:17 AM,DISPATCHED,8:32 AM,12/6/2013,N,TX2430500,2426,,,51,8,7,2,1,33,54,1,2,2,21,21,243,459,33.88140324,-98.49364901,SL,473,,1.662,SL0473,3116,249,11,1.038,194,-0.228,US,82,,US0082,,,,,Y,Y,N,5,8,Y,FRI,2,0,10,10,0,9,4,100,68,48,6,0,0,2,10,5,2,10,5,0,0,3,14,14654,2014,14654,1.4,1.1,2.4,1,341,3,,0,,,,,,,,,,,,,,,,,,,,,,0,0,0,1,0,0,0,151,,,
13599401,N,N,N,N,N,N,N,12/5/2013,9:31 PM,A2013-37671,,108,295,N,Y,,,1,2,,2,600,E,US 83,,N,N,55,N,N,WB FRONTAGE ROAD,N,19,,,,,S,MAYBERRY,RD,,,,,,,12,4,0,,1,1,20,9:32 PM,DISPATCHED,9:35 PM,12/5/2013,Y,TX1081000,1791,,,,8,2,4,21,64,54,2,2,1,21,21,108,295,26.24308511,-98.31431302,,,,,E MILE 2 RD,633,,,,,,,,,,,,,,Y,N,N,5,7,Y,THU,,,,,,,,,,,,,,,,,,,,,,,,,,,,,,,,,,,,,,,,,,,,,,,,,,,,,,,,0,0,0,7,0,0,0,230,,,
13599618,N,N,N,N,N,N,N,11/28/2013,12:49 AM,2013-531470,,188,12,N,Y,,,19,,,1,1500,N,MIRROR,ST,N,N,35,N,N,,N,19,,,,,NE,15TH,AVE,,,,,NE 15TH AVE,,11,4,0,,1,1,11,12:50 AM,POLICE DISPATCH,12:56 AM,11/28/2013,N,TX1880100,33,,,139,8,7,4,1,21,54,1,5,2,21,21,188,12,35.2299123,-101.8176642,,,,,N MIRROR ST,1529,,,,,,,,,,,,,,Y,N,N,5,8,Y,THU,,,,,,,,,,,,,,,,,,,,,,,,,,,,,,,,,,,,,,,,,,,,,,,,,,,,,,,,0,0,0,2,0,0,0,120,,,
13599711,N,N,N,N,N,N,N,11/20/2013,7:00 AM,13-0530963,,188,12,N,Y,,,19,,,1,1901,S,CAROLINA,ST,N,N,30,N,N,,N,19,,,1,3200,,REBEL,RD,,,,,,,11,1,0,,1,1,1,7:46 PM,DISPATCH,8:00 PM,11/20/2013,N,TX1880100,33,,,152,8,4,2,1,64,54,1,5,1,21,21,188,12,35.19491924,-101.8745109,,,,,SOUTH CAROLINA ST,1904,,,,,,,,,REBEL RD,,,,,Y,N,N,5,8,Y,WED,,,,,,,,,,,,,,,,,,,,,,,,,,,,,,,,,,,,,,,,,,,,,,,,,,,,,,,,0,0,0,1,1,0,0,120,,,
13599774,N,N,N,N,N,N,N,11/29/2013,7:20 PM,13-333149,,71,136,N,Y,31.77101,-106.35576,19,,,1,2400,,MCRAE BLVD NB,BLVD,N,N,40,N,N,,Y,19,,,1,9700,,MCRAE BLVD NB,BLVD,,,,,,,11,4,2,,1,1,5,7:23 PM,DISPATCHED,7:28 PM,11/29/2013,Y,TX0710200,1259,,,136,8,2,1,13,64,54,1,5,1,21,21,71,136,31.77101,-106.3557804,,,,,MCRAE BLVD,2426,,,,,,,,,UNKNOWN,,,,,Y,N,N,2,9,Y,FRI,,,,,,,,,,,,,,,,,,,,,,,,,,,,,,,,,,,,,,,,,,,,,,,,,,,,,,,,0,3,0,3,0,3,0,66,,,
13600153,N,N,N,N,N,N,N,12/6/2013,12:00 PM,13-0656,,114,39,N,Y,,,4,700,,1,500,E,MARCY,DR,N,N,45,N,N,,N,19,,,,2500,S,GOLIAD,ST,,,,,,,12,1,4,2,1,6,5,12:02 PM,RADIO,12:04 PM,12/6/2013,Y,TX1140100,123,,,27,8,2,2,30,64,54,1,3,1,21,21,114,39,32.23187794,-101.4635377,FM,700,,2.878,FM0700,,668,2,3.905,316,-0.538,,,,GOLIAD ST,,,,,Y,Y,N,5,6,Y,FRI,4,0,0,8,16,2,4,200,64,48,4,1,0,1,0,0,2,16,5,1,16,2,14,14830,2014,14830,3.6,11,14.5,,,,,,,,,,,,,,,,,,,,,,,,,,,0,0,0,2,0,0,0,,,,
13600183,N,N,N,N,N,N,N,12/3/2013,3:45 PM,13RP040280,,70,355,N,Y,,,4,664,,1,100,E,OVILLA RD,RD,N,N,45,N,N,,Y,19,,,1,200,,RYAN,DR,,,,,,,11,1,4,,1,1,5,3:43 PM,DISPATCHED,3:45 PM,12/3/2013,Y,TX0700800,1993,,8,11,8,2,1,13,64,54,1,3,1,21,21,70,355,,,FM,664,,,FM0664,,,,,,,,,,RYAN DR,,,,,Y,Y,N,3,5,N,TUE,,,,,,,,,,,,,,,,,,,,,,,,,,,,,,,,,,,,,,,,,,,,,,,,,,,,,,,,0,0,1,1,0,1,0,,,,
13600278,N,N,N,N,N,N,N,12/7/2013,9:12 PM,1300050159,,94,394,N,Y,,,1,10,,1,200,,IH 10 E,HWY,N,N,75,N,N,,N,,,,,,,NOT REPORTED,,0.5,M,W,610,,,3,4,0,2,3,6,1,9:12 PM,DISAPTCH,9:24 PM,12/7/2013,Y,TX090300,2109,,8,37,8,7,4,1,39,1,1,1,4,21,21,94,394,29.59931609,-97.96168092,IH,10,,608.177,IH0010,,535,1,15.269,610,-0.467,,,,NOT REPORTED,,,,,Y,Y,N,3,6,Y,SAT,5,0,6,10,76,2,4,320,80,48,4,0,0,2,12,5,2,20,5,3,64,2,11,32451,2014,32451,4.5,23.7,28.2,,,,,,,,,,,,,,,,,,,,,,,,,,,0,0,2,0,0,2,0,28,,,
13600540,N,N,N,N,N,N,N,12/3/2013,10:55 AM,2013-000164,,71,207,N,Y,,,4,1281,,1,13910,,HORIZON,BLVD,N,N,5,N,N,,N,4,1281,,1,13910,,HORIZON,BLVD,,,,,,,11,1,0,,1,1,1,10:55 AM,DISPATCHED,11:00 AM,12/3/2013,Y,,1476,,6,164,8,2,4,40,64,12,7,9,5,33,21,71,207,,,FM,1281,,,FM1281,,,,,,,,,,,,,,,N,Y,N,5,5,N,TUE,,,,,,,,,,,,,,,,,,,,,,,,,,,,,,,,,,,,,,,,,,,,,,,,,,,,,,,,0,0,0,2,0,0,0,,,,
13600811,N,N,N,N,N,N,N,11/7/2013,4:00 AM,13-00210,,29,341,N,Y,,,17,,,7,1107,,WEST AUSTIN,,N,N,0,N,N,,N,19,,,1,1100,W,AUSTIN ST,,,,,,,,11,1,0,,7,1,1,4:30 AM,RADIO,4:35 AM,12/8/2013,Y,TX0290200,1950,12,81,106,8,7,4,1,34,54,7,9,5,33,21,29,341,,,,,,,WEST AUSTIN,,,,,,,,,,,,,,,N,N,N,5,5,N,THU,,,,,,,,,,,,,,,,,,,,,,,,,,,,,,,,,,,,,,,,,,,,,,,,,,,,,,,,0,0,0,4,0,0,0,,,,
13601343,N,N,N,N,N,Y,N,10/17/2013,3:55 PM,13-290194,,71,136,N,Y,,,19,,,1,1700,N,ZARAGOZA,RD,N,N,50,N,N,,N,19,,,1,,,DIAMOND HEAD,,,,,,,,11,1,0,3,1,1,20,3:55 PM,RADIO DISPATCH,4:26 PM,10/18/2013,N,TX0710200,1259,,,213,8,2,3,14,64,14,1,3,1,32,21,71,136,31.75000811,-106.2806007,FM,659,,6.062,FM0659,1682,1046,1,6.168,328,0.087,,,,,,,,,Y,Y,N,5,9,Y,THU,2,0,4,6,0,3,4,100,66,12,4,0,0,2,4,5,2,6,5,0,0,4,14,19379,2014,19379,1.9,10.6,12.6,,,,,,,,,,,,,,,,,,,,,,,,,,,0,0,0,2,1,0,0,66,,,
13601840,N,N,N,N,N,Y,N,12/10/2013,7:45 PM,,,212,1777,Y,Y,32.26183,-95.25297,4,2964,,1,,,NOT REPORTED,,N,N,55,N,N,,N,12,49,,,,,NOT REPORTED,,,,,,,,11,4,2,1,2,1,11,8:18 PM,DPS COMMUNICATIONS,8:29 PM,12/21/2013,N,,10000,3,28,1,8,7,2,1,23,3,1,3,2,21,21,212,1777,32.26183945,-95.25295759,FM,2964,,2.454,FM2964,,3021,1,2.462,296,0.405,SH,110,,SH0110,,,,,Y,Y,Y,5,0,Y,TUE,2,0,3,3,0,2,2,100,30,24,2,0,0,2,3,5,2,3,5,0,0,3,17,4164,2014,4164,1.8,0.7,2.4,,,,,,,,,,,,,,,,,,,,,,,,,,,0,0,0,1,0,0,0,213,,,
13602033,N,N,N,N,N,N,N,12/12/2013,7:14 PM,13-00540,,14,188,N,Y,,,2,190,,2,100,W,CENTRAL TEXAS,EXPY,N,N,0,N,N,,Y,4,2410,,1,100,,NOT REPORTED,,,,,,,,11,4,98,2,4,1,5,7:14 PM,DISPATCH,7:24 PM,12/12/2013,Y,TX0140300,1415,,,,8,2,2,22,64,42,2,2,1,21,21,14,188,31.07081985,-97.66968536,US,190,,289.239,US0190,,231,3,10.035,572,-0.945,FM,2410,,FM2410,,2304,2,6.902,Y,Y,N,5,6,Y,THU,5,0,6,10,90,2,4,400,80,48,4,0,0,2,12,5,2,20,5,3,78,4,12,39303,2014,39303,5,2.6,7.6,1,373,1,1,29,,,,,,,,,,,,,,,,,,,,,,0,0,0,2,0,0,0,277,,,
13602039,N,N,N,N,N,N,N,12/8/2013,5:14 AM,C13-00047,,161,584,N,Y,31.31919,-97.23761,1,35,,1,1800,S,SOUTH INTERSTATE 35,HWY,N,N,5,Y,N,,N,,,,,,,NOT REPORTED,,0.2,M,S,318A,,,3,3,0,2,1,0,1,5:14 AM,MCLENNAN COUNTY,5:14 AM,12/8/2013,N,TX1552600,173,,,,8,7,4,1,36,49,1,1,4,21,21,161,584,31.31888687,-97.23734476,IH,35,,316.994,IH0035,,15,2,2.978,317,0.482,,,,NOT REPORTED,,,,,Y,Y,Y,5,1,Y,SUN,5,0,5,10,35,2,6,254,89,60,6,0,0,2,9,5,2,20,5,3,26,1,1,53050,2014,53050,4.1,19,23,1,274,1,2,21,,,,,,,,,,,,,,,,,,,,,,0,0,0,3,0,0,0,140,,,
13602370,Y,N,N,N,N,N,N,12/5/2013,9:00 AM,NONE1,,241,1806,Y,Y,29.13972,-96.35885,2,59,,1,,,NOT REPORTED,,N,N,75,N,N,,Y,15,313,,1,,,NOT REPORTED,,,,,,,,2,1,0,2,1,2,8,9:05 AM,DPS PIERCE,9:31 AM,12/5/2013,Y,,10000,8,52,1,8,2,1,10,64,3,1,2,1,21,21,241,1806,29.13981753,-96.3588739,US,59,,381.524,US0059,,89,6,32.13,592,-0.871,FM,441,,FM0441,,,,,Y,Y,Y,4,0,Y,THU,4,0,4,10,50,2,4,320,80,48,6,0,0,2,8,5,2,20,5,3,42,1,2,20764,2014,20764,1.8,0.2,2,,,,,,,,,,,,,,,,,,,,,,,,,,,0,0,0,2,0,0,1,,,,
13602452,N,N,N,N,N,N,N,12/6/2013,5:59 PM,13-49985,,108,331,N,Y,,,2,281,,1,3200,N,CAGE,BLVD,N,N,65,N,N,FOUR LANE PLUS TWO SHOULDERS,N,19,,,,100,W,SIOUX,RD,,,,,FOUR LANE,,11,4,0,,1,1,11,6:00 PM,DISPATCH,6:08 PM,12/6/2013,Y,TX1081100,1926,,,35,8,2,4,21,64,9,1,2,1,21,21,108,331,,,US,281,,,US0281,,,,,,,,,,,,,,,Y,Y,N,3,7,N,FRI,,,,,,,,,,,,,,,,,,,,,,,,,,,,,,,,,,,,,,,,,,,,,,,,,,,,,,,,0,0,3,2,0,3,0,,,,