Crash_ID,Crash_Fatal_Fl,Cmv_Involv_Fl,Schl_Bus_Fl,Rr_Relat_Fl,Medical_Advisory_Fl,Amend_Supp_Fl,Active_School_Zone_Fl,Crash_Date,Crash_Time,Case_ID,Local_Use,Rpt_CRIS_Cnty_ID,Rpt_City_ID,Rpt_Outside_City_Limit_Fl,Thousand_Damage_Fl,Rpt_Latitude,Rpt_Longitude,Rpt_Rdwy_Sys_ID,Rpt_Hwy_Num,Rpt_Hwy_Sfx,Rpt_Road_Part_ID,Rpt_Block_Num,Rpt_Street_Pfx,Rpt_Street_Name,Rpt_Street_Sfx,Private_Dr_Fl,Toll_Road_Fl,Crash_Speed_Limit,Road_Constr_Zone_Fl,Road_Constr_Zone_Wrkr_Fl,Rpt_Street_Desc,At_Intrsct_Fl,Rpt_Sec_Rdwy_Sys_ID,Rpt_Sec_Hwy_Num,Rpt_Sec_Hwy_Sfx,Rpt_Sec_Road_Part_ID,Rpt_Sec_Block_Num,Rpt_Sec_Street_Pfx,Rpt_Sec_Street_Name,Rpt_Sec_Street_Sfx,Rpt_Ref_Mark_Offset_Amt,Rpt_Ref_Mark_Dist_Uom,Rpt_Ref_Mark_Dir,Rpt_Ref_Mark_Nbr,Rpt_Sec_Street_Desc,Rpt_CrossingNumber,Wthr_Cond_ID,Light_Cond_ID,Entr_Road_ID,Road_Type_ID,Road_Algn_ID,Surf_Cond_ID,Traffic_Cntl_ID,Investigat_Notify_Time,Investigat_Notify_Meth,Investigat_Arrv_Time,Report_Date,Investigat_Comp_Fl,ORI_Number,Investigat_Agency_ID,Investigat_Area_ID,Investigat_District_ID,Investigat_Region_ID,Bridge_Detail_ID,Harm_Evnt_ID,Intrsct_Relat_ID,FHE_Collsn_ID,Obj_Struck_ID,Othr_Factr_ID,Road_Part_Adj_ID,Road_Cls_ID,Road_Relat_ID,Phys_Featr_1_ID,Phys_Featr_2_ID,Cnty_ID,City_ID,Latitude,Longitude,Hwy_Sys,Hwy_Nbr,Hwy_Sfx,Dfo,Street_Name,Street_Nbr,Control,Section,Milepoint,Ref_Mark_Nbr,Ref_Mark_Displ,Hwy_Sys_2,Hwy_Nbr_2,Hwy_Sfx_2,Street_Name_2,Street_Nbr_2,Control_2,Section_2,Milepoint_2,Txdot_Rptable_Fl,Onsys_Fl,Rural_Fl,Crash_Sev_ID,Pop_Group_ID,Located_Fl,Day_of_Week,Hwy_Dsgn_Lane_ID,Hwy_Dsgn_Hrt_ID,Hp_Shldr_Left,Hp_Shldr_Right,Hp_Median_Width,Base_Type_ID,Nbr_Of_Lane,Row_Width_Usual,Roadbed_Width,Surf_Width,Surf_Type_ID,Curb_Type_Left_ID,Curb_Type_Right_ID,Shldr_Type_Left_ID,Shldr_Width_Left,Shldr_Use_Left_ID,Shldr_Type_Right_ID,Shldr_Width_Right,Shldr_Use_Right_ID,Median_Type_ID,Median_Width,Rural_Urban_Type_ID,Func_Sys_ID,Adt_Curnt_Amt,Adt_Curnt_Year,Adt_Adj_Curnt_Amt,Pct_Single_Trk_Adt,Pct_Combo_Trk_Adt,Trk_Aadt_Pct,Curve_Type_ID,Curve_Lngth,Cd_Degr,Delta_Left_Right_ID,Dd_Degr,Feature_Crossed,Structure_Number,I_R_Min_Vert_Clear,Approach_Width,Bridge_Median_ID,Bridge_Loading_Type_ID,Bridge_Loading_In_1000_Lbs,Bridge_Srvc_Type_On_ID,Bridge_Srvc_Type_Under_ID,Culvert_Type_ID,Roadway_Width,Deck_Width,Bridge_Dir_Of_Traffic_ID,Bridge_Rte_Struct_Func_ID,Bridge_IR_Struct_Func_ID,CrossingNumber,RRCo,Poscrossing_ID,WDCode_ID,Standstop,Yield,Incap_Injry_Cnt,Nonincap_Injry_Cnt,Poss_Injry_Cnt,Non_Injry_Cnt,Unkn_Injry_Cnt,Tot_Injry_Cnt,Death_Cnt,MPO_ID,Investigat_Service_ID,Investigat_DA_ID,Investigator_Narrative
13602511,N,N,N,N,N,N,N,12/10/2013,1:30 AM,,,184,1749,Y,Y,32.74852,-97.91023,15,,,1,,,BARNES,RD,N,N,35,N,N,,N,15,,,,,,BARNES,RD,,,,,,,11,3,0,,5,6,1,2:34 AM,DPS MINERAL WELLS,3:19 AM,12/13/2013,Y,TXDPS1900,10000,22,118,1,8,7,4,1,33,1,1,4,2,21,21,184,1749,,,,,,,BARNES RD,,,,,,,,,,,,,,,Y,N,Y,5,0,N,TUE,,,,,,,,,,,,,,,,,,,,,,,,,,,,,,,,,,,,,,,,,,,,,,,,,,,,,,,,0,0,0,1,0,0,0,,,,
13602545,N,N,N,N,N,N,N,12/7/2013,6:55 AM,1300054731,,184,446,N,N,,,19,,,1,100,N,BANKHEAD,HWY,N,N,30,N,N,,N,2,180,,,1100,,FORT WORTH,HWY,,,,,,,11,4,4,2,1,6,1,6:55 AM,LOCATED,6:55 AM,12/16/2013,Y,TX1840100,2388,,,35,8,7,4,1,30,54,1,2,2,21,21,184,446,32.76035295,-97.82483703,US,180,,292.63,US0180,1667,8,2,14.354,546,0.404,,,,,,,,,N,Y,N,5,6,Y,SAT,3,0,0,0,50,9,4,200,58,58,6,0,0,1,0,0,1,0,0,3,50,2,16,12957,2014,12957,5,4.2,9.2,,,,,,,,,,,,,,,,,,,,,,,,,,,0,0,0,1,0,0,0,282,,,
13602877,N,N,N,N,N,N,N,12/11/2013,10:42 PM,133451870,,227,22,N,Y,,,19,,,1,,E,6TH ST,ST,N,N,45,N,N,,Y,1,35,I,2,,,NOT REPORTED,,,,,,,,11,4,0,2,1,1,5,10:42 PM,ON SIGHT,10:42 PM,12/11/2013,Y,TX2270100,74,36,67,282,8,2,1,10,64,54,2,1,1,21,21,227,22,30.26574519,-97.73465308,IH,35,,234.089,IH0035,,15,13,17.673,235,-0.37,,,,E 6TH ST,,,,,Y,Y,N,5,9,Y,WED,5,0,2,5,7,2,6,300,86,72,4,0,0,2,4,5,2,10,5,2,3,4,11,148494,2014,148494,3.3,9.4,12.7,,,,,,,,,,,,,,,,,,,,,,,,,,,0,0,0,2,0,0,0,90,,,
13603270,N,N,N,N,N,N,N,12/5/2013,10:33 PM,2013-28225,3014,199,369,N,Y,,,1,30,,1,1700,E,INTERSTATE 30,,N,N,65,N,N,CONCRETE,N,4,3549,,1,100,,COOPERATE CROSSING,,,,,,CONCRETE,,3,4,0,2,3,6,20,10:33 PM,DISPATCHED,10:38 PM,12/5/2013,Y,TX1990100,2035,,179,78,4,7,4,1,41,1,1,1,2,21,21,199,369,32.91765515,-96.42657079,IH,30,,70.333,IH0030,,9,12,7.19,70,0.408,,,,,,,,,Y,Y,N,2,6,Y,THU,5,0,4,10,12,9,4,300,76,48,5,0,0,2,8,5,2,20,5,2,4,4,11,54470,2014,54470,8.4,4.9,13.3,,,,,,,,,,,,,,,,,,,,,,,,,,,0,1,0,2,0,1,0,282,,,
13603434,N,N,N,N,N,N,N,12/10/2013,11:38 AM,13-44661,,152,270,N,Y,,,2,84,,1,1200,,AVE Q,AVE,N,N,35,N,N,,N,19,,,1,1700,,BROADWAY,AVE,,,,,,,11,1,0,,1,1,20,11:42 AM,RADIO CALL,11:49 AM,12/10/2013,Y,TX1520200,1706,,,,8,2,4,20,64,54,1,2,1,21,21,152,270,,,US,84,,,US0084,,,,,,,,,,,,,,,Y,Y,N,3,8,N,TUE,,,,,,,,,,,,,,,,,,,,,,,,,,,,,,,,,,,,,,,,,,,,,,,,,,,,,,,,0,0,1,5,0,1,0,,,,
13603666,N,N,N,N,N,N,N,12/11/2013,10:55 AM,13NP083041,,220,312,N,Y,,,4,1938,,1,6700,,DAVIS,BLVD,N,N,50,N,N,,N,19,,,1,8000,,MAIN,ST,,,,,,,11,1,0,3,2,1,20,11:01 AM,DISPATCH,11:08 AM,12/11/2013,Y,TX2202100,1860,,,,8,2,4,24,64,54,1,3,1,21,21,220,312,32.8685036,-97.20848318,FM,1938,,8.767,FM1938,6657,1978,1,25.115,260,-0.859,,,,,,,,,Y,Y,N,5,7,Y,WED,2,0,10,10,0,3,4,220,82,62,4,1,1,2,10,5,2,10,5,0,0,4,14,29527,2014,29527,0.8,0.1,0.9,,,,,,,,,,,,,,,,,,,,,,,,,,,0,0,0,3,0,0,0,282,,,
13603754,N,N,N,N,N,N,N,11/15/2013,9:26 PM,C1307897,,178,97,N,Y,,,19,,,1,3100,,AYERS,ST,N,N,35,N,N,,Y,19,,,1,100,,TARLTON,ST,,,,,,,11,4,2,,1,1,5,9:47 PM,DISPATCHED,9:52 PM,11/15/2013,Y,TX1780200,1115,,,25,8,2,1,10,64,13,1,5,1,32,21,178,97,27.76117528,-97.41159265,,,,,AYERS ST,3150,,,,,,,,,TARLTON ST,,,,,Y,N,N,2,9,Y,FRI,,,,,,,,,,,,,,,,,,,,,,,,,,,,,,,,,,,,,,,,,,,,,,,,,,,,,,,,0,1,0,0,1,1,0,96,,,
13603987,N,N,N,N,N,N,N,12/3/2013,7:00 PM,2013-002523,,71,403,N,Y,31.64964,-106.28596,4,1281,,1,100,S,HORIZON,BLVD,N,N,35,Y,N,BLACK TOP,N,19,,,1,10400,,MONTE VIDEO,ST,,,,,BLACK TOP,,11,4,0,,1,1,11,10:00 AM,WALK IN,10:00 AM,12/4/2013,N,TX0711600,2139,,,219,8,2,2,17,64,49,1,3,1,21,21,71,403,31.64986978,-106.2848838,,,,,HORIZON BLVD,124,,,,,,,,,UNKNOWN,,,,,Y,N,N,5,6,Y,TUE,,,,,,,,,,,,,,,,,,,,,,,,,,,,,,,,,,,,,,,,,,,,,,,,,,,,,,,,0,0,0,1,1,0,0,66,,,
13604091,N,N,N,N,N,N,N,12/4/2013,3:35 PM,13-037851,,240,254,N,N,,,19,,,1,800,,PARK,ST,N,N,30,N,N,,N,19,,,1,2000,,SAN BERNARDO,,,,,,,,11,1,4,,1,1,5,3:45 PM,DISPATCHED,3:48 PM,12/4/2013,Y,TX2400100,1644,,,113,8,2,2,22,64,38,1,5,1,21,21,240,254,27.51711538,-99.50445032,,,,,PARK ST,893,,,,,,,,,SAN BERNARDO AVE,,,,,N,N,N,5,8,Y,WED,,,,,,,,,,,,,,,,,,,,,,,,,,,,,,,,,,,,,,,,,,,,,,,,,,,,,,,,0,0,0,3,0,0,0,205,,,
13604627,N,N,N,N,N,N,N,12/8/2013,7:20 PM,0152936413F,FSGI,101,208,N,Y,,,19,,,1,11500,,CLAY,RD,N,N,35,N,N,,Y,19,,,1,4200,,CLAYMOORE,RD,,,,,,,12,4,0,,1,1,11,7:48 PM,HOUSTON PD DISPATCH,8:02 PM,12/8/2013,Y,TXHPD0000,2469,24,106,44,8,2,1,34,64,3,1,5,1,21,21,101,208,29.83195478,-95.56710303,,,,,CLAY RD,,,,,,,,,,CLAYMOORE PARK DR,,,,,Y,N,N,5,9,Y,SUN,,,,,,,,,,,,,,,,,,,,,,,,,,,,,,,,,,,,,,,,,,,,,,,,,,,,,,,,0,0,0,2,1,0,0,15,,,
13604893,N,N,N,N,N,N,N,12/3/2013,5:54 PM,133371570,,227,22,N,Y,,,19,,,1,4900,,BURNET RD,RD,N,N,35,N,N,,N,19,,,,,W,W 49TH ST,ST,,,,,,,11,4,0,,1,1,1,5:54 PM,DISPATCH,6:04 PM,12/3/2013,Y,TX2270100,74,1061,10,14,8,2,4,22,64,42,1,5,1,21,21,227,22,30.32120292,-97.73927791,,,,,BURNET RD,4971,,,,,,,,,,,,,,Y,N,N,3,9,Y,TUE,,,,,,,,,,,,,,,,,,,,,,,,,,,,,,,,,,,,,,,,,,,,,,,,,,,,,,,,0,0,2,0,0,2,0,90,,,
13605402,N,N,N,N,N,N,N,12/6/2013,12:54 PM,13-26416,,68,315,N,Y,,,19,,,1,500,W,8TH,ST,N,N,35,N,N,,N,19,,,1,800,N,WASHINGTON,AVE,,,,,,,12,1,4,,1,2,5,12:56 PM,DISPATCHED,1:04 PM,12/6/2013,Y,TX0680200,1873,,,,8,7,2,1,26,3,1,5,2,21,21,68,315,31.84887466,-102.3757113,,,,,W 8TH ST,499,,,,,,,,,N WASHINGTON AVE,,,,,Y,N,N,5,8,Y,FRI,,,,,,,,,,,,,,,,,,,,,,,,,,,,,,,,,,,,,,,,,,,,,,,,,,,,,,,,0,0,0,2,0,0,0,174,,,
13605460,N,N,N,N,N,N,N,12/10/2013,7:35 AM,,13-183508,57,107,N,Y,,,2,67,,1,3100,,MARVIN D LOVE,HWY,N,N,60,N,N,,N,19,,,1,,,KIEST,BLVD,,,,,,,11,1,0,,1,6,20,7:48 AM,RADIO DISPATCHED,8:17 AM,12/10/2013,Y,TX0570000,1169,,48,22,8,7,4,1,56,1,1,2,2,21,21,57,107,,,US,67,,,US0067,,,,,,,,,,,,,,,Y,Y,N,5,9,N,TUE,,,,,,,,,,,,,,,,,,,,,,,,,,,,,,,,,,,,,,,,,,,,,,,,,,,,,,,,0,0,0,1,0,0,0,,,,
13605519,N,N,N,N,N,N,N,12/5/2013,6:24 AM,1213092,,146,108,N,Y,,,2,90,,7,,,NOT REPORTED,,N,N,65,N,N,,N,15,604,,,,,NOT REPORTED,RD,,,,,,,12,3,4,2,1,1,8,6:26 AM,DISPATCH,6:34 AM,12/5/2013,Y,TX1460300,1184,,,35,8,7,4,1,32,35,1,2,2,21,21,146,108,29.98699859,-94.96677568,US,90,,682.193,US0090,,28,3,2.596,866,-0.471,,,,,,,,,Y,Y,N,5,4,Y,THU,3,0,6,10,60,9,4,220,81,48,6,0,0,2,12,5,2,20,5,3,48,1,2,13530,2014,13530,1.6,7.1,8.7,,,,,,,,,,,,,,,,,,,,,,,,,,,0,0,0,1,0,0,0,15,,,
13605797,N,N,N,N,N,N,N,12/12/2013,7:57 AM,13-5991,,57,218,N,Y,,,19,,,1,2700,N,AIRFIELD,DR,N,N,35,Y,N,2700 NORTH AIRFIELD DRIVE,N,19,,,1,1574,,FREEPORT,PKWY,,,,,1574 FREEPORT PKWY,,11,1,0,,1,1,20,8:00 AM,DFW DISPATCH,8:03 AM,12/12/2013,Y,TX2203600,1173,,,,8,2,4,22,64,49,1,5,1,21,21,57,218,,,,,,,N AIRFIELD DR,,,,,,,,,,,,,,,Y,N,N,3,8,N,THU,,,,,,,,,,,,,,,,,,,,,,,,,,,,,,,,,,,,,,,,,,,,,,,,,,,,,,,,0,0,1,2,0,1,0,,,,
13605953,N,N,N,N,N,N,N,12/4/2013,6:29 PM,,2.01E+11,79,359,N,Y,,,2,90,,1,200,,NOT REPORTED,,N,N,55,N,N,,N,19,,,,100,,GRAYLESS,ST,,,,,,,11,3,0,2,1,1,20,6:29 PM,DISPATCHED,6:31 PM,12/4/2013,Y,TX0790200,2014,,,,8,2,3,24,64,13,1,2,1,32,21,79,359,29.58501026,-95.75437243,UA,90,,142.811,UA0090,,27,8,19.139,670,-0.958,,,,,,,,,Y,Y,N,3,5,Y,WED,3,0,4,10,54,9,4,180,76,48,4,0,0,2,8,5,2,20,5,3,46,4,12,15324,2014,15324,1.9,0.5,2.3,1,247,0,1,21,,,,,,,,,,,,,,,,,,,,,,0,0,1,5,0,1,0,15,,,
13606060,N,N,N,N,N,N,N,12/6/2013,3:21 PM,13-24670,,161,442,N,Y,,,4,1637,,1,7600,,CHINA SPRINGS,RD,N,N,60,N,N,,Y,19,,,1,1900,,PRICKLY PEAR,RD,,,,,,,12,1,2,3,1,6,11,3:21 PM,DISPATCHED,3:30 PM,12/6/2013,Y,TX1551200,2372,,,100,8,2,2,22,64,47,1,3,1,21,21,161,442,31.61373803,-97.20516439,FM,1637,,17.732,FM1637,7605,833,3,13.782,,,,,,PRICKLY PEAR DR,,,,,Y,Y,N,3,8,Y,FRI,2,0,10,10,0,2,4,120,82,62,2,0,0,3,10,5,3,10,5,0,0,3,16,14772,2014,14772,14.9,1.8,16.7,1,179,2,1,18,,,,,,,,,,,,,,,,,,,,,,0,0,1,2,0,1,0,140,,,
13606240,N,N,N,N,N,Y,N,11/11/2013,4:35 PM,1300023719,,220,37,N,N,,,19,,,1,1012,,JOHN REAGAN,ST,N,N,30,N,N,,N,19,,,,800,,COZBY NORTH,ST,,,,,,,11,1,0,,1,1,1,4:37 PM,DISPATCHED/OFFICER B,4:41 PM,11/14/2013,Y,TX2200400,115,,,,8,7,4,1,31,3,1,5,2,21,21,220,37,32.66479512,-97.45610609,,,,,JOHN REAGAN ST,1391,,,,,,,,,,,,,,N,N,N,5,5,Y,MON,,,,,,,,,,,,,,,,,,,,,,,,,,,,,,,,,,,,,,,,,,,,,,,,,,,,,,,,0,0,0,1,0,0,0,282,,,
13606719,N,N,N,N,N,N,N,11/23/2013,9:50 AM,,,118,1683,Y,Y,31.14152,-101.26051,2,67,,1,,,NOT REPORTED,,N,N,75,N,N,,N,,,,,,,NOT REPORTED,,0.6,M,E,732,,,3,1,0,1,2,6,11,9:51 AM,DISPATCHED,10:25 AM,11/23/2013,Y,,10000,12,32,225,8,10,4,1,33,1,1,2,2,21,21,118,1683,31.14428198,-101.2688111,US,67,,496.629,US0067,,77,2,9.886,732,-0.6,,,,NOT REPORTED,,,,,Y,Y,Y,5,0,Y,SAT,2,0,9,9,0,2,2,100,44,26,4,0,0,2,9,5,2,9,5,0,0,1,6,7801,2014,7801,3.7,6,9.7,,,,,,,,,,,,,,,,,,,,,,,,,,,0,0,0,1,0,0,0,,,,
13607029,N,N,N,N,N,N,N,12/10/2013,5:45 PM,0153746213R,,101,208,N,Y,,,19,,,1,1200,W,ALABAMA,ST,N,N,30,N,N,,Y,19,,,1,,,GRAUSTARK,,,,,,,,11,4,4,,1,1,8,5:57 PM,DISPATCH,6:05 PM,12/12/2013,Y,TXHPD0000,2469,18,121,35,8,2,1,10,64,54,1,5,1,21,21,101,208,29.73872481,-95.39475308,,,,,W ALABAMA ST,1301,,,,,,,,,GRAUSTARK ST,,,,,Y,N,N,5,9,Y,TUE,,,,,,,,,,,,,,,,,,,,,,,,,,,,,,,,,,,,,,,,,,,,,,,,,,,,,,,,0,0,0,2,0,0,0,15,,,
13608685,N,N,N,N,N,N,N,12/7/2013,12:40 PM,A13-00162,,46,595,N,Y,,,2,281,,4,33800,,HWY 281 EXIT RAMP,,N,N,65,N,N,,Y,3,46,,1,19900,,HWY 46 W,,,,,,,,12,1,0,2,1,1,5,12:40 PM,RADIO,12:41 PM,12/7/2013,Y,TX0460800,180,7,285,340,8,2,2,20,64,3,4,2,1,21,21,46,595,29.79766273,-98.41929626,US,281,,305.715,US0281,,253,3,24.922,510,-0.041,SH,46,,SH0046,,215,7,8.775,Y,Y,Y,5,3,Y,SAT,3,0,6,10,67,2,4,210,80,48,4,0,0,2,12,5,2,20,5,3,55,1,2,21134,2014,21134,12,6.7,18.8,,,,,,,,,,,,,,,,,,,,,,,,,,,0,0,0,3,0,0,0,28,,,
13608856,N,N,N,N,N,N,N,12/3/2013,8:48 AM,13-337044,,71,136,N,Y,,,1,10,,1,19,,I 10,HWY,N,N,60,N,N,,N,1,10,,1,,,DOWNTOWN EXIT 19,,,,,,,,11,1,0,,1,1,1,8:49 AM,DISPATCHED,9:00 AM,12/3/2013,Y,TX0710200,1259,,,133,8,2,4,20,64,42,1,1,1,21,21,71,136,,,IH,10,,,IH0010,,,,,,,,,,,,,,,Y,Y,N,5,9,N,TUE,,,,,,,,,,,,,,,,,,,,,,,,,,,,,,,,,,,,,,,,,,,,,,,,,,,,,,,,0,0,0,2,0,0,0,,,,
13608887,N,N,N,N,N,N,N,12/2/2013,6:42 PM,13-336269,,71,136,N,Y,,,19,,,1,9400,E,NORTH LOOP,DR,N,N,40,N,N,BLACKTOP,N,19,,,1,500,N,BORDEAUX,ST,,,,,BLACKTOP,,11,4,0,2,1,1,20,6:56 PM,DISPATCHED,7:20 PM,12/2/2013,N,TX0710200,1259,,,111,8,2,4,24,64,54,1,3,1,14,21,71,136,31.69077217,-106.3035461,FM,76,,7.808,FM0076,,674,1,7.995,352,0.009,,,,,,,,,Y,Y,N,5,9,Y,MON,3,0,0,11,18,9,4,120,70,48,5,1,1,1,0,0,2,22,5,1,18,4,14,20205,2014,20205,1.9,1.5,3.5,,,,,,,,,,,,,,,,,,,,,,,,,,,0,0,0,1,1,0,0,66,,,
13608910,N,N,N,N,N,N,N,12/2/2013,12:04 PM,13-336137,,71,136,N,Y,31.76697,-106.501,19,,,1,500,W,SCHUSTER,AVE,N,N,30,N,N,,N,19,,,1,2000,,SUNBOWL,,,,,,,,11,1,7,,1,1,9,12:56 PM,DISPATCH,1:07 PM,12/2/2013,Y,TX0710200,1259,,,99,8,2,3,10,64,13,1,5,1,32,21,71,136,31.76697485,-106.5010003,,,,,W SCHUSTER AVE,500,,,,,,,,,,,,,,Y,N,N,5,9,Y,MON,,,,,,,,,,,,,,,,,,,,,,,,,,,,,,,,,,,,,,,,,,,,,,,,,,,,,,,,0,0,0,4,0,0,0,66,,,
13609158,N,N,N,N,N,N,N,12/4/2013,6:20 PM,p133380571,District 1,79,1644,Y,Y,,,4,360,,1,6500,,FM 360,,N,N,65,N,N,,Y,19,,,1,9000,,WILLIAMS SCHOOL,RD,,,,,,,12,3,0,1,1,1,11,6:23 PM,DISPATCH,6:28 PM,12/11/2013,Y,TX0790000,1312,,,33,8,2,1,34,64,3,1,3,1,21,21,79,1644,29.41926258,-95.86196318,FM,360,,6.486,FM0360,6501,527,6,6.482,652,0.343,,,,WILLIAMS SCHOOL RD,,,,,Y,Y,Y,2,0,Y,WED,2,0,1,1,0,2,2,80,26,24,4,0,0,3,1,5,3,1,5,0,0,1,7,2616,2014,2616,10.6,12.8,23.4,,,,,,,,,,,,,,,,,,,,,,,,,,,0,2,0,0,0,2,0,15,,,
13610464,N,N,N,N,N,N,N,12/6/2013,9:45 PM,SAPD13268108,4110,15,379,N,Y,,,1,410,,2,9300,S,410,,N,N,40,N,N,,N,,,,,,,NOT REPORTED,,1,M,N,13,,,11,4,0,2,1,1,20,9:45 PM,DISPATCHED,9:50 PM,12/6/2013,Y,TXSPD0000,2473,,7,147,8,7,4,1,32,54,2,1,2,21,21,15,379,29.48831528,-98.58346981,IH,410,,14.192,IH0410,,521,4,14.238,13,1,,,,NOT REPORTED,,,,,Y,Y,N,5,9,Y,FRI,5,0,10,10,23,2,6,300,112,72,4,0,0,2,20,5,2,20,5,2,3,4,11,154098,2014,154098,2.9,1.9,4.7,1,648,0,2,25,,,,,,,,,,,,,,,,,,,,,,0,0,0,1,0,0,0,28,,,
13612259,N,N,N,N,N,N,N,12/11/2013,1:41 PM,13-006070,CH5,57,71,N,Y,,,4,1382,,1,200,E,NOT REPORTED,,N,N,45,N,N,,Y,2,67,,1,400,N,NOT REPORTED,,,,,,EFR,,11,1,4,2,1,1,5,1:42 PM,RADIO,1:59 PM,12/11/2013,Y,TX0570500,223,,,35,8,2,1,14,64,3,1,2,1,21,21,57,71,32.59574509,-96.94003296,US,67,,194.394,US0067,,261,2,14.862,418,-0.297,FM,1382,,FM1382,,1047,2,11.88,Y,Y,N,5,6,Y,WED,5,0,6,12,42,2,4,300,84,48,5,0,0,2,12,5,2,24,5,3,30,4,12,33191,2014,33191,3,3.2,6.2,,,,,,,,,,,,,,,,,,,,,,,,,,,0,0,0,2,0,0,0,282,,,
13612781,N,N,N,N,N,N,N,12/11/2013,5:06 PM,13-038663,,240,254,N,N,,,19,,,1,7100,,SPRINGFIELD,,N,N,30,N,N,,N,19,,,1,100,W,DEL MAR,BLVD,,,,,,,11,1,4,,1,1,20,5:14 PM,MCT,5:21 PM,12/11/2013,Y,TX2400100,1644,,,21,8,2,2,20,64,47,1,5,1,21,21,240,254,27.56836595,-99.49891873,,,,,SPRINGFIELD AVE,7310,,,,,,,,,W DEL MAR BLVD,,,,,Y,N,N,3,8,Y,WED,,,,,,,,,,,,,,,,,,,,,,,,,,,,,,,,,,,,,,,,,,,,,,,,,,,,,,,,0,0,1,2,0,1,0,205,,,
13612910,N,N,N,N,N,N,N,11/15/2013,6:45 PM,13-02856,,101,447,N,Y,,,1,45,,2,20700,,IH 45 E FR,FWY,N,N,50,N,N,,Y,19,,,1,1200,W,NASA,PKWY,,,,,,,12,4,2,2,1,1,20,6:45 PM,DISPATCHED,6:50 PM,11/16/2013,Y,TX1012500,2391,,,,8,2,2,28,36,9,2,1,1,21,21,101,447,29.52126883,-95.12486267,IH,45,,24.981,IH0045,,500,3,1.028,25,-0.049,SH,NASA,,SHNASA,,981,1,3.132,Y,Y,N,5,5,Y,FRI,5,0,12,12,50,9,6,300,124,72,5,0,0,2,24,5,2,24,5,2,26,4,11,117628,2014,117628,5.5,4.6,10.1,,,,,,,,,,,,,,,,,,,,,,,,,,,0,0,0,3,0,0,0,15,,,
13612922,N,N,N,N,N,N,N,12/5/2013,6:30 PM,13034744,,43,468,N,Y,,,19,,,1,1100,E,BROWN,ST,N,N,40,N,N,,Y,19,,,1,600,,EUBANKS,LN,,,,,,,11,4,4,,1,1,8,6:30 PM,DISPATCH,6:30 PM,12/5/2013,Y,TX0430800,2460,,,,8,2,1,10,64,54,1,5,1,21,21,43,468,33.0167742,-96.51959263,,,,,E BROWN ST,1101,,,,,,,,,EUBANKS LN,,,,,Y,N,N,5,6,Y,THU,,,,,,,,,,,,,,,,,,,,,,,,,,,,,,,,,,,,,,,,,,,,,,,,,,,,,,,,0,0,0,2,0,0,0,282,,,
13612956,N,N,N,N,N,N,N,12/6/2013,2:17 AM,13-038041,,240,254,N,Y,,,19,,,1,6301,,CASA DE SOL,,N,N,30,N,N,,N,2,59,,1,6400,,US HIGHWAY 59,,,,,,,,2,4,4,,1,2,8,2:17 AM,DISPATCH,2:23 AM,12/6/2013,Y,TX2400100,1644,,,,8,4,4,1,33,54,1,5,2,21,21,240,254,,,,,,,CASA DE SOL,,,,,,,,,,,,,,,Y,N,N,0,8,N,FRI,,,,,,,,,,,,,,,,,,,,,,,,,,,,,,,,,,,,,,,,,,,,,,,,,,,,,,,,0,0,0,0,1,0,0,,,,
13612973,N,N,N,N,N,N,N,12/6/2013,10:10 PM,13-532242,,188,12,N,N,,,1,40,,2,6000,W,INTERSTATE,HWY,N,N,45,N,N,,Y,19,,,1,2000,,BELL,ST,,,,,,,11,4,4,2,1,1,5,10:48 PM,DISPATCH,10:54 PM,12/6/2013,N,TX1880100,33,,,,8,2,4,21,64,54,2,1,1,21,21,188,12,35.19044058,-101.9023617,IH,40,,66.666,IH0040,,275,1,14.798,67,-0.372,,,,,,,,,N,Y,N,5,8,Y,FRI,5,0,10,10,22,9,6,300,112,72,6,0,2,2,20,5,2,20,5,2,2,3,11,63382,2014,63382,2.3,9.9,12.1,,,,,,,,,,,,,,,,,,,,,,,,,,,0,0,0,2,1,0,0,120,,,
13613603,N,N,N,N,N,N,N,12/4/2013,6:06 PM,13-8451,,15,257,N,Y,,,11,410,,2,5700,NW,LOOP 410 ACCESS,RD,N,N,40,N,N,,N,3,16,,1,5900,,BANDERA,RD,,,,,,,12,4,98,2,4,1,20,6:06 PM,ON VIEW,6:09 PM,12/4/2013,Y,TX0151000,1654,,,93,8,2,2,14,64,3,2,1,1,21,21,15,257,29.48264082,-98.60031063,IH,410,,13.106,IH0410,,521,4,13.121,13,-0.086,SH,16,,SH0016,,,,,Y,Y,N,3,5,Y,WED,5,0,10,10,23,2,6,300,112,72,4,0,0,2,20,5,2,20,5,2,3,4,11,164650,2014,164650,2.9,1.9,4.7,1,648,0,2,25,,,,,,,,,,,,,,,,,,,,,,0,0,3,0,0,3,0,28,,,