Crash_ID,Crash_Fatal_Fl,Cmv_Involv_Fl,Schl_Bus_Fl,Rr_Relat_Fl,Medical_Advisory_Fl,Amend_Supp_Fl,Active_School_Zone_Fl,Crash_Date,Crash_Time,Case_ID,Local_Use,Rpt_CRIS_Cnty_ID,Rpt_City_ID,Rpt_Outside_City_Limit_Fl,Thousand_Damage_Fl,Rpt_Latitude,Rpt_Longitude,Rpt_Rdwy_Sys_ID,Rpt_Hwy_Num,Rpt_Hwy_Sfx,Rpt_Road_Part_ID,Rpt_Block_Num,Rpt_Street_Pfx,Rpt_Street_Name,Rpt_Street_Sfx,Private_Dr_Fl,Toll_Road_Fl,Crash_Speed_Limit,Road_Constr_Zone_Fl,Road_Constr_Zone_Wrkr_Fl,Rpt_Street_Desc,At_Intrsct_Fl,Rpt_Sec_Rdwy_Sys_ID,Rpt_Sec_Hwy_Num,Rpt_Sec_Hwy_Sfx,Rpt_Sec_Road_Part_ID,Rpt_Sec_Block_Num,Rpt_Sec_Street_Pfx,Rpt_Sec_Street_Name,Rpt_Sec_Street_Sfx,Rpt_Ref_Mark_Offset_Amt,Rpt_Ref_Mark_Dist_Uom,Rpt_Ref_Mark_Dir,Rpt_Ref_Mark_Nbr,Rpt_Sec_Street_Desc,Rpt_CrossingNumber,Wthr_Cond_ID,Light_Cond_ID,Entr_Road_ID,Road_Type_ID,Road_Algn_ID,Surf_Cond_ID,Traffic_Cntl_ID,Investigat_Notify_Time,Investigat_Notify_Meth,Investigat_Arrv_Time,Report_Date,Investigat_Comp_Fl,ORI_Number,Investigat_Agency_ID,Investigat_Area_ID,Investigat_District_ID,Investigat_Region_ID,Bridge_Detail_ID,Harm_Evnt_ID,Intrsct_Relat_ID,FHE_Collsn_ID,Obj_Struck_ID,Othr_Factr_ID,Road_Part_Adj_ID,Road_Cls_ID,Road_Relat_ID,Phys_Featr_1_ID,Phys_Featr_2_ID,Cnty_ID,City_ID,Latitude,Longitude,Hwy_Sys,Hwy_Nbr,Hwy_Sfx,Dfo,Street_Name,Street_Nbr,Control,Section,Milepoint,Ref_Mark_Nbr,Ref_Mark_Displ,Hwy_Sys_2,Hwy_Nbr_2,Hwy_Sfx_2,Street_Name_2,Street_Nbr_2,Control_2,Section_2,Milepoint_2,Txdot_Rptable_Fl,Onsys_Fl,Rural_Fl,Crash_Sev_ID,Pop_Group_ID,Located_Fl,Day_of_Week,Hwy_Dsgn_Lane_ID,Hwy_Dsgn_Hrt_ID,Hp_Shldr_Left,Hp_Shldr_Right,Hp_Median_Width,Base_Type_ID,Nbr_Of_Lane,Row_Width_Usual,Roadbed_Width,Surf_Width,Surf_Type_ID,Curb_Type_Left_ID,Curb_Type_Right_ID,Shldr_Type_Left_ID,Shldr_Width_Left,Shldr_Use_Left_ID,Shldr_Type_Right_ID,Shldr_Width_Right,Shldr_Use_Right_ID,Median_Type_ID,Median_Width,Rural_Urban_Type_ID,Func_Sys_ID,Adt_Curnt_Amt,Adt_Curnt_Year,Adt_Adj_Curnt_Amt,Pct_Single_Trk_Adt,Pct_Combo_Trk_Adt,Trk_Aadt_Pct,Curve_Type_ID,Curve_Lngth,Cd_Degr,Delta_Left_Right_ID,Dd_Degr,Feature_Crossed,Structure_Number,I_R_Min_Vert_Clear,Approach_Width,Bridge_Median_ID,Bridge_Loading_Type_ID,Bridge_Loading_In_1000_Lbs,Bridge_Srvc_Type_On_ID,Bridge_Srvc_Type_Under_ID,Culvert_Type_ID,Roadway_Width,Deck_Width,Bridge_Dir_Of_Traffic_ID,Bridge_Rte_Struct_Func_ID,Bridge_IR_Struct_Func_ID,CrossingNumber,RRCo,Poscrossing_ID,WDCode_ID,Standstop,Yield,Incap_Injry_Cnt,Nonincap_Injry_Cnt,Poss_Injry_Cnt,Non_Injry_Cnt,Unkn_Injry_Cnt,Tot_Injry_Cnt,Death_Cnt,MPO_ID,Investigat_Service_ID,Investigat_DA_ID,Investigator_Narrative
13613682,N,N,N,N,N,N,N,12/12/2013,9:45 AM,13-03078,,101,447,N,N,,,19,,,1,1000,E,NASA,PKWY,N,N,45,N,N,,Y,19,,,1,,,EL CAMINO REAL,,,,,,,,11,1,4,2,1,1,20,9:57 AM,DISPATCH,10:00 AM,12/12/2013,N,TX1012500,2391,,,,8,2,1,28,64,54,1,2,1,21,21,101,447,29.54580248,-95.10643677,SH,NASA,,2.391,SHNASA,,981,1,5.425,700,-2.056,,,,EL CAMINO REAL DR,,,,,N,Y,N,5,5,Y,THU,5,0,2,2,57,8,8,260,96,88,5,1,2,2,4,5,2,4,5,3,53,4,14,33343,2014,33343,3.9,1.4,5.2,1,102,3,2,18,,,,,,,,,,,,,,,,,,,,,,0,0,0,2,0,0,0,15,,,
13613780,N,N,N,N,N,N,N,12/3/2013,6:50 AM,13-010539,,43,285,N,Y,,,19,,,1,3400,,VIRGINIA,PKWY,N,N,40,N,N,,N,19,,,1,100,N,HARDIN,BLVD,,,,,,,5,2,0,2,1,1,5,7:03 AM,DISPATCH,7:08 AM,12/3/2013,Y,TX0430500,1759,,,451,8,2,2,22,64,38,1,3,1,21,21,43,285,33.19651635,-96.66582751,FM,3038,,0.015,FM3038,,3132,1,0.015,594,0.011,,,,HARDIN BLVD,,,,,Y,Y,N,3,8,Y,TUE,3,0,1,2,17,8,4,100,54,46,5,2,2,2,2,5,2,4,5,1,15,3,16,20292,2014,20292,2.3,0.6,2.9,,,,,,,,,,,,,,,,,,,,,,,,,,,0,0,2,1,0,2,0,282,,,
13614611,N,N,N,N,N,N,N,11/19/2013,5:48 PM,133231466,,246,22,N,Y,,,2,183,I,2,,,NOT REPORTED,HWY,N,N,-1,N,N,N US 183 SVRD NB,Y,19,,,1,,,MCNEIL DR,DR,,,,,,,11,1,98,2,1,1,9,5:48 PM,DISPATCH,5:57 PM,11/19/2013,Y,TX2270100,74,,46,64,8,2,2,22,64,38,2,2,1,21,21,246,22,30.43407232,-97.76926439,US,183,,310.632,US0183,,151,5,29.969,504,0.1,,,,MCNEIL DR,,,,,Y,Y,N,5,9,Y,TUE,5,0,0,0,14,2,6,220,80,72,5,0,0,1,2,0,1,2,0,3,12,4,12,135393,2014,135393,2.3,2,4.3,,,,,,,,,,,,,,,,,,,,,,,,,,,0,0,0,2,0,0,0,90,,,
13614701,N,N,N,N,N,N,N,10/16/2013,10:27 PM,132891735,,227,22,N,Y,,,19,,,1,3100,,BURLESON RD NB,,N,N,35,N,N,,N,19,,,,,,METCALF,RD,,,,,,,11,3,0,,5,1,20,10:27 PM,DISPATCH,10:34 PM,10/18/2013,Y,TX2270100,74,1045,98,129,8,2,4,30,64,3,1,5,1,21,21,227,22,30.22641884,-97.73519332,,,,,BURLESON RD,2651,,,,,,,,,,,,,,Y,N,N,2,9,Y,WED,,,,,,,,,,,,,,,,,,,,,,,,,,,,,,,,,,,,,,,,,,,,,,,,,,,,,,,,0,1,0,0,1,1,0,90,,,
13615673,N,N,N,N,N,N,N,12/10/2013,7:50 AM,,,168,994,N,Y,32.41335,-100.70527,1,20,,2,,N,FRONTAGE IH 20,RD,N,N,55,N,N,,N,4,644,,,,,NOT REPORTED,,,,,,,,11,1,0,2,4,6,11,7:50 AM,DISPATCHED,8:00 AM,12/16/2013,Y,,10000,19,1,1,8,7,4,1,23,1,2,1,2,21,21,168,994,32.41455027,-100.7098049,IH,20,,225.567,IH0020,,6,1,30.163,226,-0.521,,,,,,,,,Y,Y,Y,5,1,Y,TUE,5,0,4,10,40,2,4,260,76,48,4,0,0,2,8,5,2,20,5,3,32,1,1,16164,2014,16164,4.2,37.3,41.5,1,133,1,2,7,,,,,,,,,,,,,,,,,,,,,,0,0,0,1,0,0,0,,,,
13616569,N,Y,N,N,N,N,N,12/7/2013,12:39 PM,13-006004,,57,253,N,Y,,,1,35E,,1,1800,S,INTERSTATE 35E,HWY,N,N,65,N,N,ICY ROAD,N,,,,,,,NOT REPORTED,,200,F,S,413,,,3,1,0,,3,6,20,12:40 PM,DISPATCHED,12:59 PM,12/8/2013,Y,TX0571700,1641,,,,8,2,4,21,64,1,1,1,1,21,21,57,253,,,,,,,IH035E,,,,,,,,,,NOT REPORTED,,,,,Y,Y,N,5,6,N,SAT,,,,,,,,,,,,,,,,,,,,,,,,,,,,,,,,,,,,,,,,,,,,,,,,,,,,,,,,0,0,0,3,0,0,0,,,,
13617574,N,N,N,N,N,N,N,11/23/2013,12:11 PM,,,61,1626,Y,Y,33.0446,-96.88081,4,544,,1,,,NOT REPORTED,,N,N,55,N,N,,Y,15,,,1,,,JOSEY,RD,,,,,,,11,3,4,1,1,2,5,12:52 PM,DENTON CO. DISPATCH,1:15 AM,12/3/2013,Y,,10000,3,118,1,8,2,2,22,64,47,1,3,1,21,21,61,841,33.04459063,-96.8812327,FM,544,,2.731,FM0544,1898,619,5,2.796,582,0.753,,,,N JOSEY LN,,,,,Y,Y,Y,5,1,Y,SAT,2,0,0,0,0,2,2,80,20,20,4,0,0,1,0,0,1,0,0,0,0,4,16,9082,2014,9082,1.7,0.7,2.4,,,,,,,,,,,,,,,,,,,,,,,,,,,0,0,0,2,0,0,0,282,,,
13618085,N,N,N,N,N,N,N,12/5/2013,6:40 PM,130168183,1036410,101,1666,Y,Y,,,15,,,1,16600,,STUEBNER AIRLINE,RD,N,N,0,N,N,,N,15,,,,7300,,LOUETTA RD,,,,,,,,12,4,2,,1,2,1,6:45 PM,DISPATCHED,6:45 PM,12/5/2013,Y,TX1010000,1419,74,4,5,8,2,4,22,64,42,1,4,1,21,21,101,1666,30.02007301,-95.5226818,,,,,STUEBNER AIRLINE RD,16704,,,,,,,,,,,,,,Y,N,Y,5,0,Y,THU,,,,,,,,,,,,,,,,,,,,,,,,,,,,,,,,,,,,,,,,,,,,,,,,,,,,,,,,0,0,0,3,0,0,0,15,,,
13618164,N,N,N,N,N,N,N,11/7/2013,9:16 AM,130154289,1030313,101,1666,Y,N,,,15,,,1,13900,,SPRING CYPRESS,RD,N,N,30,Y,Y,,N,15,,,,,,GRANT,RD,,,,,,,11,1,0,,1,1,20,8:49 AM,DISPATCHED,9:07 AM,11/7/2013,Y,TX1010000,1419,2,4,5,8,2,4,22,64,49,1,4,1,21,21,101,1666,30.00367026,-95.63626098,,,,,SPRING CYPRESS RD,14044,,,,,,,,,,,,,,N,N,Y,5,0,Y,THU,,,,,,,,,,,,,,,,,,,,,,,,,,,,,,,,,,,,,,,,,,,,,,,,,,,,,,,,0,0,0,2,0,0,0,15,,,
13618974,N,N,N,N,N,N,N,12/5/2013,1:30 PM,130168104,1037070,101,1666,Y,Y,,,4,1960,,7,5444,W,CYPRESS PARKWAY,,Y,N,0,N,N,,N,15,,,,,,CHAMPIONS FOREST DR,,,,,,,,12,1,98,,1,1,17,4:05 PM,DISPATCHED,4:08 PM,12/5/2013,N,TX1010000,1419,74,4,5,8,4,4,5,64,54,7,9,5,33,21,101,1666,,,FM,1960,,,FM1960,,,,,,,,,,,,,,,N,Y,Y,5,0,N,THU,,,,,,,,,,,,,,,,,,,,,,,,,,,,,,,,,,,,,,,,,,,,,,,,,,,,,,,,0,0,0,1,0,0,0,,,,
13618977,N,N,N,N,N,N,N,12/5/2013,7:55 PM,130168233,1037290,101,1666,Y,Y,,,19,,,1,15302,S,SILVER GREEN,DR,N,N,45,N,N,,N,15,,,,1300,,DELL DALE,,,,,,,,11,4,4,,1,1,5,7:59 PM,DISPATCHED,8:21 PM,12/10/2013,Y,TX1010000,1419,109,4,5,8,7,4,1,33,3,1,4,2,21,21,101,208,29.56447801,-95.14724996,,,,,SILVERMAN ST,15234,,,,,,,,,,,,,,Y,N,N,5,9,Y,THU,,,,,,,,,,,,,,,,,,,,,,,,,,,,,,,,,,,,,,,,,,,,,,,,,,,,,,,,0,0,0,1,0,0,0,15,,,
13619164,N,N,N,N,N,N,N,12/11/2013,7:51 AM,130170691,4002781,101,1666,Y,Y,,,1,10,,2,22400,,IH10 WEST BOUND FEEDER,,N,N,50,N,N,,Y,19,,,1,1000,N,MASON,RD,,,,,,,11,1,0,2,1,1,5,7:51 AM,ON SIGHT,7:51 AM,12/11/2013,Y,TX1015000,2745,41,38,53,8,2,1,10,64,3,2,1,1,21,21,101,1666,29.78520693,-95.7519837,IH,10,,743.893,IH0010,,271,6,3.884,745,0.223,,,,N MASON RD,,,,,Y,Y,Y,3,0,Y,WED,5,0,24,12,80,3,9,300,180,108,5,0,0,2,48,5,2,24,5,2,32,4,11,184991,2014,184991,4.3,5.2,9.5,1,108,0,1,1,,,,,,,,,,,,,,,,,,,,,,0,0,1,1,0,1,0,15,,,
13619736,N,N,N,N,N,N,N,12/12/2013,9:01 AM,130171212,1032937,101,1666,Y,N,,,15,,,1,6300,,GREENHOUSE,RD,N,N,40,N,N,,N,15,,,,,,REBEL YELL,,,,,,,,11,1,0,,1,1,20,9:07 AM,DISPATCHED,9:11 AM,12/12/2013,Y,TX1010000,1419,205,33,5,8,2,4,21,64,9,1,4,1,21,21,101,1666,29.86753217,-95.70471309,,,,,GREENHOUSE RD,,,,,,,,,,,,,,,N,N,Y,5,0,Y,THU,,,,,,,,,,,,,,,,,,,,,,,,,,,,,,,,,,,,,,,,,,,,,,,,,,,,,,,,0,0,0,4,0,0,0,15,,,
13621503,N,N,N,N,N,N,N,12/4/2013,9:16 AM,13103500,,43,162,N,Y,33.139,-96.8178,19,,,1,7000,,STONEBROOK,PKWY,N,N,40,Y,Y,,Y,19,,,1,7500,,ROLLING BROOK,DR,,,,,,,11,1,2,,4,1,8,9:17 AM,DISPATCH,9:33 AM,12/4/2013,Y,TX0430400,1331,,,,8,2,1,10,64,49,1,5,1,20,21,43,162,33.13913419,-96.81781254,,,,,STONEBROOK PKWY,,,,,,,,,,ROLLING BROOK DR,,,,,Y,N,N,5,8,Y,WED,,,,,,,,,,,,,,,,,,,,,,,,,,,,,,,,,,,,,,,,,,,,,,,,,,,,,,,,0,0,0,2,0,0,0,282,,,
13621599,N,N,N,N,N,N,N,12/6/2013,12:38 PM,130168487,1035297,101,1666,Y,Y,,,4,2100,,1,5400,,NOT REPORTED,,N,N,35,N,N,,N,15,,,,,,WAHL,ST,,,,,,,12,1,0,2,2,1,5,12:38 PM,ON SIGHT,12:38 PM,12/6/2013,Y,TX1010000,1419,205,33,5,8,2,2,22,64,38,1,3,1,21,21,101,1666,29.9078908,-95.06647107,FM,2100,,12.632,FM2100,5440,1062,4,8.126,456,0.732,,,,W WAHL ST,,,,,Y,Y,Y,5,0,Y,FRI,3,0,0,0,4,2,4,130,56,52,5,0,0,1,0,0,1,0,0,3,4,4,14,21499,2014,21499,2.8,1.4,4.2,,,,,,,,,,,,,,,,,,,,,,,,,,,0,0,0,2,0,0,0,15,,,
13621719,N,N,N,N,N,N,N,11/27/2013,10:00 PM,130164517,1029226,101,1666,Y,Y,29.87955999,-95.3967,15,,,1,8123,,KAREN,ST,N,N,35,N,N,,N,15,,,,,,DOVERFIELD,DR,,,,,,,11,3,0,,1,1,1,10:28 PM,DISPATCHED,11:33 PM,11/29/2013,Y,TX1010000,1419,227,4,5,8,4,3,3,64,13,1,4,2,32,21,101,1666,29.87898442,-95.39673452,,,,,KAREN ST,8130,,,,,,,,,,,,,,Y,N,Y,5,0,Y,WED,,,,,,,,,,,,,,,,,,,,,,,,,,,,,,,,,,,,,,,,,,,,,,,,,,,,,,,,0,0,0,3,0,0,0,15,,,
13621762,N,N,N,N,N,N,N,12/12/2013,4:15 PM,130171397,4002407,101,208,N,Y,,,12,,,1,1000,W,SAM HOUSTON,PKWY,N,Y,65,N,N,NORTH SOUTHBOUND,N,1,10,,,,,KATY,FWY,,,,,,,12,1,0,1,1,1,1,4:17 PM,DISPATCHED,4:17 PM,12/12/2013,Y,TX1015000,2745,61,88,53,8,2,4,20,64,54,1,2,1,21,21,101,208,29.78593633,-95.56312737,SL,8,,20.529,SL0008,,3256,1,11.354,700,0.608,,,,,,,,,Y,Y,N,5,9,Y,THU,1,0,0,0,0,9,3,300,36,36,5,1,1,1,0,0,1,0,0,0,0,4,14,40264,2014,40264,1.8,1.4,3.2,,,,,,,,,,,,,,,,,,,,,,,,,,,0,0,0,2,0,0,0,15,,,
13621869,N,N,N,N,N,N,N,12/3/2013,6:00 PM,130167091,4002801,101,208,N,Y,,,12,8,,1,1100,W,SAM HOUSTON,PKWY,N,Y,65,N,N,NORTH SOUTHBOUND,N,1,10,,,,,KATY,FWY,,,,,,,11,5,0,1,2,1,20,6:10 PM,DISPATCHED,6:22 PM,12/3/2013,Y,TX1015000,2745,61,88,53,8,2,4,21,64,54,1,2,1,21,21,101,208,29.79182519,-95.563264,SL,8,,20.934,SL0008,,3256,1,11.747,702,-0.981,,,,,,,,,Y,Y,N,5,9,Y,TUE,1,0,0,0,0,9,3,300,36,36,5,1,1,1,0,0,1,0,0,0,0,4,14,33754,2014,33754,1.8,1.4,3.2,,,,,,,,,,,,,,,,,,,,,,,,,,,0,0,0,2,0,0,0,15,,,
13621878,N,N,N,N,N,N,N,12/3/2013,2:50 PM,130166948,1033734,101,1666,Y,Y,,,3,249,,1,24900,,TOMBALL,PKWY,N,N,40,Y,Y,PUBLIC ROADWAY,N,15,,,,,,THREE LAKES,BLVD,,,,,PUBLIC ROADWAY,,11,1,98,2,1,1,20,2:55 PM,DISPATCHED,3:06 PM,12/3/2013,Y,TX1010000,1419,110,4,5,8,2,4,21,64,49,1,2,1,21,21,101,1666,30.04408111,-95.60990867,SH,249,,10.046,SH0249,,720,3,6.442,456,-0.526,,,,,,,,,Y,Y,Y,5,0,Y,TUE,5,0,0,0,3,3,6,240,72,72,5,0,0,1,0,0,1,0,0,2,3,4,12,43615,2014,43615,5.1,7.4,12.4,,,,,,,,,,,,,,,,,,,,,,,,,,,0,0,0,3,0,0,0,15,,,
13621879,N,N,N,N,N,N,N,12/3/2013,3:22 PM,130166968,1012043,101,1666,Y,Y,,,3,249,,1,1800,W,MOUNT HOUSTON,RD,N,N,40,N,N,,N,19,,,,,,VETERANS MEMORIAL,DR,,,,,,,11,1,0,3,1,1,20,3:29 PM,DISPATCHED,3:39 PM,12/3/2013,Y,TX1010000,1419,55,33,5,8,2,3,10,64,14,1,2,1,32,21,101,1666,29.89798476,-95.42680336,SH,249,,25.844,SH0249,,720,3,22.258,472,-0.687,,,,,,,,,Y,Y,Y,2,0,Y,TUE,2,0,2,2,0,9,6,130,92,88,5,0,0,2,2,5,2,2,5,0,0,4,12,39885,2014,39885,5.1,7.4,12.4,,,,,,,,,,,,,,,,,,,,,,,,,,,0,1,0,4,0,1,0,15,,,
13622293,N,N,N,N,N,N,N,12/11/2013,7:50 AM,C1308253,,178,97,N,Y,,,2,77,,2,3400,,NOT REPORTED,,N,N,55,N,N,SOUTH BOUND,Y,15,52,,1,3300,,NOT REPORTED,,,,,,,,11,1,4,,1,1,11,7:50 AM,RADIO DISPATCHED,7:50 AM,12/11/2013,Y,TX1780200,1115,,,51,4,7,4,3,42,54,2,1,4,21,21,178,97,27.84731527,-97.63127259,,,,,US 77,,,,,,,,,,,,,,,Y,N,N,2,9,Y,WED,,,,,,,,,,,,,,,,,,,,,,,,,,,,,,,,,,,,,,,,,,,,,,,,,,,,,,,,0,1,0,0,0,1,0,96,,,
13622434,N,N,N,N,N,N,N,12/12/2013,3:08 PM,13-6300,,84,255,N,Y,,,4,518,,7,218,E,MAIN,ST,Y,N,0,N,N,PARKING-LOT,N,19,,,1,,,HOUSTON,AVE,,,,,MAIN LANE,,12,1,0,,1,1,17,3:10 PM,POLICE,3:20 PM,12/13/2013,Y,TX0840800,1648,,,,8,2,4,40,64,12,7,9,5,33,21,84,255,,,FM,518,,,FM0518,,,,,,,,,,,,,,,N,Y,N,5,7,N,THU,,,,,,,,,,,,,,,,,,,,,,,,,,,,,,,,,,,,,,,,,,,,,,,,,,,,,,,,0,0,0,2,0,0,0,,,,
13624307,N,N,N,N,N,N,N,10/31/2013,8:05 AM,13-39653,,152,270,N,N,,,19,,,1,5500,,MILWAUKEE,AVE,N,N,45,Y,N,,N,2,62,,1,6500,,MARSHA SHARP,FWY,,,,,,,11,1,4,,1,1,5,8:13 AM,RADIO,8:22 AM,10/31/2013,Y,TX1520200,1706,,,,8,2,2,20,64,49,1,2,1,21,21,152,270,33.54254728,-101.9570409,,,,,MILWAUKEE AVE,5624,,,,,,US,62,,US0062,,,,,N,N,N,5,8,Y,THU,,,,,,,,,,,,,,,,,,,,,,,,,,,,,,,,,,,,,,,,,,,,,,,,,,,,,,,,0,0,0,2,0,0,0,122,,,
13626069,N,N,N,N,N,N,N,11/25/2013,4:47 AM,13039685,,236,213,N,Y,,,1,45,,1,,S,IH 45,HWY,N,N,75,N,N,,N,1,45,,4,,S,IH 45,HWY,300,F,N,116MM,,,2,3,0,,1,2,11,4:50 AM,RADIO,4:56 AM,11/25/2013,Y,TX2360100,1502,,,,8,7,4,1,39,54,1,1,4,21,21,236,213,,,IH,45,,,IH0045,,,,,,,,,,,,,,,Y,Y,N,5,6,N,MON,,,,,,,,,,,,,,,,,,,,,,,,,,,,,,,,,,,,,,,,,,,,,,,,,,,,,,,,0,0,0,2,0,0,0,,,,
13626073,N,N,N,N,N,N,N,11/24/2013,7:04 PM,13039666,,236,213,N,Y,,,1,45,,2,185,,IH 45 WFR,,N,N,0,N,N,,N,19,,,1,100,,RAVENWOOD VILLAGE,DR,,,,,,,2,4,98,2,2,2,1,7:08 PM,RADIO,7:16 PM,11/24/2013,Y,TX2360100,1502,,,19,8,2,3,14,64,14,2,1,1,32,21,236,213,30.71219592,-95.56580184,IH,45,,116.248,IH0045,,675,7,15.432,116,0.299,,,,,,,,,Y,Y,N,5,6,Y,SUN,5,0,8,10,61,8,4,350,84,48,6,0,0,2,16,5,2,20,5,2,45,2,11,32401,2014,32401,2.8,19.2,22,,,,,,,,,,,,,,,,,,,,,,,,,,,0,0,0,3,0,0,0,,,,
13626449,N,N,N,N,N,N,N,11/30/2013,9:28 PM,13114154,,31,53,N,Y,,,2,77,,1,3300,S,US HWY 7783,,N,N,60,N,N,,Y,19,,,1,2500,,EAST,AVE,,,,,,,11,4,4,,1,1,5,9:28 PM,DISPATCH,9:35 PM,11/30/2013,Y,TX0310100,172,,125,65,8,2,2,20,64,54,1,2,1,21,21,31,53,25.89510567,-97.47755269,,,,,US 77,,,,,,,,,,EAST AVE,,,,,Y,N,N,3,8,Y,SAT,,,,,,,,,,,,,,,,,,,,,,,,,,,,,,,,,,,,,,,,,,,,,,,,,,,,,,,,0,0,1,5,0,1,0,248,,,
13628123,N,N,N,N,N,N,N,11/8/2013,12:02 PM,13110239,,15,264,N,Y,,,3,218,,1,7900,,PAT BOOKER,RD,N,N,45,N,N,,Y,17,,,1,,,LIVE OAK CROSSING,,,,,,,,11,1,4,2,2,1,5,12:02 PM,DISPATCHED,12:06 PM,11/9/2013,Y,,1678,,,,8,2,1,10,64,3,1,2,1,21,21,15,264,29.56307876,-98.33376151,SH,218,,0.515,SH0218,7861,465,1,0.522,502,-0.16,,,,LIVE OAK XING,,,,,Y,Y,N,5,5,Y,FRI,3,0,4,6,12,2,4,280,71,48,4,0,0,2,7,5,2,16,5,1,5,4,14,25383,2014,25383,2.8,3.9,6.7,3,259,0,,0,,,,,,,,,,,,,,,,,,,,,,0,0,0,2,0,0,0,28,,,
13628696,N,N,N,N,N,Y,N,12/12/2013,10:13 PM,13-038796,,240,254,N,Y,,,19,,,1,800,,CLARK,BLVD,N,N,30,N,N,PAVED,N,19,,,1,2300,,TILDEN,,,,,,PAVED,,11,4,4,,2,1,8,10:15 PM,MCT DISPATCH,10:18 PM,12/20/2013,Y,TX2400100,1644,,,44,8,1,4,1,64,54,1,5,1,21,21,240,254,27.51667538,-99.48759305,,,,,CLARK BLVD,896,,,,,,,,,,,,,,Y,N,N,2,8,Y,THU,,,,,,,,,,,,,,,,,,,,,,,,,,,,,,,,,,,,,,,,,,,,,,,,,,,,,,,,0,1,0,4,0,1,0,205,,,
13628702,N,N,N,N,N,Y,N,12/12/2013,11:00 AM,AC13-12-0009,,107,20,N,Y,,,3,31,,1,1910,E,TYLER SH 31,ST,N,N,55,N,N,,N,4,1616,,1,1100,,FM 1616,,,,,,,,11,1,0,3,2,1,20,11:00 AM,RADIO,11:04 AM,12/12/2013,Y,TX1070100,67,,,45,8,2,4,32,64,1,1,2,1,21,21,107,20,32.22802632,-95.81859481,US,175,,72.039,US0175,3587,1099,5,26.509,,,,,,,,,,,Y,Y,N,5,5,Y,THU,2,0,12,12,0,9,4,180,84,48,5,0,0,2,12,5,2,12,5,0,0,2,14,9653,2014,9653,10.6,0.8,11.4,,,,,,,,,,,,,,,,,,,,,,,,,,,0,0,0,4,0,0,0,,,,
13629203,N,N,N,N,N,Y,N,10/21/2013,6:10 PM,13P13795,,205,343,N,Y,,,19,,,1,2100,,BUDDY GANEM,DR,N,N,40,Y,N,,Y,19,,,1,4600,,WILDCAT,DR,,,,,,,2,1,4,3,1,2,5,6:10 PM,DISPATCH,6:11 PM,10/21/2013,Y,2050300,1957,54,275,161,8,7,2,1,21,49,1,3,2,21,21,205,343,27.90281482,-97.31799316,FM,3239,,0.231,FM3239,2100,3340,1,1.231,564,0.208,FM,2986,,FM2986,,,,,Y,Y,N,5,5,Y,MON,2,0,0,0,0,2,4,120,66,62,4,2,2,1,0,0,1,0,0,0,0,4,16,6484,2014,6484,3.4,3.6,7,,,,,,,,,,,,,,,,,,,,,,,,,,,0,0,0,3,0,0,0,96,,,
13629269,N,N,N,N,Y,N,N,11/3/2013,3:39 PM,1300045528,,94,394,N,Y,,,9,123,,1,100,S,S AUSTIN ST,ST,N,N,30,N,N,,Y,13,90,,1,100,E,E COURT ST,ST,,,,,,,11,1,4,1,1,1,5,3:41 PM,DISPATCHED,3:49 PM,11/3/2013,Y,TX0940300,2109,,8,34,8,2,2,22,64,38,1,2,1,21,21,94,394,29.56891609,-97.9646225,UA,90,,2.14,UA0090,,25,3,12.141,522,0.144,BS,123,B,BS0123B,,,,,Y,Y,N,2,6,Y,SUN,2,0,8,8,0,2,2,50,50,24,4,2,2,2,8,2,2,8,2,0,0,2,14,11055,2014,11055,2.3,2.2,4.5,,,,,,,,,,,,,,,,,,,,,,,,,,,0,3,0,5,0,3,0,28,,,
13629278,N,N,N,N,N,Y,N,11/12/2013,6:50 PM,13-011003,,20,326,N,Y,,,4,518,,1,1800,,BROADWAY,ST,N,N,45,N,N,,N,19,,,1,3200,,WINDFERN,DR,,,,,,,11,4,0,3,1,1,20,6:50 PM,DISPATCH,7:05 PM,11/12/2013,Y,TX0201000,1917,,,,8,2,3,10,64,14,1,3,1,32,21,20,326,29.5477492,-95.23971715,FM,518,,9.358,FM0518,1869,976,2,8.865,688,0.94,,,,,,,,,Y,Y,N,3,7,Y,TUE,2,0,10,10,0,9,4,100,80,48,5,1,1,2,10,5,2,10,5,0,0,4,14,23827,2014,23827,3.9,1.4,5.2,,,,,,,,,,,,,,,,,,,,,,,,,,,0,0,1,2,0,1,0,15,,,