Crash_ID,Crash_Fatal_Fl,Cmv_Involv_Fl,Schl_Bus_Fl,Rr_Relat_Fl,Medical_Advisory_Fl,Amend_Supp_Fl,Active_School_Zone_Fl,Crash_Date,Crash_Time,Case_ID,Local_Use,Rpt_CRIS_Cnty_ID,Rpt_City_ID,Rpt_Outside_City_Limit_Fl,Thousand_Damage_Fl,Rpt_Latitude,Rpt_Longitude,Rpt_Rdwy_Sys_ID,Rpt_Hwy_Num,Rpt_Hwy_Sfx,Rpt_Road_Part_ID,Rpt_Block_Num,Rpt_Street_Pfx,Rpt_Street_Name,Rpt_Street_Sfx,Private_Dr_Fl,Toll_Road_Fl,Crash_Speed_Limit,Road_Constr_Zone_Fl,Road_Constr_Zone_Wrkr_Fl,Rpt_Street_Desc,At_Intrsct_Fl,Rpt_Sec_Rdwy_Sys_ID,Rpt_Sec_Hwy_Num,Rpt_Sec_Hwy_Sfx,Rpt_Sec_Road_Part_ID,Rpt_Sec_Block_Num,Rpt_Sec_Street_Pfx,Rpt_Sec_Street_Name,Rpt_Sec_Street_Sfx,Rpt_Ref_Mark_Offset_Amt,Rpt_Ref_Mark_Dist_Uom,Rpt_Ref_Mark_Dir,Rpt_Ref_Mark_Nbr,Rpt_Sec_Street_Desc,Rpt_CrossingNumber,Wthr_Cond_ID,Light_Cond_ID,Entr_Road_ID,Road_Type_ID,Road_Algn_ID,Surf_Cond_ID,Traffic_Cntl_ID,Investigat_Notify_Time,Investigat_Notify_Meth,Investigat_Arrv_Time,Report_Date,Investigat_Comp_Fl,ORI_Number,Investigat_Agency_ID,Investigat_Area_ID,Investigat_District_ID,Investigat_Region_ID,Bridge_Detail_ID,Harm_Evnt_ID,Intrsct_Relat_ID,FHE_Collsn_ID,Obj_Struck_ID,Othr_Factr_ID,Road_Part_Adj_ID,Road_Cls_ID,Road_Relat_ID,Phys_Featr_1_ID,Phys_Featr_2_ID,Cnty_ID,City_ID,Latitude,Longitude,Hwy_Sys,Hwy_Nbr,Hwy_Sfx,Dfo,Street_Name,Street_Nbr,Control,Section,Milepoint,Ref_Mark_Nbr,Ref_Mark_Displ,Hwy_Sys_2,Hwy_Nbr_2,Hwy_Sfx_2,Street_Name_2,Street_Nbr_2,Control_2,Section_2,Milepoint_2,Txdot_Rptable_Fl,Onsys_Fl,Rural_Fl,Crash_Sev_ID,Pop_Group_ID,Located_Fl,Day_of_Week,Hwy_Dsgn_Lane_ID,Hwy_Dsgn_Hrt_ID,Hp_Shldr_Left,Hp_Shldr_Right,Hp_Median_Width,Base_Type_ID,Nbr_Of_Lane,Row_Width_Usual,Roadbed_Width,Surf_Width,Surf_Type_ID,Curb_Type_Left_ID,Curb_Type_Right_ID,Shldr_Type_Left_ID,Shldr_Width_Left,Shldr_Use_Left_ID,Shldr_Type_Right_ID,Shldr_Width_Right,Shldr_Use_Right_ID,Median_Type_ID,Median_Width,Rural_Urban_Type_ID,Func_Sys_ID,Adt_Curnt_Amt,Adt_Curnt_Year,Adt_Adj_Curnt_Amt,Pct_Single_Trk_Adt,Pct_Combo_Trk_Adt,Trk_Aadt_Pct,Curve_Type_ID,Curve_Lngth,Cd_Degr,Delta_Left_Right_ID,Dd_Degr,Feature_Crossed,Structure_Number,I_R_Min_Vert_Clear,Approach_Width,Bridge_Median_ID,Bridge_Loading_Type_ID,Bridge_Loading_In_1000_Lbs,Bridge_Srvc_Type_On_ID,Bridge_Srvc_Type_Under_ID,Culvert_Type_ID,Roadway_Width,Deck_Width,Bridge_Dir_Of_Traffic_ID,Bridge_Rte_Struct_Func_ID,Bridge_IR_Struct_Func_ID,CrossingNumber,RRCo,Poscrossing_ID,WDCode_ID,Standstop,Yield,Incap_Injry_Cnt,Nonincap_Injry_Cnt,Poss_Injry_Cnt,Non_Injry_Cnt,Unkn_Injry_Cnt,Tot_Injry_Cnt,Death_Cnt,MPO_ID,Investigat_Service_ID,Investigat_DA_ID,Investigator_Narrative
13715734,N,N,N,N,N,N,N,12/8/2013,10:56 AM,133420597,LTS,227,22,N,Y,,,1,35,,2,,S,FRONTAGE NB,,N,N,45,N,N,,Y,19,,,,,,ROYAL HILL,DR,,,,,,,11,1,2,2,2,1,8,10:56 AM,DISPATCHED,11:15 AM,12/8/2013,Y,TX2270100,74,17,131,9,8,2,1,10,64,3,2,1,1,21,21,227,22,30.22840116,-97.74434759,IH,35,,231.352,IH0035,2749,15,13,14.958,232,-0.087,,,,ROYAL HILL DR,,,,,Y,Y,N,5,9,Y,SUN,5,0,2,10,7,2,6,300,96,72,4,0,0,2,4,5,2,20,5,2,3,4,11,154266,2014,154266,3.3,9.4,12.7,,,,,,,,,,,,,,,,,,,,,,,,,,,0,0,0,3,0,0,0,90,,,
13720800,N,N,N,N,N,N,N,12/9/2013,5:17 AM,133430259,,227,22,N,Y,,,1,35,,2,200,,SVRD,,N,N,0,N,N,,Y,19,,,,1100,E,RIVERSIDE,DR,,,,,,,2,4,4,2,3,2,5,5:17 AM,ON SITE,5:17 AM,12/9/2013,Y,TX2270100,74,200,98,129,8,2,2,13,64,54,2,1,1,21,21,227,22,30.24819973,-97.73538932,IH,35,,232.85,IH0035,,15,13,16.456,233,0.417,,,,E RIVERSIDE DR,,,,,Y,Y,N,5,9,Y,MON,5,0,2,10,7,2,6,300,96,72,4,0,0,2,4,5,2,20,5,2,3,4,11,197636,2014,197636,3.3,9.4,12.7,,,,,,,,,,,,,,,,,,,,,,,,,,,0,0,0,2,0,0,0,90,,,
13720850,N,N,N,N,N,N,N,11/20/2013,8:33 AM,133240522,,227,22,N,Y,,,19,,,1,6800,,BERKMAN,DR,N,N,35,N,N,,N,2,183,,,,,NOT REPORTED,,,,,,,,11,1,98,,1,1,5,8:33 AM,DISPATCHED,8:35 AM,11/20/2013,Y,TX2270100,74,,75,95,8,2,2,22,64,38,1,2,1,21,21,227,22,30.32006699,-97.68905377,,,,,BERKMAN DR,6800,,,,,,,,,UNKNOWN,,,,,Y,N,N,5,9,Y,WED,,,,,,,,,,,,,,,,,,,,,,,,,,,,,,,,,,,,,,,,,,,,,,,,,,,,,,,,0,0,0,2,0,0,0,90,,,
13731674,N,N,N,N,N,N,N,11/21/2013,12:55 PM,13-11211255,,31,380,N,Y,,,8,77,,1,2100,W,NOT REPORTED,,N,N,50,N,N,,N,8,77,,,2180,W,NOT REPORTED,,,,,,,,11,1,0,,1,1,1,12:55 PM,DISPATCH,12:59 PM,11/29/2013,Y,TX0310900,2075,,,35,8,2,3,10,64,14,1,2,1,32,21,31,380,,,,,,,BU0077,,,,,,,,,,,,,,,Y,Y,N,1,5,N,THU,,,,,,,,,,,,,,,,,,,,,,,,,,,,,,,,,,,,,,,,,,,,,,,,,,,,,,,,1,3,0,3,0,4,0,,,,
13734942,N,N,N,N,N,N,N,12/2/2013,1:39 PM,13-24441,,161,442,N,N,,,19,,,1,600,,HEWITT,DR,N,N,0,N,N,600 HEWITT DR.,N,19,,,1,600,,HEWITT,DR,,,,,,,11,1,0,,7,1,17,1:45 PM,DISPATCH,2:01 PM,12/2/2013,N,TX1551200,2372,,,100,8,2,4,45,64,12,7,9,5,33,21,161,442,,,,,,,HEWITT DR,,,,,,,,,,,,,,,N,N,N,5,8,N,MON,,,,,,,,,,,,,,,,,,,,,,,,,,,,,,,,,,,,,,,,,,,,,,,,,,,,,,,,0,0,0,1,1,0,0,,,,
13747027,N,N,N,N,N,N,N,11/9/2013,2:04 AM,13-24568,,68,315,N,Y,,,2,191,,2,8000,E,191,HWY,N,N,55,N,N,,N,19,,,1,4200,N,FAUDREE,RD,500,F,E,ECL,,,11,4,0,2,1,1,1,2:04 AM,DISPATCHED,2:20 AM,11/9/2013,N,TX06802,1873,,,,8,2,4,21,64,54,2,2,1,21,21,68,315,31.91930771,-102.2921372,SH,191,,8.345,SH0191,,2296,1,9.379,268,-0.504,,,,,,,,,Y,Y,N,5,8,Y,SAT,4,0,4,10,38,2,4,400,76,48,2,0,0,2,8,5,2,20,5,3,30,3,12,23184,2014,23184,10.8,2.4,13.2,,,,,,,,,,,,,,,,,,,,,,,,,,,0,0,0,5,0,0,0,174,,,
13752833,N,N,N,N,N,N,N,11/24/2013,12:45 AM,13-328015,,71,136,N,Y,,,1,10,,1,16,,I10EAST,HWY,N,N,60,N,N,,N,19,,,1,600,,EXECUTIVE,DR,,,,,,,4,4,0,,4,6,20,12:45 AM,DISPATCHED,12:45 AM,11/24/2013,Y,TX0710200,1259,,,134,1,2,4,20,64,37,1,1,1,21,21,71,136,,,IH,10,,,IH0010,,,,,,,,,,,,,,,Y,Y,N,5,9,N,SUN,,,,,,,,,,,,,,,,,,,,,,,,,,,,,,,,,,,,,,,,,,,,,,,,,,,,,,,,0,0,0,5,0,0,0,,,,
13752846,N,N,N,N,N,N,N,11/20/2013,7:03 AM,13-324033,,71,136,N,Y,31.86018,-106.58709,19,,,1,100,E,REDD,RD,N,N,40,N,N,,N,19,,,1,,,GUS RALLIS,,,,,,,,11,1,0,,1,1,1,7:04 AM,DISPATCHED,7:15 AM,11/20/2013,Y,TX0710200,1259,,,,8,2,4,22,64,51,1,5,1,21,21,71,136,31.86316913,-106.583282,,,,,E REDD RD,,,,,,,,,,,,,,,Y,N,N,5,9,Y,WED,,,,,,,,,,,,,,,,,,,,,,,,,,,,,,,,,,,,,,,,,,,,,,,,,,,,,,,,0,0,0,2,0,0,0,66,,,
13754061,N,N,N,N,N,N,N,12/7/2013,9:00 PM,13-3411532,,227,22,N,Y,,,2,290,,1,6700,E,PROPER,,N,N,65,N,N,,N,19,,,,,,BERKMAN,RD,,,,,,,2,4,0,2,3,6,1,9:00 PM,DISPATCH,9:03 PM,12/7/2013,Y,TX2270100,74,,75,95,2,7,4,1,41,1,1,2,2,21,21,227,22,30.3213932,-97.68908316,US,290,,126.446,US0290,,114,1,3.392,588,-0.806,,,,,,,,,Y,Y,N,5,9,Y,SAT,5,0,6,10,36,2,5,190,92,60,4,0,0,2,12,5,2,20,5,3,24,4,12,25436,2014,25436,6.1,5.3,11.4,,,,,,,,,,,,,,,,,,,,,,,,,,,0,0,0,1,0,0,0,90,,,
13756469,N,N,N,N,N,N,N,10/11/2013,8:35 PM,13-100982,,220,156,N,Y,32.79703,-97.37375,19,,,1,2500,NE,28TH,ST,N,N,45,N,N,,Y,19,,,1,2750,,WARFIELD,AVE,,,,,,,11,4,2,3,1,1,5,8:53 PM,DISPATCHED,8:59 PM,10/11/2013,N,TX2201200,1318,4,29,23,8,2,2,22,64,38,1,2,1,21,21,220,156,32.79520217,-97.32348135,SH,183,,14.019,SH0183,,94,1,10.277,566,-0.353,,,,WARFIELD ST,,,,,Y,Y,N,5,9,Y,FRI,2,0,0,0,0,9,4,80,64,64,6,1,1,1,0,0,1,0,0,0,0,4,14,21348,2014,21348,3.6,5,8.5,,,,,,,,,,,,,,,,,,,,,,,,,,,0,0,0,2,1,0,0,282,,,
13758945,N,N,N,N,N,N,N,11/23/2013,8:51 PM,13-116368,,220,156,N,Y,32.73187,-97.36145,19,,,1,1400,S,UNIVERSITY,DR,N,N,35,N,N,PAVED RD,N,19,,,,3000,W,ROSEDALE,ST,,,,,PAVED RD,,12,4,3,,1,1,1,8:52 PM,RADIO,8:53 PM,11/23/2013,Y,TX2201200,1318,4,19,23,8,2,4,21,64,9,1,5,1,21,21,220,156,32.73225429,-97.36152243,,,,,S UNIVERSITY DR,1400,,,,,,,,,,,,,,Y,N,N,3,9,Y,SAT,,,,,,,,,,,,,,,,,,,,,,,,,,,,,,,,,,,,,,,,,,,,,,,,,,,,,,,,0,0,1,2,0,1,0,282,,,
13780675,N,N,N,N,N,N,N,11/11/2013,3:47 AM,2013007947,,4,368,N,Y,,,1,35,N,7,4206,,NOT REPORTED,,Y,N,0,N,N,,N,1,35,N,,4206,,NOT REPORTED,,,,,,,,11,3,0,,7,1,1,11:28 AM,POLICE DISPATCH,11:28 AM,11/18/2013,Y,TX0040200,2033,,,,8,7,4,4,32,54,7,9,5,33,21,4,368,,,,,,,IH0035N,,,,,,,,,,,,,,,N,Y,N,5,4,N,MON,,,,,,,,,,,,,,,,,,,,,,,,,,,,,,,,,,,,,,,,,,,,,,,,,,,,,,,,0,0,0,1,0,0,0,,,,
13786015,N,N,N,N,N,Y,N,10/31/2013,1:25 AM,1300021452,,15,435,N,Y,,,19,,,7,100,,NATIONAL BLVD,BLVD,N,N,20,N,N,,Y,19,,,1,200,,TRUDY,LN,,,,,,,2,4,0,,1,2,8,1:30 AM,DISPATCHED,1:32 AM,3/7/2014,Y,TX0151400,2328,,8,46,8,7,2,2,34,54,1,5,2,21,21,15,435,29.55051494,-98.28672236,,,,,NATIONAL BLVD,169,,,,,,,,,TRUDY LN,,,,,Y,N,N,2,5,Y,THU,,,,,,,,,,,,,,,,,,,,,,,,,,,,,,,,,,,,,,,,,,,,,,,,,,,,,,,,0,1,0,1,0,1,0,28,,,
13839777,N,N,N,N,N,N,N,10/25/2013,8:04 PM,13-2981674,,227,22,N,Y,,,19,,,1,2400,W,PARMER WB,LN,N,N,45,N,N,,N,19,,,,12500,,TOMANET,,,,,,,,11,4,4,,1,1,5,8:04 PM,DISPATCH,8:15 PM,10/25/2013,Y,TX2270100,74,,46,64,8,2,2,20,64,9,1,5,1,21,21,227,22,30.418211,-97.70089497,,,,,W PARMER LN,,,,,,,,,,TOMANET TRL,,,,,Y,N,N,2,9,Y,FRI,,,,,,,,,,,,,,,,,,,,,,,,,,,,,,,,,,,,,,,,,,,,,,,,,,,,,,,,0,1,0,3,0,1,0,90,,,
13875156,N,N,N,N,N,N,N,11/6/2013,8:12 AM,2013-027852,,123,30,N,Y,,,2,69,,1,8200,,EASTEX,FWY,N,N,75,N,N,,N,19,,,1,6400,,CHINN,,,,,,,,11,1,0,2,2,1,20,8:14 AM,DISPATCHED,8:19 AM,11/6/2013,Y,TX1230100,104,,,,8,2,4,22,64,42,1,2,1,21,21,123,30,30.15353937,-94.18065489,US,69,,319.304,US0069,,65,7,1.678,518,-0.287,,,,,,,,,Y,Y,N,3,8,Y,WED,4,0,4,10,19,3,4,400,80,48,6,0,0,2,8,5,2,20,5,2,11,3,12,50325,2014,50325,1.6,7.8,9.4,,,,,,,,,,,,,,,,,,,,,,,,,,,0,0,1,2,0,1,0,135,,,
13886633,N,N,N,N,N,Y,N,11/9/2013,5:48 PM,A13-34981,,108,295,N,Y,,,19,,,1,300,N,MAYBERRY,RD,N,N,30,N,N,,N,19,,,,800,E,REYNOSA,ST,,,,,,,2,5,2,,1,2,11,5:48 PM,DISPATCH,5:52 PM,11/10/2013,Y,TX1081002,1791,,,,8,2,1,34,64,54,1,5,1,21,21,108,295,26.20823915,-98.31886001,,,,,N MAYBERRY ST,327,,,,,,,,,E REYNOSA ST,,,,,Y,N,N,2,7,Y,SAT,,,,,,,,,,,,,,,,,,,,,,,,,,,,,,,,,,,,,,,,,,,,,,,,,,,,,,,,0,3,0,1,0,3,0,230,,,
13956210,N,N,N,N,N,Y,N,11/22/2013,8:45 AM,130161829,4500081,101,208,N,Y,,,1,10,,1,5000,W,EH IH 10 WB,FWY,N,N,60,N,N,FIVE LANE WEST BOUND,N,1,,,,600,W,WACO,ST,,,,,FOUR LANE N/S STREET,,2,0,0,,1,2,20,10:30 AM,WALK-IN,10:30 AM,11/22/2013,Y,TX1015100,2746,41,38,256,8,2,4,20,64,1,1,1,1,21,21,101,208,,,IH,10,,,IH0010,,,,,,,,,,,,,,,Y,Y,N,5,9,N,FRI,,,,,,,,,,,,,,,,,,,,,,,,,,,,,,,,,,,,,,,,,,,,,,,,,,,,,,,,0,0,0,1,1,0,0,,,,
14000925,N,N,N,N,N,N,N,12/5/2013,6:35 PM,,2013243304,246,870,N,Y,,,4,685,,1,900,,BLOCK FM 685,,N,N,60,N,N,,Y,19,,,1,100,,BLOCK RIVERWALK,,,,,,,,11,3,2,,1,1,8,6:35 PM,DISPATCHED,6:36 PM,12/5/2013,Y,TX2460400,1506,,,,8,2,1,14,64,54,1,3,1,21,21,246,870,,,FM,685,,,FM0685,,,,,,,,,,BLOCK RIVERWALK,,,,,Y,Y,N,5,5,N,THU,,,,,,,,,,,,,,,,,,,,,,,,,,,,,,,,,,,,,,,,,,,,,,,,,,,,,,,,0,0,0,2,0,0,0,,,,
14083225,N,N,N,N,N,Y,N,10/16/2013,10:40 AM,13-37679,,152,270,N,Y,,,2,84,,1,3700,,CLOVIS,RD,N,N,55,N,N,,Y,19,,,1,900,,289,LOOP,,,,,,,11,1,3,2,1,1,8,10:40 AM,ON VIEW,10:40 AM,10/16/2013,Y,TX1520200,1706,,,,8,2,1,10,64,54,1,2,1,21,21,152,270,33.61685095,-101.8919448,US,84,,65.019,US0084,,52,7,14.701,314,0.744,,,,N TX 289 LOOP,,,,,Y,Y,N,5,8,Y,WED,4,0,0,10,44,3,4,230,76,52,4,1,0,1,0,0,2,20,5,1,44,4,14,9243,2014,9243,2.2,5.8,8,,,,,,,,,,,,,,,,,,,,,,,,,,,0,0,0,4,0,0,0,122,,,
14277099,N,N,N,N,N,N,N,10/26/2013,4:55 PM,13-09891,,84,165,N,Y,,,19,,,1,7500,,STEWART,RD,N,N,35,N,N,2 LN W/MEDIAN,Y,19,,,1,,,75TH,ST,,,,,2 LN NO MEDIAN,,11,1,0,,1,1,8,4:57 PM,VIA RADIO,4:59 PM,10/26/2013,Y,TX0840400,1341,,,,8,2,1,10,64,54,1,5,1,21,21,84,165,29.26018488,-94.84003325,,,,,STEWART RD,7499,,,,,,,,,75TH ST,,,,,Y,N,N,5,6,Y,SAT,,,,,,,,,,,,,,,,,,,,,,,,,,,,,,,,,,,,,,,,,,,,,,,,,,,,,,,,0,0,0,3,0,0,0,15,,,
14380671,N,Y,N,N,N,N,N,11/10/2013,5:18 AM,133140445,,227,22,N,Y,,,1,35,,1,6500,,NOT REPORTED,,N,N,65,N,N,,N,19,,,,900,E,E WILLIAM CANNON DR,,,,,,,,12,3,0,,1,1,1,5:18 AM,DISPATCH,5:18 AM,11/10/2013,N,TX2270100,74,1042,99,130,8,4,4,1,64,54,1,1,3,21,21,227,22,,,IH,35,,,IH0035,,,,,,,,,,,,,,,Y,Y,N,3,9,N,SUN,,,,,,,,,,,,,,,,,,,,,,,,,,,,,,,,,,,,,,,,,,,,,,,,,,,,,,,,0,0,1,1,0,1,0,,,,
13596465,N,N,N,N,N,N,N,12/13/2013,6:18 PM,SAPD13273083,7330,15,379,N,Y,,,2,10,,1,14000,,I H 10 W,HWY,N,N,65,Y,N,,N,19,,,,5600,,U T S A BLVD,,,,,,,,12,3,0,2,1,2,1,6:20 PM,DISPATCHED,6:34 PM,12/13/2013,Y,TXSPD0000,2473,,61,123,8,10,4,1,1,49,1,1,3,21,21,15,379,29.57898341,-98.5958531,IH,10,,555.847,IH0010,,72,8,5.182,558,-0.457,,,,,,,,,Y,Y,N,5,9,Y,FRI,5,0,6,8,21,2,7,315,120,84,4,0,0,2,18,5,2,18,5,,3,4,11,149420,2014,149420,1.9,2.8,4.7,1,30,0,2,0,,,,,,,,,,,,,,,,,,,,,,0,0,0,1,0,0,0,28,,,
13597077,N,N,N,N,N,N,N,12/14/2013,5:16 PM,0155415613T,,101,208,N,Y,,,1,610,,1,2000,W,WEST LP S,,N,N,60,N,N,CONCRETE,Y,19,,,1,5000,,RICHMOND,AVE,,,,,,,11,1,0,,1,1,20,5:17 PM,DISPATCHED,5:27 PM,12/14/2013,Y,TXHPD0000,2469,24,106,54,8,2,4,21,64,9,1,1,1,21,21,101,208,,,IH,610,,,IH0610,,,,,,,,,,,,,,,Y,Y,N,5,9,N,SAT,,,,,,,,,,,,,,,,,,,,,,,,,,,,,,,,,,,,,,,,,,,,,,,,,,,,,,,,0,0,0,3,0,0,0,,,,
13597213,N,N,N,N,N,N,N,12/15/2013,1:39 AM,315929A,FLID # 315964A,57,107,N,Y,,,19,,,1,500,N,MASTERS,DR,N,N,35,N,N,,N,19,,,,10200,,ELAM,RD,,,,,,,11,4,4,,1,1,5,1:41 AM,DISPATCHED,2:07 AM,12/15/2013,N,TX0000006,2471,,,71,8,7,4,1,29,54,1,5,4,21,21,57,107,32.7197358,-96.64849261,,,,,N MASTERS DR,,,,,,,,,,,,,,,Y,N,N,0,9,Y,SUN,,,,,,,,,,,,,,,,,,,,,,,,,,,,,,,,,,,,,,,,,,,,,,,,,,,,,,,,0,0,0,0,1,0,0,282,,,
13597482,N,N,N,N,N,N,N,12/13/2013,6:50 PM,1312-0181,2,246,72,N,Y,,,4,1431,,1,1600,E,WHITESTONE,BLVD,N,N,50,N,N,,N,19,,,,1100,,COTTONWOOD CREEK,DR,,,,,,,12,4,0,2,1,2,20,6:52 PM,DISPATCHED,7:01 PM,12/14/2013,N,TX2460900,224,,,27,8,2,3,34,64,13,1,3,1,32,21,246,72,30.52866667,-97.80410761,RM,1431,,59.415,RM1431,,1378,2,3.472,558,-0.514,,,,,,,,,Y,Y,N,5,7,Y,FRI,3,0,2,10,12,2,4,200,72,48,4,1,1,2,4,5,2,20,5,1,8,4,14,34732,2014,34732,12,1.2,13.2,,,,,,,,,,,,,,,,,,,,,,,,,,,0,0,0,1,1,0,0,90,,,
13597667,N,N,N,N,N,N,N,12/13/2013,6:07 PM,1300023668,,133,234,N,Y,30.03279,-99.14399,3,27,,1,1100,,SIDNEY BAKER SOUTH,,N,N,45,N,N,,Y,3,173,,1,1300,,BANDERA,HWY,,,,,,,12,4,2,3,1,2,5,6:07 PM,DISPATCHED,6:10 PM,12/13/2013,Y,TX1330100,1583,,,35,8,2,1,34,64,3,1,2,1,21,21,133,234,30.03293991,-99.14421082,SH,16,,282.387,SH0016,1171,291,3,2.082,516,-0.779,SH,173,,SH0173,,609,1,0,Y,Y,N,5,5,Y,FRI,2,0,0,0,0,2,4,100,65,65,4,1,1,1,0,0,1,0,0,0,0,2,14,18844,2014,18844,8.2,5.5,13.7,,,,,,,,,,,,,,,,,,,,,,,,,,,0,0,0,5,0,0,0,,,,
13597806,N,N,N,N,N,N,N,12/13/2013,10:08 AM,13-50834,,108,331,N,Y,,,1,2,,1,1600,W,INTERSTATE 2,,N,N,65,Y,N,,N,,,,,,,NOT REPORTED,,1,M,W,866,,,11,1,0,2,1,1,1,10:08 AM,DISPATCHED,10:13 AM,12/13/2013,Y,TX1081100,1926,,,35,8,2,4,20,64,50,1,1,1,20,21,108,283,26.19683595,-98.20474358,IH,2,,14.128,IH0002,,39,17,25.788,866,-1,,,,NOT REPORTED,,,,,Y,Y,N,5,8,Y,FRI,5,0,8,10,20,2,6,300,108,72,4,0,0,2,18,5,2,18,5,2,2,4,11,90664,2014,90664,3.4,2.4,5.9,,,,,,,,,,,,,,,,,,,,,,,,,,,0,0,0,2,0,0,0,230,,,
13598194,N,N,N,N,N,N,N,12/13/2013,7:20 PM,314759A,314760A,57,107,N,Y,,,19,,,1,7200,,SKILLMAN,ST,N,N,40,N,N,,N,19,,,,9100,,WALNUT HILL,LN,,,,,,,2,4,0,,1,2,5,7:36 PM,DISPATCHED,7:45 PM,12/13/2013,N,TX0000006,2471,,,33,8,2,2,22,64,38,1,5,1,21,21,57,107,32.87842733,-96.73503476,,,,,SKILLMAN ST,,,,,,,,,,WALNUT HILL LN,,,,,Y,N,N,3,9,Y,FRI,,,,,,,,,,,,,,,,,,,,,,,,,,,,,,,,,,,,,,,,,,,,,,,,,,,,,,,,0,0,2,0,1,2,0,282,,,
13598565,N,N,N,N,N,N,N,12/16/2013,2:22 PM,13-030409,,212,434,N,Y,,,4,2964,,1,6700,,RHONES QUARTER,RD,N,N,55,N,N,,N,19,,,,2900,,ROY,RD,,,,,,,11,1,2,1,1,1,1,2:22 PM,DISPATCH,2:40 PM,12/16/2013,Y,TX2120400,2316,,,170,8,7,2,1,20,3,1,3,2,21,21,212,1777,32.27481589,-95.2606557,FM,2964,,1.448,FM2964,14115,3021,1,1.433,296,-0.601,,,,ROY RD,,,,,Y,Y,Y,5,0,Y,MON,2,0,3,3,0,2,2,100,30,24,2,0,0,2,3,5,2,3,5,0,0,3,17,4980,2014,4980,1.8,0.7,2.4,,,,,,,,,,,,,,,,,,,,,,,,,,,0,0,0,1,0,0,0,213,,,
13598567,N,N,N,N,N,N,N,12/14/2013,1:30 PM,315797A,315796a,57,107,N,N,,,19,,,1,5100,,BOURQUIN,ST,N,N,30,N,N,,N,19,,,,3700,,DIXSON,AVE,,,,,,,11,1,0,,1,1,20,9:31 PM,DISPATCHED,9:41 PM,12/14/2013,N,TX0000006,2471,,,27,8,4,4,4,64,54,1,5,1,21,21,57,107,32.76513425,-96.73675259,,,,,BOURQUIN ST,5100,,,,,,,,,,,,,,N,N,N,0,9,Y,SAT,,,,,,,,,,,,,,,,,,,,,,,,,,,,,,,,,,,,,,,,,,,,,,,,,,,,,,,,0,0,0,0,1,0,0,282,,,
13598800,N,N,N,N,N,N,N,12/14/2013,1:05 PM,13-7729,,79,413,N,Y,,,3,6,,1,2600,S,SH 6,HWY,N,N,45,N,N,,N,19,,,,15600,,LEXINGTON,BLVD,,,,,,,12,1,0,2,1,1,11,1:07 PM,POLICE DISPATCH,1:24 PM,12/14/2013,Y,TX0790500,2189,,,35,8,2,4,20,64,42,1,2,1,21,21,79,413,29.5955937,-95.61475379,SH,6,,505.414,SH0006,,192,1,2.491,688,-0.484,,,,,,,,,Y,Y,N,5,7,Y,SAT,3,0,0,0,1,9,6,100,80,80,5,0,0,1,0,0,1,0,0,3,1,4,14,56745,2014,56745,3.9,1.4,5.2,,,,,,,,,,,,,,,,,,,,,,,,,,,0,0,0,2,0,0,0,15,,,
13599531,N,N,N,N,N,N,N,12/16/2013,7:45 AM,TJ121613,,45,1610,Y,Y,29.71882,-96.4432,1,10,,1,,,NOT REPORTED,,N,N,75,N,N,,N,,,,,,,NOT REPORTED,,5,M,W,702,,,11,1,0,2,6,1,11,7:47 AM,CCSO - RADIO,7:57 AM,12/17/2013,Y,,10000,15,52,1,8,7,4,1,39,25,1,1,4,21,21,45,1610,29.69650005,-96.53188742,IH,10,,695.683,IH0010,,535,8,19.339,702,-5,,,,NOT REPORTED,,,,,Y,Y,Y,2,0,Y,MON,5,0,4,10,60,9,4,400,76,48,6,0,0,2,8,5,2,20,5,2,52,1,1,49822,2014,49822,5.2,29.6,34.8,,,,,,,,,,,,,,,,,,,,,,,,,,,0,1,0,0,0,1,0,,,,
13600944,N,N,N,N,N,N,N,12/13/2013,8:50 PM,,,57,107,N,Y,32.99702,-96.82883,12,,,1,,,DALLAS NORTH TOLLWAY,,N,Y,65,N,N,,N,,,,,,,NOT REPORTED,,100,F,S,750,,,11,4,0,,1,2,20,9:27 PM,DISPATCHED,9:44 PM,12/16/2013,Y,,10000,46,107,1,8,2,4,21,64,1,1,6,1,21,21,43,107,32.99702,-96.82905255,,,,,DALLAS NORTH TLWY N,18186,,,,,,,,,NOT REPORTED,,,,,Y,N,N,5,9,Y,FRI,,,,,,,,,,,,,,,,,,,,,,,,,,,,,,,,,,,,,,,,,,,,,,,,,,,,,,,,0,0,0,2,0,0,0,282,,,