Crash_ID,Crash_Fatal_Fl,Cmv_Involv_Fl,Schl_Bus_Fl,Rr_Relat_Fl,Medical_Advisory_Fl,Amend_Supp_Fl,Active_School_Zone_Fl,Crash_Date,Crash_Time,Case_ID,Local_Use,Rpt_CRIS_Cnty_ID,Rpt_City_ID,Rpt_Outside_City_Limit_Fl,Thousand_Damage_Fl,Rpt_Latitude,Rpt_Longitude,Rpt_Rdwy_Sys_ID,Rpt_Hwy_Num,Rpt_Hwy_Sfx,Rpt_Road_Part_ID,Rpt_Block_Num,Rpt_Street_Pfx,Rpt_Street_Name,Rpt_Street_Sfx,Private_Dr_Fl,Toll_Road_Fl,Crash_Speed_Limit,Road_Constr_Zone_Fl,Road_Constr_Zone_Wrkr_Fl,Rpt_Street_Desc,At_Intrsct_Fl,Rpt_Sec_Rdwy_Sys_ID,Rpt_Sec_Hwy_Num,Rpt_Sec_Hwy_Sfx,Rpt_Sec_Road_Part_ID,Rpt_Sec_Block_Num,Rpt_Sec_Street_Pfx,Rpt_Sec_Street_Name,Rpt_Sec_Street_Sfx,Rpt_Ref_Mark_Offset_Amt,Rpt_Ref_Mark_Dist_Uom,Rpt_Ref_Mark_Dir,Rpt_Ref_Mark_Nbr,Rpt_Sec_Street_Desc,Rpt_CrossingNumber,Wthr_Cond_ID,Light_Cond_ID,Entr_Road_ID,Road_Type_ID,Road_Algn_ID,Surf_Cond_ID,Traffic_Cntl_ID,Investigat_Notify_Time,Investigat_Notify_Meth,Investigat_Arrv_Time,Report_Date,Investigat_Comp_Fl,ORI_Number,Investigat_Agency_ID,Investigat_Area_ID,Investigat_District_ID,Investigat_Region_ID,Bridge_Detail_ID,Harm_Evnt_ID,Intrsct_Relat_ID,FHE_Collsn_ID,Obj_Struck_ID,Othr_Factr_ID,Road_Part_Adj_ID,Road_Cls_ID,Road_Relat_ID,Phys_Featr_1_ID,Phys_Featr_2_ID,Cnty_ID,City_ID,Latitude,Longitude,Hwy_Sys,Hwy_Nbr,Hwy_Sfx,Dfo,Street_Name,Street_Nbr,Control,Section,Milepoint,Ref_Mark_Nbr,Ref_Mark_Displ,Hwy_Sys_2,Hwy_Nbr_2,Hwy_Sfx_2,Street_Name_2,Street_Nbr_2,Control_2,Section_2,Milepoint_2,Txdot_Rptable_Fl,Onsys_Fl,Rural_Fl,Crash_Sev_ID,Pop_Group_ID,Located_Fl,Day_of_Week,Hwy_Dsgn_Lane_ID,Hwy_Dsgn_Hrt_ID,Hp_Shldr_Left,Hp_Shldr_Right,Hp_Median_Width,Base_Type_ID,Nbr_Of_Lane,Row_Width_Usual,Roadbed_Width,Surf_Width,Surf_Type_ID,Curb_Type_Left_ID,Curb_Type_Right_ID,Shldr_Type_Left_ID,Shldr_Width_Left,Shldr_Use_Left_ID,Shldr_Type_Right_ID,Shldr_Width_Right,Shldr_Use_Right_ID,Median_Type_ID,Median_Width,Rural_Urban_Type_ID,Func_Sys_ID,Adt_Curnt_Amt,Adt_Curnt_Year,Adt_Adj_Curnt_Amt,Pct_Single_Trk_Adt,Pct_Combo_Trk_Adt,Trk_Aadt_Pct,Curve_Type_ID,Curve_Lngth,Cd_Degr,Delta_Left_Right_ID,Dd_Degr,Feature_Crossed,Structure_Number,I_R_Min_Vert_Clear,Approach_Width,Bridge_Median_ID,Bridge_Loading_Type_ID,Bridge_Loading_In_1000_Lbs,Bridge_Srvc_Type_On_ID,Bridge_Srvc_Type_Under_ID,Culvert_Type_ID,Roadway_Width,Deck_Width,Bridge_Dir_Of_Traffic_ID,Bridge_Rte_Struct_Func_ID,Bridge_IR_Struct_Func_ID,CrossingNumber,RRCo,Poscrossing_ID,WDCode_ID,Standstop,Yield,Incap_Injry_Cnt,Nonincap_Injry_Cnt,Poss_Injry_Cnt,Non_Injry_Cnt,Unkn_Injry_Cnt,Tot_Injry_Cnt,Death_Cnt,MPO_ID,Investigat_Service_ID,Investigat_DA_ID,Investigator_Narrative
13607162,N,N,N,N,N,N,N,12/21/2013,12:35 AM,SAPD13278842,3240,15,379,N,Y,,,19,,,1,6100,,STAHL,RD,N,N,35,N,N,,N,19,,,,16600,,BASIN OAK,,,,,,,,2,3,0,,3,2,11,12:36 AM,DISPATCHED,12:39 AM,12/21/2013,Y,TXSPD0000,2473,,29,131,8,2,4,30,64,33,1,5,1,21,21,15,379,29.59167257,-98.36850971,,,,,STAHL RD,6126,,,,,,,,,,,,,,Y,N,N,5,9,Y,SAT,,,,,,,,,,,,,,,,,,,,,,,,,,,,,,,,,,,,,,,,,,,,,,,,,,,,,,,,0,0,0,2,0,0,0,28,,,
13607267,N,N,N,N,N,N,N,12/20/2013,8:15 AM,2013-5294,,50,95,N,Y,,,4,116,,1,200,N,1ST,ST,N,N,30,N,N,,N,19,,,,100,W,B,AVE,,,,,,,12,1,0,1,1,1,1,8:17 AM,DISPATCHED,8:19 AM,12/20/2013,Y,TX0500100,1112,,,35,8,2,4,22,64,42,1,3,1,21,21,50,95,31.1242688,-97.90355931,FM,116,,24.057,FM0116,199,724,1,24.058,384,0.11,,,,,,,,,Y,Y,N,3,6,Y,FRI,2,0,0,0,0,2,2,100,24,24,2,0,0,1,0,0,1,0,0,0,0,4,16,7166,2014,7166,1.5,9.3,10.8,,,,,,,,,,,,,,,,,,,,,,,,,,,0,0,1,2,0,1,0,277,,,
13607279,N,N,N,N,N,N,N,12/20/2013,5:15 PM,2013-50274,,101,29,N,Y,,,19,,,1,5200,N,MAIN,ST,N,N,45,N,N,4 LN WITH TURN LANE,N,19,,,,100,E,ARCHER,RD,,,,,2 LN CENTER STRIPE,,2,1,0,,1,2,20,5:18 PM,ON VIEW,5:18 PM,12/21/2013,Y,TX1010100,100,,,44,8,2,4,21,64,7,1,5,1,21,21,101,1666,29.78971255,-94.96407402,,,,,N MAIN ST,5792,,,,,,,,,,,,,,Y,N,Y,5,0,Y,FRI,,,,,,,,,,,,,,,,,,,,,,,,,,,,,,,,,,,,,,,,,,,,,,,,,,,,,,,,0,0,0,3,0,0,0,15,,,
13607618,N,N,N,N,N,N,N,12/18/2013,4:00 PM,0157134813Z,,101,208,N,Y,,,19,,,7,16900,,NORTHCHASE,DR,N,N,20,N,N,CONCRETE,N,19,,,,,,GREENS,RD,,,,,,,11,1,0,,1,1,1,4:05 PM,DISPATCHED,4:08 PM,12/18/2013,Y,TXHPD0000,2469,52,152,59,8,4,4,1,64,54,7,9,5,33,21,101,208,,,,,,,NORTHCHASE DR,,,,,,,,,,,,,,,N,N,N,5,9,N,WED,,,,,,,,,,,,,,,,,,,,,,,,,,,,,,,,,,,,,,,,,,,,,,,,,,,,,,,,0,0,0,2,0,0,0,,,,
13607809,N,N,N,N,N,N,N,12/17/2013,8:16 AM,0156509713O,,101,208,N,Y,,,1,610,,1,6200,S,SOUTH LP E,,N,N,60,N,N,FIVE LANES WEST BOUND,N,19,,,,,,GROVEWAY,,,,,,,,11,1,0,,1,1,20,8:21 AM,DISPATCHED,8:29 AM,12/17/2013,Y,TXHPD0000,2469,16,104,28,8,2,4,21,64,9,1,1,1,21,21,101,208,,,IH,610,,,IH0610,,,,,,,,,,,,,,,Y,Y,N,5,9,N,TUE,,,,,,,,,,,,,,,,,,,,,,,,,,,,,,,,,,,,,,,,,,,,,,,,,,,,,,,,0,0,0,3,0,0,0,,,,
13607847,N,N,N,N,N,N,N,12/20/2013,7:24 PM,130068647,440,220,19,N,Y,,,14,303,,1,1300,E,PIONEER,PKWY,N,N,45,N,N,,N,19,,,,2200,,BROWNING,DR,,,,,,,5,4,0,2,1,1,5,7:40 PM,DISPACTCHED,7:44 PM,12/20/2013,Y,TX2200100,59,,,439,8,2,2,22,64,5,1,2,1,21,21,220,19,32.70890734,-97.08541017,SS,303,,9.154,SS0303,,2208,1,19.139,570,-0.847,,,,BROWNING DR,,,,,Y,Y,N,2,9,Y,FRI,3,0,0,0,14,3,6,140,108,108,5,1,1,1,0,0,1,0,0,1,14,4,14,33211,2014,33211,2.5,0.4,2.9,,,,,,,,,,,,,,,,,,,,,,,,,,,0,1,0,2,0,1,0,282,,,
13608021,N,N,N,N,N,N,N,12/19/2013,6:36 PM,0157661813R,FSGI,101,208,N,Y,,,19,,,1,9400,,CULLEN,BLVD,N,N,35,N,N,,Y,19,,,1,4700,,PEDERSON,,,,,,,,11,4,2,2,1,1,8,6:39 PM,DISPATCH,6:39 PM,12/19/2013,Y,TXHPD0000,2469,24,104,49,8,2,1,10,64,54,1,3,1,21,21,101,208,29.65590474,-95.35542654,FM,865,,3.402,FM0865,9400,976,1,3.413,476,-0.17,IH,610,,IH0610,,,,,Y,Y,N,5,9,Y,THU,3,0,0,0,12,2,4,80,48,48,4,1,1,1,0,0,1,0,0,1,12,4,14,20523,2014,20523,3.9,1.4,5.2,,,,,,,,,,,,,,,,,,,,,,,,,,,0,0,0,5,1,0,0,15,,,
13608038,N,N,N,N,N,N,N,12/21/2013,5:00 PM,321438A,,57,107,N,Y,,,19,,,1,2000,,LEWISTON,AVE,N,N,25,N,N,,N,19,,,,9900,,HUSTEAD,AVE,,,,,,,11,1,0,,4,2,20,4:50 PM,DISPATCHED,5:04 PM,12/21/2013,Y,TX0000006,2471,,,27,8,2,4,30,64,54,1,5,1,21,21,57,107,32.74765425,-96.65115552,,,,,LEWISTON AVE,2021,,,,,,,,,,,,,,Y,N,N,5,9,Y,SAT,,,,,,,,,,,,,,,,,,,,,,,,,,,,,,,,,,,,,,,,,,,,,,,,,,,,,,,,0,0,0,7,1,0,0,282,,,
13608101,N,N,N,N,N,N,N,12/16/2013,5:18 PM,13-51347,,108,331,N,N,,,2,83,,1,1200,W,US EXPRESSWAY 83,EXPY,N,N,70,N,N,,N,19,,,,1000,N,SUGAR,RD,,,,,,,11,1,0,3,1,1,1,5:18 PM,DISPATCH,5:25 PM,12/16/2013,Y,TX1081100,1926,,,35,8,2,4,21,64,31,1,2,1,21,21,108,331,26.19794953,-98.20051011,BU,83,S,15.098,BU0083S,,39,3,9.46,514,-0.85,,,,,,,,,N,Y,N,5,7,Y,MON,2,0,0,0,0,2,5,90,73,70,4,1,2,1,0,0,1,0,0,0,0,4,14,11597,2014,11597,1.3,0.2,1.5,,,,,,,,,,,,,,,,,,,,,,,,,,,0,0,0,5,0,0,0,230,,,
13609091,N,N,N,N,N,N,N,12/14/2013,7:00 PM,13NP083886,,220,312,N,Y,,,4,1938,,1,5100,,DAVIS,BLVD,N,N,40,N,N,,Y,19,,,1,7800,,MAPLEWOOD,,,,,,,,11,4,0,,1,1,21,7:06 PM,DISPATCHED,7:09 PM,12/14/2013,Y,TX2202100,1860,,,44,8,2,2,22,64,38,1,3,1,21,21,220,312,,,FM,1938,,,FM1938,,,,,,,,,,MAPLEWOOD,,,,,Y,Y,N,3,7,N,SAT,,,,,,,,,,,,,,,,,,,,,,,,,,,,,,,,,,,,,,,,,,,,,,,,,,,,,,,,0,0,1,4,0,1,0,,,,
13609336,N,N,N,N,N,N,N,12/19/2013,7:00 PM,P133530638,District 2,79,1644,Y,Y,,,4,1093,,2,21100,,NOT REPORTED,,N,N,50,N,N,2 LANE ONE WAY FEEDER ROAD,N,19,,,,7000,,CREEKS END,BLVD,,,,,2 LANE DIVIDED ROADWAY,,11,3,0,,1,2,20,7:07 PM,DISPATCHED,7:10 PM,12/19/2013,Y,TX0790000,1312,,,35,8,2,4,22,64,41,2,3,1,21,21,79,1644,29.70165114,-95.753771,,,,,FM 1093,21475,,,,,,,,,,,,,,Y,N,Y,5,0,Y,THU,,,,,,,,,,,,,,,,,,,,,,,,,,,,,,,,,,,,,,,,,,,,,,,,,,,,,,,,0,0,0,3,0,0,0,15,,,
13609485,N,N,N,N,N,N,N,12/14/2013,8:38 PM,13-21814,,92,268,N,N,,,11,281,,7,490,E,LOOP 281,,Y,N,-1,N,N,PARKING LOT,N,19,,,,,,4TH,ST,,,,,,,11,4,0,,1,1,1,8:39 PM,DISPATCHED,8:43 PM,12/16/2013,Y,TX0920500,1691,,,27,8,2,4,20,64,54,7,9,5,33,21,92,268,,,SL,281,,,SL0281,,,,,,,,,,,,,,,N,Y,N,5,7,N,SAT,,,,,,,,,,,,,,,,,,,,,,,,,,,,,,,,,,,,,,,,,,,,,,,,,,,,,,,,0,0,0,4,0,0,0,,,,
13609705,N,N,N,N,N,N,N,12/21/2013,1:45 PM,297864,,109,1674,Y,Y,31.84554,-97.08717,1,35,,1,,,NOT REPORTED,,N,N,70,Y,N,,N,,,,,,,NOT REPORTED,,0.5,M,S,357,,,12,1,0,2,1,2,20,2:00 PM,ONVIEW,2:00 PM,12/23/2013,Y,,10000,12,119,1,8,2,4,20,64,49,1,1,1,21,21,109,1674,31.85501237,-97.08465428,IH,35,,355.973,IH0035,,14,7,1.085,357,-0.5,,,,NOT REPORTED,,,,,Y,Y,Y,5,0,Y,SAT,5,0,6,10,38,9,4,260,80,48,6,0,0,2,12,5,2,20,5,3,26,1,1,52686,2014,52686,2.9,29.5,32.4,,,,,,,,,,,,,,,,,,,,,,,,,,,0,0,0,2,0,0,0,,,,
13609800,N,Y,N,N,N,N,N,12/18/2013,10:28 PM,,,175,492,N,Y,,,1,45,,1,,,NOT REPORTED,,N,N,75,N,N,,N,,,,,,,NOT REPORTED,,0.1,M,N,221,,,11,3,0,2,5,1,20,10:28 PM,WITNESSED,10:28 PM,12/20/2013,Y,,10000,8,107,1,8,10,4,1,1,31,1,1,2,21,21,175,1740,31.9557352,-96.42056764,IH,45,,220.948,IH0045,,93,1,7.97,221,0.1,,,,NOT REPORTED,,,,,Y,Y,Y,5,0,Y,WED,5,0,10,10,60,3,4,300,92,48,5,0,0,2,20,5,2,20,5,3,40,1,1,33804,2014,33804,4.4,23.9,28.3,,,,,,,,,,,,,,,,,,,,,,,,,,,0,0,0,1,0,0,0,,,,
13609806,N,N,N,N,N,N,N,12/16/2013,3:34 PM,13-63418,,108,132,N,N,,,4,2061,,1,1400,S,MCCOLL,RD,N,N,55,N,N,,N,19,,,,2800,W,FREDDY GONZALEZ,DR,,,,,,,11,1,0,3,1,1,20,3:34 PM,RADIO DISPATCHED,3:39 PM,12/17/2013,Y,TX1080400,1248,,,35,8,2,4,20,64,54,1,3,1,21,21,108,132,26.29289194,-98.19649306,FM,2061,,3.406,FM2061,1451,1939,1,3.406,718,-0.594,,,,,,,,,N,Y,N,5,7,Y,MON,2,0,0,0,0,2,4,80,65,62,4,2,2,1,0,0,1,0,0,0,0,4,14,17563,2014,17563,1.3,0.6,1.8,,,,,,,,,,,,,,,,,,,,,,,,,,,0,0,0,2,0,0,0,230,,,
13609847,N,N,N,N,N,Y,N,12/16/2013,4:25 PM,,,57,177,N,Y,32.73227,-97.01949,12,,,1,,,PRESIDENT GEORGE BUSH TURNPIKE,,N,Y,70,N,N,,N,,,,,,,NOT REPORTED,,150,F,N,310,,,11,1,0,,2,1,20,4:30 PM,DISPATCHED,4:59 PM,1/28/2014,Y,,10000,22,107,1,8,10,4,1,1,54,1,6,2,21,21,57,177,32.73227114,-97.0194002,,,,,PRESIDENT GEORGE BUSH TPKE,,,,,,,,,,NOT REPORTED,,,,,Y,N,N,5,8,Y,MON,,,,,,,,,,,,,,,,,,,,,,,,,,,,,,,,,,,,,,,,,,,,,,,,,,,,,,,,0,0,0,1,0,0,0,282,,,
13609873,N,N,N,N,N,N,N,12/22/2013,4:33 PM,0158951713U,,101,208,N,Y,,,1,45,,1,4200,S,GULF,FWY,N,N,60,N,N,,N,19,,,,,,SCOTT,ST,,,,,,,11,1,0,,1,1,20,4:34 PM,DISPATCHED,4:50 PM,12/22/2013,Y,TXHPD0000,2469,24,113,29,8,2,4,20,64,54,1,1,1,21,21,101,208,,,IH,45,,,IH0045,,,,,,,,,,,,,,,Y,Y,N,5,9,N,SUN,,,,,,,,,,,,,,,,,,,,,,,,,,,,,,,,,,,,,,,,,,,,,,,,,,,,,,,,0,0,0,6,0,0,0,,,,
13609900,N,Y,N,N,N,N,N,12/17/2013,8:34 AM,2013-63501,,108,132,N,Y,,,19,,,1,1300,N,MONMACK,RD,N,N,30,Y,Y,,N,19,,,,3500,E,CHAPIN,ST,,,,,,,5,1,0,,1,1,20,8:34 AM,RADIO DISPATCHED,8:46 AM,12/17/2013,Y,TX1080400,1248,,,35,8,2,3,17,64,49,1,5,1,32,21,108,1673,26.32074405,-98.19976783,,,,,N MONMACK RD,1483,,,,,,,,,,,,,,Y,N,Y,5,0,Y,TUE,,,,,,,,,,,,,,,,,,,,,,,,,,,,,,,,,,,,,,,,,,,,,,,,,,,,,,,,0,0,0,1,1,0,0,230,,,
13609918,N,N,N,N,N,N,N,12/22/2013,6:52 AM,1300017426,,101,391,N,Y,,,3,146,,1,100,,BAYPORT,BLVD,N,N,45,N,N,,N,19,,,,900,,HARDESTY,,,,,,,,12,1,6,3,1,1,11,6:57 AM,ROLLED UP TO SCENE,6:57 AM,12/22/2013,Y,TX1011700,2103,,,35,8,2,4,21,64,54,1,2,1,21,21,101,391,29.55957205,-95.02505286,SH,146,,96.262,SH0146,944,389,5,7.545,500,0.844,,,,,,,,,Y,Y,N,5,5,Y,SUN,2,0,0,0,0,3,4,100,62,48,5,1,1,1,0,0,1,0,0,0,0,4,12,34018,2014,34018,5.9,2.7,8.6,1,46,2,2,4,,,,,,,,,,,,,,,,,,,,,,0,0,0,2,0,0,0,15,,,
13610061,N,N,N,N,N,N,N,12/17/2013,12:10 PM,2013-53858,,79,371,N,Y,,,19,,,1,3200,,BAMORE,RD,N,N,30,N,N,FOUR LANE CONCRETE/DIVIDED,Y,2,59,,2,27900,,US 59,HWY,,,,,FOUR LANE CONCRETE DIVIDED,,11,1,0,,1,1,8,12:10 PM,DISPATCHED,12:15 PM,12/17/2013,Y,TX0790300,2045,803,189,35,8,2,1,23,64,54,2,2,1,21,21,79,371,29.53221486,-95.81906298,,,,,SOUTHWEST FWY,,,,,,,,,,BAMORE RD,,,,,Y,N,N,5,6,Y,TUE,,,,,,,,,,,,,,,,,,,,,,,,,,,,,,,,,,,,,,,,,,,,,,,,,,,,,,,,0,0,0,3,0,0,0,15,,,
13610168,N,N,N,N,N,N,N,12/16/2013,4:30 AM,,,186,1751,Y,Y,30.3562,-102.44283,2,285,,1,,,NOT REPORTED,,N,N,75,N,N,,N,,,,,,,NOT REPORTED,,0.1,M,N,472,,,11,3,0,3,4,1,11,4:32 AM,DPS COMMUNICATIONS,5:38 AM,12/16/2013,Y,TXDPS2000,10000,8,32,1,8,7,4,1,36,3,1,2,2,21,21,186,1751,30.35471112,-102.4426237,US,285,,153.452,US0285,,293,3,47.833,472,-0.1,,,,NOT REPORTED,,,,,Y,Y,Y,5,0,Y,MON,2,0,6,6,0,1,4,115,60,48,2,0,0,2,6,5,2,6,5,0,0,1,2,1094,2014,1094,4,8.3,12.3,,,,,,,,,,,,,,,,,,,,,,,,,,,0,0,0,1,0,0,0,,,,
13610204,N,N,N,N,N,N,N,12/23/2013,1:52 PM,SAPD13280668,3310,15,379,N,Y,,,1,410,,1,1000,NE,LOOP 410,,N,N,65,N,N,,N,19,,,,2300,,NACOGDOCHES,RD,,,,,,,11,1,98,2,1,1,20,2:11 PM,DISPATCHED,2:23 PM,12/23/2013,Y,TXSPD0000,2473,,29,131,8,2,4,22,64,42,1,1,1,21,21,15,379,29.51606051,-98.45399141,IH,410,,22.86,IH0410,,521,4,23.103,23,0.022,,,,,,,,,Y,Y,N,5,9,Y,MON,5,0,10,10,0,2,6,300,112,72,4,0,0,2,20,5,2,20,5,2,3,4,11,126699,2014,126699,2.9,1.9,4.7,1,161,0,2,4,,,,,,,,,,,,,,,,,,,,,,0,0,0,3,0,0,0,28,,,
13610236,N,N,N,N,N,N,N,12/17/2013,8:58 PM,13-024159,,221,2,N,Y,,,19,,,1,3500,,CARNATION,CT,N,N,30,N,N,,Y,19,,,1,4400,,BRUCE,DR,,,,,,,11,3,0,,1,1,8,8:50 PM,DISPATCH,8:58 PM,12/17/2013,Y,TX2210100,10,,,87,8,1,1,2,64,54,1,5,1,21,21,221,2,32.39735445,-99.76949185,,,,,CARNATION CT,3599,,,,,,,,,BRUCE DR,,,,,Y,N,N,3,8,Y,TUE,,,,,,,,,,,,,,,,,,,,,,,,,,,,,,,,,,,,,,,,,,,,,,,,,,,,,,,,0,0,1,1,0,1,0,166,,,
13610337,N,N,N,N,N,N,N,12/15/2013,3:57 AM,0155660713A,,101,208,N,Y,,,19,,,1,7300,,WASHINGTON,AVE,N,N,35,N,N,CONCRETE,Y,19,,,2,,,KATY SERVICE RD WB,,,,,,,,11,3,4,,1,1,5,3:57 AM,OV,3:57 AM,12/15/2013,Y,TXHPD0000,2469,14,121,33,8,2,1,34,64,54,2,1,1,21,21,101,208,29.77835631,-95.43027302,,,,,WASHINGTON AVE,7300,,,,,,,,,UNKNOWN,,,,,Y,N,N,5,9,Y,SUN,,,,,,,,,,,,,,,,,,,,,,,,,,,,,,,,,,,,,,,,,,,,,,,,,,,,,,,,0,0,0,1,2,0,0,15,,,
13610423,N,N,N,N,N,N,N,12/21/2013,10:00 AM,0158386513K,,101,208,N,Y,,,2,59,,1,3200,N,EASTEX,FWY,N,N,60,N,N,,N,19,,,,1300,,COLLINGSWORTH,ST,,,,,,,2,1,0,,1,2,1,10:13 AM,DISPATCH,10:14 AM,12/21/2013,Y,TXHPD0000,2469,24,124,113,8,7,4,1,58,54,1,2,2,21,21,101,208,,,US,59,,,US0059,,,,,,,,,,,,,,,Y,Y,N,5,9,N,SAT,,,,,,,,,,,,,,,,,,,,,,,,,,,,,,,,,,,,,,,,,,,,,,,,,,,,,,,,0,0,0,3,0,0,0,,,,
13610435,N,N,N,N,N,N,N,12/20/2013,9:43 AM,320232A,,57,107,N,Y,,,1,635,,1,5700,,LYNDON B JOHNSON,FWY,N,N,60,Y,N,,N,19,,,,13100,,MONTFORT,DR,,,,,,,12,1,0,2,1,1,20,9:49 AM,DISPATCHED,9:59 AM,12/20/2013,Y,TX0000006,2471,,,59,8,2,4,20,64,49,1,1,1,21,21,57,107,32.92591847,-96.81026313,IH,635,,22.481,IH0635,,2374,1,9.006,22,-0.097,,,,,,,,,Y,Y,N,5,9,Y,FRI,5,1,2,10,12,2,8,800,140,88,5,0,0,2,4,5,2,20,5,2,8,4,11,201443,2014,201443,5.2,8.7,14,,,,,,,,,,,,,,,,,,,,,,,,,,,0,0,0,6,0,0,0,282,,,
13610457,N,N,N,N,N,N,N,12/21/2013,11:34 AM,,,81,1646,Y,Y,31.80822,-96.26763,1,45,,1,,,NOT REPORTED,,N,N,75,Y,Y,,N,,,,,,,NOT REPORTED,,0.5,M,N,206,,,2,1,0,2,2,2,20,11:38 AM,FCSO,12:34 PM,12/21/2013,Y,,10000,15,119,1,8,2,4,20,64,49,1,1,1,21,21,81,1646,31.8097436,-96.26873191,IH,45,,206.576,IH0045,,675,1,25.662,206,0.5,,,,NOT REPORTED,,,,,Y,Y,Y,5,0,Y,SAT,5,0,6,10,86,9,4,440,78,48,2,0,0,2,11,5,2,19,5,2,75,1,1,27599,2014,27599,3.9,36.5,40.4,,,,,,,,,,,,,,,,,,,,,,,,,,,0,0,0,2,0,0,0,,,,
13610513,N,N,N,N,N,N,N,12/23/2013,8:22 AM,0159175613X,FSGI,101,208,N,Y,,,19,,,1,7700,,BROADVIEW,DR,N,N,30,N,N,,N,19,,,,,,GLENALTA,,,,,,,,11,1,0,,1,1,1,8:22 AM,DISPATCHER,8:32 AM,12/23/2013,Y,TXHPD0000,2469,24,104,28,8,7,2,1,29,54,1,5,2,21,21,101,208,29.67045453,-95.28150257,,,,,BROADVIEW DR,7858,,,,,,,,,GLENLOCH DR,,,,,Y,N,N,0,9,Y,MON,,,,,,,,,,,,,,,,,,,,,,,,,,,,,,,,,,,,,,,,,,,,,,,,,,,,,,,,0,0,0,0,1,0,0,15,,,
13610578,N,N,N,N,N,N,N,12/20/2013,9:00 PM,,,56,1621,Y,Y,36.08168,-102.54618,2,87,,1,,,NOT REPORTED,,N,N,55,N,N,,N,,,,,,,NOT REPORTED,,100,F,N,53,,,11,3,0,3,1,1,11,9:17 PM,DALLAM CO SO,9:19 PM,12/21/2013,Y,,10000,12,130,1,8,2,4,20,64,36,1,2,1,21,21,56,1621,36.08171571,-102.5461559,US,87,,34.949,US0087,12310,40,3,34.99,54,-0.674,,,,NOT REPORTED,,,,,Y,Y,Y,5,0,Y,FRI,2,0,0,0,0,2,4,135,65,61,4,1,1,1,0,0,1,0,0,0,0,1,2,3851,2014,3851,2.3,13.3,15.7,,,,,,,,,,,,,,,,,,,,,,,,,,,0,0,0,2,0,0,0,,,,
13610833,N,N,N,N,N,N,N,12/19/2013,5:53 PM,SAPD13277708,4250,15,379,N,Y,,,1,37,,1,,,NOT REPORTED,,N,N,65,N,N,,N,19,,,,1200,,HACKBERRY,ST,,,,,,,11,5,0,2,2,1,20,5:56 PM,DISPATCHED,6:01 PM,12/19/2013,Y,TXSPD0000,2473,,7,147,8,2,4,22,64,42,1,1,1,21,21,15,379,29.38722164,-98.47298501,IH,37,,139.035,IH0037,,73,8,8.606,139,0.238,,,,,,,,,Y,Y,N,1,9,Y,THU,5,0,10,6,60,9,9,360,151,120,6,0,0,2,20,5,2,11,5,2,40,4,11,121569,2014,121569,2.3,1.4,3.7,1,606,0,2,24,,,,,,,,,,,,,,,,,,,,,,3,0,0,3,0,3,0,28,,,
13610839,N,N,N,N,N,N,N,12/23/2013,4:30 PM,0159383213T,,101,208,N,Y,,,19,,,1,14700,,PARK ROW,BLVD,N,N,35,N,N,,N,3,6,,,1200,N,SH 6,,,,,,,,11,1,0,,1,1,5,4:37 PM,DISPATCH,4:43 PM,12/23/2013,Y,TXHPD0000,2469,18,106,44,8,2,3,13,64,14,1,5,1,32,21,101,208,29.7878448,-95.64524095,,,,,PARK ROW BLVD,14809,,,,,,,,,,,,,,Y,N,N,5,9,Y,MON,,,,,,,,,,,,,,,,,,,,,,,,,,,,,,,,,,,,,,,,,,,,,,,,,,,,,,,,0,0,0,2,0,0,0,15,,,
13610909,N,N,N,N,N,N,N,12/16/2013,5:35 AM,,,116,1681,Y,Y,32.98355,-96.26863,1,30,,1,,,NOT REPORTED,,N,N,75,N,N,,N,,,,,,,NOT REPORTED,,0.2,M,SW,81,,,11,3,0,2,1,1,20,5:41 AM,DISPATCHED,5:59 AM,12/18/2013,Y,,10000,7,107,1,8,7,4,1,39,3,1,1,4,21,21,116,1681,32.98260523,-96.27173306,IH,30,,80.682,IH0030,,9,13,1.583,81,-0.2,,,,NOT REPORTED,,,,,Y,Y,Y,5,0,Y,MON,5,0,5,10,65,9,4,305,78,48,6,0,0,2,10,5,2,20,5,2,55,1,1,38075,2014,38075,8.4,4.9,13.3,,,,,,,,,,,,,,,,,,,,,,,,,,,0,0,0,2,0,0,0,282,,,
13610950,N,N,N,N,N,N,N,12/23/2013,5:35 PM,322946A,,57,107,N,Y,32.84567,-96.81291,11,12,,1,5700,W,NORTHWEST,HWY,N,N,35,N,N,,N,12,,,,9100,,DALLAS NORTH TOLLWAY,,,,,,,,11,4,0,,1,1,5,5:50 PM,DISPATCHED,6:00 PM,12/23/2013,Y,TX0000006,2471,,,87,8,2,4,22,64,42,1,2,1,21,21,57,107,,,SL,12,,,SL0012,,,,,,,,,,,,,,,Y,Y,N,5,9,N,MON,,,,,,,,,,,,,,,,,,,,,,,,,,,,,,,,,,,,,,,,,,,,,,,,,,,,,,,,0,0,0,2,0,0,0,,,,