Crash_ID,Crash_Fatal_Fl,Cmv_Involv_Fl,Schl_Bus_Fl,Rr_Relat_Fl,Medical_Advisory_Fl,Amend_Supp_Fl,Active_School_Zone_Fl,Crash_Date,Crash_Time,Case_ID,Local_Use,Rpt_CRIS_Cnty_ID,Rpt_City_ID,Rpt_Outside_City_Limit_Fl,Thousand_Damage_Fl,Rpt_Latitude,Rpt_Longitude,Rpt_Rdwy_Sys_ID,Rpt_Hwy_Num,Rpt_Hwy_Sfx,Rpt_Road_Part_ID,Rpt_Block_Num,Rpt_Street_Pfx,Rpt_Street_Name,Rpt_Street_Sfx,Private_Dr_Fl,Toll_Road_Fl,Crash_Speed_Limit,Road_Constr_Zone_Fl,Road_Constr_Zone_Wrkr_Fl,Rpt_Street_Desc,At_Intrsct_Fl,Rpt_Sec_Rdwy_Sys_ID,Rpt_Sec_Hwy_Num,Rpt_Sec_Hwy_Sfx,Rpt_Sec_Road_Part_ID,Rpt_Sec_Block_Num,Rpt_Sec_Street_Pfx,Rpt_Sec_Street_Name,Rpt_Sec_Street_Sfx,Rpt_Ref_Mark_Offset_Amt,Rpt_Ref_Mark_Dist_Uom,Rpt_Ref_Mark_Dir,Rpt_Ref_Mark_Nbr,Rpt_Sec_Street_Desc,Rpt_CrossingNumber,Wthr_Cond_ID,Light_Cond_ID,Entr_Road_ID,Road_Type_ID,Road_Algn_ID,Surf_Cond_ID,Traffic_Cntl_ID,Investigat_Notify_Time,Investigat_Notify_Meth,Investigat_Arrv_Time,Report_Date,Investigat_Comp_Fl,ORI_Number,Investigat_Agency_ID,Investigat_Area_ID,Investigat_District_ID,Investigat_Region_ID,Bridge_Detail_ID,Harm_Evnt_ID,Intrsct_Relat_ID,FHE_Collsn_ID,Obj_Struck_ID,Othr_Factr_ID,Road_Part_Adj_ID,Road_Cls_ID,Road_Relat_ID,Phys_Featr_1_ID,Phys_Featr_2_ID,Cnty_ID,City_ID,Latitude,Longitude,Hwy_Sys,Hwy_Nbr,Hwy_Sfx,Dfo,Street_Name,Street_Nbr,Control,Section,Milepoint,Ref_Mark_Nbr,Ref_Mark_Displ,Hwy_Sys_2,Hwy_Nbr_2,Hwy_Sfx_2,Street_Name_2,Street_Nbr_2,Control_2,Section_2,Milepoint_2,Txdot_Rptable_Fl,Onsys_Fl,Rural_Fl,Crash_Sev_ID,Pop_Group_ID,Located_Fl,Day_of_Week,Hwy_Dsgn_Lane_ID,Hwy_Dsgn_Hrt_ID,Hp_Shldr_Left,Hp_Shldr_Right,Hp_Median_Width,Base_Type_ID,Nbr_Of_Lane,Row_Width_Usual,Roadbed_Width,Surf_Width,Surf_Type_ID,Curb_Type_Left_ID,Curb_Type_Right_ID,Shldr_Type_Left_ID,Shldr_Width_Left,Shldr_Use_Left_ID,Shldr_Type_Right_ID,Shldr_Width_Right,Shldr_Use_Right_ID,Median_Type_ID,Median_Width,Rural_Urban_Type_ID,Func_Sys_ID,Adt_Curnt_Amt,Adt_Curnt_Year,Adt_Adj_Curnt_Amt,Pct_Single_Trk_Adt,Pct_Combo_Trk_Adt,Trk_Aadt_Pct,Curve_Type_ID,Curve_Lngth,Cd_Degr,Delta_Left_Right_ID,Dd_Degr,Feature_Crossed,Structure_Number,I_R_Min_Vert_Clear,Approach_Width,Bridge_Median_ID,Bridge_Loading_Type_ID,Bridge_Loading_In_1000_Lbs,Bridge_Srvc_Type_On_ID,Bridge_Srvc_Type_Under_ID,Culvert_Type_ID,Roadway_Width,Deck_Width,Bridge_Dir_Of_Traffic_ID,Bridge_Rte_Struct_Func_ID,Bridge_IR_Struct_Func_ID,CrossingNumber,RRCo,Poscrossing_ID,WDCode_ID,Standstop,Yield,Incap_Injry_Cnt,Nonincap_Injry_Cnt,Poss_Injry_Cnt,Non_Injry_Cnt,Unkn_Injry_Cnt,Tot_Injry_Cnt,Death_Cnt,MPO_ID,Investigat_Service_ID,Investigat_DA_ID,Investigator_Narrative
13626245,N,N,N,N,N,N,N,12/25/2013,4:17 PM,A13-00171,,46,595,N,Y,,,2,281,,4,33800,,HWY 281 EXIT RAMP,,N,N,65,N,N,,N,3,46,,1,19900,,HWY 46 W,,,,,,,,12,1,0,2,1,1,9,4:17 PM,RADIO,4:21 PM,12/25/2013,Y,TX0460800,180,318,285,340,8,2,2,25,64,46,5,2,1,21,21,46,595,29.797636,-98.41930543,US,281,,305.717,US0281,,253,3,24.924,510,-0.039,SH,46,,SH0046,,,,,Y,Y,Y,5,3,Y,WED,3,0,6,10,67,2,4,210,80,48,4,0,0,2,12,5,2,20,5,3,55,1,2,21134,2014,21134,12,6.7,18.8,,,,,,,,,,,,,,,,,,,,,,,,,,,0,0,0,4,0,0,0,28,,,
13626572,N,N,N,N,N,N,N,12/29/2013,12:30 AM,13-126845,,220,156,N,Y,,,19,,,1,5108,,GOLD BASIN,RD,N,N,30,N,N,,N,19,,,,5000,N,VILLAGE STONE,CT,,,,,,,11,4,2,,1,1,1,1:30 AM,DISPATCHED,1:30 AM,12/29/2013,N,TX2201200,1318,4,29,23,8,4,3,4,64,14,1,5,1,32,21,220,156,32.83563963,-97.37916386,,,,,GOLD BASIN RD,5106,,,,,,,,,,,,,,Y,N,N,5,9,Y,SUN,,,,,,,,,,,,,,,,,,,,,,,,,,,,,,,,,,,,,,,,,,,,,,,,,,,,,,,,0,0,0,1,0,0,0,282,,,
13626654,N,N,N,N,N,N,N,12/24/2013,10:39 AM,13-29305,,158,28,N,Y,,,19,,,1,2200,,AVENUE A,AVE,N,N,30,N,N,,N,19,,,,1400,,6TH,ST,,,,,,,11,1,98,,1,1,1,10:35 AM,RADIO,10:39 AM,12/24/2013,Y,TX1610100,93,,,35,8,2,4,20,64,3,1,5,1,21,21,158,28,,,,,,,AVENUE A AVE,,,,,,,,,,,,,,,Y,N,N,2,5,N,TUE,,,,,,,,,,,,,,,,,,,,,,,,,,,,,,,,,,,,,,,,,,,,,,,,,,,,,,,,0,1,0,1,0,1,0,,,,
13626989,N,N,N,N,N,N,N,12/26/2013,11:07 AM,325449a,,57,107,N,Y,,,11,12,,1,1700,N,BUCKNER,BLVD,N,N,40,N,N,,Y,19,,,1,9500,,MERCER,DR,,,,,,,11,1,4,2,2,1,8,11:12 AM,DROVE UP ON,11:12 AM,12/29/2013,Y,TX0000006,2471,,,33,8,2,1,34,64,54,1,2,1,21,21,57,107,32.82246418,-96.69406868,SL,12,,31.245,SL0012,,581,1,3.321,616,-0.398,,,,MERCER DR,,,,,Y,Y,N,5,9,Y,THU,5,0,0,0,14,3,6,150,66,66,6,1,1,1,0,0,1,0,0,1,14,4,14,30164,2014,30164,2.3,0.4,2.7,,,,,,,,,,,,,,,,,,,,,,,,,,,0,0,0,4,0,0,0,282,,,
13627021,N,N,N,N,N,N,N,12/22/2013,7:18 PM,,,230,1795,Y,Y,32.73923,-94.74829,4,726,,1,,,NOT REPORTED,,N,N,55,N,N,,N,2,259,,,,,NOT REPORTED,,,,,,,,11,4,0,1,2,1,12,7:20 PM,UPSHUR CO COMM,7:41 PM,12/30/2013,Y,TXDPS5500,10000,12,28,1,8,2,2,36,64,54,1,3,1,21,21,230,1795,32.73921526,-94.74820497,FM,726,,14.605,FM0726,,1895,1,0.48,710,0.523,US,259,,US0259,,,,,Y,Y,Y,2,0,Y,SUN,2,0,0,0,0,2,2,80,24,24,2,0,0,1,0,0,1,0,0,0,0,1,7,1251,2014,1251,3.3,10.2,13.5,,,,,,,,,,,,,,,,,,,,,,,,,,,0,1,0,1,0,1,0,,,,
13627774,N,N,N,N,N,N,N,12/13/2013,10:51 PM,1312130041,,101,405,N,Y,,,19,,,1,1500,,SPENCER,HWY,N,N,35,N,N,,Y,19,,,1,500,,15TH,ST,,,,,,,11,1,4,,1,1,1,10:51 PM,DISPATCHED,10:54 PM,12/13/2013,Y,TX1011900,2148,,,,8,2,3,18,64,14,1,5,1,32,21,101,405,29.6647035,-95.21183621,,,,,SPENCER HWY,1517,,,,,,,,,,,,,,Y,N,N,3,5,Y,FRI,,,,,,,,,,,,,,,,,,,,,,,,,,,,,,,,,,,,,,,,,,,,,,,,,,,,,,,,0,0,1,2,0,1,0,15,,,
13628005,N,N,N,N,N,N,N,12/29/2013,4:50 PM,2013A003339,29C,57,166,N,N,32.87902,-96.63051,19,,,1,3000,S,FIRST,ST,Y,N,40,N,N,PARKING LOT,N,19,,,1,100,E,KINGSLEY,RD,,,,,,,12,1,0,,1,1,1,4:58 PM,DISPATCH,5:05 PM,12/29/2013,N,TX0571100,1344,,,77,8,4,4,5,64,3,7,9,5,33,21,57,166,,,,,,,S FIRST ST,,,,,,,,,,,,,,,N,N,N,0,8,N,SUN,,,,,,,,,,,,,,,,,,,,,,,,,,,,,,,,,,,,,,,,,,,,,,,,,,,,,,,,0,0,0,0,1,0,0,,,,
13628097,N,N,N,N,N,N,N,12/26/2013,1:21 PM,1312-0703,,15,264,N,N,,,19,,,1,7900,,FOREST CABIN,,N,N,20,N,N,TWO LANE TWO WAY ROAD,N,19,,,1,11100,,FOREST CROWN,,,,,,TWO WAY TWO LANE ROAD,,12,8,0,,1,1,1,1:24 PM,DISPATCHED,1:31 PM,12/26/2013,Y,TX0151600,1678,,,19,8,4,4,5,64,54,1,5,1,21,21,15,264,29.53999494,-98.34369234,,,,,FOREST CABIN,7900,,,,,,,,,,,,,,N,N,N,0,5,Y,THU,,,,,,,,,,,,,,,,,,,,,,,,,,,,,,,,,,,,,,,,,,,,,,,,,,,,,,,,0,0,0,0,1,0,0,28,,,
13628276,N,N,N,N,N,N,N,12/30/2013,2:00 PM,13-32866,,227,1792,Y,Y,30.2894,-97.8658,19,,,1,2300,,BARTON CREEK,BLVD,N,N,45,N,N,,Y,19,,,1,8500,,CHAULK KNOLL,DR,,,,,,,11,1,2,,2,1,8,1:55 PM,RADIO DISPATCH,2:15 PM,12/30/2013,Y,TX2270000,2292,,9,117,8,2,1,10,64,54,1,4,1,21,21,227,1792,30.28952478,-97.86575243,,,,,BARTON CREEK BLVD,2307,,,,,,,,,CHALK KNOLL DR,,,,,Y,N,Y,5,0,Y,MON,,,,,,,,,,,,,,,,,,,,,,,,,,,,,,,,,,,,,,,,,,,,,,,,,,,,,,,,0,0,0,2,0,0,0,90,,,
13628690,N,N,N,N,N,N,N,12/14/2013,9:19 PM,13-89674,,105,383,N,Y,,,1,35,,2,2100,NE,IH35,,N,N,45,N,N,,N,19,,,,600,,WONDER WORLD,DR,,,,,,,11,4,0,2,1,1,9,9:21 PM,DISPATCHED,9:28 PM,12/15/2013,N,TX1050100,2084,,,23,8,2,1,14,64,54,2,1,1,21,21,105,383,29.85680331,-97.95327268,IH,35,,202.455,IH0035,,16,3,5.297,203,-0.082,RM,12,,RM0012,,,,,Y,Y,N,5,7,Y,SAT,5,0,2,10,6,2,6,350,96,72,4,0,0,2,4,5,2,20,5,,2,3,11,99557,2014,99557,3.4,11.2,14.6,,,,,,,,,,,,,,,,,,,,,,,,,,,0,0,0,1,1,0,0,90,,,
13628775,N,N,N,N,N,N,N,12/21/2013,1:58 PM,C1308404,,178,97,N,Y,,,19,,,1,5800,S,PADRE ISLAND,DR,N,N,40,N,N,,N,19,,,1,4900,S,STAPLES,ST,,,,,,,12,1,0,2,1,1,20,2:00 PM,DISPATCHED,2:23 PM,12/21/2013,Y,TX1780200,1115,,,12,8,2,4,22,64,42,1,2,1,21,21,178,97,27.70588182,-97.36652722,SH,358,,10.238,SH0358,,617,1,10.133,566,0.256,,,,,,,,,Y,Y,N,5,9,Y,SAT,5,0,10,10,22,8,6,250,112,72,4,0,0,2,20,5,2,20,5,2,2,4,12,64376,2014,64376,3.2,3,6.2,,,,,,,,,,,,,,,,,,,,,,,,,,,0,0,0,7,0,0,0,96,,,
13628982,N,N,N,N,N,N,N,12/30/2013,10:15 PM,13-127437,,220,156,N,Y,32.66723,-97.3514,1,20,,1,2000,W,IH 20,,N,N,60,N,N,,N,19,,,,5200,,MC CART,AVE,,,,,,,11,3,0,2,1,1,1,10:17 PM,DISPATCHED,10:19 PM,12/30/2013,Y,TX2201200,1318,4,11,23,8,2,4,21,64,31,1,1,3,21,21,220,156,32.66713918,-97.35142005,IH,20,,435.054,IH0020,,8,12,7.628,436,-0.067,,,,,,,,,Y,Y,N,5,9,Y,MON,5,0,10,10,22,3,7,280,124,84,5,0,0,2,20,5,2,20,5,2,2,4,11,133463,2014,133463,3.7,2.2,5.9,,,,,,,,,,,,,,,,,,,,,,,,,,,0,0,0,4,0,0,0,282,,,
13629094,N,N,N,N,N,N,N,12/31/2013,10:17 AM,T13-11387,,19,427,N,Y,,,19,,,1,1700,W,40TH,ST,N,N,30,N,N,,N,3,93,,,4000,,SUMMERHILL,RD,,,,,,,11,1,0,,1,1,20,10:23 AM,RADIO DISPATCH,10:27 AM,12/31/2013,Y,TX0190500,2230,,50,24,8,2,2,22,64,38,1,2,1,21,21,19,427,33.45475898,-94.06516093,,,,,W 40TH ST,1698,,,,,,SH,93,,SH0093,,,,,Y,N,N,2,6,Y,TUE,,,,,,,,,,,,,,,,,,,,,,,,,,,,,,,,,,,,,,,,,,,,,,,,,,,,,,,,0,2,0,4,0,2,0,211,,,
13629147,N,N,N,N,N,N,N,12/22/2013,4:00 AM,2013A003260,29B,57,166,N,N,32.91079,-96.63589,19,,,1,500,W,AVENUE B,,N,N,35,N,N,,Y,19,,,1,300,S,FIFTH,ST,,,,,,,12,4,4,3,1,1,6,4:05 AM,DISPATCH,4:05 AM,12/22/2013,Y,TX0571100,1344,,,133,8,2,1,10,64,54,1,2,1,21,21,57,166,32.90990432,-96.63586818,SH,78,,80.183,SH0078,459,9,2,6.436,276,0.358,,,,S 5TH ST,,,,,Y,Y,N,2,8,Y,SUN,0,0,0,0,0,3,8,100,88,88,5,2,2,1,0,0,1,0,0,4,0,4,14,30212,2014,30212,6.4,4,10.4,,,,,,,,,,,,,,,,,,,,,,,,,,,0,1,0,1,0,1,0,282,,,
13629460,N,N,N,N,N,N,N,12/31/2013,3:15 PM,13124085,,31,53,N,N,,,3,48,,1,1700,,BOCA CHICA,BLVD,N,N,30,N,N,,N,2,77,,,1,N,FRONTAGE,RD,,,,,,,12,1,0,3,1,1,5,3:31 PM,DISPATCH,3:35 PM,12/31/2013,N,TX0310100,172,,211,27,8,2,2,22,64,38,1,2,1,21,21,31,53,25.89960956,-97.49549883,SH,4,,0.058,SH0004,,39,11,0.058,558,0.043,BU,77,W,BU0077W,,,,,N,Y,N,5,8,Y,TUE,2,0,7,7,0,2,4,100,75,60,4,2,2,2,7,2,2,7,2,0,0,4,14,12749,2014,12749,2.7,4.5,7.3,,,,,,,,,,,,,,,,,,,,,,,,,,,0,0,0,2,1,0,0,248,,,
13629587,N,Y,N,N,N,N,N,12/17/2013,4:35 PM,T13-10997,,19,427,N,N,,,19,,,1,800,W,14TH,ST,N,N,35,N,N,,N,2,82,,,1400,,TEXAS,BLVD,,,,,,,11,1,0,,1,1,1,5:55 PM,RADIO DISPATCH,6:04 PM,12/17/2013,Y,TX0190500,2230,168,19,23,8,2,3,11,64,14,1,5,1,32,21,19,427,33.43506945,-94.05333536,,,,,TX 14 LOOP,,,,,,,,,,,,,,,N,N,N,5,6,Y,TUE,,,,,,,,,,,,,,,,,,,,,,,,,,,,,,,,,,,,,,,,,,,,,,,,,,,,,,,,0,0,0,8,0,0,0,211,,,
13629789,N,N,N,N,N,N,N,12/31/2013,2:30 PM,13125783,,170,92,N,Y,,,1,45,,2,600,N,INTERSTATE 45 NORTH FR,,N,N,45,N,N,,N,3,105,,,1300,W,DAVIS,ST,,,,,,,12,1,0,2,1,1,20,2:32 PM,DISPATCHED,2:35 PM,12/31/2013,Y,TX1700100,325,,,122,8,2,2,22,64,38,2,1,1,21,21,170,92,30.31532165,-95.47165941,IH,45,,87.208,IH0045,,675,8,14.45,87,0.339,SH,105,,SH0105,,,,,Y,Y,N,5,7,Y,TUE,5,0,6,10,42,9,4,300,80,48,6,0,0,2,12,5,2,20,5,2,30,4,11,72487,2014,72487,2.8,19.2,22,,,,,,,,,,,,,,,,,,,,,,,,,,,0,0,0,2,0,0,0,15,,,
13629971,N,N,N,N,N,N,N,12/25/2013,1:25 AM,323948A,323948A,57,107,N,Y,,,19,,,1,4762,,MONARCH,ST,N,N,25,N,N,,N,19,,,,2000,N,PRARIE,AVE,,,,,,,11,4,0,,1,1,20,1:31 AM,DISPATCHED,2:00 AM,1/6/2014,N,TX0000006,2471,,,35,8,7,4,1,30,54,1,5,2,21,21,57,107,32.80748743,-96.77964801,,,,,MONARCH ST,4786,,,,,,,,,,,,,,Y,N,N,3,9,Y,WED,,,,,,,,,,,,,,,,,,,,,,,,,,,,,,,,,,,,,,,,,,,,,,,,,,,,,,,,0,0,1,0,0,1,0,282,,,
13630729,N,N,N,N,N,N,N,12/30/2013,2:17 PM,1300023547,D2,220,377,N,Y,,,19,,,1,100,S,OLD DECATUR,RD,N,N,45,N,N,CONCRETE,Y,19,,,1,100,W,MCLEROY,BLVD,,,,,CONCRETE,,11,1,4,,1,1,5,2:17 PM,DISPATCHED,2:20 PM,12/31/2013,Y,TX2202400,2063,,,35,8,2,1,10,64,54,1,5,1,21,21,220,377,32.85854426,-97.39067242,,,,,S OLD DECATUR RD,6898,,,,,,,,,W MCLEROY BLVD,,,,,Y,N,N,5,5,Y,MON,,,,,,,,,,,,,,,,,,,,,,,,,,,,,,,,,,,,,,,,,,,,,,,,,,,,,,,,0,0,0,2,0,0,0,282,,,
13631978,N,N,N,N,N,N,N,12/17/2013,11:50 AM,012-13-608,,195,328,N,Y,,,2,285,,1,800,N,CEDAR,ST,N,N,40,N,N,,Y,4,1216,,,356,N,NOT REPORTED,RD,,,,,,,11,1,0,1,1,1,8,11:50 AM,DISPATCHED,12:00 PM,12/17/2013,Y,TX1950200,1920,,,,8,2,1,20,64,47,1,2,1,21,21,195,328,31.43608284,-103.4991455,US,285,,51.537,US0285,797,139,4,51.589,368,0.537,FM,1216,,FM1216,,,,,Y,Y,N,5,4,Y,TUE,2,0,9,9,0,2,2,100,42,24,2,0,0,2,9,5,2,9,5,0,0,2,14,6508,2014,6508,3.6,36.3,39.9,,,,,,,,,,,,,,,,,,,,,,,,,,,0,0,0,2,0,0,0,,,,
13632203,N,N,N,N,N,N,N,12/23/2013,11:55 AM,13-357113,,71,136,N,Y,,,3,10,,1,13,,EXIT 13 SUNLAND PARK RAMP,,N,N,60,N,N,,N,,,,1,,,NOT REPORTED,,1,M,N,13,,,11,1,0,2,1,1,20,11:55 AM,DISPATCHED,12:02 PM,12/23/2013,Y,TX0710200,1259,,,134,8,2,4,20,64,42,1,1,1,21,21,71,136,31.82852995,-106.5627461,IH,10,,12.044,IH0010,,2121,2,12.776,13,-1,,,,,,,,,Y,Y,N,3,9,Y,MON,5,0,10,10,80,3,6,400,112,60,5,0,0,2,20,5,2,20,5,2,60,4,11,102254,2014,102254,2.8,12.8,15.5,,,,,,,,,,,,,,,,,,,,,,,,,,,0,0,2,4,0,2,0,66,,,
13632239,N,N,N,N,N,Y,N,12/22/2013,2:30 AM,13-356038,,71,136,N,Y,31.82632,-106.57784,19,,,1,4500,,SWAN,DR,N,N,30,N,N,,N,19,,,1,4500,,ELEANOR,WAY,,,,,,,11,4,2,,1,1,8,2:33 AM,DISPATCHED,2:47 AM,12/27/2013,N,TX0710200,1259,,,,8,7,2,2,32,54,1,5,2,21,21,71,136,31.82658622,-106.577329,,,,,SWAN DR,4506,,,,,,,,,ELEANOR WAY,,,,,Y,N,N,0,9,Y,SUN,,,,,,,,,,,,,,,,,,,,,,,,,,,,,,,,,,,,,,,,,,,,,,,,,,,,,,,,0,0,0,0,1,0,0,66,,,
13632570,N,N,N,N,N,N,N,12/15/2013,12:46 PM,1312129652,,57,289,N,Y,,,19,,,1,1728,W,SCYENE,RD,N,N,45,N,N,BUSINESS,N,19,,,1,100,,GRAND JUNCTION,BLVD,,,,,BUSINESS,,11,1,0,3,1,1,1,12:46 PM,DISPATCHED,12:50 PM,12/15/2013,Y,TX0571800,1774,,,44,8,2,2,21,64,9,1,2,1,21,21,57,289,32.76814037,-96.62469384,SH,352,,9.211,SH0352,,430,1,7.677,598,-0.582,,,,GRAND JUNCTION BLVD,,,,,Y,Y,N,3,8,Y,SUN,0,0,2,2,2,8,7,180,88,84,5,1,2,2,2,5,2,2,5,4,0,4,14,20392,2014,20392,2.7,3.4,6.2,1,68,5,2,18,,,,,,,,,,,,,,,,,,,,,,0,0,1,3,0,1,0,282,,,
13632639,N,N,N,N,N,N,N,12/31/2013,1:00 PM,13-127570,,220,156,N,Y,32.66963,-97.30613,1,20,,1,1500,,IH 20,,N,N,60,N,N,,N,19,,,,1000,,OAK GROVE,RD,,,,,,,11,1,98,2,1,1,20,1:09 PM,DISPATCH,1:15 PM,12/31/2013,Y,TX2201200,1318,4,11,23,8,2,4,20,64,3,1,1,1,21,21,220,156,32.66969764,-97.30612861,IH,20,,437.765,IH0020,,8,13,10.356,439,-0.335,,,,,,,,,Y,Y,N,5,9,Y,TUE,5,0,11,10,25,3,8,350,139,96,5,0,0,2,21,5,2,20,5,2,4,4,11,160863,2014,160863,3.7,2.2,5.9,1,760,1,2,44,,,,,,,,,,,,,,,,,,,,,,0,0,0,3,0,0,0,282,,,
13633079,N,N,N,N,N,N,N,12/31/2013,7:00 PM,LV201303712,,247,930,N,Y,,,2,87,,1,13800,W,US HWY 87,,N,N,45,N,N,4 LANE HIGHWAY,Y,19,,,1,100,,HILLCREST,ST,,,,,NEIGHBORHOOD ROAD,,11,3,2,3,1,1,11,7:02 PM,DISPATCH,7:08 PM,1/4/2014,Y,TX2470700,1616,,,35,8,2,2,22,64,47,1,2,1,21,21,247,930,29.35720529,-98.1283719,US,87,,677.514,US0087,13898,143,3,5.74,716,0.724,,,,HILLCREST DR,,,,,Y,Y,Y,3,1,Y,TUE,2,0,8,8,0,2,4,120,64,48,4,0,0,2,8,5,2,8,5,0,0,1,2,14505,2014,14505,2.5,10.9,13.4,,,,,,,,,,,,,,,,,,,,,,,,,,,0,0,2,0,0,2,0,,,,
13633530,N,N,N,N,N,N,N,12/30/2013,11:49 AM,13-09004,,15,257,N,N,,,4,471,,1,6500,,GRISSOM,RD,N,N,45,N,N,,N,3,16,,1,6600,,BANDERA,RD,,,,,,,11,1,0,3,1,1,20,11:49 AM,DISPATCHED,11:55 AM,12/30/2013,Y,TX0151000,1654,,,139,8,2,4,22,64,42,1,3,1,21,21,15,257,29.49455086,-98.61904367,FM,471,,0.061,FM0471,,849,1,0.057,492,-0.07,,,,,,,,,Y,Y,N,3,5,Y,MON,2,0,0,0,0,2,4,120,69,58,4,1,2,1,0,0,1,0,0,0,0,4,14,25683,2014,25683,5.9,2.7,8.6,,,,,,,,,,,,,,,,,,,,,,,,,,,0,0,1,1,0,1,0,28,,,
13633571,N,N,N,N,N,N,N,12/20/2013,2:01 PM,,,166,367,N,Y,,,3,79,,1,600,W,CAMERON,AVE,N,N,35,N,N,,N,19,,,1,100,N,AUSTIN,ST,,,,,,,11,1,0,1,2,1,1,2:02 PM,DISPATCHED,2:03 PM,12/20/2013,Y,TX1660200,2032,,,,8,2,3,10,64,14,1,2,1,32,21,166,367,30.65196622,-97.00945591,US,79,,230.259,US0079,,204,6,7.855,522,0.843,,,,,,,,,Y,Y,N,1,4,Y,FRI,2,0,8,8,0,9,2,60,40,24,4,0,0,2,8,5,2,8,5,0,0,2,14,13104,2014,13104,9.5,23.2,32.7,,,,,,,,,,,,,,,,,,,,,,,,,,,1,0,0,1,0,1,0,,,,
13633572,N,N,N,N,N,N,N,12/21/2013,2:25 PM,,201300014,166,367,N,N,,,3,79,,7,700,W,NOT REPORTED,,Y,N,5,N,N,PRIVATE DRIVE,N,19,,,1,200,N,ALLDAY,ST,,,,,,,12,1,0,,1,1,1,2:34 PM,DISPATCHED,2:57 PM,12/21/2013,Y,TX1660200,2032,,,,8,4,4,4,64,12,7,9,5,33,21,166,367,,,SH,79,,,SH0079,,,,,,,,,,,,,,,N,Y,N,5,4,N,SAT,,,,,,,,,,,,,,,,,,,,,,,,,,,,,,,,,,,,,,,,,,,,,,,,,,,,,,,,0,0,0,2,0,0,0,,,,
13633636,N,N,N,N,N,N,N,12/19/2013,11:05 PM,,13-188153,57,107,N,Y,,,1,35,,1,100,,RL THORNTON,FWY,N,N,60,Y,Y,,N,19,,,1,1000,,COLORADO,BLVD,,,,,,,11,4,0,,1,1,20,11:09 PM,ON VIEW,11:09 PM,12/20/2013,Y,TX0570000,1169,,30,22,8,2,2,22,64,50,1,1,1,20,21,57,107,,,IH,35,,,IH0035,,,,,,,,,,COLORADO BLVD,,,,,Y,Y,N,5,9,N,THU,,,,,,,,,,,,,,,,,,,,,,,,,,,,,,,,,,,,,,,,,,,,,,,,,,,,,,,,0,0,0,3,0,0,0,,,,
13633701,N,N,N,N,N,N,N,12/31/2013,12:05 AM,61796,,196,1761,Y,Y,,,3,183,,1,,,NOT REPORTED,,N,N,75,N,N,,N,3,202,,1,,,NOT REPORTED,,,,,,,,12,3,0,1,1,1,1,1:05 AM,POLICE RADIO,1:05 AM,12/31/2013,Y,TX1960000,1997,,,,8,2,4,21,64,7,1,2,1,21,21,196,1761,28.38954953,-97.30807254,US,183,,468.334,US0183,,155,5,2.889,662,0.949,,,,,,,,,Y,Y,Y,5,0,Y,TUE,2,0,11,11,0,2,2,120,44,22,4,0,0,2,11,5,2,11,5,0,0,1,6,2485,2014,2485,13.5,21.3,34.8,,,,,,,,,,,,,,,,,,,,,,,,,,,0,0,0,2,0,0,0,,,,
13633985,N,N,N,N,N,N,N,12/20/2013,6:45 PM,2013-12601,,71,646,N,Y,31.57076,-106.21644,15,,,7,125,,VILLALOBOS,RD,N,N,30,N,N,,N,3,20,,1,13200,,ALAMEDA,AVE,,,,,,,12,3,2,,1,2,1,6:50 PM,DISPATCHED,7:01 PM,12/20/2013,Y,TX0710000,1260,,,,8,4,4,1,64,33,1,4,2,21,21,71,1635,31.57054433,-106.2161674,,,,,VILLALOBOS RD,132,,,,,,,,,,,,,,Y,N,Y,5,0,Y,FRI,,,,,,,,,,,,,,,,,,,,,,,,,,,,,,,,,,,,,,,,,,,,,,,,,,,,,,,,0,0,0,4,0,0,0,66,,,
13634094,N,N,N,N,N,N,N,12/23/2013,7:20 PM,,13-189232,57,107,N,Y,,,1,35,,1,900,N,STEMMONS,FWY,N,N,60,Y,N,,N,19,,,,,,WALNUT HILL,LN,,,,,,,11,3,0,,1,1,20,7:22 PM,RADIO DISPATCHED,7:32 PM,12/23/2013,Y,TX0570000,1169,,53,22,8,2,4,22,64,49,1,1,1,21,21,57,107,,,IH,35,,,IH0035,,,,,,,,,,,,,,,Y,Y,N,5,9,N,MON,,,,,,,,,,,,,,,,,,,,,,,,,,,,,,,,,,,,,,,,,,,,,,,,,,,,,,,,0,0,0,2,0,0,0,,,,
13634402,N,N,N,N,N,N,N,12/29/2013,11:40 PM,130070133,410,220,19,N,Y,,,19,,,1,100,,STADIUM,DR,N,N,40,N,N,,Y,19,,,1,1800,,ELDER,DR,,,,,,,11,3,2,,1,1,8,11:43 PM,DISPATCH,11:50 PM,12/29/2013,Y,TX2200100,59,,,439,8,2,1,14,64,54,1,5,1,21,21,220,19,32.73688428,-97.0837325,,,,,STADIUM DR,131,,,,,,,,,ELDER DR,,,,,Y,N,N,3,9,Y,SUN,,,,,,,,,,,,,,,,,,,,,,,,,,,,,,,,,,,,,,,,,,,,,,,,,,,,,,,,0,0,1,2,0,1,0,282,,,